ISO-10303-21;
HEADER;
FILE_DESCRIPTION( ( 'STEP AP214' ), '1' );
FILE_NAME( 'p:/temp/worker_188/temp/exporttempdir_3220_272_3ZZxV/format_0/XBW-56C3-16-24.stp', '2019-12-07T05:32:57', ( '' ), ( '' ), ' ', 'PARTsolutions', ' ' );
FILE_SCHEMA( ( 'AUTOMOTIVE_DESIGN { 1 0 10303 214 1 1 1 1 }' ) );
ENDSEC;
DATA;
#1 = PRODUCT_DEFINITION_CONTEXT( '', #27, 'design' );
#2 = APPLICATION_PROTOCOL_DEFINITION( 'international standard', 'automotive_design', 2001, #27 );
#3 = PRODUCT_CATEGORY_RELATIONSHIP( 'NONE', 'NONE', #28, #29 );
#4 = SHAPE_DEFINITION_REPRESENTATION( #30, #31 );
#5 = PRODUCT_CATEGORY_RELATIONSHIP( 'NONE', 'NONE', #28, #32 );
#6 = CONTEXT_DEPENDENT_SHAPE_REPRESENTATION( #33, #34 );
#7 = SHAPE_DEFINITION_REPRESENTATION( #35, #36 );
#8 = SHAPE_REPRESENTATION_RELATIONSHIP( 'NONE', 'NONE', #36, #37 );
#9 = PRODUCT_CATEGORY_RELATIONSHIP( 'NONE', 'NONE', #28, #38 );
#10 = CONTEXT_DEPENDENT_SHAPE_REPRESENTATION( #39, #40 );
#11 = SHAPE_DEFINITION_REPRESENTATION( #41, #42 );
#12 = SHAPE_REPRESENTATION_RELATIONSHIP( 'NONE', 'NONE', #42, #43 );
#13 = PRODUCT_CATEGORY_RELATIONSHIP( 'NONE', 'NONE', #28, #44 );
#14 = CONTEXT_DEPENDENT_SHAPE_REPRESENTATION( #45, #46 );
#15 = SHAPE_DEFINITION_REPRESENTATION( #47, #48 );
#16 = SHAPE_REPRESENTATION_RELATIONSHIP( 'NONE', 'NONE', #48, #49 );
#17 = CONTEXT_DEPENDENT_SHAPE_REPRESENTATION( #50, #51 );
#18 = PRODUCT_CATEGORY_RELATIONSHIP( 'NONE', 'NONE', #28, #52 );
#19 = CONTEXT_DEPENDENT_SHAPE_REPRESENTATION( #53, #54 );
#20 = SHAPE_DEFINITION_REPRESENTATION( #55, #56 );
#21 = SHAPE_REPRESENTATION_RELATIONSHIP( 'NONE', 'NONE', #56, #57 );
#22 = MECHANICAL_DESIGN_GEOMETRIC_PRESENTATION_REPRESENTATION( ' ', ( #58, #59, #60, #61, #62, #63, #64, #65, #66, #67, #68, #69, #70, #71, #72, #73, #74, #75, #76, #77, #78, #79, #80, #81, #82, #83, #84, #85, #86, #87, #88, #89, #90, #91, #92, #93, #94, #95, #96, #97, #98, #99, #100, #101, #102, #103, #104, #105, #106, #107, #108, #109, #110, #111, #112, #113, #114, #115, #116, #117, #118, #119, #120, #121, #122, #123, #124, #125, #126, #127, #128, #129, #130, #131, #132, #133, #134, #135, #136, #137, #138, #139, #140, #141, #142, #143, #144, #145, #146, #147, #148, #149, #150, #151, #152, #153, #154, #155, #156, #157, #158, #159, #160, #161, #162, #163, #164, #165, #166, #167, #168, #169, #170, #171, #172, #173, #174, #175, #176, #177, #178, #179, #180, #181, #182, #183, #184, #185, #186, #187, #188, #189, #190, #191, #192, #193, #194, #195, #196, #197, #198, #199, #200, #201, #202, #203, #204, #205, #206, #207, #208, #209, #210, #211, #212, #213, #214, #215, #216, #217, #218, #219, #220, #221, #222, #223, #224, #225, #226, #227, #228, #229, #230, #231, #232, #233, #234, #235, #236, #237, #238, #239, #240, #241, #242, #243, #244, #245, #246, #247, #248, #249, #250, #251, #252, #253, #254, #255, #256, #257, #258, #259, #260, #261, #262, #263, #264, #265, #266, #267, #268, #269, #270, #271, #272, #273, #274, #275, #276, #277, #278, #279, #280, #281, #282, #283, #284, #285, #286, #287, #288, #289, #290, #291, #292, #293, #294, #295, #296, #297, #298, #299, #300, #301, #302, #303, #304, #305 ), #23 );
#23 =  ( GEOMETRIC_REPRESENTATION_CONTEXT( 3 )GLOBAL_UNCERTAINTY_ASSIGNED_CONTEXT( ( #308 ) )GLOBAL_UNIT_ASSIGNED_CONTEXT( ( #310, #311, #312 ) )REPRESENTATION_CONTEXT( 'NONE', 'WORKSPACE' ) );
#27 = APPLICATION_CONTEXT( 'core data for automotive mechanical design processes' );
#28 = PRODUCT_CATEGORY( 'part', 'NONE' );
#29 = PRODUCT_RELATED_PRODUCT_CATEGORY( 'detail', ' ', ( #314 ) );
#30 = PRODUCT_DEFINITION_SHAPE( 'NONE', 'NONE', #315 );
#31 = SHAPE_REPRESENTATION( 'XBW-56C3-16-24', ( #316, #317, #318, #319, #320, #321 ), #322 );
#32 = PRODUCT_RELATED_PRODUCT_CATEGORY( 'detail', ' ', ( #323 ) );
#33 = ( REPRESENTATION_RELATIONSHIP( '', '', #36, #31 )REPRESENTATION_RELATIONSHIP_WITH_TRANSFORMATION( #326 )SHAPE_REPRESENTATION_RELATIONSHIP(  ) );
#34 = PRODUCT_DEFINITION_SHAPE( 'NAUO-PROD-DEF', 'NAUO-PROD-DEF', #328 );
#35 = PRODUCT_DEFINITION_SHAPE( 'NONE', 'NONE', #329 );
#36 = SHAPE_REPRESENTATION( '_XBW-56C3 - 16-24 - Hub 1', ( #316 ), #322 );
#37 = ADVANCED_BREP_SHAPE_REPRESENTATION( '_XBW-56C3 - 16-24 - Hub 1', ( #330 ), #23 );
#38 = PRODUCT_RELATED_PRODUCT_CATEGORY( 'detail', ' ', ( #331 ) );
#39 = ( REPRESENTATION_RELATIONSHIP( '', '', #42, #31 )REPRESENTATION_RELATIONSHIP_WITH_TRANSFORMATION( #334 )SHAPE_REPRESENTATION_RELATIONSHIP(  ) );
#40 = PRODUCT_DEFINITION_SHAPE( 'NAUO-PROD-DEF', 'NAUO-PROD-DEF', #336 );
#41 = PRODUCT_DEFINITION_SHAPE( 'NONE', 'NONE', #337 );
#42 = SHAPE_REPRESENTATION( '_XBW-56C3 - Disk', ( #316 ), #322 );
#43 = ADVANCED_BREP_SHAPE_REPRESENTATION( '_XBW-56C3 - Disk', ( #338 ), #23 );
#44 = PRODUCT_RELATED_PRODUCT_CATEGORY( 'detail', ' ', ( #339 ) );
#45 = ( REPRESENTATION_RELATIONSHIP( '', '', #48, #31 )REPRESENTATION_RELATIONSHIP_WITH_TRANSFORMATION( #342 )SHAPE_REPRESENTATION_RELATIONSHIP(  ) );
#46 = PRODUCT_DEFINITION_SHAPE( 'NAUO-PROD-DEF', 'NAUO-PROD-DEF', #344 );
#47 = PRODUCT_DEFINITION_SHAPE( 'NONE', 'NONE', #345 );
#48 = SHAPE_REPRESENTATION( '_XBW-56C3 - Spacer', ( #316 ), #322 );
#49 = ADVANCED_BREP_SHAPE_REPRESENTATION( '_XBW-56C3 - Spacer', ( #346 ), #23 );
#50 = ( REPRESENTATION_RELATIONSHIP( '', '', #42, #31 )REPRESENTATION_RELATIONSHIP_WITH_TRANSFORMATION( #349 )SHAPE_REPRESENTATION_RELATIONSHIP(  ) );
#51 = PRODUCT_DEFINITION_SHAPE( 'NAUO-PROD-DEF', 'NAUO-PROD-DEF', #351 );
#52 = PRODUCT_RELATED_PRODUCT_CATEGORY( 'detail', ' ', ( #352 ) );
#53 = ( REPRESENTATION_RELATIONSHIP( '', '', #56, #31 )REPRESENTATION_RELATIONSHIP_WITH_TRANSFORMATION( #355 )SHAPE_REPRESENTATION_RELATIONSHIP(  ) );
#54 = PRODUCT_DEFINITION_SHAPE( 'NAUO-PROD-DEF', 'NAUO-PROD-DEF', #357 );
#55 = PRODUCT_DEFINITION_SHAPE( 'NONE', 'NONE', #358 );
#56 = SHAPE_REPRESENTATION( '_XBW-56C3 - 16-24 - Hub 2', ( #316 ), #322 );
#57 = ADVANCED_BREP_SHAPE_REPRESENTATION( '_XBW-56C3 - 16-24 - Hub 2', ( #359 ), #23 );
#58 = STYLED_ITEM( '', ( #360 ), #361 );
#59 = STYLED_ITEM( '', ( #362 ), #363 );
#60 = STYLED_ITEM( '', ( #364 ), #365 );
#61 = STYLED_ITEM( '', ( #366 ), #367 );
#62 = STYLED_ITEM( '', ( #368 ), #369 );
#63 = STYLED_ITEM( '', ( #370 ), #371 );
#64 = STYLED_ITEM( '', ( #372 ), #373 );
#65 = STYLED_ITEM( '', ( #374 ), #375 );
#66 = STYLED_ITEM( '', ( #376 ), #377 );
#67 = STYLED_ITEM( '', ( #378 ), #379 );
#68 = STYLED_ITEM( '', ( #380 ), #381 );
#69 = STYLED_ITEM( '', ( #382 ), #383 );
#70 = STYLED_ITEM( '', ( #384 ), #385 );
#71 = STYLED_ITEM( '', ( #386 ), #387 );
#72 = STYLED_ITEM( '', ( #388 ), #389 );
#73 = STYLED_ITEM( '', ( #390 ), #391 );
#74 = STYLED_ITEM( '', ( #392 ), #393 );
#75 = STYLED_ITEM( '', ( #394 ), #395 );
#76 = STYLED_ITEM( '', ( #396 ), #397 );
#77 = STYLED_ITEM( '', ( #398 ), #399 );
#78 = STYLED_ITEM( '', ( #400 ), #401 );
#79 = STYLED_ITEM( '', ( #402 ), #403 );
#80 = STYLED_ITEM( '', ( #404 ), #405 );
#81 = STYLED_ITEM( '', ( #406 ), #407 );
#82 = STYLED_ITEM( '', ( #408 ), #409 );
#83 = STYLED_ITEM( '', ( #410 ), #411 );
#84 = STYLED_ITEM( '', ( #412 ), #413 );
#85 = STYLED_ITEM( '', ( #414 ), #415 );
#86 = STYLED_ITEM( '', ( #416 ), #417 );
#87 = STYLED_ITEM( '', ( #418 ), #419 );
#88 = STYLED_ITEM( '', ( #420 ), #421 );
#89 = STYLED_ITEM( '', ( #422 ), #423 );
#90 = STYLED_ITEM( '', ( #424 ), #425 );
#91 = STYLED_ITEM( '', ( #426 ), #427 );
#92 = STYLED_ITEM( '', ( #428 ), #429 );
#93 = STYLED_ITEM( '', ( #430 ), #431 );
#94 = STYLED_ITEM( '', ( #432 ), #433 );
#95 = STYLED_ITEM( '', ( #434 ), #435 );
#96 = STYLED_ITEM( '', ( #436 ), #437 );
#97 = STYLED_ITEM( '', ( #438 ), #439 );
#98 = STYLED_ITEM( '', ( #440 ), #441 );
#99 = STYLED_ITEM( '', ( #442 ), #443 );
#100 = STYLED_ITEM( '', ( #444 ), #445 );
#101 = STYLED_ITEM( '', ( #446 ), #447 );
#102 = STYLED_ITEM( '', ( #448 ), #449 );
#103 = STYLED_ITEM( '', ( #450 ), #451 );
#104 = STYLED_ITEM( '', ( #452 ), #453 );
#105 = STYLED_ITEM( '', ( #454 ), #455 );
#106 = STYLED_ITEM( '', ( #456 ), #457 );
#107 = STYLED_ITEM( '', ( #458 ), #459 );
#108 = STYLED_ITEM( '', ( #460 ), #461 );
#109 = STYLED_ITEM( '', ( #462 ), #463 );
#110 = STYLED_ITEM( '', ( #464 ), #465 );
#111 = STYLED_ITEM( '', ( #466 ), #467 );
#112 = STYLED_ITEM( '', ( #468 ), #469 );
#113 = STYLED_ITEM( '', ( #470 ), #471 );
#114 = STYLED_ITEM( '', ( #472 ), #473 );
#115 = STYLED_ITEM( '', ( #474 ), #475 );
#116 = STYLED_ITEM( '', ( #476 ), #477 );
#117 = STYLED_ITEM( '', ( #478 ), #479 );
#118 = STYLED_ITEM( '', ( #480 ), #481 );
#119 = STYLED_ITEM( '', ( #482 ), #483 );
#120 = STYLED_ITEM( '', ( #484 ), #485 );
#121 = STYLED_ITEM( '', ( #486 ), #487 );
#122 = STYLED_ITEM( '', ( #488 ), #489 );
#123 = STYLED_ITEM( '', ( #490 ), #491 );
#124 = STYLED_ITEM( '', ( #492 ), #493 );
#125 = STYLED_ITEM( '', ( #494 ), #495 );
#126 = STYLED_ITEM( '', ( #496 ), #497 );
#127 = STYLED_ITEM( '', ( #498 ), #499 );
#128 = STYLED_ITEM( '', ( #500 ), #501 );
#129 = STYLED_ITEM( '', ( #502 ), #503 );
#130 = STYLED_ITEM( '', ( #504 ), #505 );
#131 = STYLED_ITEM( '', ( #506 ), #507 );
#132 = STYLED_ITEM( '', ( #508 ), #509 );
#133 = STYLED_ITEM( '', ( #510 ), #511 );
#134 = STYLED_ITEM( '', ( #512 ), #513 );
#135 = STYLED_ITEM( '', ( #514 ), #515 );
#136 = STYLED_ITEM( '', ( #516 ), #517 );
#137 = STYLED_ITEM( '', ( #518 ), #519 );
#138 = STYLED_ITEM( '', ( #520 ), #521 );
#139 = STYLED_ITEM( '', ( #522 ), #523 );
#140 = STYLED_ITEM( '', ( #524 ), #525 );
#141 = STYLED_ITEM( '', ( #526 ), #527 );
#142 = STYLED_ITEM( '', ( #528 ), #529 );
#143 = STYLED_ITEM( '', ( #530 ), #531 );
#144 = STYLED_ITEM( '', ( #532 ), #533 );
#145 = STYLED_ITEM( '', ( #534 ), #535 );
#146 = STYLED_ITEM( '', ( #536 ), #537 );
#147 = STYLED_ITEM( '', ( #538 ), #539 );
#148 = STYLED_ITEM( '', ( #540 ), #541 );
#149 = STYLED_ITEM( '', ( #542 ), #543 );
#150 = STYLED_ITEM( '', ( #544 ), #545 );
#151 = STYLED_ITEM( '', ( #546 ), #547 );
#152 = STYLED_ITEM( '', ( #548 ), #549 );
#153 = STYLED_ITEM( '', ( #550 ), #551 );
#154 = STYLED_ITEM( '', ( #552 ), #553 );
#155 = STYLED_ITEM( '', ( #554 ), #555 );
#156 = STYLED_ITEM( '', ( #556 ), #557 );
#157 = STYLED_ITEM( '', ( #558 ), #559 );
#158 = STYLED_ITEM( '', ( #560 ), #561 );
#159 = STYLED_ITEM( '', ( #562 ), #563 );
#160 = STYLED_ITEM( '', ( #564 ), #565 );
#161 = STYLED_ITEM( '', ( #566 ), #567 );
#162 = STYLED_ITEM( '', ( #568 ), #569 );
#163 = STYLED_ITEM( '', ( #570 ), #571 );
#164 = STYLED_ITEM( '', ( #572 ), #573 );
#165 = STYLED_ITEM( '', ( #574 ), #575 );
#166 = STYLED_ITEM( '', ( #576 ), #577 );
#167 = STYLED_ITEM( '', ( #578 ), #579 );
#168 = STYLED_ITEM( '', ( #580 ), #581 );
#169 = STYLED_ITEM( '', ( #582 ), #583 );
#170 = STYLED_ITEM( '', ( #584 ), #585 );
#171 = STYLED_ITEM( '', ( #586 ), #587 );
#172 = STYLED_ITEM( '', ( #588 ), #589 );
#173 = STYLED_ITEM( '', ( #590 ), #591 );
#174 = STYLED_ITEM( '', ( #592 ), #593 );
#175 = STYLED_ITEM( '', ( #594 ), #595 );
#176 = STYLED_ITEM( '', ( #596 ), #597 );
#177 = STYLED_ITEM( '', ( #598 ), #599 );
#178 = STYLED_ITEM( '', ( #600 ), #601 );
#179 = STYLED_ITEM( '', ( #602 ), #603 );
#180 = STYLED_ITEM( '', ( #604 ), #605 );
#181 = STYLED_ITEM( '', ( #606 ), #607 );
#182 = STYLED_ITEM( '', ( #608 ), #609 );
#183 = STYLED_ITEM( '', ( #610 ), #611 );
#184 = STYLED_ITEM( '', ( #612 ), #613 );
#185 = STYLED_ITEM( '', ( #614 ), #615 );
#186 = STYLED_ITEM( '', ( #616 ), #617 );
#187 = STYLED_ITEM( '', ( #618 ), #619 );
#188 = STYLED_ITEM( '', ( #620 ), #621 );
#189 = STYLED_ITEM( '', ( #622 ), #623 );
#190 = STYLED_ITEM( '', ( #624 ), #625 );
#191 = STYLED_ITEM( '', ( #626 ), #627 );
#192 = STYLED_ITEM( '', ( #628 ), #629 );
#193 = STYLED_ITEM( '', ( #630 ), #631 );
#194 = STYLED_ITEM( '', ( #632 ), #633 );
#195 = STYLED_ITEM( '', ( #634 ), #635 );
#196 = STYLED_ITEM( '', ( #636 ), #637 );
#197 = STYLED_ITEM( '', ( #638 ), #639 );
#198 = STYLED_ITEM( '', ( #640 ), #641 );
#199 = STYLED_ITEM( '', ( #642 ), #643 );
#200 = STYLED_ITEM( '', ( #644 ), #645 );
#201 = STYLED_ITEM( '', ( #646 ), #647 );
#202 = STYLED_ITEM( '', ( #648 ), #649 );
#203 = STYLED_ITEM( '', ( #650 ), #651 );
#204 = STYLED_ITEM( '', ( #652 ), #653 );
#205 = STYLED_ITEM( '', ( #654 ), #655 );
#206 = STYLED_ITEM( '', ( #656 ), #657 );
#207 = STYLED_ITEM( '', ( #658 ), #659 );
#208 = STYLED_ITEM( '', ( #660 ), #661 );
#209 = STYLED_ITEM( '', ( #662 ), #663 );
#210 = STYLED_ITEM( '', ( #664 ), #665 );
#211 = STYLED_ITEM( '', ( #666 ), #667 );
#212 = STYLED_ITEM( '', ( #668 ), #669 );
#213 = STYLED_ITEM( '', ( #670 ), #671 );
#214 = STYLED_ITEM( '', ( #672 ), #673 );
#215 = STYLED_ITEM( '', ( #674 ), #675 );
#216 = STYLED_ITEM( '', ( #676 ), #677 );
#217 = STYLED_ITEM( '', ( #678 ), #679 );
#218 = STYLED_ITEM( '', ( #680 ), #681 );
#219 = STYLED_ITEM( '', ( #682 ), #683 );
#220 = STYLED_ITEM( '', ( #684 ), #685 );
#221 = STYLED_ITEM( '', ( #686 ), #687 );
#222 = STYLED_ITEM( '', ( #688 ), #689 );
#223 = STYLED_ITEM( '', ( #690 ), #691 );
#224 = STYLED_ITEM( '', ( #692 ), #693 );
#225 = STYLED_ITEM( '', ( #694 ), #695 );
#226 = STYLED_ITEM( '', ( #696 ), #697 );
#227 = STYLED_ITEM( '', ( #698 ), #699 );
#228 = STYLED_ITEM( '', ( #700 ), #701 );
#229 = STYLED_ITEM( '', ( #702 ), #703 );
#230 = STYLED_ITEM( '', ( #704 ), #705 );
#231 = STYLED_ITEM( '', ( #706 ), #707 );
#232 = STYLED_ITEM( '', ( #708 ), #709 );
#233 = STYLED_ITEM( '', ( #710 ), #711 );
#234 = STYLED_ITEM( '', ( #712 ), #713 );
#235 = STYLED_ITEM( '', ( #714 ), #715 );
#236 = STYLED_ITEM( '', ( #716 ), #717 );
#237 = STYLED_ITEM( '', ( #718 ), #719 );
#238 = STYLED_ITEM( '', ( #720 ), #721 );
#239 = STYLED_ITEM( '', ( #722 ), #723 );
#240 = STYLED_ITEM( '', ( #724 ), #725 );
#241 = STYLED_ITEM( '', ( #726 ), #727 );
#242 = STYLED_ITEM( '', ( #728 ), #729 );
#243 = STYLED_ITEM( '', ( #730 ), #731 );
#244 = STYLED_ITEM( '', ( #732 ), #733 );
#245 = STYLED_ITEM( '', ( #734 ), #735 );
#246 = STYLED_ITEM( '', ( #736 ), #737 );
#247 = STYLED_ITEM( '', ( #738 ), #739 );
#248 = STYLED_ITEM( '', ( #740 ), #741 );
#249 = STYLED_ITEM( '', ( #742 ), #743 );
#250 = STYLED_ITEM( '', ( #744 ), #745 );
#251 = STYLED_ITEM( '', ( #746 ), #747 );
#252 = STYLED_ITEM( '', ( #748 ), #749 );
#253 = STYLED_ITEM( '', ( #750 ), #751 );
#254 = STYLED_ITEM( '', ( #752 ), #753 );
#255 = STYLED_ITEM( '', ( #754 ), #755 );
#256 = STYLED_ITEM( '', ( #756 ), #757 );
#257 = STYLED_ITEM( '', ( #758 ), #759 );
#258 = STYLED_ITEM( '', ( #760 ), #761 );
#259 = STYLED_ITEM( '', ( #762 ), #763 );
#260 = STYLED_ITEM( '', ( #764 ), #765 );
#261 = STYLED_ITEM( '', ( #766 ), #767 );
#262 = STYLED_ITEM( '', ( #768 ), #769 );
#263 = STYLED_ITEM( '', ( #770 ), #771 );
#264 = STYLED_ITEM( '', ( #772 ), #773 );
#265 = STYLED_ITEM( '', ( #774 ), #775 );
#266 = STYLED_ITEM( '', ( #776 ), #777 );
#267 = STYLED_ITEM( '', ( #778 ), #779 );
#268 = STYLED_ITEM( '', ( #780 ), #781 );
#269 = STYLED_ITEM( '', ( #782 ), #783 );
#270 = STYLED_ITEM( '', ( #784 ), #785 );
#271 = STYLED_ITEM( '', ( #786 ), #787 );
#272 = STYLED_ITEM( '', ( #788 ), #789 );
#273 = STYLED_ITEM( '', ( #790 ), #791 );
#274 = STYLED_ITEM( '', ( #792 ), #793 );
#275 = STYLED_ITEM( '', ( #794 ), #795 );
#276 = STYLED_ITEM( '', ( #796 ), #797 );
#277 = STYLED_ITEM( '', ( #798 ), #799 );
#278 = STYLED_ITEM( '', ( #800 ), #801 );
#279 = STYLED_ITEM( '', ( #802 ), #803 );
#280 = STYLED_ITEM( '', ( #804 ), #805 );
#281 = STYLED_ITEM( '', ( #806 ), #807 );
#282 = STYLED_ITEM( '', ( #808 ), #809 );
#283 = STYLED_ITEM( '', ( #810 ), #811 );
#284 = STYLED_ITEM( '', ( #812 ), #813 );
#285 = STYLED_ITEM( '', ( #814 ), #815 );
#286 = STYLED_ITEM( '', ( #816 ), #817 );
#287 = STYLED_ITEM( '', ( #818 ), #819 );
#288 = STYLED_ITEM( '', ( #820 ), #821 );
#289 = STYLED_ITEM( '', ( #822 ), #823 );
#290 = STYLED_ITEM( '', ( #824 ), #825 );
#291 = STYLED_ITEM( '', ( #826 ), #827 );
#292 = STYLED_ITEM( '', ( #828 ), #829 );
#293 = STYLED_ITEM( '', ( #830 ), #831 );
#294 = STYLED_ITEM( '', ( #832 ), #833 );
#295 = STYLED_ITEM( '', ( #834 ), #835 );
#296 = STYLED_ITEM( '', ( #836 ), #837 );
#297 = STYLED_ITEM( '', ( #838 ), #839 );
#298 = STYLED_ITEM( '', ( #840 ), #841 );
#299 = STYLED_ITEM( '', ( #842 ), #843 );
#300 = STYLED_ITEM( '', ( #844 ), #845 );
#301 = STYLED_ITEM( '', ( #846 ), #847 );
#302 = STYLED_ITEM( '', ( #848 ), #849 );
#303 = STYLED_ITEM( '', ( #850 ), #851 );
#304 = STYLED_ITEM( '', ( #852 ), #853 );
#305 = STYLED_ITEM( '', ( #854 ), #855 );
#308 = UNCERTAINTY_MEASURE_WITH_UNIT( LENGTH_MEASURE( 0.00100000000000000 ), #310, '', '' );
#310 =  ( CONVERSION_BASED_UNIT( 'MILLIMETRE', #858 )LENGTH_UNIT(  )NAMED_UNIT( #861 ) );
#311 =  ( NAMED_UNIT( #863 )PLANE_ANGLE_UNIT(  )SI_UNIT( $, .RADIAN. ) );
#312 =  ( NAMED_UNIT( #863 )SI_UNIT( $, .STERADIAN. )SOLID_ANGLE_UNIT(  ) );
#314 = PRODUCT( 'XBW-56C3-16-24', 'XBW-56C3-16-24', 'PART-XBW-56C3-16-24-DESC', ( #869 ) );
#315 = PRODUCT_DEFINITION( 'NONE', 'NONE', #870, #1 );
#316 = AXIS2_PLACEMENT_3D( '', #871, #872, #873 );
#317 = AXIS2_PLACEMENT_3D( '', #874, #875, #876 );
#318 = AXIS2_PLACEMENT_3D( '', #877, #878, #879 );
#319 = AXIS2_PLACEMENT_3D( '', #880, #881, #882 );
#320 = AXIS2_PLACEMENT_3D( '', #883, #884, #885 );
#321 = AXIS2_PLACEMENT_3D( '', #886, #887, #888 );
#322 =  ( GEOMETRIC_REPRESENTATION_CONTEXT( 3 )GLOBAL_UNCERTAINTY_ASSIGNED_CONTEXT( ( #891 ) )GLOBAL_UNIT_ASSIGNED_CONTEXT( ( #893, #894, #895 ) )REPRESENTATION_CONTEXT( 'NONE', 'WORKSPACE' ) );
#323 = PRODUCT( '_XBW-56C3 - 16-24 - Hub 1', '_XBW-56C3 - 16-24 - Hub 1', 'PART-_XBW-56C3 - 16-24 - Hub 1-DESC', ( #869 ) );
#326 = ITEM_DEFINED_TRANSFORMATION( '', '', #316, #317 );
#328 = NEXT_ASSEMBLY_USAGE_OCCURRENCE( 'NAUO1', '_XBW-56C3 - 16-24 - Hub 1', '_XBW-56C3 - 16-24 - Hub 1', #315, #329, $ );
#329 = PRODUCT_DEFINITION( '_XBW-56C3 - 16-24 - Hub 1', '_XBW-56C3 - 16-24 - Hub 1', #897, #1 );
#330 = BREP_WITH_VOIDS( '_XBW-56C3 - 16-24 - Hub 1', #898, ( #899, #900 ) );
#331 = PRODUCT( '_XBW-56C3 - Disk', '_XBW-56C3 - Disk', 'PART-_XBW-56C3 - Disk-DESC', ( #869 ) );
#334 = ITEM_DEFINED_TRANSFORMATION( '', '', #316, #318 );
#336 = NEXT_ASSEMBLY_USAGE_OCCURRENCE( 'NAUO2', '_XBW-56C3 - Disk', '_XBW-56C3 - Disk', #315, #337, $ );
#337 = PRODUCT_DEFINITION( '_XBW-56C3 - Disk', '_XBW-56C3 - Disk', #901, #1 );
#338 = MANIFOLD_SOLID_BREP( '_XBW-56C3 - Disk', #902 );
#339 = PRODUCT( '_XBW-56C3 - Spacer', '_XBW-56C3 - Spacer', 'PART-_XBW-56C3 - Spacer-DESC', ( #869 ) );
#342 = ITEM_DEFINED_TRANSFORMATION( '', '', #316, #319 );
#344 = NEXT_ASSEMBLY_USAGE_OCCURRENCE( 'NAUO3', '_XBW-56C3 - Spacer', '_XBW-56C3 - Spacer', #315, #345, $ );
#345 = PRODUCT_DEFINITION( '_XBW-56C3 - Spacer', '_XBW-56C3 - Spacer', #903, #1 );
#346 = MANIFOLD_SOLID_BREP( '_XBW-56C3 - Spacer', #904 );
#349 = ITEM_DEFINED_TRANSFORMATION( '', '', #316, #320 );
#351 = NEXT_ASSEMBLY_USAGE_OCCURRENCE( 'NAUO4', '_XBW-56C3 - Disk', '_XBW-56C3 - Disk', #315, #337, $ );
#352 = PRODUCT( '_XBW-56C3 - 16-24 - Hub 2', '_XBW-56C3 - 16-24 - Hub 2', 'PART-_XBW-56C3 - 16-24 - Hub 2-DESC', ( #869 ) );
#355 = ITEM_DEFINED_TRANSFORMATION( '', '', #316, #321 );
#357 = NEXT_ASSEMBLY_USAGE_OCCURRENCE( 'NAUO5', '_XBW-56C3 - 16-24 - Hub 2', '_XBW-56C3 - 16-24 - Hub 2', #315, #358, $ );
#358 = PRODUCT_DEFINITION( '_XBW-56C3 - 16-24 - Hub 2', '_XBW-56C3 - 16-24 - Hub 2', #905, #1 );
#359 = BREP_WITH_VOIDS( '_XBW-56C3 - 16-24 - Hub 2', #906, ( #907, #908 ) );
#360 = PRESENTATION_STYLE_ASSIGNMENT( ( #909 ) );
#361 = ADVANCED_FACE( '', ( #910 ), #911, .F. );
#362 = PRESENTATION_STYLE_ASSIGNMENT( ( #912 ) );
#363 = ADVANCED_FACE( '', ( #913 ), #914, .F. );
#364 = PRESENTATION_STYLE_ASSIGNMENT( ( #915 ) );
#365 = ADVANCED_FACE( '', ( #916, #917 ), #918, .F. );
#366 = PRESENTATION_STYLE_ASSIGNMENT( ( #919 ) );
#367 = ADVANCED_FACE( '', ( #920 ), #921, .T. );
#368 = PRESENTATION_STYLE_ASSIGNMENT( ( #922 ) );
#369 = ADVANCED_FACE( '', ( #923 ), #924, .T. );
#370 = PRESENTATION_STYLE_ASSIGNMENT( ( #925 ) );
#371 = ADVANCED_FACE( '', ( #926, #927 ), #928, .T. );
#372 = PRESENTATION_STYLE_ASSIGNMENT( ( #929 ) );
#373 = ADVANCED_FACE( '', ( #930, #931 ), #932, .F. );
#374 = PRESENTATION_STYLE_ASSIGNMENT( ( #933 ) );
#375 = ADVANCED_FACE( '', ( #934, #935 ), #936, .T. );
#376 = PRESENTATION_STYLE_ASSIGNMENT( ( #937 ) );
#377 = ADVANCED_FACE( '', ( #938 ), #939, .F. );
#378 = PRESENTATION_STYLE_ASSIGNMENT( ( #940 ) );
#379 = ADVANCED_FACE( '', ( #941, #942 ), #943, .T. );
#380 = PRESENTATION_STYLE_ASSIGNMENT( ( #944 ) );
#381 = ADVANCED_FACE( '', ( #945 ), #946, .F. );
#382 = PRESENTATION_STYLE_ASSIGNMENT( ( #947 ) );
#383 = ADVANCED_FACE( '', ( #948, #949 ), #950, .F. );
#384 = PRESENTATION_STYLE_ASSIGNMENT( ( #951 ) );
#385 = ADVANCED_FACE( '', ( #952 ), #953, .F. );
#386 = PRESENTATION_STYLE_ASSIGNMENT( ( #954 ) );
#387 = ADVANCED_FACE( '', ( #955, #956 ), #957, .T. );
#388 = PRESENTATION_STYLE_ASSIGNMENT( ( #958 ) );
#389 = ADVANCED_FACE( '', ( #959, #960 ), #961, .T. );
#390 = PRESENTATION_STYLE_ASSIGNMENT( ( #962 ) );
#391 = ADVANCED_FACE( '', ( #963, #964 ), #965, .T. );
#392 = PRESENTATION_STYLE_ASSIGNMENT( ( #966 ) );
#393 = ADVANCED_FACE( '', ( #967 ), #968, .F. );
#394 = PRESENTATION_STYLE_ASSIGNMENT( ( #969 ) );
#395 = ADVANCED_FACE( '', ( #970, #971 ), #972, .T. );
#396 = PRESENTATION_STYLE_ASSIGNMENT( ( #973 ) );
#397 = ADVANCED_FACE( '', ( #974 ), #975, .T. );
#398 = PRESENTATION_STYLE_ASSIGNMENT( ( #976 ) );
#399 = ADVANCED_FACE( '', ( #977 ), #978, .F. );
#400 = PRESENTATION_STYLE_ASSIGNMENT( ( #979 ) );
#401 = ADVANCED_FACE( '', ( #980 ), #981, .F. );
#402 = PRESENTATION_STYLE_ASSIGNMENT( ( #982 ) );
#403 = ADVANCED_FACE( '', ( #983 ), #984, .F. );
#404 = PRESENTATION_STYLE_ASSIGNMENT( ( #985 ) );
#405 = ADVANCED_FACE( '', ( #986 ), #987, .T. );
#406 = PRESENTATION_STYLE_ASSIGNMENT( ( #988 ) );
#407 = ADVANCED_FACE( '', ( #989, #990 ), #991, .F. );
#408 = PRESENTATION_STYLE_ASSIGNMENT( ( #992 ) );
#409 = ADVANCED_FACE( '', ( #993 ), #994, .F. );
#410 = PRESENTATION_STYLE_ASSIGNMENT( ( #995 ) );
#411 = ADVANCED_FACE( '', ( #996, #997 ), #998, .F. );
#412 = PRESENTATION_STYLE_ASSIGNMENT( ( #999 ) );
#413 = ADVANCED_FACE( '', ( #1000, #1001 ), #1002, .T. );
#414 = PRESENTATION_STYLE_ASSIGNMENT( ( #1003 ) );
#415 = ADVANCED_FACE( '', ( #1004, #1005 ), #1006, .F. );
#416 = PRESENTATION_STYLE_ASSIGNMENT( ( #1007 ) );
#417 = ADVANCED_FACE( '', ( #1008, #1009 ), #1010, .F. );
#418 = PRESENTATION_STYLE_ASSIGNMENT( ( #1011 ) );
#419 = ADVANCED_FACE( '', ( #1012, #1013 ), #1014, .F. );
#420 = PRESENTATION_STYLE_ASSIGNMENT( ( #1015 ) );
#421 = ADVANCED_FACE( '', ( #1016 ), #1017, .T. );
#422 = PRESENTATION_STYLE_ASSIGNMENT( ( #1018 ) );
#423 = ADVANCED_FACE( '', ( #1019, #1020 ), #1021, .F. );
#424 = PRESENTATION_STYLE_ASSIGNMENT( ( #1022 ) );
#425 = ADVANCED_FACE( '', ( #1023 ), #1024, .F. );
#426 = PRESENTATION_STYLE_ASSIGNMENT( ( #1025 ) );
#427 = ADVANCED_FACE( '', ( #1026 ), #1027, .F. );
#428 = PRESENTATION_STYLE_ASSIGNMENT( ( #1028 ) );
#429 = ADVANCED_FACE( '', ( #1029, #1030 ), #1031, .T. );
#430 = PRESENTATION_STYLE_ASSIGNMENT( ( #1032 ) );
#431 = ADVANCED_FACE( '', ( #1033, #1034 ), #1035, .T. );
#432 = PRESENTATION_STYLE_ASSIGNMENT( ( #1036 ) );
#433 = ADVANCED_FACE( '', ( #1037, #1038 ), #1039, .F. );
#434 = PRESENTATION_STYLE_ASSIGNMENT( ( #1040 ) );
#435 = ADVANCED_FACE( '', ( #1041 ), #1042, .T. );
#436 = PRESENTATION_STYLE_ASSIGNMENT( ( #1043 ) );
#437 = ADVANCED_FACE( '', ( #1044 ), #1045, .T. );
#438 = PRESENTATION_STYLE_ASSIGNMENT( ( #1046 ) );
#439 = ADVANCED_FACE( '', ( #1047, #1048 ), #1049, .T. );
#440 = PRESENTATION_STYLE_ASSIGNMENT( ( #1050 ) );
#441 = ADVANCED_FACE( '', ( #1051 ), #1052, .F. );
#442 = PRESENTATION_STYLE_ASSIGNMENT( ( #1053 ) );
#443 = ADVANCED_FACE( '', ( #1054 ), #1055, .F. );
#444 = PRESENTATION_STYLE_ASSIGNMENT( ( #1056 ) );
#445 = ADVANCED_FACE( '', ( #1057 ), #1058, .T. );
#446 = PRESENTATION_STYLE_ASSIGNMENT( ( #1059 ) );
#447 = ADVANCED_FACE( '', ( #1060 ), #1061, .F. );
#448 = PRESENTATION_STYLE_ASSIGNMENT( ( #1062 ) );
#449 = ADVANCED_FACE( '', ( #1063 ), #1064, .F. );
#450 = PRESENTATION_STYLE_ASSIGNMENT( ( #1065 ) );
#451 = ADVANCED_FACE( '', ( #1066 ), #1067, .F. );
#452 = PRESENTATION_STYLE_ASSIGNMENT( ( #1068 ) );
#453 = ADVANCED_FACE( '', ( #1069 ), #1070, .F. );
#454 = PRESENTATION_STYLE_ASSIGNMENT( ( #1071 ) );
#455 = ADVANCED_FACE( '', ( #1072 ), #1073, .T. );
#456 = PRESENTATION_STYLE_ASSIGNMENT( ( #1074 ) );
#457 = ADVANCED_FACE( '', ( #1075 ), #1076, .T. );
#458 = PRESENTATION_STYLE_ASSIGNMENT( ( #1077 ) );
#459 = ADVANCED_FACE( '', ( #1078, #1079 ), #1080, .T. );
#460 = PRESENTATION_STYLE_ASSIGNMENT( ( #1081 ) );
#461 = ADVANCED_FACE( '', ( #1082, #1083 ), #1084, .F. );
#462 = PRESENTATION_STYLE_ASSIGNMENT( ( #1085 ) );
#463 = ADVANCED_FACE( '', ( #1086, #1087 ), #1088, .F. );
#464 = PRESENTATION_STYLE_ASSIGNMENT( ( #1089 ) );
#465 = ADVANCED_FACE( '', ( #1090 ), #1091, .F. );
#466 = PRESENTATION_STYLE_ASSIGNMENT( ( #1092 ) );
#467 = ADVANCED_FACE( '', ( #1093, #1094 ), #1095, .T. );
#468 = PRESENTATION_STYLE_ASSIGNMENT( ( #1096 ) );
#469 = ADVANCED_FACE( '', ( #1097, #1098 ), #1099, .T. );
#470 = PRESENTATION_STYLE_ASSIGNMENT( ( #1100 ) );
#471 = ADVANCED_FACE( '', ( #1101 ), #1102, .F. );
#472 = PRESENTATION_STYLE_ASSIGNMENT( ( #1103 ) );
#473 = ADVANCED_FACE( '', ( #1104, #1105 ), #1106, .T. );
#474 = PRESENTATION_STYLE_ASSIGNMENT( ( #1107 ) );
#475 = ADVANCED_FACE( '', ( #1108, #1109 ), #1110, .T. );
#476 = PRESENTATION_STYLE_ASSIGNMENT( ( #1111 ) );
#477 = ADVANCED_FACE( '', ( #1112 ), #1113, .F. );
#478 = PRESENTATION_STYLE_ASSIGNMENT( ( #1114 ) );
#479 = ADVANCED_FACE( '', ( #1115, #1116 ), #1117, .F. );
#480 = PRESENTATION_STYLE_ASSIGNMENT( ( #1118 ) );
#481 = ADVANCED_FACE( '', ( #1119 ), #1120, .F. );
#482 = PRESENTATION_STYLE_ASSIGNMENT( ( #1121 ) );
#483 = ADVANCED_FACE( '', ( #1122 ), #1123, .T. );
#484 = PRESENTATION_STYLE_ASSIGNMENT( ( #1124 ) );
#485 = ADVANCED_FACE( '', ( #1125, #1126 ), #1127, .T. );
#486 = PRESENTATION_STYLE_ASSIGNMENT( ( #1128 ) );
#487 = ADVANCED_FACE( '', ( #1129, #1130 ), #1131, .T. );
#488 = PRESENTATION_STYLE_ASSIGNMENT( ( #1132 ) );
#489 = ADVANCED_FACE( '', ( #1133, #1134 ), #1135, .T. );
#490 = PRESENTATION_STYLE_ASSIGNMENT( ( #1136 ) );
#491 = ADVANCED_FACE( '', ( #1137 ), #1138, .T. );
#492 = PRESENTATION_STYLE_ASSIGNMENT( ( #1139 ) );
#493 = ADVANCED_FACE( '', ( #1140, #1141 ), #1142, .T. );
#494 = PRESENTATION_STYLE_ASSIGNMENT( ( #1143 ) );
#495 = ADVANCED_FACE( '', ( #1144, #1145 ), #1146, .F. );
#496 = PRESENTATION_STYLE_ASSIGNMENT( ( #1147 ) );
#497 = ADVANCED_FACE( '', ( #1148 ), #1149, .F. );
#498 = PRESENTATION_STYLE_ASSIGNMENT( ( #1150 ) );
#499 = ADVANCED_FACE( '', ( #1151, #1152 ), #1153, .T. );
#500 = PRESENTATION_STYLE_ASSIGNMENT( ( #1154 ) );
#501 = ADVANCED_FACE( '', ( #1155, #1156 ), #1157, .T. );
#502 = PRESENTATION_STYLE_ASSIGNMENT( ( #1158 ) );
#503 = ADVANCED_FACE( '', ( #1159, #1160 ), #1161, .F. );
#504 = PRESENTATION_STYLE_ASSIGNMENT( ( #1162 ) );
#505 = ADVANCED_FACE( '', ( #1163 ), #1164, .F. );
#506 = PRESENTATION_STYLE_ASSIGNMENT( ( #1165 ) );
#507 = ADVANCED_FACE( '', ( #1166 ), #1167, .F. );
#508 = PRESENTATION_STYLE_ASSIGNMENT( ( #1168 ) );
#509 = ADVANCED_FACE( '', ( #1169, #1170 ), #1171, .T. );
#510 = PRESENTATION_STYLE_ASSIGNMENT( ( #1172 ) );
#511 = ADVANCED_FACE( '', ( #1173, #1174 ), #1175, .T. );
#512 = PRESENTATION_STYLE_ASSIGNMENT( ( #1176 ) );
#513 = ADVANCED_FACE( '', ( #1177 ), #1178, .F. );
#514 = PRESENTATION_STYLE_ASSIGNMENT( ( #1179 ) );
#515 = ADVANCED_FACE( '', ( #1180 ), #1181, .T. );
#516 = PRESENTATION_STYLE_ASSIGNMENT( ( #1182 ) );
#517 = ADVANCED_FACE( '', ( #1183 ), #1184, .T. );
#518 = PRESENTATION_STYLE_ASSIGNMENT( ( #1185 ) );
#519 = ADVANCED_FACE( '', ( #1186, #1187 ), #1188, .T. );
#520 = PRESENTATION_STYLE_ASSIGNMENT( ( #1189 ) );
#521 = ADVANCED_FACE( '', ( #1190 ), #1191, .F. );
#522 = PRESENTATION_STYLE_ASSIGNMENT( ( #1192 ) );
#523 = ADVANCED_FACE( '', ( #1193 ), #1194, .F. );
#524 = PRESENTATION_STYLE_ASSIGNMENT( ( #1195 ) );
#525 = ADVANCED_FACE( '', ( #1196 ), #1197, .T. );
#526 = PRESENTATION_STYLE_ASSIGNMENT( ( #1198 ) );
#527 = ADVANCED_FACE( '', ( #1199, #1200 ), #1201, .F. );
#528 = PRESENTATION_STYLE_ASSIGNMENT( ( #1202 ) );
#529 = ADVANCED_FACE( '', ( #1203 ), #1204, .F. );
#530 = PRESENTATION_STYLE_ASSIGNMENT( ( #1205 ) );
#531 = ADVANCED_FACE( '', ( #1206 ), #1207, .T. );
#532 = PRESENTATION_STYLE_ASSIGNMENT( ( #1208 ) );
#533 = ADVANCED_FACE( '', ( #1209, #1210 ), #1211, .T. );
#534 = PRESENTATION_STYLE_ASSIGNMENT( ( #1212 ) );
#535 = ADVANCED_FACE( '', ( #1213 ), #1214, .F. );
#536 = PRESENTATION_STYLE_ASSIGNMENT( ( #1215 ) );
#537 = ADVANCED_FACE( '', ( #1216 ), #1217, .T. );
#538 = PRESENTATION_STYLE_ASSIGNMENT( ( #1218 ) );
#539 = ADVANCED_FACE( '', ( #1219, #1220 ), #1221, .F. );
#540 = PRESENTATION_STYLE_ASSIGNMENT( ( #1222 ) );
#541 = ADVANCED_FACE( '', ( #1223, #1224 ), #1225, .F. );
#542 = PRESENTATION_STYLE_ASSIGNMENT( ( #1226 ) );
#543 = ADVANCED_FACE( '', ( #1227 ), #1228, .T. );
#544 = PRESENTATION_STYLE_ASSIGNMENT( ( #1229 ) );
#545 = ADVANCED_FACE( '', ( #1230 ), #1231, .T. );
#546 = PRESENTATION_STYLE_ASSIGNMENT( ( #1232 ) );
#547 = ADVANCED_FACE( '', ( #1233, #1234 ), #1235, .F. );
#548 = PRESENTATION_STYLE_ASSIGNMENT( ( #1236 ) );
#549 = ADVANCED_FACE( '', ( #1237 ), #1238, .F. );
#550 = PRESENTATION_STYLE_ASSIGNMENT( ( #1239 ) );
#551 = ADVANCED_FACE( '', ( #1240, #1241 ), #1242, .T. );
#552 = PRESENTATION_STYLE_ASSIGNMENT( ( #1243 ) );
#553 = ADVANCED_FACE( '', ( #1244 ), #1245, .F. );
#554 = PRESENTATION_STYLE_ASSIGNMENT( ( #1246 ) );
#555 = ADVANCED_FACE( '', ( #1247 ), #1248, .F. );
#556 = PRESENTATION_STYLE_ASSIGNMENT( ( #1249 ) );
#557 = ADVANCED_FACE( '', ( #1250 ), #1251, .F. );
#558 = PRESENTATION_STYLE_ASSIGNMENT( ( #1252 ) );
#559 = ADVANCED_FACE( '', ( #1253, #1254 ), #1255, .F. );
#560 = PRESENTATION_STYLE_ASSIGNMENT( ( #1256 ) );
#561 = ADVANCED_FACE( '', ( #1257, #1258, #1259, #1260 ), #1261, .T. );
#562 = PRESENTATION_STYLE_ASSIGNMENT( ( #1262 ) );
#563 = ADVANCED_FACE( '', ( #1263 ), #1264, .F. );
#564 = PRESENTATION_STYLE_ASSIGNMENT( ( #1265 ) );
#565 = ADVANCED_FACE( '', ( #1266 ), #1267, .T. );
#566 = PRESENTATION_STYLE_ASSIGNMENT( ( #1268 ) );
#567 = ADVANCED_FACE( '', ( #1269, #1270 ), #1271, .F. );
#568 = PRESENTATION_STYLE_ASSIGNMENT( ( #1272 ) );
#569 = ADVANCED_FACE( '', ( #1273 ), #1274, .F. );
#570 = PRESENTATION_STYLE_ASSIGNMENT( ( #1275 ) );
#571 = ADVANCED_FACE( '', ( #1276 ), #1277, .F. );
#572 = PRESENTATION_STYLE_ASSIGNMENT( ( #1278 ) );
#573 = ADVANCED_FACE( '', ( #1279, #1280 ), #1281, .F. );
#574 = PRESENTATION_STYLE_ASSIGNMENT( ( #1282 ) );
#575 = ADVANCED_FACE( '', ( #1283, #1284, #1285, #1286 ), #1287, .F. );
#576 = PRESENTATION_STYLE_ASSIGNMENT( ( #1288 ) );
#577 = ADVANCED_FACE( '', ( #1289 ), #1290, .T. );
#578 = PRESENTATION_STYLE_ASSIGNMENT( ( #1291 ) );
#579 = ADVANCED_FACE( '', ( #1292, #1293 ), #1294, .F. );
#580 = PRESENTATION_STYLE_ASSIGNMENT( ( #1295 ) );
#581 = ADVANCED_FACE( '', ( #1296 ), #1297, .T. );
#582 = PRESENTATION_STYLE_ASSIGNMENT( ( #1298 ) );
#583 = ADVANCED_FACE( '', ( #1299 ), #1300, .T. );
#584 = PRESENTATION_STYLE_ASSIGNMENT( ( #1301 ) );
#585 = ADVANCED_FACE( '', ( #1302 ), #1303, .F. );
#586 = PRESENTATION_STYLE_ASSIGNMENT( ( #1304 ) );
#587 = ADVANCED_FACE( '', ( #1305, #1306 ), #1307, .T. );
#588 = PRESENTATION_STYLE_ASSIGNMENT( ( #1308 ) );
#589 = ADVANCED_FACE( '', ( #1309 ), #1310, .T. );
#590 = PRESENTATION_STYLE_ASSIGNMENT( ( #1311 ) );
#591 = ADVANCED_FACE( '', ( #1312 ), #1313, .T. );
#592 = PRESENTATION_STYLE_ASSIGNMENT( ( #1314 ) );
#593 = ADVANCED_FACE( '', ( #1315, #1316 ), #1317, .T. );
#594 = PRESENTATION_STYLE_ASSIGNMENT( ( #1318 ) );
#595 = ADVANCED_FACE( '', ( #1319, #1320 ), #1321, .F. );
#596 = PRESENTATION_STYLE_ASSIGNMENT( ( #1322 ) );
#597 = ADVANCED_FACE( '', ( #1323 ), #1324, .T. );
#598 = PRESENTATION_STYLE_ASSIGNMENT( ( #1325 ) );
#599 = ADVANCED_FACE( '', ( #1326 ), #1327, .T. );
#600 = PRESENTATION_STYLE_ASSIGNMENT( ( #1328 ) );
#601 = ADVANCED_FACE( '', ( #1329 ), #1330, .F. );
#602 = PRESENTATION_STYLE_ASSIGNMENT( ( #1331 ) );
#603 = ADVANCED_FACE( '', ( #1332 ), #1333, .F. );
#604 = PRESENTATION_STYLE_ASSIGNMENT( ( #1334 ) );
#605 = ADVANCED_FACE( '', ( #1335, #1336, #1337, #1338 ), #1339, .F. );
#606 = PRESENTATION_STYLE_ASSIGNMENT( ( #1340 ) );
#607 = ADVANCED_FACE( '', ( #1341 ), #1342, .T. );
#608 = PRESENTATION_STYLE_ASSIGNMENT( ( #1343 ) );
#609 = ADVANCED_FACE( '', ( #1344, #1345 ), #1346, .T. );
#610 = PRESENTATION_STYLE_ASSIGNMENT( ( #1347 ) );
#611 = ADVANCED_FACE( '', ( #1348 ), #1349, .F. );
#612 = PRESENTATION_STYLE_ASSIGNMENT( ( #1350 ) );
#613 = ADVANCED_FACE( '', ( #1351 ), #1352, .F. );
#614 = PRESENTATION_STYLE_ASSIGNMENT( ( #1353 ) );
#615 = ADVANCED_FACE( '', ( #1354 ), #1355, .T. );
#616 = PRESENTATION_STYLE_ASSIGNMENT( ( #1356 ) );
#617 = ADVANCED_FACE( '', ( #1357 ), #1358, .T. );
#618 = PRESENTATION_STYLE_ASSIGNMENT( ( #1359 ) );
#619 = ADVANCED_FACE( '', ( #1360, #1361, #1362, #1363, #1364, #1365 ), #1366, .T. );
#620 = PRESENTATION_STYLE_ASSIGNMENT( ( #1367 ) );
#621 = ADVANCED_FACE( '', ( #1368, #1369 ), #1370, .T. );
#622 = PRESENTATION_STYLE_ASSIGNMENT( ( #1371 ) );
#623 = ADVANCED_FACE( '', ( #1372, #1373 ), #1374, .T. );
#624 = PRESENTATION_STYLE_ASSIGNMENT( ( #1375 ) );
#625 = ADVANCED_FACE( '', ( #1376, #1377, #1378, #1379, #1380, #1381 ), #1382, .F. );
#626 = PRESENTATION_STYLE_ASSIGNMENT( ( #1383 ) );
#627 = ADVANCED_FACE( '', ( #1384 ), #1385, .T. );
#628 = PRESENTATION_STYLE_ASSIGNMENT( ( #1386 ) );
#629 = ADVANCED_FACE( '', ( #1387 ), #1388, .T. );
#630 = PRESENTATION_STYLE_ASSIGNMENT( ( #1389 ) );
#631 = ADVANCED_FACE( '', ( #1390, #1391 ), #1392, .T. );
#632 = PRESENTATION_STYLE_ASSIGNMENT( ( #1393 ) );
#633 = ADVANCED_FACE( '', ( #1394, #1395 ), #1396, .T. );
#634 = PRESENTATION_STYLE_ASSIGNMENT( ( #1397 ) );
#635 = ADVANCED_FACE( '', ( #1398, #1399 ), #1400, .T. );
#636 = PRESENTATION_STYLE_ASSIGNMENT( ( #1401 ) );
#637 = ADVANCED_FACE( '', ( #1402, #1403 ), #1404, .T. );
#638 = PRESENTATION_STYLE_ASSIGNMENT( ( #1405 ) );
#639 = ADVANCED_FACE( '', ( #1406 ), #1407, .F. );
#640 = PRESENTATION_STYLE_ASSIGNMENT( ( #1408 ) );
#641 = ADVANCED_FACE( '', ( #1409, #1410 ), #1411, .F. );
#642 = PRESENTATION_STYLE_ASSIGNMENT( ( #1412 ) );
#643 = ADVANCED_FACE( '', ( #1413, #1414 ), #1415, .T. );
#644 = PRESENTATION_STYLE_ASSIGNMENT( ( #1416 ) );
#645 = ADVANCED_FACE( '', ( #1417, #1418 ), #1419, .T. );
#646 = PRESENTATION_STYLE_ASSIGNMENT( ( #1420 ) );
#647 = ADVANCED_FACE( '', ( #1421, #1422 ), #1423, .T. );
#648 = PRESENTATION_STYLE_ASSIGNMENT( ( #1424 ) );
#649 = ADVANCED_FACE( '', ( #1425, #1426 ), #1427, .T. );
#650 = PRESENTATION_STYLE_ASSIGNMENT( ( #1428 ) );
#651 = ADVANCED_FACE( '', ( #1429, #1430 ), #1431, .F. );
#652 = PRESENTATION_STYLE_ASSIGNMENT( ( #1432 ) );
#653 = ADVANCED_FACE( '', ( #1433 ), #1434, .T. );
#654 = PRESENTATION_STYLE_ASSIGNMENT( ( #1435 ) );
#655 = ADVANCED_FACE( '', ( #1436 ), #1437, .T. );
#656 = PRESENTATION_STYLE_ASSIGNMENT( ( #1438 ) );
#657 = ADVANCED_FACE( '', ( #1439, #1440 ), #1441, .T. );
#658 = PRESENTATION_STYLE_ASSIGNMENT( ( #1442 ) );
#659 = ADVANCED_FACE( '', ( #1443 ), #1444, .F. );
#660 = PRESENTATION_STYLE_ASSIGNMENT( ( #1445 ) );
#661 = ADVANCED_FACE( '', ( #1446, #1447 ), #1448, .F. );
#662 = PRESENTATION_STYLE_ASSIGNMENT( ( #1449 ) );
#663 = ADVANCED_FACE( '', ( #1450, #1451, #1452, #1453 ), #1454, .T. );
#664 = PRESENTATION_STYLE_ASSIGNMENT( ( #1455 ) );
#665 = ADVANCED_FACE( '', ( #1456 ), #1457, .T. );
#666 = PRESENTATION_STYLE_ASSIGNMENT( ( #1458 ) );
#667 = ADVANCED_FACE( '', ( #1459 ), #1460, .T. );
#668 = PRESENTATION_STYLE_ASSIGNMENT( ( #1461 ) );
#669 = ADVANCED_FACE( '', ( #1462 ), #1463, .F. );
#670 = PRESENTATION_STYLE_ASSIGNMENT( ( #1464 ) );
#671 = ADVANCED_FACE( '', ( #1465 ), #1466, .T. );
#672 = PRESENTATION_STYLE_ASSIGNMENT( ( #1467 ) );
#673 = ADVANCED_FACE( '', ( #1468, #1469 ), #1470, .T. );
#674 = PRESENTATION_STYLE_ASSIGNMENT( ( #1471 ) );
#675 = ADVANCED_FACE( '', ( #1472 ), #1473, .F. );
#676 = PRESENTATION_STYLE_ASSIGNMENT( ( #1474 ) );
#677 = ADVANCED_FACE( '', ( #1475 ), #1476, .F. );
#678 = PRESENTATION_STYLE_ASSIGNMENT( ( #1477 ) );
#679 = ADVANCED_FACE( '', ( #1478, #1479 ), #1480, .T. );
#680 = PRESENTATION_STYLE_ASSIGNMENT( ( #1481 ) );
#681 = ADVANCED_FACE( '', ( #1482, #1483 ), #1484, .T. );
#682 = PRESENTATION_STYLE_ASSIGNMENT( ( #1485 ) );
#683 = ADVANCED_FACE( '', ( #1486 ), #1487, .F. );
#684 = PRESENTATION_STYLE_ASSIGNMENT( ( #1488 ) );
#685 = ADVANCED_FACE( '', ( #1489, #1490 ), #1491, .T. );
#686 = PRESENTATION_STYLE_ASSIGNMENT( ( #1492 ) );
#687 = ADVANCED_FACE( '', ( #1493, #1494 ), #1495, .T. );
#688 = PRESENTATION_STYLE_ASSIGNMENT( ( #1496 ) );
#689 = ADVANCED_FACE( '', ( #1497, #1498 ), #1499, .T. );
#690 = PRESENTATION_STYLE_ASSIGNMENT( ( #1500 ) );
#691 = ADVANCED_FACE( '', ( #1501, #1502, #1503, #1504, #1505, #1506, #1507, #1508, #1509 ), #1510, .T. );
#692 = PRESENTATION_STYLE_ASSIGNMENT( ( #1511 ) );
#693 = ADVANCED_FACE( '', ( #1512 ), #1513, .T. );
#694 = PRESENTATION_STYLE_ASSIGNMENT( ( #1514 ) );
#695 = ADVANCED_FACE( '', ( #1515, #1516 ), #1517, .F. );
#696 = PRESENTATION_STYLE_ASSIGNMENT( ( #1518 ) );
#697 = ADVANCED_FACE( '', ( #1519 ), #1520, .F. );
#698 = PRESENTATION_STYLE_ASSIGNMENT( ( #1521 ) );
#699 = ADVANCED_FACE( '', ( #1522 ), #1523, .F. );
#700 = PRESENTATION_STYLE_ASSIGNMENT( ( #1524 ) );
#701 = ADVANCED_FACE( '', ( #1525 ), #1526, .F. );
#702 = PRESENTATION_STYLE_ASSIGNMENT( ( #1527 ) );
#703 = ADVANCED_FACE( '', ( #1528, #1529 ), #1530, .T. );
#704 = PRESENTATION_STYLE_ASSIGNMENT( ( #1531 ) );
#705 = ADVANCED_FACE( '', ( #1532, #1533 ), #1534, .T. );
#706 = PRESENTATION_STYLE_ASSIGNMENT( ( #1535 ) );
#707 = ADVANCED_FACE( '', ( #1536 ), #1537, .T. );
#708 = PRESENTATION_STYLE_ASSIGNMENT( ( #1538 ) );
#709 = ADVANCED_FACE( '', ( #1539, #1540 ), #1541, .T. );
#710 = PRESENTATION_STYLE_ASSIGNMENT( ( #1542 ) );
#711 = ADVANCED_FACE( '', ( #1543 ), #1544, .F. );
#712 = PRESENTATION_STYLE_ASSIGNMENT( ( #1545 ) );
#713 = ADVANCED_FACE( '', ( #1546 ), #1547, .T. );
#714 = PRESENTATION_STYLE_ASSIGNMENT( ( #1548 ) );
#715 = ADVANCED_FACE( '', ( #1549 ), #1550, .T. );
#716 = PRESENTATION_STYLE_ASSIGNMENT( ( #1551 ) );
#717 = ADVANCED_FACE( '', ( #1552 ), #1553, .T. );
#718 = PRESENTATION_STYLE_ASSIGNMENT( ( #1554 ) );
#719 = ADVANCED_FACE( '', ( #1555, #1556 ), #1557, .F. );
#720 = PRESENTATION_STYLE_ASSIGNMENT( ( #1558 ) );
#721 = ADVANCED_FACE( '', ( #1559 ), #1560, .F. );
#722 = PRESENTATION_STYLE_ASSIGNMENT( ( #1561 ) );
#723 = ADVANCED_FACE( '', ( #1562 ), #1563, .T. );
#724 = PRESENTATION_STYLE_ASSIGNMENT( ( #1564 ) );
#725 = ADVANCED_FACE( '', ( #1565 ), #1566, .T. );
#726 = PRESENTATION_STYLE_ASSIGNMENT( ( #1567 ) );
#727 = ADVANCED_FACE( '', ( #1568 ), #1569, .F. );
#728 = PRESENTATION_STYLE_ASSIGNMENT( ( #1570 ) );
#729 = ADVANCED_FACE( '', ( #1571 ), #1572, .F. );
#730 = PRESENTATION_STYLE_ASSIGNMENT( ( #1573 ) );
#731 = ADVANCED_FACE( '', ( #1574 ), #1575, .T. );
#732 = PRESENTATION_STYLE_ASSIGNMENT( ( #1576 ) );
#733 = ADVANCED_FACE( '', ( #1577 ), #1578, .F. );
#734 = PRESENTATION_STYLE_ASSIGNMENT( ( #1579 ) );
#735 = ADVANCED_FACE( '', ( #1580, #1581 ), #1582, .F. );
#736 = PRESENTATION_STYLE_ASSIGNMENT( ( #1583 ) );
#737 = ADVANCED_FACE( '', ( #1584 ), #1585, .F. );
#738 = PRESENTATION_STYLE_ASSIGNMENT( ( #1586 ) );
#739 = ADVANCED_FACE( '', ( #1587 ), #1588, .F. );
#740 = PRESENTATION_STYLE_ASSIGNMENT( ( #1589 ) );
#741 = ADVANCED_FACE( '', ( #1590, #1591 ), #1592, .T. );
#742 = PRESENTATION_STYLE_ASSIGNMENT( ( #1593 ) );
#743 = ADVANCED_FACE( '', ( #1594 ), #1595, .F. );
#744 = PRESENTATION_STYLE_ASSIGNMENT( ( #1596 ) );
#745 = ADVANCED_FACE( '', ( #1597 ), #1598, .F. );
#746 = PRESENTATION_STYLE_ASSIGNMENT( ( #1599 ) );
#747 = ADVANCED_FACE( '', ( #1600 ), #1601, .T. );
#748 = PRESENTATION_STYLE_ASSIGNMENT( ( #1602 ) );
#749 = ADVANCED_FACE( '', ( #1603 ), #1604, .F. );
#750 = PRESENTATION_STYLE_ASSIGNMENT( ( #1605 ) );
#751 = ADVANCED_FACE( '', ( #1606 ), #1607, .T. );
#752 = PRESENTATION_STYLE_ASSIGNMENT( ( #1608 ) );
#753 = ADVANCED_FACE( '', ( #1609 ), #1610, .T. );
#754 = PRESENTATION_STYLE_ASSIGNMENT( ( #1611 ) );
#755 = ADVANCED_FACE( '', ( #1612 ), #1613, .T. );
#756 = PRESENTATION_STYLE_ASSIGNMENT( ( #1614 ) );
#757 = ADVANCED_FACE( '', ( #1615, #1616 ), #1617, .T. );
#758 = PRESENTATION_STYLE_ASSIGNMENT( ( #1618 ) );
#759 = ADVANCED_FACE( '', ( #1619 ), #1620, .T. );
#760 = PRESENTATION_STYLE_ASSIGNMENT( ( #1621 ) );
#761 = ADVANCED_FACE( '', ( #1622, #1623 ), #1624, .F. );
#762 = PRESENTATION_STYLE_ASSIGNMENT( ( #1625 ) );
#763 = ADVANCED_FACE( '', ( #1626 ), #1627, .T. );
#764 = PRESENTATION_STYLE_ASSIGNMENT( ( #1628 ) );
#765 = ADVANCED_FACE( '', ( #1629 ), #1630, .T. );
#766 = PRESENTATION_STYLE_ASSIGNMENT( ( #1631 ) );
#767 = ADVANCED_FACE( '', ( #1632 ), #1633, .T. );
#768 = PRESENTATION_STYLE_ASSIGNMENT( ( #1634 ) );
#769 = ADVANCED_FACE( '', ( #1635, #1636 ), #1637, .F. );
#770 = PRESENTATION_STYLE_ASSIGNMENT( ( #1638 ) );
#771 = ADVANCED_FACE( '', ( #1639, #1640, #1641 ), #1642, .T. );
#772 = PRESENTATION_STYLE_ASSIGNMENT( ( #1643 ) );
#773 = ADVANCED_FACE( '', ( #1644 ), #1645, .F. );
#774 = PRESENTATION_STYLE_ASSIGNMENT( ( #1646 ) );
#775 = ADVANCED_FACE( '', ( #1647, #1648 ), #1649, .T. );
#776 = PRESENTATION_STYLE_ASSIGNMENT( ( #1650 ) );
#777 = ADVANCED_FACE( '', ( #1651 ), #1652, .T. );
#778 = PRESENTATION_STYLE_ASSIGNMENT( ( #1653 ) );
#779 = ADVANCED_FACE( '', ( #1654, #1655 ), #1656, .T. );
#780 = PRESENTATION_STYLE_ASSIGNMENT( ( #1657 ) );
#781 = ADVANCED_FACE( '', ( #1658, #1659 ), #1660, .T. );
#782 = PRESENTATION_STYLE_ASSIGNMENT( ( #1661 ) );
#783 = ADVANCED_FACE( '', ( #1662, #1663, #1664, #1665, #1666, #1667 ), #1668, .T. );
#784 = PRESENTATION_STYLE_ASSIGNMENT( ( #1669 ) );
#785 = ADVANCED_FACE( '', ( #1670 ), #1671, .F. );
#786 = PRESENTATION_STYLE_ASSIGNMENT( ( #1672 ) );
#787 = ADVANCED_FACE( '', ( #1673 ), #1674, .F. );
#788 = PRESENTATION_STYLE_ASSIGNMENT( ( #1675 ) );
#789 = ADVANCED_FACE( '', ( #1676 ), #1677, .F. );
#790 = PRESENTATION_STYLE_ASSIGNMENT( ( #1678 ) );
#791 = ADVANCED_FACE( '', ( #1679 ), #1680, .T. );
#792 = PRESENTATION_STYLE_ASSIGNMENT( ( #1681 ) );
#793 = ADVANCED_FACE( '', ( #1682 ), #1683, .F. );
#794 = PRESENTATION_STYLE_ASSIGNMENT( ( #1684 ) );
#795 = ADVANCED_FACE( '', ( #1685, #1686 ), #1687, .T. );
#796 = PRESENTATION_STYLE_ASSIGNMENT( ( #1688 ) );
#797 = ADVANCED_FACE( '', ( #1689, #1690 ), #1691, .F. );
#798 = PRESENTATION_STYLE_ASSIGNMENT( ( #1692 ) );
#799 = ADVANCED_FACE( '', ( #1693 ), #1694, .F. );
#800 = PRESENTATION_STYLE_ASSIGNMENT( ( #1695 ) );
#801 = ADVANCED_FACE( '', ( #1696, #1697 ), #1698, .T. );
#802 = PRESENTATION_STYLE_ASSIGNMENT( ( #1699 ) );
#803 = ADVANCED_FACE( '', ( #1700, #1701 ), #1702, .T. );
#804 = PRESENTATION_STYLE_ASSIGNMENT( ( #1703 ) );
#805 = ADVANCED_FACE( '', ( #1704, #1705 ), #1706, .T. );
#806 = PRESENTATION_STYLE_ASSIGNMENT( ( #1707 ) );
#807 = ADVANCED_FACE( '', ( #1708 ), #1709, .T. );
#808 = PRESENTATION_STYLE_ASSIGNMENT( ( #1710 ) );
#809 = ADVANCED_FACE( '', ( #1711, #1712 ), #1713, .F. );
#810 = PRESENTATION_STYLE_ASSIGNMENT( ( #1714 ) );
#811 = ADVANCED_FACE( '', ( #1715 ), #1716, .F. );
#812 = PRESENTATION_STYLE_ASSIGNMENT( ( #1717 ) );
#813 = ADVANCED_FACE( '', ( #1718, #1719 ), #1720, .F. );
#814 = PRESENTATION_STYLE_ASSIGNMENT( ( #1721 ) );
#815 = ADVANCED_FACE( '', ( #1722, #1723 ), #1724, .T. );
#816 = PRESENTATION_STYLE_ASSIGNMENT( ( #1725 ) );
#817 = ADVANCED_FACE( '', ( #1726 ), #1727, .T. );
#818 = PRESENTATION_STYLE_ASSIGNMENT( ( #1728 ) );
#819 = ADVANCED_FACE( '', ( #1729, #1730 ), #1731, .T. );
#820 = PRESENTATION_STYLE_ASSIGNMENT( ( #1732 ) );
#821 = ADVANCED_FACE( '', ( #1733, #1734 ), #1735, .T. );
#822 = PRESENTATION_STYLE_ASSIGNMENT( ( #1736 ) );
#823 = ADVANCED_FACE( '', ( #1737, #1738 ), #1739, .F. );
#824 = PRESENTATION_STYLE_ASSIGNMENT( ( #1740 ) );
#825 = ADVANCED_FACE( '', ( #1741 ), #1742, .F. );
#826 = PRESENTATION_STYLE_ASSIGNMENT( ( #1743 ) );
#827 = ADVANCED_FACE( '', ( #1744 ), #1745, .F. );
#828 = PRESENTATION_STYLE_ASSIGNMENT( ( #1746 ) );
#829 = ADVANCED_FACE( '', ( #1747, #1748 ), #1749, .F. );
#830 = PRESENTATION_STYLE_ASSIGNMENT( ( #1750 ) );
#831 = ADVANCED_FACE( '', ( #1751, #1752 ), #1753, .F. );
#832 = PRESENTATION_STYLE_ASSIGNMENT( ( #1754 ) );
#833 = ADVANCED_FACE( '', ( #1755 ), #1756, .T. );
#834 = PRESENTATION_STYLE_ASSIGNMENT( ( #1757 ) );
#835 = ADVANCED_FACE( '', ( #1758 ), #1759, .F. );
#836 = PRESENTATION_STYLE_ASSIGNMENT( ( #1760 ) );
#837 = ADVANCED_FACE( '', ( #1761 ), #1762, .T. );
#838 = PRESENTATION_STYLE_ASSIGNMENT( ( #1763 ) );
#839 = ADVANCED_FACE( '', ( #1764 ), #1765, .F. );
#840 = PRESENTATION_STYLE_ASSIGNMENT( ( #1766 ) );
#841 = ADVANCED_FACE( '', ( #1767 ), #1768, .F. );
#842 = PRESENTATION_STYLE_ASSIGNMENT( ( #1769 ) );
#843 = ADVANCED_FACE( '', ( #1770, #1771 ), #1772, .T. );
#844 = PRESENTATION_STYLE_ASSIGNMENT( ( #1773 ) );
#845 = ADVANCED_FACE( '', ( #1774, #1775 ), #1776, .F. );
#846 = PRESENTATION_STYLE_ASSIGNMENT( ( #1777 ) );
#847 = ADVANCED_FACE( '', ( #1778 ), #1779, .F. );
#848 = PRESENTATION_STYLE_ASSIGNMENT( ( #1780 ) );
#849 = ADVANCED_FACE( '', ( #1781 ), #1782, .F. );
#850 = PRESENTATION_STYLE_ASSIGNMENT( ( #1783 ) );
#851 = ADVANCED_FACE( '', ( #1784, #1785 ), #1786, .F. );
#852 = PRESENTATION_STYLE_ASSIGNMENT( ( #1787 ) );
#853 = ADVANCED_FACE( '', ( #1788 ), #1789, .F. );
#854 = PRESENTATION_STYLE_ASSIGNMENT( ( #1790 ) );
#855 = ADVANCED_FACE( '', ( #1791 ), #1792, .T. );
#858 = LENGTH_MEASURE_WITH_UNIT( LENGTH_MEASURE( 1.00000000000000 ), #1793 );
#861 = DIMENSIONAL_EXPONENTS( 1.00000000000000, 0.000000000000000, 0.000000000000000, 0.000000000000000, 0.000000000000000, 0.000000000000000, 0.000000000000000 );
#863 = DIMENSIONAL_EXPONENTS( 0.000000000000000, 0.000000000000000, 0.000000000000000, 0.000000000000000, 0.000000000000000, 0.000000000000000, 0.000000000000000 );
#869 = PRODUCT_CONTEXT( '', #27, 'mechanical' );
#870 = PRODUCT_DEFINITION_FORMATION_WITH_SPECIFIED_SOURCE( ' ', 'NONE', #314, .NOT_KNOWN. );
#871 = CARTESIAN_POINT( '', ( 0.000000000000000, 0.000000000000000, 0.000000000000000 ) );
#872 = DIRECTION( '', ( 0.000000000000000, 0.000000000000000, 1.00000000000000 ) );
#873 = DIRECTION( '', ( 1.00000000000000, 0.000000000000000, 0.000000000000000 ) );
#874 = CARTESIAN_POINT( '', ( 0.000000000000000, 0.000000000000000, 0.000000000000000 ) );
#875 = DIRECTION( '', ( 0.000000000000000, 0.000000000000000, 1.00000000000000 ) );
#876 = DIRECTION( '', ( 1.00000000000000, 0.000000000000000, 0.000000000000000 ) );
#877 = CARTESIAN_POINT( '', ( 21.6000000000000, 0.000000000000000, 0.000000000000000 ) );
#878 = DIRECTION( '', ( 0.000000000000000, 0.000000000000000, 1.00000000000000 ) );
#879 = DIRECTION( '', ( -1.00000000000000, 0.000000000000000, 0.000000000000000 ) );
#880 = CARTESIAN_POINT( '', ( 30.2000000000000, -1.05319624726672E-15, 0.000000000000000 ) );
#881 = DIRECTION( '', ( 0.000000000000000, 0.000000000000000, 1.00000000000000 ) );
#882 = DIRECTION( '', ( 1.00000000000000, 0.000000000000000, 0.000000000000000 ) );
#883 = CARTESIAN_POINT( '', ( 38.8000000000000, -1.05319624726672E-15, 0.000000000000000 ) );
#884 = DIRECTION( '', ( 0.000000000000000, 0.000000000000000, 1.00000000000000 ) );
#885 = DIRECTION( '', ( -1.00000000000000, 0.000000000000000, 0.000000000000000 ) );
#886 = CARTESIAN_POINT( '', ( 60.4000000000000, -3.69843333342501E-15, 0.000000000000000 ) );
#887 = DIRECTION( '', ( 0.000000000000000, 0.000000000000000, 1.00000000000000 ) );
#888 = DIRECTION( '', ( 1.00000000000000, 0.000000000000000, 0.000000000000000 ) );
#891 = UNCERTAINTY_MEASURE_WITH_UNIT( LENGTH_MEASURE( 0.00100000000000000 ), #893, '', '' );
#893 =  ( CONVERSION_BASED_UNIT( 'MILLIMETRE', #1796 )LENGTH_UNIT(  )NAMED_UNIT( #1799 ) );
#894 =  ( NAMED_UNIT( #1801 )PLANE_ANGLE_UNIT(  )SI_UNIT( $, .RADIAN. ) );
#895 =  ( NAMED_UNIT( #1801 )SI_UNIT( $, .STERADIAN. )SOLID_ANGLE_UNIT(  ) );
#897 = PRODUCT_DEFINITION_FORMATION_WITH_SPECIFIED_SOURCE( ' ', 'NONE', #323, .NOT_KNOWN. );
#898 = CLOSED_SHELL( '', ( #417, #467, #797, #777, #755, #607, #395, #709, #703, #779, #623, #831, #409, #617, #715, #367, #525, #837, #817, #589, #677, #849, #789, #447, #733, #571, #383, #501, #551, #391, #737, #563, #821, #843, #637, #823, #679, #781, #539, #519, #805, #593, #445, #369, #707, #491, #667, #765, #603, #671, #627, #573, #803, #689, #793, #717, #655, #853, #531, #747, #651, #673, #581, #741, #833, #485, #575, #489, #565, #855, #595, #729, #415, #835, #697, #619, #371, #439, #541, #815, #723, #799, #577 ) );
#899 = ORIENTED_CLOSED_SHELL( '', *, #1807, .T. );
#900 = ORIENTED_CLOSED_SHELL( '', *, #1808, .T. );
#901 = PRODUCT_DEFINITION_FORMATION_WITH_SPECIFIED_SOURCE( ' ', 'NONE', #331, .NOT_KNOWN. );
#902 = CLOSED_SHELL( '', ( #783, #567, #625, #643, #365, #423, #461, #463 ) );
#903 = PRODUCT_DEFINITION_FORMATION_WITH_SPECIFIED_SOURCE( ' ', 'NONE', #339, .NOT_KNOWN. );
#904 = CLOSED_SHELL( '', ( #811, #473, #663, #479, #635, #775, #757, #561, #499, #455, #459, #763, #431, #377 ) );
#905 = PRODUCT_DEFINITION_FORMATION_WITH_SPECIFIED_SOURCE( ' ', 'NONE', #352, .NOT_KNOWN. );
#906 = CLOSED_SHELL( '', ( #411, #475, #769, #535, #557, #425, #825, #497, #397, #427, #787, #549, #745, #401, #749, #807, #529, #363, #465, #613, #453, #521, #547, #819, #511, #687, #657, #495, #533, #487, #801, #587, #421, #601, #513, #523, #399, #481, #569, #471, #665, #537, #543, #615, #517, #629, #661, #609, #685, #647, #827, #505, #649, #469, #681, #621, #691, #433, #457, #545, #675, #713, #435, #751, #583, #725, #451, #841, #699, #701, #759, #727, #555, #393, #441, #477, #739, #361, #653, #767, #693, #381, #771, #711, #585, #839, #385, #507, #591, #721, #785, #659, #847, #669, #743, #403, #611, #639, #527, #443, #405, #483, #599, #553, #419, #559, #761, #845, #809, #375, #515, #437, #731, #683, #773, #429, #449, #795, #407, #753, #493, #605, #735, #597, #695, #791, #631 ) );
#907 = ORIENTED_CLOSED_SHELL( '', *, #1809, .T. );
#908 = ORIENTED_CLOSED_SHELL( '', *, #1810, .T. );
#909 = SURFACE_STYLE_USAGE( .BOTH., #1811 );
#910 = FACE_OUTER_BOUND( '', #1812, .T. );
#911 = PLANE( '', #1813 );
#912 = SURFACE_STYLE_USAGE( .BOTH., #1814 );
#913 = FACE_OUTER_BOUND( '', #1815, .T. );
#914 = PLANE( '', #1816 );
#915 = SURFACE_STYLE_USAGE( .BOTH., #1817 );
#916 = FACE_OUTER_BOUND( '', #1818, .T. );
#917 = FACE_OUTER_BOUND( '', #1819, .T. );
#918 = CYLINDRICAL_SURFACE( '', #1820, 5.25000000000000 );
#919 = SURFACE_STYLE_USAGE( .BOTH., #1821 );
#920 = FACE_OUTER_BOUND( '', #1822, .T. );
#921 = PLANE( '', #1823 );
#922 = SURFACE_STYLE_USAGE( .BOTH., #1824 );
#923 = FACE_OUTER_BOUND( '', #1825, .T. );
#924 = PLANE( '', #1826 );
#925 = SURFACE_STYLE_USAGE( .BOTH., #1827 );
#926 = FACE_BOUND( '', #1828, .T. );
#927 = FACE_OUTER_BOUND( '', #1829, .T. );
#928 = PLANE( '', #1830 );
#929 = SURFACE_STYLE_USAGE( .BOTH., #1831 );
#930 = FACE_OUTER_BOUND( '', #1832, .T. );
#931 = FACE_BOUND( '', #1833, .T. );
#932 = PLANE( '', #1834 );
#933 = SURFACE_STYLE_USAGE( .BOTH., #1835 );
#934 = FACE_OUTER_BOUND( '', #1836, .T. );
#935 = FACE_BOUND( '', #1837, .T. );
#936 = PLANE( '', #1838 );
#937 = SURFACE_STYLE_USAGE( .BOTH., #1839 );
#938 = FACE_OUTER_BOUND( '', #1840, .T. );
#939 = PLANE( '', #1841 );
#940 = SURFACE_STYLE_USAGE( .BOTH., #1842 );
#941 = FACE_BOUND( '', #1843, .T. );
#942 = FACE_OUTER_BOUND( '', #1844, .T. );
#943 = PLANE( '', #1845 );
#944 = SURFACE_STYLE_USAGE( .BOTH., #1846 );
#945 = FACE_OUTER_BOUND( '', #1847, .T. );
#946 = PLANE( '', #1848 );
#947 = SURFACE_STYLE_USAGE( .BOTH., #1849 );
#948 = FACE_BOUND( '', #1850, .T. );
#949 = FACE_OUTER_BOUND( '', #1851, .T. );
#950 = PLANE( '', #1852 );
#951 = SURFACE_STYLE_USAGE( .BOTH., #1853 );
#952 = FACE_OUTER_BOUND( '', #1854, .T. );
#953 = CYLINDRICAL_SURFACE( '', #1855, 0.600000000000000 );
#954 = SURFACE_STYLE_USAGE( .BOTH., #1856 );
#955 = FACE_OUTER_BOUND( '', #1857, .T. );
#956 = FACE_OUTER_BOUND( '', #1858, .T. );
#957 = CYLINDRICAL_SURFACE( '', #1859, 2.50000000000000 );
#958 = SURFACE_STYLE_USAGE( .BOTH., #1860 );
#959 = FACE_OUTER_BOUND( '', #1861, .T. );
#960 = FACE_BOUND( '', #1862, .T. );
#961 = PLANE( '', #1863 );
#962 = SURFACE_STYLE_USAGE( .BOTH., #1864 );
#963 = FACE_OUTER_BOUND( '', #1865, .T. );
#964 = FACE_BOUND( '', #1866, .T. );
#965 = CONICAL_SURFACE( '', #1867, 2.00950000000000, 0.785398163400000 );
#966 = SURFACE_STYLE_USAGE( .BOTH., #1868 );
#967 = FACE_OUTER_BOUND( '', #1869, .T. );
#968 = PLANE( '', #1870 );
#969 = SURFACE_STYLE_USAGE( .BOTH., #1871 );
#970 = FACE_BOUND( '', #1872, .T. );
#971 = FACE_OUTER_BOUND( '', #1873, .T. );
#972 = PLANE( '', #1874 );
#973 = SURFACE_STYLE_USAGE( .BOTH., #1875 );
#974 = FACE_OUTER_BOUND( '', #1876, .T. );
#975 = PLANE( '', #1877 );
#976 = SURFACE_STYLE_USAGE( .BOTH., #1878 );
#977 = FACE_OUTER_BOUND( '', #1879, .T. );
#978 = PLANE( '', #1880 );
#979 = SURFACE_STYLE_USAGE( .BOTH., #1881 );
#980 = FACE_OUTER_BOUND( '', #1882, .T. );
#981 = PLANE( '', #1883 );
#982 = SURFACE_STYLE_USAGE( .BOTH., #1884 );
#983 = FACE_OUTER_BOUND( '', #1885, .T. );
#984 = PLANE( '', #1886 );
#985 = SURFACE_STYLE_USAGE( .BOTH., #1887 );
#986 = FACE_OUTER_BOUND( '', #1888, .T. );
#987 = PLANE( '', #1889 );
#988 = SURFACE_STYLE_USAGE( .BOTH., #1890 );
#989 = FACE_BOUND( '', #1891, .T. );
#990 = FACE_OUTER_BOUND( '', #1892, .T. );
#991 = PLANE( '', #1893 );
#992 = SURFACE_STYLE_USAGE( .BOTH., #1894 );
#993 = FACE_OUTER_BOUND( '', #1895, .T. );
#994 = PLANE( '', #1896 );
#995 = SURFACE_STYLE_USAGE( .BOTH., #1897 );
#996 = FACE_OUTER_BOUND( '', #1898, .T. );
#997 = FACE_OUTER_BOUND( '', #1899, .T. );
#998 = CYLINDRICAL_SURFACE( '', #1900, 2.50000000000000 );
#999 = SURFACE_STYLE_USAGE( .BOTH., #1901 );
#1000 = FACE_OUTER_BOUND( '', #1902, .T. );
#1001 = FACE_OUTER_BOUND( '', #1903, .T. );
#1002 = CYLINDRICAL_SURFACE( '', #1904, 2.50000000000000 );
#1003 = SURFACE_STYLE_USAGE( .BOTH., #1905 );
#1004 = FACE_OUTER_BOUND( '', #1906, .T. );
#1005 = FACE_OUTER_BOUND( '', #1907, .T. );
#1006 = CYLINDRICAL_SURFACE( '', #1908, 8.00000000000000 );
#1007 = SURFACE_STYLE_USAGE( .BOTH., #1909 );
#1008 = FACE_OUTER_BOUND( '', #1910, .T. );
#1009 = FACE_OUTER_BOUND( '', #1911, .T. );
#1010 = CYLINDRICAL_SURFACE( '', #1912, 2.50000000000000 );
#1011 = SURFACE_STYLE_USAGE( .BOTH., #1913 );
#1012 = FACE_BOUND( '', #1914, .T. );
#1013 = FACE_OUTER_BOUND( '', #1915, .T. );
#1014 = PLANE( '', #1916 );
#1015 = SURFACE_STYLE_USAGE( .BOTH., #1917 );
#1016 = FACE_OUTER_BOUND( '', #1918, .T. );
#1017 = PLANE( '', #1919 );
#1018 = SURFACE_STYLE_USAGE( .BOTH., #1920 );
#1019 = FACE_OUTER_BOUND( '', #1921, .T. );
#1020 = FACE_OUTER_BOUND( '', #1922, .T. );
#1021 = CYLINDRICAL_SURFACE( '', #1923, 14.2500000000000 );
#1022 = SURFACE_STYLE_USAGE( .BOTH., #1924 );
#1023 = FACE_OUTER_BOUND( '', #1925, .T. );
#1024 = PLANE( '', #1926 );
#1025 = SURFACE_STYLE_USAGE( .BOTH., #1927 );
#1026 = FACE_OUTER_BOUND( '', #1928, .T. );
#1027 = PLANE( '', #1929 );
#1028 = SURFACE_STYLE_USAGE( .BOTH., #1930 );
#1029 = FACE_OUTER_BOUND( '', #1931, .T. );
#1030 = FACE_OUTER_BOUND( '', #1932, .T. );
#1031 = CYLINDRICAL_SURFACE( '', #1933, 5.25000000000000 );
#1032 = SURFACE_STYLE_USAGE( .BOTH., #1934 );
#1033 = FACE_OUTER_BOUND( '', #1935, .T. );
#1034 = FACE_OUTER_BOUND( '', #1936, .T. );
#1035 = CYLINDRICAL_SURFACE( '', #1937, 5.25000000000000 );
#1036 = SURFACE_STYLE_USAGE( .BOTH., #1938 );
#1037 = FACE_OUTER_BOUND( '', #1939, .T. );
#1038 = FACE_BOUND( '', #1940, .T. );
#1039 = PLANE( '', #1941 );
#1040 = SURFACE_STYLE_USAGE( .BOTH., #1942 );
#1041 = FACE_OUTER_BOUND( '', #1943, .T. );
#1042 = PLANE( '', #1944 );
#1043 = SURFACE_STYLE_USAGE( .BOTH., #1945 );
#1044 = FACE_OUTER_BOUND( '', #1946, .T. );
#1045 = PLANE( '', #1947 );
#1046 = SURFACE_STYLE_USAGE( .BOTH., #1948 );
#1047 = FACE_BOUND( '', #1949, .T. );
#1048 = FACE_OUTER_BOUND( '', #1950, .T. );
#1049 = PLANE( '', #1951 );
#1050 = SURFACE_STYLE_USAGE( .BOTH., #1952 );
#1051 = FACE_OUTER_BOUND( '', #1953, .T. );
#1052 = PLANE( '', #1954 );
#1053 = SURFACE_STYLE_USAGE( .BOTH., #1955 );
#1054 = FACE_OUTER_BOUND( '', #1956, .T. );
#1055 = CYLINDRICAL_SURFACE( '', #1957, 0.250000000000000 );
#1056 = SURFACE_STYLE_USAGE( .BOTH., #1958 );
#1057 = FACE_OUTER_BOUND( '', #1959, .T. );
#1058 = PLANE( '', #1960 );
#1059 = SURFACE_STYLE_USAGE( .BOTH., #1961 );
#1060 = FACE_OUTER_BOUND( '', #1962, .T. );
#1061 = PLANE( '', #1963 );
#1062 = SURFACE_STYLE_USAGE( .BOTH., #1964 );
#1063 = FACE_OUTER_BOUND( '', #1965, .T. );
#1064 = PLANE( '', #1966 );
#1065 = SURFACE_STYLE_USAGE( .BOTH., #1967 );
#1066 = FACE_OUTER_BOUND( '', #1968, .T. );
#1067 = CYLINDRICAL_SURFACE( '', #1969, 0.870000000000000 );
#1068 = SURFACE_STYLE_USAGE( .BOTH., #1970 );
#1069 = FACE_OUTER_BOUND( '', #1971, .T. );
#1070 = PLANE( '', #1972 );
#1071 = SURFACE_STYLE_USAGE( .BOTH., #1973 );
#1072 = FACE_OUTER_BOUND( '', #1974, .T. );
#1073 = PLANE( '', #1975 );
#1074 = SURFACE_STYLE_USAGE( .BOTH., #1976 );
#1075 = FACE_OUTER_BOUND( '', #1977, .T. );
#1076 = CYLINDRICAL_SURFACE( '', #1978, 28.0000000000000 );
#1077 = SURFACE_STYLE_USAGE( .BOTH., #1979 );
#1078 = FACE_OUTER_BOUND( '', #1980, .T. );
#1079 = FACE_OUTER_BOUND( '', #1981, .T. );
#1080 = CYLINDRICAL_SURFACE( '', #1982, 5.25000000000000 );
#1081 = SURFACE_STYLE_USAGE( .BOTH., #1983 );
#1082 = FACE_OUTER_BOUND( '', #1984, .T. );
#1083 = FACE_OUTER_BOUND( '', #1985, .T. );
#1084 = CYLINDRICAL_SURFACE( '', #1986, 5.25000000000000 );
#1085 = SURFACE_STYLE_USAGE( .BOTH., #1987 );
#1086 = FACE_OUTER_BOUND( '', #1988, .T. );
#1087 = FACE_OUTER_BOUND( '', #1989, .T. );
#1088 = CYLINDRICAL_SURFACE( '', #1990, 5.25000000000000 );
#1089 = SURFACE_STYLE_USAGE( .BOTH., #1991 );
#1090 = FACE_OUTER_BOUND( '', #1992, .T. );
#1091 = PLANE( '', #1993 );
#1092 = SURFACE_STYLE_USAGE( .BOTH., #1994 );
#1093 = FACE_BOUND( '', #1995, .T. );
#1094 = FACE_OUTER_BOUND( '', #1996, .T. );
#1095 = PLANE( '', #1997 );
#1096 = SURFACE_STYLE_USAGE( .BOTH., #1998 );
#1097 = FACE_OUTER_BOUND( '', #1999, .T. );
#1098 = FACE_OUTER_BOUND( '', #2000, .T. );
#1099 = CYLINDRICAL_SURFACE( '', #2001, 4.25000000000000 );
#1100 = SURFACE_STYLE_USAGE( .BOTH., #2002 );
#1101 = FACE_OUTER_BOUND( '', #2003, .T. );
#1102 = PLANE( '', #2004 );
#1103 = SURFACE_STYLE_USAGE( .BOTH., #2005 );
#1104 = FACE_OUTER_BOUND( '', #2006, .T. );
#1105 = FACE_OUTER_BOUND( '', #2007, .T. );
#1106 = CYLINDRICAL_SURFACE( '', #2008, 5.25000000000000 );
#1107 = SURFACE_STYLE_USAGE( .BOTH., #2009 );
#1108 = FACE_BOUND( '', #2010, .T. );
#1109 = FACE_OUTER_BOUND( '', #2011, .T. );
#1110 = PLANE( '', #2012 );
#1111 = SURFACE_STYLE_USAGE( .BOTH., #2013 );
#1112 = FACE_OUTER_BOUND( '', #2014, .T. );
#1113 = PLANE( '', #2015 );
#1114 = SURFACE_STYLE_USAGE( .BOTH., #2016 );
#1115 = FACE_OUTER_BOUND( '', #2017, .T. );
#1116 = FACE_OUTER_BOUND( '', #2018, .T. );
#1117 = CYLINDRICAL_SURFACE( '', #2019, 14.2500000000000 );
#1118 = SURFACE_STYLE_USAGE( .BOTH., #2020 );
#1119 = FACE_OUTER_BOUND( '', #2021, .T. );
#1120 = PLANE( '', #2022 );
#1121 = SURFACE_STYLE_USAGE( .BOTH., #2023 );
#1122 = FACE_OUTER_BOUND( '', #2024, .T. );
#1123 = PLANE( '', #2025 );
#1124 = SURFACE_STYLE_USAGE( .BOTH., #2026 );
#1125 = FACE_OUTER_BOUND( '', #2027, .T. );
#1126 = FACE_OUTER_BOUND( '', #2028, .T. );
#1127 = CYLINDRICAL_SURFACE( '', #2029, 5.25000000000000 );
#1128 = SURFACE_STYLE_USAGE( .BOTH., #2030 );
#1129 = FACE_OUTER_BOUND( '', #2031, .T. );
#1130 = FACE_OUTER_BOUND( '', #2032, .T. );
#1131 = CYLINDRICAL_SURFACE( '', #2033, 2.55000000000000 );
#1132 = SURFACE_STYLE_USAGE( .BOTH., #2034 );
#1133 = FACE_BOUND( '', #2035, .T. );
#1134 = FACE_OUTER_BOUND( '', #2036, .T. );
#1135 = CONICAL_SURFACE( '', #2037, 28.0000000000000, 0.785398163400000 );
#1136 = SURFACE_STYLE_USAGE( .BOTH., #2038 );
#1137 = FACE_OUTER_BOUND( '', #2039, .T. );
#1138 = PLANE( '', #2040 );
#1139 = SURFACE_STYLE_USAGE( .BOTH., #2041 );
#1140 = FACE_OUTER_BOUND( '', #2042, .T. );
#1141 = FACE_BOUND( '', #2043, .T. );
#1142 = CONICAL_SURFACE( '', #2044, 27.7500000000000, 0.785398163400000 );
#1143 = SURFACE_STYLE_USAGE( .BOTH., #2045 );
#1144 = FACE_OUTER_BOUND( '', #2046, .T. );
#1145 = FACE_OUTER_BOUND( '', #2047, .T. );
#1146 = CYLINDRICAL_SURFACE( '', #2048, 3.00000000000000 );
#1147 = SURFACE_STYLE_USAGE( .BOTH., #2049 );
#1148 = FACE_OUTER_BOUND( '', #2050, .T. );
#1149 = PLANE( '', #2051 );
#1150 = SURFACE_STYLE_USAGE( .BOTH., #2052 );
#1151 = FACE_OUTER_BOUND( '', #2053, .T. );
#1152 = FACE_OUTER_BOUND( '', #2054, .T. );
#1153 = CYLINDRICAL_SURFACE( '', #2055, 5.25000000000000 );
#1154 = SURFACE_STYLE_USAGE( .BOTH., #2056 );
#1155 = FACE_BOUND( '', #2057, .T. );
#1156 = FACE_OUTER_BOUND( '', #2058, .T. );
#1157 = CONICAL_SURFACE( '', #2059, 4.25000000000000, 0.785398163400000 );
#1158 = SURFACE_STYLE_USAGE( .BOTH., #2060 );
#1159 = FACE_OUTER_BOUND( '', #2061, .T. );
#1160 = FACE_OUTER_BOUND( '', #2062, .T. );
#1161 = CYLINDRICAL_SURFACE( '', #2063, 2.75000000000000 );
#1162 = SURFACE_STYLE_USAGE( .BOTH., #2064 );
#1163 = FACE_OUTER_BOUND( '', #2065, .T. );
#1164 = PLANE( '', #2066 );
#1165 = SURFACE_STYLE_USAGE( .BOTH., #2067 );
#1166 = FACE_OUTER_BOUND( '', #2068, .T. );
#1167 = PLANE( '', #2069 );
#1168 = SURFACE_STYLE_USAGE( .BOTH., #2070 );
#1169 = FACE_OUTER_BOUND( '', #2071, .T. );
#1170 = FACE_OUTER_BOUND( '', #2072, .T. );
#1171 = CYLINDRICAL_SURFACE( '', #2073, 2.50000000000000 );
#1172 = SURFACE_STYLE_USAGE( .BOTH., #2074 );
#1173 = FACE_OUTER_BOUND( '', #2075, .T. );
#1174 = FACE_OUTER_BOUND( '', #2076, .T. );
#1175 = CYLINDRICAL_SURFACE( '', #2077, 2.55000000000000 );
#1176 = SURFACE_STYLE_USAGE( .BOTH., #2078 );
#1177 = FACE_OUTER_BOUND( '', #2079, .T. );
#1178 = PLANE( '', #2080 );
#1179 = SURFACE_STYLE_USAGE( .BOTH., #2081 );
#1180 = FACE_OUTER_BOUND( '', #2082, .T. );
#1181 = PLANE( '', #2083 );
#1182 = SURFACE_STYLE_USAGE( .BOTH., #2084 );
#1183 = FACE_OUTER_BOUND( '', #2085, .T. );
#1184 = PLANE( '', #2086 );
#1185 = SURFACE_STYLE_USAGE( .BOTH., #2087 );
#1186 = FACE_BOUND( '', #2088, .T. );
#1187 = FACE_OUTER_BOUND( '', #2089, .T. );
#1188 = PLANE( '', #2090 );
#1189 = SURFACE_STYLE_USAGE( .BOTH., #2091 );
#1190 = FACE_OUTER_BOUND( '', #2092, .T. );
#1191 = PLANE( '', #2093 );
#1192 = SURFACE_STYLE_USAGE( .BOTH., #2094 );
#1193 = FACE_OUTER_BOUND( '', #2095, .T. );
#1194 = PLANE( '', #2096 );
#1195 = SURFACE_STYLE_USAGE( .BOTH., #2097 );
#1196 = FACE_OUTER_BOUND( '', #2098, .T. );
#1197 = PLANE( '', #2099 );
#1198 = SURFACE_STYLE_USAGE( .BOTH., #2100 );
#1199 = FACE_OUTER_BOUND( '', #2101, .T. );
#1200 = FACE_OUTER_BOUND( '', #2102, .T. );
#1201 = CYLINDRICAL_SURFACE( '', #2103, 2.50000000000000 );
#1202 = SURFACE_STYLE_USAGE( .BOTH., #2104 );
#1203 = FACE_OUTER_BOUND( '', #2105, .T. );
#1204 = PLANE( '', #2106 );
#1205 = SURFACE_STYLE_USAGE( .BOTH., #2107 );
#1206 = FACE_OUTER_BOUND( '', #2108, .T. );
#1207 = PLANE( '', #2109 );
#1208 = SURFACE_STYLE_USAGE( .BOTH., #2110 );
#1209 = FACE_OUTER_BOUND( '', #2111, .T. );
#1210 = FACE_BOUND( '', #2112, .T. );
#1211 = PLANE( '', #2113 );
#1212 = SURFACE_STYLE_USAGE( .BOTH., #2114 );
#1213 = FACE_OUTER_BOUND( '', #2115, .T. );
#1214 = CYLINDRICAL_SURFACE( '', #2116, 0.600000000000000 );
#1215 = SURFACE_STYLE_USAGE( .BOTH., #2117 );
#1216 = FACE_OUTER_BOUND( '', #2118, .T. );
#1217 = PLANE( '', #2119 );
#1218 = SURFACE_STYLE_USAGE( .BOTH., #2120 );
#1219 = FACE_OUTER_BOUND( '', #2121, .T. );
#1220 = FACE_OUTER_BOUND( '', #2122, .T. );
#1221 = CYLINDRICAL_SURFACE( '', #2123, 3.00000000000000 );
#1222 = SURFACE_STYLE_USAGE( .BOTH., #2124 );
#1223 = FACE_OUTER_BOUND( '', #2125, .T. );
#1224 = FACE_OUTER_BOUND( '', #2126, .T. );
#1225 = CYLINDRICAL_SURFACE( '', #2127, 4.50000000000000 );
#1226 = SURFACE_STYLE_USAGE( .BOTH., #2128 );
#1227 = FACE_OUTER_BOUND( '', #2129, .T. );
#1228 = PLANE( '', #2130 );
#1229 = SURFACE_STYLE_USAGE( .BOTH., #2131 );
#1230 = FACE_OUTER_BOUND( '', #2132, .T. );
#1231 = CYLINDRICAL_SURFACE( '', #2133, 28.0000000000000 );
#1232 = SURFACE_STYLE_USAGE( .BOTH., #2134 );
#1233 = FACE_OUTER_BOUND( '', #2135, .T. );
#1234 = FACE_OUTER_BOUND( '', #2136, .T. );
#1235 = CYLINDRICAL_SURFACE( '', #2137, 3.00000000000000 );
#1236 = SURFACE_STYLE_USAGE( .BOTH., #2138 );
#1237 = FACE_OUTER_BOUND( '', #2139, .T. );
#1238 = PLANE( '', #2140 );
#1239 = SURFACE_STYLE_USAGE( .BOTH., #2141 );
#1240 = FACE_OUTER_BOUND( '', #2142, .T. );
#1241 = FACE_OUTER_BOUND( '', #2143, .T. );
#1242 = CYLINDRICAL_SURFACE( '', #2144, 4.25000000000000 );
#1243 = SURFACE_STYLE_USAGE( .BOTH., #2145 );
#1244 = FACE_OUTER_BOUND( '', #2146, .T. );
#1245 = CYLINDRICAL_SURFACE( '', #2147, 0.250000000000000 );
#1246 = SURFACE_STYLE_USAGE( .BOTH., #2148 );
#1247 = FACE_OUTER_BOUND( '', #2149, .T. );
#1248 = CYLINDRICAL_SURFACE( '', #2150, 0.600000000000000 );
#1249 = SURFACE_STYLE_USAGE( .BOTH., #2151 );
#1250 = FACE_OUTER_BOUND( '', #2152, .T. );
#1251 = PLANE( '', #2153 );
#1252 = SURFACE_STYLE_USAGE( .BOTH., #2154 );
#1253 = FACE_BOUND( '', #2155, .T. );
#1254 = FACE_OUTER_BOUND( '', #2156, .T. );
#1255 = PLANE( '', #2157 );
#1256 = SURFACE_STYLE_USAGE( .BOTH., #2158 );
#1257 = FACE_OUTER_BOUND( '', #2159, .T. );
#1258 = FACE_BOUND( '', #2160, .T. );
#1259 = FACE_BOUND( '', #2161, .T. );
#1260 = FACE_BOUND( '', #2162, .T. );
#1261 = PLANE( '', #2163 );
#1262 = SURFACE_STYLE_USAGE( .BOTH., #2164 );
#1263 = FACE_OUTER_BOUND( '', #2165, .T. );
#1264 = PLANE( '', #2166 );
#1265 = SURFACE_STYLE_USAGE( .BOTH., #2167 );
#1266 = FACE_OUTER_BOUND( '', #2168, .T. );
#1267 = TOROIDAL_SURFACE( '', #2169, 27.0000000000000, 1.00000000000000 );
#1268 = SURFACE_STYLE_USAGE( .BOTH., #2170 );
#1269 = FACE_OUTER_BOUND( '', #2171, .T. );
#1270 = FACE_OUTER_BOUND( '', #2172, .T. );
#1271 = CYLINDRICAL_SURFACE( '', #2173, 5.25000000000000 );
#1272 = SURFACE_STYLE_USAGE( .BOTH., #2174 );
#1273 = FACE_OUTER_BOUND( '', #2175, .T. );
#1274 = PLANE( '', #2176 );
#1275 = SURFACE_STYLE_USAGE( .BOTH., #2177 );
#1276 = FACE_OUTER_BOUND( '', #2178, .T. );
#1277 = PLANE( '', #2179 );
#1278 = SURFACE_STYLE_USAGE( .BOTH., #2180 );
#1279 = FACE_BOUND( '', #2181, .T. );
#1280 = FACE_OUTER_BOUND( '', #2182, .T. );
#1281 = PLANE( '', #2183 );
#1282 = SURFACE_STYLE_USAGE( .BOTH., #2184 );
#1283 = FACE_BOUND( '', #2185, .T. );
#1284 = FACE_OUTER_BOUND( '', #2186, .T. );
#1285 = FACE_BOUND( '', #2187, .T. );
#1286 = FACE_BOUND( '', #2188, .T. );
#1287 = PLANE( '', #2189 );
#1288 = SURFACE_STYLE_USAGE( .BOTH., #2190 );
#1289 = FACE_OUTER_BOUND( '', #2191, .T. );
#1290 = PLANE( '', #2192 );
#1291 = SURFACE_STYLE_USAGE( .BOTH., #2193 );
#1292 = FACE_OUTER_BOUND( '', #2194, .T. );
#1293 = FACE_OUTER_BOUND( '', #2195, .T. );
#1294 = CYLINDRICAL_SURFACE( '', #2196, 2.75000000000000 );
#1295 = SURFACE_STYLE_USAGE( .BOTH., #2197 );
#1296 = FACE_OUTER_BOUND( '', #2198, .T. );
#1297 = PLANE( '', #2199 );
#1298 = SURFACE_STYLE_USAGE( .BOTH., #2200 );
#1299 = FACE_OUTER_BOUND( '', #2201, .T. );
#1300 = PLANE( '', #2202 );
#1301 = SURFACE_STYLE_USAGE( .BOTH., #2203 );
#1302 = FACE_OUTER_BOUND( '', #2204, .T. );
#1303 = PLANE( '', #2205 );
#1304 = SURFACE_STYLE_USAGE( .BOTH., #2206 );
#1305 = FACE_OUTER_BOUND( '', #2207, .T. );
#1306 = FACE_BOUND( '', #2208, .T. );
#1307 = PLANE( '', #2209 );
#1308 = SURFACE_STYLE_USAGE( .BOTH., #2210 );
#1309 = FACE_OUTER_BOUND( '', #2211, .T. );
#1310 = PLANE( '', #2212 );
#1311 = SURFACE_STYLE_USAGE( .BOTH., #2213 );
#1312 = FACE_OUTER_BOUND( '', #2214, .T. );
#1313 = PLANE( '', #2215 );
#1314 = SURFACE_STYLE_USAGE( .BOTH., #2216 );
#1315 = FACE_OUTER_BOUND( '', #2217, .T. );
#1316 = FACE_OUTER_BOUND( '', #2218, .T. );
#1317 = TOROIDAL_SURFACE( '', #2219, 2.25000000000000, 0.300000000000000 );
#1318 = SURFACE_STYLE_USAGE( .BOTH., #2220 );
#1319 = FACE_BOUND( '', #2221, .T. );
#1320 = FACE_OUTER_BOUND( '', #2222, .T. );
#1321 = PLANE( '', #2223 );
#1322 = SURFACE_STYLE_USAGE( .BOTH., #2224 );
#1323 = FACE_OUTER_BOUND( '', #2225, .T. );
#1324 = TOROIDAL_SURFACE( '', #2226, 27.0000000000000, 1.00000000000000 );
#1325 = SURFACE_STYLE_USAGE( .BOTH., #2227 );
#1326 = FACE_OUTER_BOUND( '', #2228, .T. );
#1327 = PLANE( '', #2229 );
#1328 = SURFACE_STYLE_USAGE( .BOTH., #2230 );
#1329 = FACE_OUTER_BOUND( '', #2231, .T. );
#1330 = PLANE( '', #2232 );
#1331 = SURFACE_STYLE_USAGE( .BOTH., #2233 );
#1332 = FACE_OUTER_BOUND( '', #2234, .T. );
#1333 = PLANE( '', #2235 );
#1334 = SURFACE_STYLE_USAGE( .BOTH., #2236 );
#1335 = FACE_OUTER_BOUND( '', #2237, .T. );
#1336 = FACE_BOUND( '', #2238, .T. );
#1337 = FACE_BOUND( '', #2239, .T. );
#1338 = FACE_BOUND( '', #2240, .T. );
#1339 = PLANE( '', #2241 );
#1340 = SURFACE_STYLE_USAGE( .BOTH., #2242 );
#1341 = FACE_OUTER_BOUND( '', #2243, .T. );
#1342 = PLANE( '', #2244 );
#1343 = SURFACE_STYLE_USAGE( .BOTH., #2245 );
#1344 = FACE_BOUND( '', #2246, .T. );
#1345 = FACE_OUTER_BOUND( '', #2247, .T. );
#1346 = CONICAL_SURFACE( '', #2248, 4.25000000000000, 0.785398163400000 );
#1347 = SURFACE_STYLE_USAGE( .BOTH., #2249 );
#1348 = FACE_OUTER_BOUND( '', #2250, .T. );
#1349 = PLANE( '', #2251 );
#1350 = SURFACE_STYLE_USAGE( .BOTH., #2252 );
#1351 = FACE_OUTER_BOUND( '', #2253, .T. );
#1352 = PLANE( '', #2254 );
#1353 = SURFACE_STYLE_USAGE( .BOTH., #2255 );
#1354 = FACE_OUTER_BOUND( '', #2256, .T. );
#1355 = PLANE( '', #2257 );
#1356 = SURFACE_STYLE_USAGE( .BOTH., #2258 );
#1357 = FACE_OUTER_BOUND( '', #2259, .T. );
#1358 = PLANE( '', #2260 );
#1359 = SURFACE_STYLE_USAGE( .BOTH., #2261 );
#1360 = FACE_OUTER_BOUND( '', #2262, .T. );
#1361 = FACE_BOUND( '', #2263, .T. );
#1362 = FACE_BOUND( '', #2264, .T. );
#1363 = FACE_OUTER_BOUND( '', #2265, .T. );
#1364 = FACE_BOUND( '', #2266, .T. );
#1365 = FACE_BOUND( '', #2267, .T. );
#1366 = CYLINDRICAL_SURFACE( '', #2268, 28.0000000000000 );
#1367 = SURFACE_STYLE_USAGE( .BOTH., #2269 );
#1368 = FACE_OUTER_BOUND( '', #2270, .T. );
#1369 = FACE_OUTER_BOUND( '', #2271, .T. );
#1370 = CYLINDRICAL_SURFACE( '', #2272, 2.50000000000000 );
#1371 = SURFACE_STYLE_USAGE( .BOTH., #2273 );
#1372 = FACE_BOUND( '', #2274, .T. );
#1373 = FACE_OUTER_BOUND( '', #2275, .T. );
#1374 = PLANE( '', #2276 );
#1375 = SURFACE_STYLE_USAGE( .BOTH., #2277 );
#1376 = FACE_BOUND( '', #2278, .T. );
#1377 = FACE_BOUND( '', #2279, .T. );
#1378 = FACE_BOUND( '', #2280, .T. );
#1379 = FACE_BOUND( '', #2281, .T. );
#1380 = FACE_BOUND( '', #2282, .T. );
#1381 = FACE_OUTER_BOUND( '', #2283, .T. );
#1382 = PLANE( '', #2284 );
#1383 = SURFACE_STYLE_USAGE( .BOTH., #2285 );
#1384 = FACE_OUTER_BOUND( '', #2286, .T. );
#1385 = PLANE( '', #2287 );
#1386 = SURFACE_STYLE_USAGE( .BOTH., #2288 );
#1387 = FACE_OUTER_BOUND( '', #2289, .T. );
#1388 = PLANE( '', #2290 );
#1389 = SURFACE_STYLE_USAGE( .BOTH., #2291 );
#1390 = FACE_OUTER_BOUND( '', #2292, .T. );
#1391 = FACE_OUTER_BOUND( '', #2293, .T. );
#1392 = CYLINDRICAL_SURFACE( '', #2294, 2.50000000000000 );
#1393 = SURFACE_STYLE_USAGE( .BOTH., #2295 );
#1394 = FACE_OUTER_BOUND( '', #2296, .T. );
#1395 = FACE_BOUND( '', #2297, .T. );
#1396 = PLANE( '', #2298 );
#1397 = SURFACE_STYLE_USAGE( .BOTH., #2299 );
#1398 = FACE_BOUND( '', #2300, .T. );
#1399 = FACE_OUTER_BOUND( '', #2301, .T. );
#1400 = CONICAL_SURFACE( '', #2302, 28.0000000000000, 0.785398163400000 );
#1401 = SURFACE_STYLE_USAGE( .BOTH., #2303 );
#1402 = FACE_OUTER_BOUND( '', #2304, .T. );
#1403 = FACE_BOUND( '', #2305, .T. );
#1404 = CONICAL_SURFACE( '', #2306, 3.95000000000000, 0.785398163400000 );
#1405 = SURFACE_STYLE_USAGE( .BOTH., #2307 );
#1406 = FACE_OUTER_BOUND( '', #2308, .T. );
#1407 = PLANE( '', #2309 );
#1408 = SURFACE_STYLE_USAGE( .BOTH., #2310 );
#1409 = FACE_BOUND( '', #2311, .T. );
#1410 = FACE_OUTER_BOUND( '', #2312, .T. );
#1411 = PLANE( '', #2313 );
#1412 = SURFACE_STYLE_USAGE( .BOTH., #2314 );
#1413 = FACE_OUTER_BOUND( '', #2315, .T. );
#1414 = FACE_OUTER_BOUND( '', #2316, .T. );
#1415 = CYLINDRICAL_SURFACE( '', #2317, 27.0000000000000 );
#1416 = SURFACE_STYLE_USAGE( .BOTH., #2318 );
#1417 = FACE_BOUND( '', #2319, .T. );
#1418 = FACE_OUTER_BOUND( '', #2320, .T. );
#1419 = PLANE( '', #2321 );
#1420 = SURFACE_STYLE_USAGE( .BOTH., #2322 );
#1421 = FACE_OUTER_BOUND( '', #2323, .T. );
#1422 = FACE_BOUND( '', #2324, .T. );
#1423 = CONICAL_SURFACE( '', #2325, 2.00950000000000, 0.785398163400000 );
#1424 = SURFACE_STYLE_USAGE( .BOTH., #2326 );
#1425 = FACE_BOUND( '', #2327, .T. );
#1426 = FACE_OUTER_BOUND( '', #2328, .T. );
#1427 = CONICAL_SURFACE( '', #2329, 2.50000000000000, 0.785398163400000 );
#1428 = SURFACE_STYLE_USAGE( .BOTH., #2330 );
#1429 = FACE_OUTER_BOUND( '', #2331, .T. );
#1430 = FACE_OUTER_BOUND( '', #2332, .T. );
#1431 = CYLINDRICAL_SURFACE( '', #2333, 2.50000000000000 );
#1432 = SURFACE_STYLE_USAGE( .BOTH., #2334 );
#1433 = FACE_OUTER_BOUND( '', #2335, .T. );
#1434 = PLANE( '', #2336 );
#1435 = SURFACE_STYLE_USAGE( .BOTH., #2337 );
#1436 = FACE_OUTER_BOUND( '', #2338, .T. );
#1437 = PLANE( '', #2339 );
#1438 = SURFACE_STYLE_USAGE( .BOTH., #2340 );
#1439 = FACE_OUTER_BOUND( '', #2341, .T. );
#1440 = FACE_BOUND( '', #2342, .T. );
#1441 = PLANE( '', #2343 );
#1442 = SURFACE_STYLE_USAGE( .BOTH., #2344 );
#1443 = FACE_OUTER_BOUND( '', #2345, .T. );
#1444 = CYLINDRICAL_SURFACE( '', #2346, 0.600000000000000 );
#1445 = SURFACE_STYLE_USAGE( .BOTH., #2347 );
#1446 = FACE_BOUND( '', #2348, .T. );
#1447 = FACE_OUTER_BOUND( '', #2349, .T. );
#1448 = PLANE( '', #2350 );
#1449 = SURFACE_STYLE_USAGE( .BOTH., #2351 );
#1450 = FACE_BOUND( '', #2352, .T. );
#1451 = FACE_BOUND( '', #2353, .T. );
#1452 = FACE_OUTER_BOUND( '', #2354, .T. );
#1453 = FACE_BOUND( '', #2355, .T. );
#1454 = PLANE( '', #2356 );
#1455 = SURFACE_STYLE_USAGE( .BOTH., #2357 );
#1456 = FACE_OUTER_BOUND( '', #2358, .T. );
#1457 = PLANE( '', #2359 );
#1458 = SURFACE_STYLE_USAGE( .BOTH., #2360 );
#1459 = FACE_OUTER_BOUND( '', #2361, .T. );
#1460 = PLANE( '', #2362 );
#1461 = SURFACE_STYLE_USAGE( .BOTH., #2363 );
#1462 = FACE_OUTER_BOUND( '', #2364, .T. );
#1463 = PLANE( '', #2365 );
#1464 = SURFACE_STYLE_USAGE( .BOTH., #2366 );
#1465 = FACE_OUTER_BOUND( '', #2367, .T. );
#1466 = PLANE( '', #2368 );
#1467 = SURFACE_STYLE_USAGE( .BOTH., #2369 );
#1468 = FACE_BOUND( '', #2370, .T. );
#1469 = FACE_OUTER_BOUND( '', #2371, .T. );
#1470 = PLANE( '', #2372 );
#1471 = SURFACE_STYLE_USAGE( .BOTH., #2373 );
#1472 = FACE_OUTER_BOUND( '', #2374, .T. );
#1473 = PLANE( '', #2375 );
#1474 = SURFACE_STYLE_USAGE( .BOTH., #2376 );
#1475 = FACE_OUTER_BOUND( '', #2377, .T. );
#1476 = PLANE( '', #2378 );
#1477 = SURFACE_STYLE_USAGE( .BOTH., #2379 );
#1478 = FACE_OUTER_BOUND( '', #2380, .T. );
#1479 = FACE_OUTER_BOUND( '', #2381, .T. );
#1480 = CYLINDRICAL_SURFACE( '', #2382, 2.50000000000000 );
#1481 = SURFACE_STYLE_USAGE( .BOTH., #2383 );
#1482 = FACE_OUTER_BOUND( '', #2384, .T. );
#1483 = FACE_BOUND( '', #2385, .T. );
#1484 = CONICAL_SURFACE( '', #2386, 3.95000000000000, 0.785398163400000 );
#1485 = SURFACE_STYLE_USAGE( .BOTH., #2387 );
#1486 = FACE_OUTER_BOUND( '', #2388, .T. );
#1487 = CYLINDRICAL_SURFACE( '', #2389, 0.250000000000000 );
#1488 = SURFACE_STYLE_USAGE( .BOTH., #2390 );
#1489 = FACE_OUTER_BOUND( '', #2391, .T. );
#1490 = FACE_OUTER_BOUND( '', #2392, .T. );
#1491 = CYLINDRICAL_SURFACE( '', #2393, 4.25000000000000 );
#1492 = SURFACE_STYLE_USAGE( .BOTH., #2394 );
#1493 = FACE_OUTER_BOUND( '', #2395, .T. );
#1494 = FACE_OUTER_BOUND( '', #2396, .T. );
#1495 = TOROIDAL_SURFACE( '', #2397, 2.25000000000000, 0.300000000000000 );
#1496 = SURFACE_STYLE_USAGE( .BOTH., #2398 );
#1497 = FACE_BOUND( '', #2399, .T. );
#1498 = FACE_OUTER_BOUND( '', #2400, .T. );
#1499 = PLANE( '', #2401 );
#1500 = SURFACE_STYLE_USAGE( .BOTH., #2402 );
#1501 = FACE_OUTER_BOUND( '', #2403, .T. );
#1502 = FACE_BOUND( '', #2404, .T. );
#1503 = FACE_BOUND( '', #2405, .T. );
#1504 = FACE_OUTER_BOUND( '', #2406, .T. );
#1505 = FACE_BOUND( '', #2407, .T. );
#1506 = FACE_BOUND( '', #2408, .T. );
#1507 = FACE_BOUND( '', #2409, .T. );
#1508 = FACE_BOUND( '', #2410, .T. );
#1509 = FACE_BOUND( '', #2411, .T. );
#1510 = CYLINDRICAL_SURFACE( '', #2412, 28.0000000000000 );
#1511 = SURFACE_STYLE_USAGE( .BOTH., #2413 );
#1512 = FACE_OUTER_BOUND( '', #2414, .T. );
#1513 = PLANE( '', #2415 );
#1514 = SURFACE_STYLE_USAGE( .BOTH., #2416 );
#1515 = FACE_OUTER_BOUND( '', #2417, .T. );
#1516 = FACE_OUTER_BOUND( '', #2418, .T. );
#1517 = CYLINDRICAL_SURFACE( '', #2419, 12.0000000000000 );
#1518 = SURFACE_STYLE_USAGE( .BOTH., #2420 );
#1519 = FACE_OUTER_BOUND( '', #2421, .T. );
#1520 = CYLINDRICAL_SURFACE( '', #2422, 8.00000000000000 );
#1521 = SURFACE_STYLE_USAGE( .BOTH., #2423 );
#1522 = FACE_OUTER_BOUND( '', #2424, .T. );
#1523 = PLANE( '', #2425 );
#1524 = SURFACE_STYLE_USAGE( .BOTH., #2426 );
#1525 = FACE_OUTER_BOUND( '', #2427, .T. );
#1526 = PLANE( '', #2428 );
#1527 = SURFACE_STYLE_USAGE( .BOTH., #2429 );
#1528 = FACE_OUTER_BOUND( '', #2430, .T. );
#1529 = FACE_OUTER_BOUND( '', #2431, .T. );
#1530 = TOROIDAL_SURFACE( '', #2432, 2.25000000000000, 0.300000000000000 );
#1531 = SURFACE_STYLE_USAGE( .BOTH., #2433 );
#1532 = FACE_OUTER_BOUND( '', #2434, .T. );
#1533 = FACE_OUTER_BOUND( '', #2435, .T. );
#1534 = CYLINDRICAL_SURFACE( '', #2436, 2.50000000000000 );
#1535 = SURFACE_STYLE_USAGE( .BOTH., #2437 );
#1536 = FACE_OUTER_BOUND( '', #2438, .T. );
#1537 = PLANE( '', #2439 );
#1538 = SURFACE_STYLE_USAGE( .BOTH., #2440 );
#1539 = FACE_BOUND( '', #2441, .T. );
#1540 = FACE_OUTER_BOUND( '', #2442, .T. );
#1541 = PLANE( '', #2443 );
#1542 = SURFACE_STYLE_USAGE( .BOTH., #2444 );
#1543 = FACE_OUTER_BOUND( '', #2445, .T. );
#1544 = PLANE( '', #2446 );
#1545 = SURFACE_STYLE_USAGE( .BOTH., #2447 );
#1546 = FACE_OUTER_BOUND( '', #2448, .T. );
#1547 = CYLINDRICAL_SURFACE( '', #2449, 0.240000000000000 );
#1548 = SURFACE_STYLE_USAGE( .BOTH., #2450 );
#1549 = FACE_OUTER_BOUND( '', #2451, .T. );
#1550 = PLANE( '', #2452 );
#1551 = SURFACE_STYLE_USAGE( .BOTH., #2453 );
#1552 = FACE_OUTER_BOUND( '', #2454, .T. );
#1553 = PLANE( '', #2455 );
#1554 = SURFACE_STYLE_USAGE( .BOTH., #2456 );
#1555 = FACE_OUTER_BOUND( '', #2457, .T. );
#1556 = FACE_OUTER_BOUND( '', #2458, .T. );
#1557 = CYLINDRICAL_SURFACE( '', #2459, 2.75000000000000 );
#1558 = SURFACE_STYLE_USAGE( .BOTH., #2460 );
#1559 = FACE_OUTER_BOUND( '', #2461, .T. );
#1560 = PLANE( '', #2462 );
#1561 = SURFACE_STYLE_USAGE( .BOTH., #2463 );
#1562 = FACE_OUTER_BOUND( '', #2464, .T. );
#1563 = PLANE( '', #2465 );
#1564 = SURFACE_STYLE_USAGE( .BOTH., #2466 );
#1565 = FACE_OUTER_BOUND( '', #2467, .T. );
#1566 = CYLINDRICAL_SURFACE( '', #2468, 0.270000000000000 );
#1567 = SURFACE_STYLE_USAGE( .BOTH., #2469 );
#1568 = FACE_OUTER_BOUND( '', #2470, .T. );
#1569 = PLANE( '', #2471 );
#1570 = SURFACE_STYLE_USAGE( .BOTH., #2472 );
#1571 = FACE_OUTER_BOUND( '', #2473, .T. );
#1572 = PLANE( '', #2474 );
#1573 = SURFACE_STYLE_USAGE( .BOTH., #2475 );
#1574 = FACE_OUTER_BOUND( '', #2476, .T. );
#1575 = PLANE( '', #2477 );
#1576 = SURFACE_STYLE_USAGE( .BOTH., #2478 );
#1577 = FACE_OUTER_BOUND( '', #2479, .T. );
#1578 = PLANE( '', #2480 );
#1579 = SURFACE_STYLE_USAGE( .BOTH., #2481 );
#1580 = FACE_BOUND( '', #2482, .T. );
#1581 = FACE_OUTER_BOUND( '', #2483, .T. );
#1582 = PLANE( '', #2484 );
#1583 = SURFACE_STYLE_USAGE( .BOTH., #2485 );
#1584 = FACE_OUTER_BOUND( '', #2486, .T. );
#1585 = PLANE( '', #2487 );
#1586 = SURFACE_STYLE_USAGE( .BOTH., #2488 );
#1587 = FACE_OUTER_BOUND( '', #2489, .T. );
#1588 = PLANE( '', #2490 );
#1589 = SURFACE_STYLE_USAGE( .BOTH., #2491 );
#1590 = FACE_OUTER_BOUND( '', #2492, .T. );
#1591 = FACE_OUTER_BOUND( '', #2493, .T. );
#1592 = CYLINDRICAL_SURFACE( '', #2494, 5.25000000000000 );
#1593 = SURFACE_STYLE_USAGE( .BOTH., #2495 );
#1594 = FACE_OUTER_BOUND( '', #2496, .T. );
#1595 = PLANE( '', #2497 );
#1596 = SURFACE_STYLE_USAGE( .BOTH., #2498 );
#1597 = FACE_OUTER_BOUND( '', #2499, .T. );
#1598 = PLANE( '', #2500 );
#1599 = SURFACE_STYLE_USAGE( .BOTH., #2501 );
#1600 = FACE_OUTER_BOUND( '', #2502, .T. );
#1601 = PLANE( '', #2503 );
#1602 = SURFACE_STYLE_USAGE( .BOTH., #2504 );
#1603 = FACE_OUTER_BOUND( '', #2505, .T. );
#1604 = PLANE( '', #2506 );
#1605 = SURFACE_STYLE_USAGE( .BOTH., #2507 );
#1606 = FACE_OUTER_BOUND( '', #2508, .T. );
#1607 = PLANE( '', #2509 );
#1608 = SURFACE_STYLE_USAGE( .BOTH., #2510 );
#1609 = FACE_OUTER_BOUND( '', #2511, .T. );
#1610 = TOROIDAL_SURFACE( '', #2512, 27.0000000000000, 1.00000000000000 );
#1611 = SURFACE_STYLE_USAGE( .BOTH., #2513 );
#1612 = FACE_OUTER_BOUND( '', #2514, .T. );
#1613 = PLANE( '', #2515 );
#1614 = SURFACE_STYLE_USAGE( .BOTH., #2516 );
#1615 = FACE_OUTER_BOUND( '', #2517, .T. );
#1616 = FACE_BOUND( '', #2518, .T. );
#1617 = CONICAL_SURFACE( '', #2519, 27.5000000000000, 0.785398163400000 );
#1618 = SURFACE_STYLE_USAGE( .BOTH., #2520 );
#1619 = FACE_OUTER_BOUND( '', #2521, .T. );
#1620 = PLANE( '', #2522 );
#1621 = SURFACE_STYLE_USAGE( .BOTH., #2523 );
#1622 = FACE_BOUND( '', #2524, .T. );
#1623 = FACE_OUTER_BOUND( '', #2525, .T. );
#1624 = PLANE( '', #2526 );
#1625 = SURFACE_STYLE_USAGE( .BOTH., #2527 );
#1626 = FACE_OUTER_BOUND( '', #2528, .T. );
#1627 = PLANE( '', #2529 );
#1628 = SURFACE_STYLE_USAGE( .BOTH., #2530 );
#1629 = FACE_OUTER_BOUND( '', #2531, .T. );
#1630 = PLANE( '', #2532 );
#1631 = SURFACE_STYLE_USAGE( .BOTH., #2533 );
#1632 = FACE_OUTER_BOUND( '', #2534, .T. );
#1633 = PLANE( '', #2535 );
#1634 = SURFACE_STYLE_USAGE( .BOTH., #2536 );
#1635 = FACE_OUTER_BOUND( '', #2537, .T. );
#1636 = FACE_OUTER_BOUND( '', #2538, .T. );
#1637 = CYLINDRICAL_SURFACE( '', #2539, 4.50000000000000 );
#1638 = SURFACE_STYLE_USAGE( .BOTH., #2540 );
#1639 = FACE_BOUND( '', #2541, .T. );
#1640 = FACE_BOUND( '', #2542, .T. );
#1641 = FACE_OUTER_BOUND( '', #2543, .T. );
#1642 = PLANE( '', #2544 );
#1643 = SURFACE_STYLE_USAGE( .BOTH., #2545 );
#1644 = FACE_OUTER_BOUND( '', #2546, .T. );
#1645 = PLANE( '', #2547 );
#1646 = SURFACE_STYLE_USAGE( .BOTH., #2548 );
#1647 = FACE_OUTER_BOUND( '', #2549, .T. );
#1648 = FACE_OUTER_BOUND( '', #2550, .T. );
#1649 = CYLINDRICAL_SURFACE( '', #2551, 28.0000000000000 );
#1650 = SURFACE_STYLE_USAGE( .BOTH., #2552 );
#1651 = FACE_OUTER_BOUND( '', #2553, .T. );
#1652 = PLANE( '', #2554 );
#1653 = SURFACE_STYLE_USAGE( .BOTH., #2555 );
#1654 = FACE_OUTER_BOUND( '', #2556, .T. );
#1655 = FACE_OUTER_BOUND( '', #2557, .T. );
#1656 = CYLINDRICAL_SURFACE( '', #2558, 2.55000000000000 );
#1657 = SURFACE_STYLE_USAGE( .BOTH., #2559 );
#1658 = FACE_OUTER_BOUND( '', #2560, .T. );
#1659 = FACE_OUTER_BOUND( '', #2561, .T. );
#1660 = CYLINDRICAL_SURFACE( '', #2562, 2.50000000000000 );
#1661 = SURFACE_STYLE_USAGE( .BOTH., #2563 );
#1662 = FACE_BOUND( '', #2564, .T. );
#1663 = FACE_BOUND( '', #2565, .T. );
#1664 = FACE_BOUND( '', #2566, .T. );
#1665 = FACE_BOUND( '', #2567, .T. );
#1666 = FACE_BOUND( '', #2568, .T. );
#1667 = FACE_OUTER_BOUND( '', #2569, .T. );
#1668 = PLANE( '', #2570 );
#1669 = SURFACE_STYLE_USAGE( .BOTH., #2571 );
#1670 = FACE_OUTER_BOUND( '', #2572, .T. );
#1671 = PLANE( '', #2573 );
#1672 = SURFACE_STYLE_USAGE( .BOTH., #2574 );
#1673 = FACE_OUTER_BOUND( '', #2575, .T. );
#1674 = PLANE( '', #2576 );
#1675 = SURFACE_STYLE_USAGE( .BOTH., #2577 );
#1676 = FACE_OUTER_BOUND( '', #2578, .T. );
#1677 = PLANE( '', #2579 );
#1678 = SURFACE_STYLE_USAGE( .BOTH., #2580 );
#1679 = FACE_OUTER_BOUND( '', #2581, .T. );
#1680 = PLANE( '', #2582 );
#1681 = SURFACE_STYLE_USAGE( .BOTH., #2583 );
#1682 = FACE_OUTER_BOUND( '', #2584, .T. );
#1683 = CYLINDRICAL_SURFACE( '', #2585, 0.250000000000000 );
#1684 = SURFACE_STYLE_USAGE( .BOTH., #2586 );
#1685 = FACE_OUTER_BOUND( '', #2587, .T. );
#1686 = FACE_OUTER_BOUND( '', #2588, .T. );
#1687 = CYLINDRICAL_SURFACE( '', #2589, 5.25000000000000 );
#1688 = SURFACE_STYLE_USAGE( .BOTH., #2590 );
#1689 = FACE_OUTER_BOUND( '', #2591, .T. );
#1690 = FACE_OUTER_BOUND( '', #2592, .T. );
#1691 = CYLINDRICAL_SURFACE( '', #2593, 4.50000000000000 );
#1692 = SURFACE_STYLE_USAGE( .BOTH., #2594 );
#1693 = FACE_OUTER_BOUND( '', #2595, .T. );
#1694 = PLANE( '', #2596 );
#1695 = SURFACE_STYLE_USAGE( .BOTH., #2597 );
#1696 = FACE_OUTER_BOUND( '', #2598, .T. );
#1697 = FACE_OUTER_BOUND( '', #2599, .T. );
#1698 = TOROIDAL_SURFACE( '', #2600, 2.25000000000000, 0.300000000000000 );
#1699 = SURFACE_STYLE_USAGE( .BOTH., #2601 );
#1700 = FACE_BOUND( '', #2602, .T. );
#1701 = FACE_OUTER_BOUND( '', #2603, .T. );
#1702 = PLANE( '', #2604 );
#1703 = SURFACE_STYLE_USAGE( .BOTH., #2605 );
#1704 = FACE_OUTER_BOUND( '', #2606, .T. );
#1705 = FACE_OUTER_BOUND( '', #2607, .T. );
#1706 = CYLINDRICAL_SURFACE( '', #2608, 2.55000000000000 );
#1707 = SURFACE_STYLE_USAGE( .BOTH., #2609 );
#1708 = FACE_OUTER_BOUND( '', #2610, .T. );
#1709 = PLANE( '', #2611 );
#1710 = SURFACE_STYLE_USAGE( .BOTH., #2612 );
#1711 = FACE_OUTER_BOUND( '', #2613, .T. );
#1712 = FACE_OUTER_BOUND( '', #2614, .T. );
#1713 = CYLINDRICAL_SURFACE( '', #2615, 4.50000000000000 );
#1714 = SURFACE_STYLE_USAGE( .BOTH., #2616 );
#1715 = FACE_OUTER_BOUND( '', #2617, .T. );
#1716 = PLANE( '', #2618 );
#1717 = SURFACE_STYLE_USAGE( .BOTH., #2619 );
#1718 = FACE_OUTER_BOUND( '', #2620, .T. );
#1719 = FACE_OUTER_BOUND( '', #2621, .T. );
#1720 = CYLINDRICAL_SURFACE( '', #2622, 2.75000000000000 );
#1721 = SURFACE_STYLE_USAGE( .BOTH., #2623 );
#1722 = FACE_OUTER_BOUND( '', #2624, .T. );
#1723 = FACE_BOUND( '', #2625, .T. );
#1724 = PLANE( '', #2626 );
#1725 = SURFACE_STYLE_USAGE( .BOTH., #2627 );
#1726 = FACE_OUTER_BOUND( '', #2628, .T. );
#1727 = PLANE( '', #2629 );
#1728 = SURFACE_STYLE_USAGE( .BOTH., #2630 );
#1729 = FACE_OUTER_BOUND( '', #2631, .T. );
#1730 = FACE_BOUND( '', #2632, .T. );
#1731 = PLANE( '', #2633 );
#1732 = SURFACE_STYLE_USAGE( .BOTH., #2634 );
#1733 = FACE_BOUND( '', #2635, .T. );
#1734 = FACE_OUTER_BOUND( '', #2636, .T. );
#1735 = CONICAL_SURFACE( '', #2637, 2.50000000000000, 0.785398163400000 );
#1736 = SURFACE_STYLE_USAGE( .BOTH., #2638 );
#1737 = FACE_OUTER_BOUND( '', #2639, .T. );
#1738 = FACE_BOUND( '', #2640, .T. );
#1739 = PLANE( '', #2641 );
#1740 = SURFACE_STYLE_USAGE( .BOTH., #2642 );
#1741 = FACE_OUTER_BOUND( '', #2643, .T. );
#1742 = PLANE( '', #2644 );
#1743 = SURFACE_STYLE_USAGE( .BOTH., #2645 );
#1744 = FACE_OUTER_BOUND( '', #2646, .T. );
#1745 = PLANE( '', #2647 );
#1746 = SURFACE_STYLE_USAGE( .BOTH., #2648 );
#1747 = FACE_BOUND( '', #2649, .T. );
#1748 = FACE_OUTER_BOUND( '', #2650, .T. );
#1749 = PLANE( '', #2651 );
#1750 = SURFACE_STYLE_USAGE( .BOTH., #2652 );
#1751 = FACE_OUTER_BOUND( '', #2653, .T. );
#1752 = FACE_OUTER_BOUND( '', #2654, .T. );
#1753 = CYLINDRICAL_SURFACE( '', #2655, 3.00000000000000 );
#1754 = SURFACE_STYLE_USAGE( .BOTH., #2656 );
#1755 = FACE_OUTER_BOUND( '', #2657, .T. );
#1756 = PLANE( '', #2658 );
#1757 = SURFACE_STYLE_USAGE( .BOTH., #2659 );
#1758 = FACE_OUTER_BOUND( '', #2660, .T. );
#1759 = CYLINDRICAL_SURFACE( '', #2661, 8.00000000000000 );
#1760 = SURFACE_STYLE_USAGE( .BOTH., #2662 );
#1761 = FACE_OUTER_BOUND( '', #2663, .T. );
#1762 = PLANE( '', #2664 );
#1763 = SURFACE_STYLE_USAGE( .BOTH., #2665 );
#1764 = FACE_OUTER_BOUND( '', #2666, .T. );
#1765 = PLANE( '', #2667 );
#1766 = SURFACE_STYLE_USAGE( .BOTH., #2668 );
#1767 = FACE_OUTER_BOUND( '', #2669, .T. );
#1768 = CYLINDRICAL_SURFACE( '', #2670, 0.840000000000000 );
#1769 = SURFACE_STYLE_USAGE( .BOTH., #2671 );
#1770 = FACE_OUTER_BOUND( '', #2672, .T. );
#1771 = FACE_OUTER_BOUND( '', #2673, .T. );
#1772 = CYLINDRICAL_SURFACE( '', #2674, 4.25000000000000 );
#1773 = SURFACE_STYLE_USAGE( .BOTH., #2675 );
#1774 = FACE_BOUND( '', #2676, .T. );
#1775 = FACE_OUTER_BOUND( '', #2677, .T. );
#1776 = PLANE( '', #2678 );
#1777 = SURFACE_STYLE_USAGE( .BOTH., #2679 );
#1778 = FACE_OUTER_BOUND( '', #2680, .T. );
#1779 = PLANE( '', #2681 );
#1780 = SURFACE_STYLE_USAGE( .BOTH., #2682 );
#1781 = FACE_OUTER_BOUND( '', #2683, .T. );
#1782 = PLANE( '', #2684 );
#1783 = SURFACE_STYLE_USAGE( .BOTH., #2685 );
#1784 = FACE_OUTER_BOUND( '', #2686, .T. );
#1785 = FACE_BOUND( '', #2687, .T. );
#1786 = PLANE( '', #2688 );
#1787 = SURFACE_STYLE_USAGE( .BOTH., #2689 );
#1788 = FACE_OUTER_BOUND( '', #2690, .T. );
#1789 = CYLINDRICAL_SURFACE( '', #2691, 0.250000000000000 );
#1790 = SURFACE_STYLE_USAGE( .BOTH., #2692 );
#1791 = FACE_OUTER_BOUND( '', #2693, .T. );
#1792 = TOROIDAL_SURFACE( '', #2694, 27.0000000000000, 1.00000000000000 );
#1793 =  ( LENGTH_UNIT(  )NAMED_UNIT( #861 )SI_UNIT( .MILLI., .METRE. ) );
#1796 = LENGTH_MEASURE_WITH_UNIT( LENGTH_MEASURE( 1.00000000000000 ), #2696 );
#1799 = DIMENSIONAL_EXPONENTS( 1.00000000000000, 0.000000000000000, 0.000000000000000, 0.000000000000000, 0.000000000000000, 0.000000000000000, 0.000000000000000 );
#1801 = DIMENSIONAL_EXPONENTS( 0.000000000000000, 0.000000000000000, 0.000000000000000, 0.000000000000000, 0.000000000000000, 0.000000000000000, 0.000000000000000 );
#1807 = CLOSED_SHELL( '', ( #645, #503, #373, #509 ) );
#1808 = CLOSED_SHELL( '', ( #387, #641, #579, #389 ) );
#1809 = CLOSED_SHELL( '', ( #379, #719, #851, #413 ) );
#1810 = CLOSED_SHELL( '', ( #705, #829, #633, #813 ) );
#1811 = SURFACE_SIDE_STYLE( '', ( #2697 ) );
#1812 = EDGE_LOOP( '', ( #2698, #2699, #2700, #2701 ) );
#1813 = AXIS2_PLACEMENT_3D( '', #2702, #2703, #2704 );
#1814 = SURFACE_SIDE_STYLE( '', ( #2705 ) );
#1815 = EDGE_LOOP( '', ( #2706, #2707, #2708, #2709 ) );
#1816 = AXIS2_PLACEMENT_3D( '', #2710, #2711, #2712 );
#1817 = SURFACE_SIDE_STYLE( '', ( #2713 ) );
#1818 = EDGE_LOOP( '', ( #2714 ) );
#1819 = EDGE_LOOP( '', ( #2715 ) );
#1820 = AXIS2_PLACEMENT_3D( '', #2716, #2717, #2718 );
#1821 = SURFACE_SIDE_STYLE( '', ( #2719 ) );
#1822 = EDGE_LOOP( '', ( #2720, #2721, #2722, #2723 ) );
#1823 = AXIS2_PLACEMENT_3D( '', #2724, #2725, #2726 );
#1824 = SURFACE_SIDE_STYLE( '', ( #2727 ) );
#1825 = EDGE_LOOP( '', ( #2728, #2729, #2730, #2731 ) );
#1826 = AXIS2_PLACEMENT_3D( '', #2732, #2733, #2734 );
#1827 = SURFACE_SIDE_STYLE( '', ( #2735 ) );
#1828 = EDGE_LOOP( '', ( #2736 ) );
#1829 = EDGE_LOOP( '', ( #2737, #2738 ) );
#1830 = AXIS2_PLACEMENT_3D( '', #2739, #2740, #2741 );
#1831 = SURFACE_SIDE_STYLE( '', ( #2742 ) );
#1832 = EDGE_LOOP( '', ( #2743 ) );
#1833 = EDGE_LOOP( '', ( #2744 ) );
#1834 = AXIS2_PLACEMENT_3D( '', #2745, #2746, #2747 );
#1835 = SURFACE_SIDE_STYLE( '', ( #2748 ) );
#1836 = EDGE_LOOP( '', ( #2749 ) );
#1837 = EDGE_LOOP( '', ( #2750 ) );
#1838 = AXIS2_PLACEMENT_3D( '', #2751, #2752, #2753 );
#1839 = SURFACE_SIDE_STYLE( '', ( #2754 ) );
#1840 = EDGE_LOOP( '', ( #2755 ) );
#1841 = AXIS2_PLACEMENT_3D( '', #2756, #2757, #2758 );
#1842 = SURFACE_SIDE_STYLE( '', ( #2759 ) );
#1843 = EDGE_LOOP( '', ( #2760 ) );
#1844 = EDGE_LOOP( '', ( #2761 ) );
#1845 = AXIS2_PLACEMENT_3D( '', #2762, #2763, #2764 );
#1846 = SURFACE_SIDE_STYLE( '', ( #2765 ) );
#1847 = EDGE_LOOP( '', ( #2766, #2767, #2768, #2769 ) );
#1848 = AXIS2_PLACEMENT_3D( '', #2770, #2771, #2772 );
#1849 = SURFACE_SIDE_STYLE( '', ( #2773 ) );
#1850 = EDGE_LOOP( '', ( #2774, #2775, #2776, #2777, #2778, #2779 ) );
#1851 = EDGE_LOOP( '', ( #2780 ) );
#1852 = AXIS2_PLACEMENT_3D( '', #2781, #2782, #2783 );
#1853 = SURFACE_SIDE_STYLE( '', ( #2784 ) );
#1854 = EDGE_LOOP( '', ( #2785, #2786, #2787, #2788 ) );
#1855 = AXIS2_PLACEMENT_3D( '', #2789, #2790, #2791 );
#1856 = SURFACE_SIDE_STYLE( '', ( #2792 ) );
#1857 = EDGE_LOOP( '', ( #2793 ) );
#1858 = EDGE_LOOP( '', ( #2794 ) );
#1859 = AXIS2_PLACEMENT_3D( '', #2795, #2796, #2797 );
#1860 = SURFACE_SIDE_STYLE( '', ( #2798 ) );
#1861 = EDGE_LOOP( '', ( #2799 ) );
#1862 = EDGE_LOOP( '', ( #2800 ) );
#1863 = AXIS2_PLACEMENT_3D( '', #2801, #2802, #2803 );
#1864 = SURFACE_SIDE_STYLE( '', ( #2804 ) );
#1865 = EDGE_LOOP( '', ( #2805 ) );
#1866 = EDGE_LOOP( '', ( #2806 ) );
#1867 = AXIS2_PLACEMENT_3D( '', #2807, #2808, #2809 );
#1868 = SURFACE_SIDE_STYLE( '', ( #2810 ) );
#1869 = EDGE_LOOP( '', ( #2811, #2812, #2813, #2814 ) );
#1870 = AXIS2_PLACEMENT_3D( '', #2815, #2816, #2817 );
#1871 = SURFACE_SIDE_STYLE( '', ( #2818 ) );
#1872 = EDGE_LOOP( '', ( #2819, #2820, #2821, #2822, #2823, #2824 ) );
#1873 = EDGE_LOOP( '', ( #2825 ) );
#1874 = AXIS2_PLACEMENT_3D( '', #2826, #2827, #2828 );
#1875 = SURFACE_SIDE_STYLE( '', ( #2829 ) );
#1876 = EDGE_LOOP( '', ( #2830, #2831, #2832, #2833, #2834, #2835 ) );
#1877 = AXIS2_PLACEMENT_3D( '', #2836, #2837, #2838 );
#1878 = SURFACE_SIDE_STYLE( '', ( #2839 ) );
#1879 = EDGE_LOOP( '', ( #2840, #2841, #2842, #2843 ) );
#1880 = AXIS2_PLACEMENT_3D( '', #2844, #2845, #2846 );
#1881 = SURFACE_SIDE_STYLE( '', ( #2847 ) );
#1882 = EDGE_LOOP( '', ( #2848, #2849, #2850, #2851 ) );
#1883 = AXIS2_PLACEMENT_3D( '', #2852, #2853, #2854 );
#1884 = SURFACE_SIDE_STYLE( '', ( #2855 ) );
#1885 = EDGE_LOOP( '', ( #2856, #2857, #2858, #2859 ) );
#1886 = AXIS2_PLACEMENT_3D( '', #2860, #2861, #2862 );
#1887 = SURFACE_SIDE_STYLE( '', ( #2863 ) );
#1888 = EDGE_LOOP( '', ( #2864, #2865 ) );
#1889 = AXIS2_PLACEMENT_3D( '', #2866, #2867, #2868 );
#1890 = SURFACE_SIDE_STYLE( '', ( #2869 ) );
#1891 = EDGE_LOOP( '', ( #2870 ) );
#1892 = EDGE_LOOP( '', ( #2871, #2872, #2873, #2874 ) );
#1893 = AXIS2_PLACEMENT_3D( '', #2875, #2876, #2877 );
#1894 = SURFACE_SIDE_STYLE( '', ( #2878 ) );
#1895 = EDGE_LOOP( '', ( #2879, #2880, #2881, #2882, #2883, #2884 ) );
#1896 = AXIS2_PLACEMENT_3D( '', #2885, #2886, #2887 );
#1897 = SURFACE_SIDE_STYLE( '', ( #2888 ) );
#1898 = EDGE_LOOP( '', ( #2889 ) );
#1899 = EDGE_LOOP( '', ( #2890 ) );
#1900 = AXIS2_PLACEMENT_3D( '', #2891, #2892, #2893 );
#1901 = SURFACE_SIDE_STYLE( '', ( #2894 ) );
#1902 = EDGE_LOOP( '', ( #2895 ) );
#1903 = EDGE_LOOP( '', ( #2896 ) );
#1904 = AXIS2_PLACEMENT_3D( '', #2897, #2898, #2899 );
#1905 = SURFACE_SIDE_STYLE( '', ( #2900 ) );
#1906 = EDGE_LOOP( '', ( #2901 ) );
#1907 = EDGE_LOOP( '', ( #2902 ) );
#1908 = AXIS2_PLACEMENT_3D( '', #2903, #2904, #2905 );
#1909 = SURFACE_SIDE_STYLE( '', ( #2906 ) );
#1910 = EDGE_LOOP( '', ( #2907 ) );
#1911 = EDGE_LOOP( '', ( #2908 ) );
#1912 = AXIS2_PLACEMENT_3D( '', #2909, #2910, #2911 );
#1913 = SURFACE_SIDE_STYLE( '', ( #2912 ) );
#1914 = EDGE_LOOP( '', ( #2913 ) );
#1915 = EDGE_LOOP( '', ( #2914, #2915, #2916, #2917, #2918 ) );
#1916 = AXIS2_PLACEMENT_3D( '', #2919, #2920, #2921 );
#1917 = SURFACE_SIDE_STYLE( '', ( #2922 ) );
#1918 = EDGE_LOOP( '', ( #2923, #2924, #2925, #2926, #2927, #2928 ) );
#1919 = AXIS2_PLACEMENT_3D( '', #2929, #2930, #2931 );
#1920 = SURFACE_SIDE_STYLE( '', ( #2932 ) );
#1921 = EDGE_LOOP( '', ( #2933 ) );
#1922 = EDGE_LOOP( '', ( #2934 ) );
#1923 = AXIS2_PLACEMENT_3D( '', #2935, #2936, #2937 );
#1924 = SURFACE_SIDE_STYLE( '', ( #2938 ) );
#1925 = EDGE_LOOP( '', ( #2939, #2940, #2941, #2942 ) );
#1926 = AXIS2_PLACEMENT_3D( '', #2943, #2944, #2945 );
#1927 = SURFACE_SIDE_STYLE( '', ( #2946 ) );
#1928 = EDGE_LOOP( '', ( #2947, #2948, #2949, #2950 ) );
#1929 = AXIS2_PLACEMENT_3D( '', #2951, #2952, #2953 );
#1930 = SURFACE_SIDE_STYLE( '', ( #2954 ) );
#1931 = EDGE_LOOP( '', ( #2955 ) );
#1932 = EDGE_LOOP( '', ( #2956 ) );
#1933 = AXIS2_PLACEMENT_3D( '', #2957, #2958, #2959 );
#1934 = SURFACE_SIDE_STYLE( '', ( #2960 ) );
#1935 = EDGE_LOOP( '', ( #2961 ) );
#1936 = EDGE_LOOP( '', ( #2962 ) );
#1937 = AXIS2_PLACEMENT_3D( '', #2963, #2964, #2965 );
#1938 = SURFACE_SIDE_STYLE( '', ( #2966 ) );
#1939 = EDGE_LOOP( '', ( #2967 ) );
#1940 = EDGE_LOOP( '', ( #2968, #2969, #2970, #2971, #2972, #2973 ) );
#1941 = AXIS2_PLACEMENT_3D( '', #2974, #2975, #2976 );
#1942 = SURFACE_SIDE_STYLE( '', ( #2977 ) );
#1943 = EDGE_LOOP( '', ( #2978, #2979, #2980, #2981 ) );
#1944 = AXIS2_PLACEMENT_3D( '', #2982, #2983, #2984 );
#1945 = SURFACE_SIDE_STYLE( '', ( #2985 ) );
#1946 = EDGE_LOOP( '', ( #2986, #2987, #2988 ) );
#1947 = AXIS2_PLACEMENT_3D( '', #2989, #2990, #2991 );
#1948 = SURFACE_SIDE_STYLE( '', ( #2992 ) );
#1949 = EDGE_LOOP( '', ( #2993 ) );
#1950 = EDGE_LOOP( '', ( #2994, #2995, #2996, #2997, #2998 ) );
#1951 = AXIS2_PLACEMENT_3D( '', #2999, #3000, #3001 );
#1952 = SURFACE_SIDE_STYLE( '', ( #3002 ) );
#1953 = EDGE_LOOP( '', ( #3003, #3004, #3005, #3006 ) );
#1954 = AXIS2_PLACEMENT_3D( '', #3007, #3008, #3009 );
#1955 = SURFACE_SIDE_STYLE( '', ( #3010 ) );
#1956 = EDGE_LOOP( '', ( #3011, #3012, #3013, #3014, #3015, #3016 ) );
#1957 = AXIS2_PLACEMENT_3D( '', #3017, #3018, #3019 );
#1958 = SURFACE_SIDE_STYLE( '', ( #3020 ) );
#1959 = EDGE_LOOP( '', ( #3021, #3022, #3023, #3024 ) );
#1960 = AXIS2_PLACEMENT_3D( '', #3025, #3026, #3027 );
#1961 = SURFACE_SIDE_STYLE( '', ( #3028 ) );
#1962 = EDGE_LOOP( '', ( #3029, #3030, #3031, #3032 ) );
#1963 = AXIS2_PLACEMENT_3D( '', #3033, #3034, #3035 );
#1964 = SURFACE_SIDE_STYLE( '', ( #3036 ) );
#1965 = EDGE_LOOP( '', ( #3037 ) );
#1966 = AXIS2_PLACEMENT_3D( '', #3038, #3039, #3040 );
#1967 = SURFACE_SIDE_STYLE( '', ( #3041 ) );
#1968 = EDGE_LOOP( '', ( #3042, #3043, #3044, #3045 ) );
#1969 = AXIS2_PLACEMENT_3D( '', #3046, #3047, #3048 );
#1970 = SURFACE_SIDE_STYLE( '', ( #3049 ) );
#1971 = EDGE_LOOP( '', ( #3050, #3051, #3052, #3053 ) );
#1972 = AXIS2_PLACEMENT_3D( '', #3054, #3055, #3056 );
#1973 = SURFACE_SIDE_STYLE( '', ( #3057 ) );
#1974 = EDGE_LOOP( '', ( #3058 ) );
#1975 = AXIS2_PLACEMENT_3D( '', #3059, #3060, #3061 );
#1976 = SURFACE_SIDE_STYLE( '', ( #3062 ) );
#1977 = EDGE_LOOP( '', ( #3063, #3064, #3065, #3066 ) );
#1978 = AXIS2_PLACEMENT_3D( '', #3067, #3068, #3069 );
#1979 = SURFACE_SIDE_STYLE( '', ( #3070 ) );
#1980 = EDGE_LOOP( '', ( #3071 ) );
#1981 = EDGE_LOOP( '', ( #3072 ) );
#1982 = AXIS2_PLACEMENT_3D( '', #3073, #3074, #3075 );
#1983 = SURFACE_SIDE_STYLE( '', ( #3076 ) );
#1984 = EDGE_LOOP( '', ( #3077 ) );
#1985 = EDGE_LOOP( '', ( #3078 ) );
#1986 = AXIS2_PLACEMENT_3D( '', #3079, #3080, #3081 );
#1987 = SURFACE_SIDE_STYLE( '', ( #3082 ) );
#1988 = EDGE_LOOP( '', ( #3083 ) );
#1989 = EDGE_LOOP( '', ( #3084 ) );
#1990 = AXIS2_PLACEMENT_3D( '', #3085, #3086, #3087 );
#1991 = SURFACE_SIDE_STYLE( '', ( #3088 ) );
#1992 = EDGE_LOOP( '', ( #3089, #3090, #3091, #3092 ) );
#1993 = AXIS2_PLACEMENT_3D( '', #3093, #3094, #3095 );
#1994 = SURFACE_SIDE_STYLE( '', ( #3096 ) );
#1995 = EDGE_LOOP( '', ( #3097 ) );
#1996 = EDGE_LOOP( '', ( #3098 ) );
#1997 = AXIS2_PLACEMENT_3D( '', #3099, #3100, #3101 );
#1998 = SURFACE_SIDE_STYLE( '', ( #3102 ) );
#1999 = EDGE_LOOP( '', ( #3103 ) );
#2000 = EDGE_LOOP( '', ( #3104 ) );
#2001 = AXIS2_PLACEMENT_3D( '', #3105, #3106, #3107 );
#2002 = SURFACE_SIDE_STYLE( '', ( #3108 ) );
#2003 = EDGE_LOOP( '', ( #3109, #3110, #3111, #3112, #3113, #3114 ) );
#2004 = AXIS2_PLACEMENT_3D( '', #3115, #3116, #3117 );
#2005 = SURFACE_SIDE_STYLE( '', ( #3118 ) );
#2006 = EDGE_LOOP( '', ( #3119 ) );
#2007 = EDGE_LOOP( '', ( #3120 ) );
#2008 = AXIS2_PLACEMENT_3D( '', #3121, #3122, #3123 );
#2009 = SURFACE_SIDE_STYLE( '', ( #3124 ) );
#2010 = EDGE_LOOP( '', ( #3125 ) );
#2011 = EDGE_LOOP( '', ( #3126 ) );
#2012 = AXIS2_PLACEMENT_3D( '', #3127, #3128, #3129 );
#2013 = SURFACE_SIDE_STYLE( '', ( #3130 ) );
#2014 = EDGE_LOOP( '', ( #3131, #3132, #3133, #3134 ) );
#2015 = AXIS2_PLACEMENT_3D( '', #3135, #3136, #3137 );
#2016 = SURFACE_SIDE_STYLE( '', ( #3138 ) );
#2017 = EDGE_LOOP( '', ( #3139 ) );
#2018 = EDGE_LOOP( '', ( #3140 ) );
#2019 = AXIS2_PLACEMENT_3D( '', #3141, #3142, #3143 );
#2020 = SURFACE_SIDE_STYLE( '', ( #3144 ) );
#2021 = EDGE_LOOP( '', ( #3145, #3146, #3147, #3148 ) );
#2022 = AXIS2_PLACEMENT_3D( '', #3149, #3150, #3151 );
#2023 = SURFACE_SIDE_STYLE( '', ( #3152 ) );
#2024 = EDGE_LOOP( '', ( #3153, #3154, #3155, #3156 ) );
#2025 = AXIS2_PLACEMENT_3D( '', #3157, #3158, #3159 );
#2026 = SURFACE_SIDE_STYLE( '', ( #3160 ) );
#2027 = EDGE_LOOP( '', ( #3161 ) );
#2028 = EDGE_LOOP( '', ( #3162 ) );
#2029 = AXIS2_PLACEMENT_3D( '', #3163, #3164, #3165 );
#2030 = SURFACE_SIDE_STYLE( '', ( #3166 ) );
#2031 = EDGE_LOOP( '', ( #3167 ) );
#2032 = EDGE_LOOP( '', ( #3168 ) );
#2033 = AXIS2_PLACEMENT_3D( '', #3169, #3170, #3171 );
#2034 = SURFACE_SIDE_STYLE( '', ( #3172 ) );
#2035 = EDGE_LOOP( '', ( #3173 ) );
#2036 = EDGE_LOOP( '', ( #3174 ) );
#2037 = AXIS2_PLACEMENT_3D( '', #3175, #3176, #3177 );
#2038 = SURFACE_SIDE_STYLE( '', ( #3178 ) );
#2039 = EDGE_LOOP( '', ( #3179, #3180, #3181, #3182 ) );
#2040 = AXIS2_PLACEMENT_3D( '', #3183, #3184, #3185 );
#2041 = SURFACE_SIDE_STYLE( '', ( #3186 ) );
#2042 = EDGE_LOOP( '', ( #3187 ) );
#2043 = EDGE_LOOP( '', ( #3188 ) );
#2044 = AXIS2_PLACEMENT_3D( '', #3189, #3190, #3191 );
#2045 = SURFACE_SIDE_STYLE( '', ( #3192 ) );
#2046 = EDGE_LOOP( '', ( #3193 ) );
#2047 = EDGE_LOOP( '', ( #3194 ) );
#2048 = AXIS2_PLACEMENT_3D( '', #3195, #3196, #3197 );
#2049 = SURFACE_SIDE_STYLE( '', ( #3198 ) );
#2050 = EDGE_LOOP( '', ( #3199, #3200, #3201, #3202 ) );
#2051 = AXIS2_PLACEMENT_3D( '', #3203, #3204, #3205 );
#2052 = SURFACE_SIDE_STYLE( '', ( #3206 ) );
#2053 = EDGE_LOOP( '', ( #3207 ) );
#2054 = EDGE_LOOP( '', ( #3208 ) );
#2055 = AXIS2_PLACEMENT_3D( '', #3209, #3210, #3211 );
#2056 = SURFACE_SIDE_STYLE( '', ( #3212 ) );
#2057 = EDGE_LOOP( '', ( #3213 ) );
#2058 = EDGE_LOOP( '', ( #3214 ) );
#2059 = AXIS2_PLACEMENT_3D( '', #3215, #3216, #3217 );
#2060 = SURFACE_SIDE_STYLE( '', ( #3218 ) );
#2061 = EDGE_LOOP( '', ( #3219 ) );
#2062 = EDGE_LOOP( '', ( #3220 ) );
#2063 = AXIS2_PLACEMENT_3D( '', #3221, #3222, #3223 );
#2064 = SURFACE_SIDE_STYLE( '', ( #3224 ) );
#2065 = EDGE_LOOP( '', ( #3225 ) );
#2066 = AXIS2_PLACEMENT_3D( '', #3226, #3227, #3228 );
#2067 = SURFACE_SIDE_STYLE( '', ( #3229 ) );
#2068 = EDGE_LOOP( '', ( #3230, #3231, #3232, #3233 ) );
#2069 = AXIS2_PLACEMENT_3D( '', #3234, #3235, #3236 );
#2070 = SURFACE_SIDE_STYLE( '', ( #3237 ) );
#2071 = EDGE_LOOP( '', ( #3238 ) );
#2072 = EDGE_LOOP( '', ( #3239 ) );
#2073 = AXIS2_PLACEMENT_3D( '', #3240, #3241, #3242 );
#2074 = SURFACE_SIDE_STYLE( '', ( #3243 ) );
#2075 = EDGE_LOOP( '', ( #3244 ) );
#2076 = EDGE_LOOP( '', ( #3245 ) );
#2077 = AXIS2_PLACEMENT_3D( '', #3246, #3247, #3248 );
#2078 = SURFACE_SIDE_STYLE( '', ( #3249 ) );
#2079 = EDGE_LOOP( '', ( #3250, #3251, #3252, #3253 ) );
#2080 = AXIS2_PLACEMENT_3D( '', #3254, #3255, #3256 );
#2081 = SURFACE_SIDE_STYLE( '', ( #3257 ) );
#2082 = EDGE_LOOP( '', ( #3258, #3259, #3260 ) );
#2083 = AXIS2_PLACEMENT_3D( '', #3261, #3262, #3263 );
#2084 = SURFACE_SIDE_STYLE( '', ( #3264 ) );
#2085 = EDGE_LOOP( '', ( #3265, #3266, #3267, #3268 ) );
#2086 = AXIS2_PLACEMENT_3D( '', #3269, #3270, #3271 );
#2087 = SURFACE_SIDE_STYLE( '', ( #3272 ) );
#2088 = EDGE_LOOP( '', ( #3273 ) );
#2089 = EDGE_LOOP( '', ( #3274 ) );
#2090 = AXIS2_PLACEMENT_3D( '', #3275, #3276, #3277 );
#2091 = SURFACE_SIDE_STYLE( '', ( #3278 ) );
#2092 = EDGE_LOOP( '', ( #3279, #3280, #3281, #3282 ) );
#2093 = AXIS2_PLACEMENT_3D( '', #3283, #3284, #3285 );
#2094 = SURFACE_SIDE_STYLE( '', ( #3286 ) );
#2095 = EDGE_LOOP( '', ( #3287, #3288, #3289, #3290 ) );
#2096 = AXIS2_PLACEMENT_3D( '', #3291, #3292, #3293 );
#2097 = SURFACE_SIDE_STYLE( '', ( #3294 ) );
#2098 = EDGE_LOOP( '', ( #3295, #3296, #3297, #3298 ) );
#2099 = AXIS2_PLACEMENT_3D( '', #3299, #3300, #3301 );
#2100 = SURFACE_SIDE_STYLE( '', ( #3302 ) );
#2101 = EDGE_LOOP( '', ( #3303 ) );
#2102 = EDGE_LOOP( '', ( #3304 ) );
#2103 = AXIS2_PLACEMENT_3D( '', #3305, #3306, #3307 );
#2104 = SURFACE_SIDE_STYLE( '', ( #3308 ) );
#2105 = EDGE_LOOP( '', ( #3309, #3310, #3311, #3312 ) );
#2106 = AXIS2_PLACEMENT_3D( '', #3313, #3314, #3315 );
#2107 = SURFACE_SIDE_STYLE( '', ( #3316 ) );
#2108 = EDGE_LOOP( '', ( #3317, #3318, #3319 ) );
#2109 = AXIS2_PLACEMENT_3D( '', #3320, #3321, #3322 );
#2110 = SURFACE_SIDE_STYLE( '', ( #3323 ) );
#2111 = EDGE_LOOP( '', ( #3324 ) );
#2112 = EDGE_LOOP( '', ( #3325 ) );
#2113 = AXIS2_PLACEMENT_3D( '', #3326, #3327, #3328 );
#2114 = SURFACE_SIDE_STYLE( '', ( #3329 ) );
#2115 = EDGE_LOOP( '', ( #3330, #3331, #3332, #3333 ) );
#2116 = AXIS2_PLACEMENT_3D( '', #3334, #3335, #3336 );
#2117 = SURFACE_SIDE_STYLE( '', ( #3337 ) );
#2118 = EDGE_LOOP( '', ( #3338, #3339, #3340, #3341 ) );
#2119 = AXIS2_PLACEMENT_3D( '', #3342, #3343, #3344 );
#2120 = SURFACE_SIDE_STYLE( '', ( #3345 ) );
#2121 = EDGE_LOOP( '', ( #3346 ) );
#2122 = EDGE_LOOP( '', ( #3347 ) );
#2123 = AXIS2_PLACEMENT_3D( '', #3348, #3349, #3350 );
#2124 = SURFACE_SIDE_STYLE( '', ( #3351 ) );
#2125 = EDGE_LOOP( '', ( #3352 ) );
#2126 = EDGE_LOOP( '', ( #3353 ) );
#2127 = AXIS2_PLACEMENT_3D( '', #3354, #3355, #3356 );
#2128 = SURFACE_SIDE_STYLE( '', ( #3357 ) );
#2129 = EDGE_LOOP( '', ( #3358, #3359, #3360, #3361 ) );
#2130 = AXIS2_PLACEMENT_3D( '', #3362, #3363, #3364 );
#2131 = SURFACE_SIDE_STYLE( '', ( #3365 ) );
#2132 = EDGE_LOOP( '', ( #3366, #3367, #3368, #3369 ) );
#2133 = AXIS2_PLACEMENT_3D( '', #3370, #3371, #3372 );
#2134 = SURFACE_SIDE_STYLE( '', ( #3373 ) );
#2135 = EDGE_LOOP( '', ( #3374 ) );
#2136 = EDGE_LOOP( '', ( #3375 ) );
#2137 = AXIS2_PLACEMENT_3D( '', #3376, #3377, #3378 );
#2138 = SURFACE_SIDE_STYLE( '', ( #3379 ) );
#2139 = EDGE_LOOP( '', ( #3380, #3381, #3382, #3383 ) );
#2140 = AXIS2_PLACEMENT_3D( '', #3384, #3385, #3386 );
#2141 = SURFACE_SIDE_STYLE( '', ( #3387 ) );
#2142 = EDGE_LOOP( '', ( #3388 ) );
#2143 = EDGE_LOOP( '', ( #3389 ) );
#2144 = AXIS2_PLACEMENT_3D( '', #3390, #3391, #3392 );
#2145 = SURFACE_SIDE_STYLE( '', ( #3393 ) );
#2146 = EDGE_LOOP( '', ( #3394, #3395, #3396, #3397 ) );
#2147 = AXIS2_PLACEMENT_3D( '', #3398, #3399, #3400 );
#2148 = SURFACE_SIDE_STYLE( '', ( #3401 ) );
#2149 = EDGE_LOOP( '', ( #3402, #3403, #3404, #3405 ) );
#2150 = AXIS2_PLACEMENT_3D( '', #3406, #3407, #3408 );
#2151 = SURFACE_SIDE_STYLE( '', ( #3409 ) );
#2152 = EDGE_LOOP( '', ( #3410, #3411, #3412, #3413 ) );
#2153 = AXIS2_PLACEMENT_3D( '', #3414, #3415, #3416 );
#2154 = SURFACE_SIDE_STYLE( '', ( #3417 ) );
#2155 = EDGE_LOOP( '', ( #3418 ) );
#2156 = EDGE_LOOP( '', ( #3419, #3420, #3421, #3422, #3423 ) );
#2157 = AXIS2_PLACEMENT_3D( '', #3424, #3425, #3426 );
#2158 = SURFACE_SIDE_STYLE( '', ( #3427 ) );
#2159 = EDGE_LOOP( '', ( #3428 ) );
#2160 = EDGE_LOOP( '', ( #3429 ) );
#2161 = EDGE_LOOP( '', ( #3430 ) );
#2162 = EDGE_LOOP( '', ( #3431 ) );
#2163 = AXIS2_PLACEMENT_3D( '', #3432, #3433, #3434 );
#2164 = SURFACE_SIDE_STYLE( '', ( #3435 ) );
#2165 = EDGE_LOOP( '', ( #3436 ) );
#2166 = AXIS2_PLACEMENT_3D( '', #3437, #3438, #3439 );
#2167 = SURFACE_SIDE_STYLE( '', ( #3440 ) );
#2168 = EDGE_LOOP( '', ( #3441, #3442, #3443, #3444 ) );
#2169 = AXIS2_PLACEMENT_3D( '', #3445, #3446, #3447 );
#2170 = SURFACE_SIDE_STYLE( '', ( #3448 ) );
#2171 = EDGE_LOOP( '', ( #3449 ) );
#2172 = EDGE_LOOP( '', ( #3450 ) );
#2173 = AXIS2_PLACEMENT_3D( '', #3451, #3452, #3453 );
#2174 = SURFACE_SIDE_STYLE( '', ( #3454 ) );
#2175 = EDGE_LOOP( '', ( #3455, #3456, #3457, #3458 ) );
#2176 = AXIS2_PLACEMENT_3D( '', #3459, #3460, #3461 );
#2177 = SURFACE_SIDE_STYLE( '', ( #3462 ) );
#2178 = EDGE_LOOP( '', ( #3463, #3464, #3465, #3466 ) );
#2179 = AXIS2_PLACEMENT_3D( '', #3467, #3468, #3469 );
#2180 = SURFACE_SIDE_STYLE( '', ( #3470 ) );
#2181 = EDGE_LOOP( '', ( #3471 ) );
#2182 = EDGE_LOOP( '', ( #3472, #3473, #3474, #3475 ) );
#2183 = AXIS2_PLACEMENT_3D( '', #3476, #3477, #3478 );
#2184 = SURFACE_SIDE_STYLE( '', ( #3479 ) );
#2185 = EDGE_LOOP( '', ( #3480 ) );
#2186 = EDGE_LOOP( '', ( #3481 ) );
#2187 = EDGE_LOOP( '', ( #3482 ) );
#2188 = EDGE_LOOP( '', ( #3483 ) );
#2189 = AXIS2_PLACEMENT_3D( '', #3484, #3485, #3486 );
#2190 = SURFACE_SIDE_STYLE( '', ( #3487 ) );
#2191 = EDGE_LOOP( '', ( #3488, #3489, #3490, #3491 ) );
#2192 = AXIS2_PLACEMENT_3D( '', #3492, #3493, #3494 );
#2193 = SURFACE_SIDE_STYLE( '', ( #3495 ) );
#2194 = EDGE_LOOP( '', ( #3496 ) );
#2195 = EDGE_LOOP( '', ( #3497 ) );
#2196 = AXIS2_PLACEMENT_3D( '', #3498, #3499, #3500 );
#2197 = SURFACE_SIDE_STYLE( '', ( #3501 ) );
#2198 = EDGE_LOOP( '', ( #3502 ) );
#2199 = AXIS2_PLACEMENT_3D( '', #3503, #3504, #3505 );
#2200 = SURFACE_SIDE_STYLE( '', ( #3506 ) );
#2201 = EDGE_LOOP( '', ( #3507, #3508, #3509, #3510 ) );
#2202 = AXIS2_PLACEMENT_3D( '', #3511, #3512, #3513 );
#2203 = SURFACE_SIDE_STYLE( '', ( #3514 ) );
#2204 = EDGE_LOOP( '', ( #3515, #3516, #3517, #3518 ) );
#2205 = AXIS2_PLACEMENT_3D( '', #3519, #3520, #3521 );
#2206 = SURFACE_SIDE_STYLE( '', ( #3522 ) );
#2207 = EDGE_LOOP( '', ( #3523 ) );
#2208 = EDGE_LOOP( '', ( #3524, #3525, #3526, #3527, #3528, #3529 ) );
#2209 = AXIS2_PLACEMENT_3D( '', #3530, #3531, #3532 );
#2210 = SURFACE_SIDE_STYLE( '', ( #3533 ) );
#2211 = EDGE_LOOP( '', ( #3534, #3535, #3536, #3537, #3538, #3539 ) );
#2212 = AXIS2_PLACEMENT_3D( '', #3540, #3541, #3542 );
#2213 = SURFACE_SIDE_STYLE( '', ( #3543 ) );
#2214 = EDGE_LOOP( '', ( #3544, #3545, #3546, #3547, #3548, #3549, #3550, #3551, #3552, #3553, #3554, #3555, #3556, #3557, #3558 ) );
#2215 = AXIS2_PLACEMENT_3D( '', #3559, #3560, #3561 );
#2216 = SURFACE_SIDE_STYLE( '', ( #3562 ) );
#2217 = EDGE_LOOP( '', ( #3563 ) );
#2218 = EDGE_LOOP( '', ( #3564 ) );
#2219 = AXIS2_PLACEMENT_3D( '', #3565, #3566, #3567 );
#2220 = SURFACE_SIDE_STYLE( '', ( #3568 ) );
#2221 = EDGE_LOOP( '', ( #3569 ) );
#2222 = EDGE_LOOP( '', ( #3570, #3571, #3572, #3573 ) );
#2223 = AXIS2_PLACEMENT_3D( '', #3574, #3575, #3576 );
#2224 = SURFACE_SIDE_STYLE( '', ( #3577 ) );
#2225 = EDGE_LOOP( '', ( #3578, #3579, #3580, #3581 ) );
#2226 = AXIS2_PLACEMENT_3D( '', #3582, #3583, #3584 );
#2227 = SURFACE_SIDE_STYLE( '', ( #3585 ) );
#2228 = EDGE_LOOP( '', ( #3586, #3587, #3588, #3589 ) );
#2229 = AXIS2_PLACEMENT_3D( '', #3590, #3591, #3592 );
#2230 = SURFACE_SIDE_STYLE( '', ( #3593 ) );
#2231 = EDGE_LOOP( '', ( #3594, #3595, #3596, #3597 ) );
#2232 = AXIS2_PLACEMENT_3D( '', #3598, #3599, #3600 );
#2233 = SURFACE_SIDE_STYLE( '', ( #3601 ) );
#2234 = EDGE_LOOP( '', ( #3602, #3603, #3604, #3605, #3606, #3607 ) );
#2235 = AXIS2_PLACEMENT_3D( '', #3608, #3609, #3610 );
#2236 = SURFACE_SIDE_STYLE( '', ( #3611 ) );
#2237 = EDGE_LOOP( '', ( #3612 ) );
#2238 = EDGE_LOOP( '', ( #3613 ) );
#2239 = EDGE_LOOP( '', ( #3614 ) );
#2240 = EDGE_LOOP( '', ( #3615 ) );
#2241 = AXIS2_PLACEMENT_3D( '', #3616, #3617, #3618 );
#2242 = SURFACE_SIDE_STYLE( '', ( #3619 ) );
#2243 = EDGE_LOOP( '', ( #3620, #3621, #3622, #3623 ) );
#2244 = AXIS2_PLACEMENT_3D( '', #3624, #3625, #3626 );
#2245 = SURFACE_SIDE_STYLE( '', ( #3627 ) );
#2246 = EDGE_LOOP( '', ( #3628 ) );
#2247 = EDGE_LOOP( '', ( #3629 ) );
#2248 = AXIS2_PLACEMENT_3D( '', #3630, #3631, #3632 );
#2249 = SURFACE_SIDE_STYLE( '', ( #3633 ) );
#2250 = EDGE_LOOP( '', ( #3634, #3635, #3636, #3637 ) );
#2251 = AXIS2_PLACEMENT_3D( '', #3638, #3639, #3640 );
#2252 = SURFACE_SIDE_STYLE( '', ( #3641 ) );
#2253 = EDGE_LOOP( '', ( #3642, #3643, #3644, #3645 ) );
#2254 = AXIS2_PLACEMENT_3D( '', #3646, #3647, #3648 );
#2255 = SURFACE_SIDE_STYLE( '', ( #3649 ) );
#2256 = EDGE_LOOP( '', ( #3650, #3651, #3652, #3653 ) );
#2257 = AXIS2_PLACEMENT_3D( '', #3654, #3655, #3656 );
#2258 = SURFACE_SIDE_STYLE( '', ( #3657 ) );
#2259 = EDGE_LOOP( '', ( #3658, #3659, #3660, #3661 ) );
#2260 = AXIS2_PLACEMENT_3D( '', #3662, #3663, #3664 );
#2261 = SURFACE_SIDE_STYLE( '', ( #3665 ) );
#2262 = EDGE_LOOP( '', ( #3666 ) );
#2263 = EDGE_LOOP( '', ( #3667 ) );
#2264 = EDGE_LOOP( '', ( #3668 ) );
#2265 = EDGE_LOOP( '', ( #3669, #3670, #3671, #3672, #3673, #3674, #3675, #3676, #3677, #3678, #3679, #3680, #3681, #3682, #3683, #3684 ) );
#2266 = EDGE_LOOP( '', ( #3685 ) );
#2267 = EDGE_LOOP( '', ( #3686 ) );
#2268 = AXIS2_PLACEMENT_3D( '', #3687, #3688, #3689 );
#2269 = SURFACE_SIDE_STYLE( '', ( #3690 ) );
#2270 = EDGE_LOOP( '', ( #3691 ) );
#2271 = EDGE_LOOP( '', ( #3692 ) );
#2272 = AXIS2_PLACEMENT_3D( '', #3693, #3694, #3695 );
#2273 = SURFACE_SIDE_STYLE( '', ( #3696 ) );
#2274 = EDGE_LOOP( '', ( #3697 ) );
#2275 = EDGE_LOOP( '', ( #3698 ) );
#2276 = AXIS2_PLACEMENT_3D( '', #3699, #3700, #3701 );
#2277 = SURFACE_SIDE_STYLE( '', ( #3702 ) );
#2278 = EDGE_LOOP( '', ( #3703 ) );
#2279 = EDGE_LOOP( '', ( #3704 ) );
#2280 = EDGE_LOOP( '', ( #3705 ) );
#2281 = EDGE_LOOP( '', ( #3706 ) );
#2282 = EDGE_LOOP( '', ( #3707 ) );
#2283 = EDGE_LOOP( '', ( #3708 ) );
#2284 = AXIS2_PLACEMENT_3D( '', #3709, #3710, #3711 );
#2285 = SURFACE_SIDE_STYLE( '', ( #3712 ) );
#2286 = EDGE_LOOP( '', ( #3713, #3714, #3715, #3716 ) );
#2287 = AXIS2_PLACEMENT_3D( '', #3717, #3718, #3719 );
#2288 = SURFACE_SIDE_STYLE( '', ( #3720 ) );
#2289 = EDGE_LOOP( '', ( #3721, #3722, #3723, #3724 ) );
#2290 = AXIS2_PLACEMENT_3D( '', #3725, #3726, #3727 );
#2291 = SURFACE_SIDE_STYLE( '', ( #3728 ) );
#2292 = EDGE_LOOP( '', ( #3729 ) );
#2293 = EDGE_LOOP( '', ( #3730 ) );
#2294 = AXIS2_PLACEMENT_3D( '', #3731, #3732, #3733 );
#2295 = SURFACE_SIDE_STYLE( '', ( #3734 ) );
#2296 = EDGE_LOOP( '', ( #3735 ) );
#2297 = EDGE_LOOP( '', ( #3736 ) );
#2298 = AXIS2_PLACEMENT_3D( '', #3737, #3738, #3739 );
#2299 = SURFACE_SIDE_STYLE( '', ( #3740 ) );
#2300 = EDGE_LOOP( '', ( #3741 ) );
#2301 = EDGE_LOOP( '', ( #3742 ) );
#2302 = AXIS2_PLACEMENT_3D( '', #3743, #3744, #3745 );
#2303 = SURFACE_SIDE_STYLE( '', ( #3746 ) );
#2304 = EDGE_LOOP( '', ( #3747 ) );
#2305 = EDGE_LOOP( '', ( #3748 ) );
#2306 = AXIS2_PLACEMENT_3D( '', #3749, #3750, #3751 );
#2307 = SURFACE_SIDE_STYLE( '', ( #3752 ) );
#2308 = EDGE_LOOP( '', ( #3753, #3754, #3755, #3756 ) );
#2309 = AXIS2_PLACEMENT_3D( '', #3757, #3758, #3759 );
#2310 = SURFACE_SIDE_STYLE( '', ( #3760 ) );
#2311 = EDGE_LOOP( '', ( #3761 ) );
#2312 = EDGE_LOOP( '', ( #3762 ) );
#2313 = AXIS2_PLACEMENT_3D( '', #3763, #3764, #3765 );
#2314 = SURFACE_SIDE_STYLE( '', ( #3766 ) );
#2315 = EDGE_LOOP( '', ( #3767 ) );
#2316 = EDGE_LOOP( '', ( #3768 ) );
#2317 = AXIS2_PLACEMENT_3D( '', #3769, #3770, #3771 );
#2318 = SURFACE_SIDE_STYLE( '', ( #3772 ) );
#2319 = EDGE_LOOP( '', ( #3773 ) );
#2320 = EDGE_LOOP( '', ( #3774 ) );
#2321 = AXIS2_PLACEMENT_3D( '', #3775, #3776, #3777 );
#2322 = SURFACE_SIDE_STYLE( '', ( #3778 ) );
#2323 = EDGE_LOOP( '', ( #3779 ) );
#2324 = EDGE_LOOP( '', ( #3780 ) );
#2325 = AXIS2_PLACEMENT_3D( '', #3781, #3782, #3783 );
#2326 = SURFACE_SIDE_STYLE( '', ( #3784 ) );
#2327 = EDGE_LOOP( '', ( #3785 ) );
#2328 = EDGE_LOOP( '', ( #3786 ) );
#2329 = AXIS2_PLACEMENT_3D( '', #3787, #3788, #3789 );
#2330 = SURFACE_SIDE_STYLE( '', ( #3790 ) );
#2331 = EDGE_LOOP( '', ( #3791 ) );
#2332 = EDGE_LOOP( '', ( #3792 ) );
#2333 = AXIS2_PLACEMENT_3D( '', #3793, #3794, #3795 );
#2334 = SURFACE_SIDE_STYLE( '', ( #3796 ) );
#2335 = EDGE_LOOP( '', ( #3797, #3798, #3799, #3800 ) );
#2336 = AXIS2_PLACEMENT_3D( '', #3801, #3802, #3803 );
#2337 = SURFACE_SIDE_STYLE( '', ( #3804 ) );
#2338 = EDGE_LOOP( '', ( #3805, #3806, #3807, #3808, #3809 ) );
#2339 = AXIS2_PLACEMENT_3D( '', #3810, #3811, #3812 );
#2340 = SURFACE_SIDE_STYLE( '', ( #3813 ) );
#2341 = EDGE_LOOP( '', ( #3814 ) );
#2342 = EDGE_LOOP( '', ( #3815, #3816, #3817, #3818, #3819, #3820 ) );
#2343 = AXIS2_PLACEMENT_3D( '', #3821, #3822, #3823 );
#2344 = SURFACE_SIDE_STYLE( '', ( #3824 ) );
#2345 = EDGE_LOOP( '', ( #3825, #3826, #3827, #3828 ) );
#2346 = AXIS2_PLACEMENT_3D( '', #3829, #3830, #3831 );
#2347 = SURFACE_SIDE_STYLE( '', ( #3832 ) );
#2348 = EDGE_LOOP( '', ( #3833, #3834, #3835, #3836, #3837, #3838 ) );
#2349 = EDGE_LOOP( '', ( #3839 ) );
#2350 = AXIS2_PLACEMENT_3D( '', #3840, #3841, #3842 );
#2351 = SURFACE_SIDE_STYLE( '', ( #3843 ) );
#2352 = EDGE_LOOP( '', ( #3844 ) );
#2353 = EDGE_LOOP( '', ( #3845 ) );
#2354 = EDGE_LOOP( '', ( #3846 ) );
#2355 = EDGE_LOOP( '', ( #3847 ) );
#2356 = AXIS2_PLACEMENT_3D( '', #3848, #3849, #3850 );
#2357 = SURFACE_SIDE_STYLE( '', ( #3851 ) );
#2358 = EDGE_LOOP( '', ( #3852, #3853, #3854, #3855 ) );
#2359 = AXIS2_PLACEMENT_3D( '', #3856, #3857, #3858 );
#2360 = SURFACE_SIDE_STYLE( '', ( #3859 ) );
#2361 = EDGE_LOOP( '', ( #3860, #3861, #3862, #3863 ) );
#2362 = AXIS2_PLACEMENT_3D( '', #3864, #3865, #3866 );
#2363 = SURFACE_SIDE_STYLE( '', ( #3867 ) );
#2364 = EDGE_LOOP( '', ( #3868, #3869, #3870, #3871 ) );
#2365 = AXIS2_PLACEMENT_3D( '', #3872, #3873, #3874 );
#2366 = SURFACE_SIDE_STYLE( '', ( #3875 ) );
#2367 = EDGE_LOOP( '', ( #3876, #3877, #3878, #3879 ) );
#2368 = AXIS2_PLACEMENT_3D( '', #3880, #3881, #3882 );
#2369 = SURFACE_SIDE_STYLE( '', ( #3883 ) );
#2370 = EDGE_LOOP( '', ( #3884 ) );
#2371 = EDGE_LOOP( '', ( #3885, #3886, #3887, #3888, #3889, #3890, #3891 ) );
#2372 = AXIS2_PLACEMENT_3D( '', #3892, #3893, #3894 );
#2373 = SURFACE_SIDE_STYLE( '', ( #3895 ) );
#2374 = EDGE_LOOP( '', ( #3896, #3897, #3898, #3899 ) );
#2375 = AXIS2_PLACEMENT_3D( '', #3900, #3901, #3902 );
#2376 = SURFACE_SIDE_STYLE( '', ( #3903 ) );
#2377 = EDGE_LOOP( '', ( #3904, #3905, #3906, #3907 ) );
#2378 = AXIS2_PLACEMENT_3D( '', #3908, #3909, #3910 );
#2379 = SURFACE_SIDE_STYLE( '', ( #3911 ) );
#2380 = EDGE_LOOP( '', ( #3912 ) );
#2381 = EDGE_LOOP( '', ( #3913 ) );
#2382 = AXIS2_PLACEMENT_3D( '', #3914, #3915, #3916 );
#2383 = SURFACE_SIDE_STYLE( '', ( #3917 ) );
#2384 = EDGE_LOOP( '', ( #3918 ) );
#2385 = EDGE_LOOP( '', ( #3919 ) );
#2386 = AXIS2_PLACEMENT_3D( '', #3920, #3921, #3922 );
#2387 = SURFACE_SIDE_STYLE( '', ( #3923 ) );
#2388 = EDGE_LOOP( '', ( #3924, #3925, #3926, #3927 ) );
#2389 = AXIS2_PLACEMENT_3D( '', #3928, #3929, #3930 );
#2390 = SURFACE_SIDE_STYLE( '', ( #3931 ) );
#2391 = EDGE_LOOP( '', ( #3932 ) );
#2392 = EDGE_LOOP( '', ( #3933 ) );
#2393 = AXIS2_PLACEMENT_3D( '', #3934, #3935, #3936 );
#2394 = SURFACE_SIDE_STYLE( '', ( #3937 ) );
#2395 = EDGE_LOOP( '', ( #3938 ) );
#2396 = EDGE_LOOP( '', ( #3939 ) );
#2397 = AXIS2_PLACEMENT_3D( '', #3940, #3941, #3942 );
#2398 = SURFACE_SIDE_STYLE( '', ( #3943 ) );
#2399 = EDGE_LOOP( '', ( #3944 ) );
#2400 = EDGE_LOOP( '', ( #3945, #3946, #3947, #3948, #3949 ) );
#2401 = AXIS2_PLACEMENT_3D( '', #3950, #3951, #3952 );
#2402 = SURFACE_SIDE_STYLE( '', ( #3953 ) );
#2403 = EDGE_LOOP( '', ( #3954, #3955, #3956, #3957, #3958, #3959, #3960, #3961, #3962, #3963, #3964, #3965, #3966, #3967, #3968, #3969 ) );
#2404 = EDGE_LOOP( '', ( #3970 ) );
#2405 = EDGE_LOOP( '', ( #3971 ) );
#2406 = EDGE_LOOP( '', ( #3972 ) );
#2407 = EDGE_LOOP( '', ( #3973 ) );
#2408 = EDGE_LOOP( '', ( #3974 ) );
#2409 = EDGE_LOOP( '', ( #3975, #3976, #3977, #3978, #3979, #3980, #3981, #3982, #3983, #3984, #3985, #3986 ) );
#2410 = EDGE_LOOP( '', ( #3987, #3988, #3989, #3990, #3991 ) );
#2411 = EDGE_LOOP( '', ( #3992, #3993, #3994, #3995, #3996, #3997, #3998, #3999, #4000, #4001, #4002, #4003, #4004, #4005, #4006 ) );
#2412 = AXIS2_PLACEMENT_3D( '', #4007, #4008, #4009 );
#2413 = SURFACE_SIDE_STYLE( '', ( #4010 ) );
#2414 = EDGE_LOOP( '', ( #4011, #4012, #4013, #4014 ) );
#2415 = AXIS2_PLACEMENT_3D( '', #4015, #4016, #4017 );
#2416 = SURFACE_SIDE_STYLE( '', ( #4018 ) );
#2417 = EDGE_LOOP( '', ( #4019, #4020, #4021, #4022, #4023, #4024, #4025, #4026, #4027, #4028, #4029, #4030 ) );
#2418 = EDGE_LOOP( '', ( #4031 ) );
#2419 = AXIS2_PLACEMENT_3D( '', #4032, #4033, #4034 );
#2420 = SURFACE_SIDE_STYLE( '', ( #4035 ) );
#2421 = EDGE_LOOP( '', ( #4036, #4037, #4038, #4039 ) );
#2422 = AXIS2_PLACEMENT_3D( '', #4040, #4041, #4042 );
#2423 = SURFACE_SIDE_STYLE( '', ( #4043 ) );
#2424 = EDGE_LOOP( '', ( #4044, #4045, #4046, #4047 ) );
#2425 = AXIS2_PLACEMENT_3D( '', #4048, #4049, #4050 );
#2426 = SURFACE_SIDE_STYLE( '', ( #4051 ) );
#2427 = EDGE_LOOP( '', ( #4052, #4053, #4054, #4055 ) );
#2428 = AXIS2_PLACEMENT_3D( '', #4056, #4057, #4058 );
#2429 = SURFACE_SIDE_STYLE( '', ( #4059 ) );
#2430 = EDGE_LOOP( '', ( #4060 ) );
#2431 = EDGE_LOOP( '', ( #4061 ) );
#2432 = AXIS2_PLACEMENT_3D( '', #4062, #4063, #4064 );
#2433 = SURFACE_SIDE_STYLE( '', ( #4065 ) );
#2434 = EDGE_LOOP( '', ( #4066 ) );
#2435 = EDGE_LOOP( '', ( #4067 ) );
#2436 = AXIS2_PLACEMENT_3D( '', #4068, #4069, #4070 );
#2437 = SURFACE_SIDE_STYLE( '', ( #4071 ) );
#2438 = EDGE_LOOP( '', ( #4072, #4073, #4074, #4075 ) );
#2439 = AXIS2_PLACEMENT_3D( '', #4076, #4077, #4078 );
#2440 = SURFACE_SIDE_STYLE( '', ( #4079 ) );
#2441 = EDGE_LOOP( '', ( #4080, #4081, #4082, #4083, #4084, #4085 ) );
#2442 = EDGE_LOOP( '', ( #4086 ) );
#2443 = AXIS2_PLACEMENT_3D( '', #4087, #4088, #4089 );
#2444 = SURFACE_SIDE_STYLE( '', ( #4090 ) );
#2445 = EDGE_LOOP( '', ( #4091, #4092, #4093, #4094 ) );
#2446 = AXIS2_PLACEMENT_3D( '', #4095, #4096, #4097 );
#2447 = SURFACE_SIDE_STYLE( '', ( #4098 ) );
#2448 = EDGE_LOOP( '', ( #4099, #4100, #4101, #4102 ) );
#2449 = AXIS2_PLACEMENT_3D( '', #4103, #4104, #4105 );
#2450 = SURFACE_SIDE_STYLE( '', ( #4106 ) );
#2451 = EDGE_LOOP( '', ( #4107, #4108, #4109, #4110 ) );
#2452 = AXIS2_PLACEMENT_3D( '', #4111, #4112, #4113 );
#2453 = SURFACE_SIDE_STYLE( '', ( #4114 ) );
#2454 = EDGE_LOOP( '', ( #4115, #4116, #4117, #4118, #4119 ) );
#2455 = AXIS2_PLACEMENT_3D( '', #4120, #4121, #4122 );
#2456 = SURFACE_SIDE_STYLE( '', ( #4123 ) );
#2457 = EDGE_LOOP( '', ( #4124 ) );
#2458 = EDGE_LOOP( '', ( #4125 ) );
#2459 = AXIS2_PLACEMENT_3D( '', #4126, #4127, #4128 );
#2460 = SURFACE_SIDE_STYLE( '', ( #4129 ) );
#2461 = EDGE_LOOP( '', ( #4130, #4131, #4132, #4133 ) );
#2462 = AXIS2_PLACEMENT_3D( '', #4134, #4135, #4136 );
#2463 = SURFACE_SIDE_STYLE( '', ( #4137 ) );
#2464 = EDGE_LOOP( '', ( #4138, #4139, #4140 ) );
#2465 = AXIS2_PLACEMENT_3D( '', #4141, #4142, #4143 );
#2466 = SURFACE_SIDE_STYLE( '', ( #4144 ) );
#2467 = EDGE_LOOP( '', ( #4145, #4146, #4147, #4148 ) );
#2468 = AXIS2_PLACEMENT_3D( '', #4149, #4150, #4151 );
#2469 = SURFACE_SIDE_STYLE( '', ( #4152 ) );
#2470 = EDGE_LOOP( '', ( #4153, #4154, #4155, #4156 ) );
#2471 = AXIS2_PLACEMENT_3D( '', #4157, #4158, #4159 );
#2472 = SURFACE_SIDE_STYLE( '', ( #4160 ) );
#2473 = EDGE_LOOP( '', ( #4161, #4162, #4163, #4164 ) );
#2474 = AXIS2_PLACEMENT_3D( '', #4165, #4166, #4167 );
#2475 = SURFACE_SIDE_STYLE( '', ( #4168 ) );
#2476 = EDGE_LOOP( '', ( #4169, #4170, #4171, #4172 ) );
#2477 = AXIS2_PLACEMENT_3D( '', #4173, #4174, #4175 );
#2478 = SURFACE_SIDE_STYLE( '', ( #4176 ) );
#2479 = EDGE_LOOP( '', ( #4177, #4178, #4179, #4180 ) );
#2480 = AXIS2_PLACEMENT_3D( '', #4181, #4182, #4183 );
#2481 = SURFACE_SIDE_STYLE( '', ( #4184 ) );
#2482 = EDGE_LOOP( '', ( #4185 ) );
#2483 = EDGE_LOOP( '', ( #4186, #4187, #4188, #4189 ) );
#2484 = AXIS2_PLACEMENT_3D( '', #4190, #4191, #4192 );
#2485 = SURFACE_SIDE_STYLE( '', ( #4193 ) );
#2486 = EDGE_LOOP( '', ( #4194 ) );
#2487 = AXIS2_PLACEMENT_3D( '', #4195, #4196, #4197 );
#2488 = SURFACE_SIDE_STYLE( '', ( #4198 ) );
#2489 = EDGE_LOOP( '', ( #4199, #4200, #4201, #4202 ) );
#2490 = AXIS2_PLACEMENT_3D( '', #4203, #4204, #4205 );
#2491 = SURFACE_SIDE_STYLE( '', ( #4206 ) );
#2492 = EDGE_LOOP( '', ( #4207 ) );
#2493 = EDGE_LOOP( '', ( #4208 ) );
#2494 = AXIS2_PLACEMENT_3D( '', #4209, #4210, #4211 );
#2495 = SURFACE_SIDE_STYLE( '', ( #4212 ) );
#2496 = EDGE_LOOP( '', ( #4213, #4214, #4215, #4216 ) );
#2497 = AXIS2_PLACEMENT_3D( '', #4217, #4218, #4219 );
#2498 = SURFACE_SIDE_STYLE( '', ( #4220 ) );
#2499 = EDGE_LOOP( '', ( #4221, #4222, #4223, #4224 ) );
#2500 = AXIS2_PLACEMENT_3D( '', #4225, #4226, #4227 );
#2501 = SURFACE_SIDE_STYLE( '', ( #4228 ) );
#2502 = EDGE_LOOP( '', ( #4229, #4230 ) );
#2503 = AXIS2_PLACEMENT_3D( '', #4231, #4232, #4233 );
#2504 = SURFACE_SIDE_STYLE( '', ( #4234 ) );
#2505 = EDGE_LOOP( '', ( #4235, #4236, #4237, #4238 ) );
#2506 = AXIS2_PLACEMENT_3D( '', #4239, #4240, #4241 );
#2507 = SURFACE_SIDE_STYLE( '', ( #4242 ) );
#2508 = EDGE_LOOP( '', ( #4243, #4244, #4245, #4246 ) );
#2509 = AXIS2_PLACEMENT_3D( '', #4247, #4248, #4249 );
#2510 = SURFACE_SIDE_STYLE( '', ( #4250 ) );
#2511 = EDGE_LOOP( '', ( #4251, #4252, #4253, #4254 ) );
#2512 = AXIS2_PLACEMENT_3D( '', #4255, #4256, #4257 );
#2513 = SURFACE_SIDE_STYLE( '', ( #4258 ) );
#2514 = EDGE_LOOP( '', ( #4259, #4260, #4261, #4262 ) );
#2515 = AXIS2_PLACEMENT_3D( '', #4263, #4264, #4265 );
#2516 = SURFACE_SIDE_STYLE( '', ( #4266 ) );
#2517 = EDGE_LOOP( '', ( #4267 ) );
#2518 = EDGE_LOOP( '', ( #4268 ) );
#2519 = AXIS2_PLACEMENT_3D( '', #4269, #4270, #4271 );
#2520 = SURFACE_SIDE_STYLE( '', ( #4272 ) );
#2521 = EDGE_LOOP( '', ( #4273, #4274, #4275, #4276, #4277, #4278, #4279, #4280, #4281, #4282, #4283, #4284 ) );
#2522 = AXIS2_PLACEMENT_3D( '', #4285, #4286, #4287 );
#2523 = SURFACE_SIDE_STYLE( '', ( #4288 ) );
#2524 = EDGE_LOOP( '', ( #4289 ) );
#2525 = EDGE_LOOP( '', ( #4290, #4291, #4292, #4293, #4294, #4295 ) );
#2526 = AXIS2_PLACEMENT_3D( '', #4296, #4297, #4298 );
#2527 = SURFACE_SIDE_STYLE( '', ( #4299 ) );
#2528 = EDGE_LOOP( '', ( #4300 ) );
#2529 = AXIS2_PLACEMENT_3D( '', #4301, #4302, #4303 );
#2530 = SURFACE_SIDE_STYLE( '', ( #4304 ) );
#2531 = EDGE_LOOP( '', ( #4305, #4306, #4307, #4308 ) );
#2532 = AXIS2_PLACEMENT_3D( '', #4309, #4310, #4311 );
#2533 = SURFACE_SIDE_STYLE( '', ( #4312 ) );
#2534 = EDGE_LOOP( '', ( #4313, #4314, #4315, #4316 ) );
#2535 = AXIS2_PLACEMENT_3D( '', #4317, #4318, #4319 );
#2536 = SURFACE_SIDE_STYLE( '', ( #4320 ) );
#2537 = EDGE_LOOP( '', ( #4321 ) );
#2538 = EDGE_LOOP( '', ( #4322 ) );
#2539 = AXIS2_PLACEMENT_3D( '', #4323, #4324, #4325 );
#2540 = SURFACE_SIDE_STYLE( '', ( #4326 ) );
#2541 = EDGE_LOOP( '', ( #4327, #4328, #4329, #4330 ) );
#2542 = EDGE_LOOP( '', ( #4331, #4332, #4333, #4334 ) );
#2543 = EDGE_LOOP( '', ( #4335, #4336, #4337, #4338, #4339 ) );
#2544 = AXIS2_PLACEMENT_3D( '', #4340, #4341, #4342 );
#2545 = SURFACE_SIDE_STYLE( '', ( #4343 ) );
#2546 = EDGE_LOOP( '', ( #4344 ) );
#2547 = AXIS2_PLACEMENT_3D( '', #4345, #4346, #4347 );
#2548 = SURFACE_SIDE_STYLE( '', ( #4348 ) );
#2549 = EDGE_LOOP( '', ( #4349 ) );
#2550 = EDGE_LOOP( '', ( #4350 ) );
#2551 = AXIS2_PLACEMENT_3D( '', #4351, #4352, #4353 );
#2552 = SURFACE_SIDE_STYLE( '', ( #4354 ) );
#2553 = EDGE_LOOP( '', ( #4355, #4356, #4357, #4358 ) );
#2554 = AXIS2_PLACEMENT_3D( '', #4359, #4360, #4361 );
#2555 = SURFACE_SIDE_STYLE( '', ( #4362 ) );
#2556 = EDGE_LOOP( '', ( #4363 ) );
#2557 = EDGE_LOOP( '', ( #4364 ) );
#2558 = AXIS2_PLACEMENT_3D( '', #4365, #4366, #4367 );
#2559 = SURFACE_SIDE_STYLE( '', ( #4368 ) );
#2560 = EDGE_LOOP( '', ( #4369 ) );
#2561 = EDGE_LOOP( '', ( #4370 ) );
#2562 = AXIS2_PLACEMENT_3D( '', #4371, #4372, #4373 );
#2563 = SURFACE_SIDE_STYLE( '', ( #4374 ) );
#2564 = EDGE_LOOP( '', ( #4375 ) );
#2565 = EDGE_LOOP( '', ( #4376 ) );
#2566 = EDGE_LOOP( '', ( #4377 ) );
#2567 = EDGE_LOOP( '', ( #4378 ) );
#2568 = EDGE_LOOP( '', ( #4379 ) );
#2569 = EDGE_LOOP( '', ( #4380 ) );
#2570 = AXIS2_PLACEMENT_3D( '', #4381, #4382, #4383 );
#2571 = SURFACE_SIDE_STYLE( '', ( #4384 ) );
#2572 = EDGE_LOOP( '', ( #4385, #4386, #4387, #4388 ) );
#2573 = AXIS2_PLACEMENT_3D( '', #4389, #4390, #4391 );
#2574 = SURFACE_SIDE_STYLE( '', ( #4392 ) );
#2575 = EDGE_LOOP( '', ( #4393, #4394, #4395, #4396 ) );
#2576 = AXIS2_PLACEMENT_3D( '', #4397, #4398, #4399 );
#2577 = SURFACE_SIDE_STYLE( '', ( #4400 ) );
#2578 = EDGE_LOOP( '', ( #4401, #4402, #4403, #4404 ) );
#2579 = AXIS2_PLACEMENT_3D( '', #4405, #4406, #4407 );
#2580 = SURFACE_SIDE_STYLE( '', ( #4408 ) );
#2581 = EDGE_LOOP( '', ( #4409, #4410, #4411, #4412 ) );
#2582 = AXIS2_PLACEMENT_3D( '', #4413, #4414, #4415 );
#2583 = SURFACE_SIDE_STYLE( '', ( #4416 ) );
#2584 = EDGE_LOOP( '', ( #4417, #4418, #4419, #4420, #4421, #4422 ) );
#2585 = AXIS2_PLACEMENT_3D( '', #4423, #4424, #4425 );
#2586 = SURFACE_SIDE_STYLE( '', ( #4426 ) );
#2587 = EDGE_LOOP( '', ( #4427 ) );
#2588 = EDGE_LOOP( '', ( #4428 ) );
#2589 = AXIS2_PLACEMENT_3D( '', #4429, #4430, #4431 );
#2590 = SURFACE_SIDE_STYLE( '', ( #4432 ) );
#2591 = EDGE_LOOP( '', ( #4433 ) );
#2592 = EDGE_LOOP( '', ( #4434 ) );
#2593 = AXIS2_PLACEMENT_3D( '', #4435, #4436, #4437 );
#2594 = SURFACE_SIDE_STYLE( '', ( #4438 ) );
#2595 = EDGE_LOOP( '', ( #4439, #4440, #4441, #4442, #4443, #4444 ) );
#2596 = AXIS2_PLACEMENT_3D( '', #4445, #4446, #4447 );
#2597 = SURFACE_SIDE_STYLE( '', ( #4448 ) );
#2598 = EDGE_LOOP( '', ( #4449 ) );
#2599 = EDGE_LOOP( '', ( #4450 ) );
#2600 = AXIS2_PLACEMENT_3D( '', #4451, #4452, #4453 );
#2601 = SURFACE_SIDE_STYLE( '', ( #4454 ) );
#2602 = EDGE_LOOP( '', ( #4455 ) );
#2603 = EDGE_LOOP( '', ( #4456, #4457, #4458, #4459, #4460, #4461, #4462 ) );
#2604 = AXIS2_PLACEMENT_3D( '', #4463, #4464, #4465 );
#2605 = SURFACE_SIDE_STYLE( '', ( #4466 ) );
#2606 = EDGE_LOOP( '', ( #4467 ) );
#2607 = EDGE_LOOP( '', ( #4468 ) );
#2608 = AXIS2_PLACEMENT_3D( '', #4469, #4470, #4471 );
#2609 = SURFACE_SIDE_STYLE( '', ( #4472 ) );
#2610 = EDGE_LOOP( '', ( #4473, #4474, #4475, #4476, #4477, #4478 ) );
#2611 = AXIS2_PLACEMENT_3D( '', #4479, #4480, #4481 );
#2612 = SURFACE_SIDE_STYLE( '', ( #4482 ) );
#2613 = EDGE_LOOP( '', ( #4483 ) );
#2614 = EDGE_LOOP( '', ( #4484 ) );
#2615 = AXIS2_PLACEMENT_3D( '', #4485, #4486, #4487 );
#2616 = SURFACE_SIDE_STYLE( '', ( #4488 ) );
#2617 = EDGE_LOOP( '', ( #4489 ) );
#2618 = AXIS2_PLACEMENT_3D( '', #4490, #4491, #4492 );
#2619 = SURFACE_SIDE_STYLE( '', ( #4493 ) );
#2620 = EDGE_LOOP( '', ( #4494 ) );
#2621 = EDGE_LOOP( '', ( #4495 ) );
#2622 = AXIS2_PLACEMENT_3D( '', #4496, #4497, #4498 );
#2623 = SURFACE_SIDE_STYLE( '', ( #4499 ) );
#2624 = EDGE_LOOP( '', ( #4500 ) );
#2625 = EDGE_LOOP( '', ( #4501 ) );
#2626 = AXIS2_PLACEMENT_3D( '', #4502, #4503, #4504 );
#2627 = SURFACE_SIDE_STYLE( '', ( #4505 ) );
#2628 = EDGE_LOOP( '', ( #4506, #4507, #4508, #4509 ) );
#2629 = AXIS2_PLACEMENT_3D( '', #4510, #4511, #4512 );
#2630 = SURFACE_SIDE_STYLE( '', ( #4513 ) );
#2631 = EDGE_LOOP( '', ( #4514 ) );
#2632 = EDGE_LOOP( '', ( #4515 ) );
#2633 = AXIS2_PLACEMENT_3D( '', #4516, #4517, #4518 );
#2634 = SURFACE_SIDE_STYLE( '', ( #4519 ) );
#2635 = EDGE_LOOP( '', ( #4520 ) );
#2636 = EDGE_LOOP( '', ( #4521 ) );
#2637 = AXIS2_PLACEMENT_3D( '', #4522, #4523, #4524 );
#2638 = SURFACE_SIDE_STYLE( '', ( #4525 ) );
#2639 = EDGE_LOOP( '', ( #4526 ) );
#2640 = EDGE_LOOP( '', ( #4527, #4528, #4529, #4530, #4531, #4532 ) );
#2641 = AXIS2_PLACEMENT_3D( '', #4533, #4534, #4535 );
#2642 = SURFACE_SIDE_STYLE( '', ( #4536 ) );
#2643 = EDGE_LOOP( '', ( #4537, #4538, #4539, #4540 ) );
#2644 = AXIS2_PLACEMENT_3D( '', #4541, #4542, #4543 );
#2645 = SURFACE_SIDE_STYLE( '', ( #4544 ) );
#2646 = EDGE_LOOP( '', ( #4545 ) );
#2647 = AXIS2_PLACEMENT_3D( '', #4546, #4547, #4548 );
#2648 = SURFACE_SIDE_STYLE( '', ( #4549 ) );
#2649 = EDGE_LOOP( '', ( #4550 ) );
#2650 = EDGE_LOOP( '', ( #4551 ) );
#2651 = AXIS2_PLACEMENT_3D( '', #4552, #4553, #4554 );
#2652 = SURFACE_SIDE_STYLE( '', ( #4555 ) );
#2653 = EDGE_LOOP( '', ( #4556 ) );
#2654 = EDGE_LOOP( '', ( #4557 ) );
#2655 = AXIS2_PLACEMENT_3D( '', #4558, #4559, #4560 );
#2656 = SURFACE_SIDE_STYLE( '', ( #4561 ) );
#2657 = EDGE_LOOP( '', ( #4562 ) );
#2658 = AXIS2_PLACEMENT_3D( '', #4563, #4564, #4565 );
#2659 = SURFACE_SIDE_STYLE( '', ( #4566 ) );
#2660 = EDGE_LOOP( '', ( #4567, #4568, #4569, #4570 ) );
#2661 = AXIS2_PLACEMENT_3D( '', #4571, #4572, #4573 );
#2662 = SURFACE_SIDE_STYLE( '', ( #4574 ) );
#2663 = EDGE_LOOP( '', ( #4575, #4576, #4577, #4578 ) );
#2664 = AXIS2_PLACEMENT_3D( '', #4579, #4580, #4581 );
#2665 = SURFACE_SIDE_STYLE( '', ( #4582 ) );
#2666 = EDGE_LOOP( '', ( #4583, #4584, #4585, #4586 ) );
#2667 = AXIS2_PLACEMENT_3D( '', #4587, #4588, #4589 );
#2668 = SURFACE_SIDE_STYLE( '', ( #4590 ) );
#2669 = EDGE_LOOP( '', ( #4591, #4592, #4593, #4594 ) );
#2670 = AXIS2_PLACEMENT_3D( '', #4595, #4596, #4597 );
#2671 = SURFACE_SIDE_STYLE( '', ( #4598 ) );
#2672 = EDGE_LOOP( '', ( #4599 ) );
#2673 = EDGE_LOOP( '', ( #4600 ) );
#2674 = AXIS2_PLACEMENT_3D( '', #4601, #4602, #4603 );
#2675 = SURFACE_SIDE_STYLE( '', ( #4604 ) );
#2676 = EDGE_LOOP( '', ( #4605 ) );
#2677 = EDGE_LOOP( '', ( #4606, #4607, #4608, #4609, #4610, #4611 ) );
#2678 = AXIS2_PLACEMENT_3D( '', #4612, #4613, #4614 );
#2679 = SURFACE_SIDE_STYLE( '', ( #4615 ) );
#2680 = EDGE_LOOP( '', ( #4616, #4617, #4618, #4619 ) );
#2681 = AXIS2_PLACEMENT_3D( '', #4620, #4621, #4622 );
#2682 = SURFACE_SIDE_STYLE( '', ( #4623 ) );
#2683 = EDGE_LOOP( '', ( #4624, #4625, #4626, #4627 ) );
#2684 = AXIS2_PLACEMENT_3D( '', #4628, #4629, #4630 );
#2685 = SURFACE_SIDE_STYLE( '', ( #4631 ) );
#2686 = EDGE_LOOP( '', ( #4632 ) );
#2687 = EDGE_LOOP( '', ( #4633 ) );
#2688 = AXIS2_PLACEMENT_3D( '', #4634, #4635, #4636 );
#2689 = SURFACE_SIDE_STYLE( '', ( #4637 ) );
#2690 = EDGE_LOOP( '', ( #4638, #4639, #4640, #4641, #4642, #4643 ) );
#2691 = AXIS2_PLACEMENT_3D( '', #4644, #4645, #4646 );
#2692 = SURFACE_SIDE_STYLE( '', ( #4647 ) );
#2693 = EDGE_LOOP( '', ( #4648, #4649, #4650, #4651 ) );
#2694 = AXIS2_PLACEMENT_3D( '', #4652, #4653, #4654 );
#2696 =  ( LENGTH_UNIT(  )NAMED_UNIT( #1799 )SI_UNIT( .MILLI., .METRE. ) );
#2697 = SURFACE_STYLE_FILL_AREA( #4656 );
#2698 = ORIENTED_EDGE( '', *, *, #4657, .F. );
#2699 = ORIENTED_EDGE( '', *, *, #4658, .F. );
#2700 = ORIENTED_EDGE( '', *, *, #4659, .T. );
#2701 = ORIENTED_EDGE( '', *, *, #4660, .F. );
#2702 = CARTESIAN_POINT( '', ( -9.72000000000000, -0.780000000000000, 27.4000000000000 ) );
#2703 = DIRECTION( '', ( 0.707106781186547, 0.707106781186548, -0.000000000000000 ) );
#2704 = DIRECTION( '', ( -0.707106781186548, 0.707106781186547, 0.000000000000000 ) );
#2705 = SURFACE_STYLE_FILL_AREA( #4661 );
#2706 = ORIENTED_EDGE( '', *, *, #4662, .T. );
#2707 = ORIENTED_EDGE( '', *, *, #4663, .F. );
#2708 = ORIENTED_EDGE( '', *, *, #4664, .F. );
#2709 = ORIENTED_EDGE( '', *, *, #4665, .T. );
#2710 = CARTESIAN_POINT( '', ( -1.25000000000000, -0.649519052838329, 20.1250000000000 ) );
#2711 = DIRECTION( '', ( 0.000000000000000, 0.000000000000000, -1.00000000000000 ) );
#2712 = DIRECTION( '', ( -1.00000000000000, 0.000000000000000, 0.000000000000000 ) );
#2713 = SURFACE_STYLE_FILL_AREA( #4666 );
#2714 = ORIENTED_EDGE( '', *, *, #4667, .T. );
#2715 = ORIENTED_EDGE( '', *, *, #4668, .F. );
#2716 = CARTESIAN_POINT( '', ( 0.600000000000000, 0.000000000000000, 21.5000000000000 ) );
#2717 = DIRECTION( '', ( 1.00000000000000, -0.000000000000000, -0.000000000000000 ) );
#2718 = DIRECTION( '', ( 0.000000000000000, 0.000000000000000, 1.00000000000000 ) );
#2719 = SURFACE_STYLE_FILL_AREA( #4669 );
#2720 = ORIENTED_EDGE( '', *, *, #4670, .F. );
#2721 = ORIENTED_EDGE( '', *, *, #4671, .F. );
#2722 = ORIENTED_EDGE( '', *, *, #4672, .T. );
#2723 = ORIENTED_EDGE( '', *, *, #4673, .T. );
#2724 = CARTESIAN_POINT( '', ( 8.00000000000000, -22.4047005383793, -6.38750000000000 ) );
#2725 = DIRECTION( '', ( -1.00000000000000, 0.000000000000000, 0.000000000000000 ) );
#2726 = DIRECTION( '', ( 0.000000000000000, 0.000000000000000, 1.00000000000000 ) );
#2727 = SURFACE_STYLE_FILL_AREA( #4674 );
#2728 = ORIENTED_EDGE( '', *, *, #4675, .F. );
#2729 = ORIENTED_EDGE( '', *, *, #4676, .T. );
#2730 = ORIENTED_EDGE( '', *, *, #4677, .T. );
#2731 = ORIENTED_EDGE( '', *, *, #4678, .F. );
#2732 = CARTESIAN_POINT( '', ( 1.25000000000000, -0.649519052838329, -20.1250000000000 ) );
#2733 = DIRECTION( '', ( 0.000000000000000, 0.866025403784439, -0.500000000000000 ) );
#2734 = DIRECTION( '', ( 0.000000000000000, 0.500000000000000, 0.866025403784439 ) );
#2735 = SURFACE_STYLE_FILL_AREA( #4679 );
#2736 = ORIENTED_EDGE( '', *, *, #4680, .F. );
#2737 = ORIENTED_EDGE( '', *, *, #4681, .T. );
#2738 = ORIENTED_EDGE( '', *, *, #4682, .F. );
#2739 = CARTESIAN_POINT( '', ( 14.0000000000000, -11.5000000000000, 28.0000000000000 ) );
#2740 = DIRECTION( '', ( -1.00000000000000, 0.000000000000000, 0.000000000000000 ) );
#2741 = DIRECTION( '', ( 0.000000000000000, 0.000000000000000, 1.00000000000000 ) );
#2742 = SURFACE_STYLE_FILL_AREA( #4683 );
#2743 = ORIENTED_EDGE( '', *, *, #4684, .F. );
#2744 = ORIENTED_EDGE( '', *, *, #4685, .T. );
#2745 = CARTESIAN_POINT( '', ( 3.50000000000000, -21.2500000000000, -3.00000000000000 ) );
#2746 = DIRECTION( '', ( -0.000000000000000, 0.000000000000000, -1.00000000000000 ) );
#2747 = DIRECTION( '', ( -1.00000000000000, 0.000000000000000, 0.000000000000000 ) );
#2748 = SURFACE_STYLE_FILL_AREA( #4686 );
#2749 = ORIENTED_EDGE( '', *, *, #4687, .T. );
#2750 = ORIENTED_EDGE( '', *, *, #4688, .T. );
#2751 = CARTESIAN_POINT( '', ( -8.75000000000000, 21.2500000000000, -3.50000000000000 ) );
#2752 = DIRECTION( '', ( 1.23908819712629E-16, 0.000000000000000, -1.00000000000000 ) );
#2753 = DIRECTION( '', ( -1.00000000000000, 0.000000000000000, -1.23908819712629E-16 ) );
#2754 = SURFACE_STYLE_FILL_AREA( #4689 );
#2755 = ORIENTED_EDGE( '', *, *, #4690, .F. );
#2756 = CARTESIAN_POINT( '', ( -10.2000000000000, -21.5000000000000, 0.000000000000000 ) );
#2757 = DIRECTION( '', ( 1.00000000000000, 0.000000000000000, 0.000000000000000 ) );
#2758 = DIRECTION( '', ( 0.000000000000000, 0.000000000000000, -1.00000000000000 ) );
#2759 = SURFACE_STYLE_FILL_AREA( #4691 );
#2760 = ORIENTED_EDGE( '', *, *, #4692, .T. );
#2761 = ORIENTED_EDGE( '', *, *, #4693, .F. );
#2762 = CARTESIAN_POINT( '', ( -8.75000000000000, -21.2500000000000, 0.999999999999999 ) );
#2763 = DIRECTION( '', ( -1.23908819712629E-16, 0.000000000000000, 1.00000000000000 ) );
#2764 = DIRECTION( '', ( 1.00000000000000, 0.000000000000000, 1.23908819712629E-16 ) );
#2765 = SURFACE_STYLE_FILL_AREA( #4694 );
#2766 = ORIENTED_EDGE( '', *, *, #4695, .F. );
#2767 = ORIENTED_EDGE( '', *, *, #4696, .F. );
#2768 = ORIENTED_EDGE( '', *, *, #4697, .T. );
#2769 = ORIENTED_EDGE( '', *, *, #4698, .F. );
#2770 = CARTESIAN_POINT( '', ( -7.00000000000000, 0.780000000000000, 27.4000000000000 ) );
#2771 = DIRECTION( '', ( 0.000000000000000, 1.00000000000000, -0.000000000000000 ) );
#2772 = DIRECTION( '', ( 0.000000000000000, 0.000000000000000, 1.00000000000000 ) );
#2773 = SURFACE_STYLE_FILL_AREA( #4699 );
#2774 = ORIENTED_EDGE( '', *, *, #4700, .T. );
#2775 = ORIENTED_EDGE( '', *, *, #4701, .F. );
#2776 = ORIENTED_EDGE( '', *, *, #4702, .T. );
#2777 = ORIENTED_EDGE( '', *, *, #4703, .T. );
#2778 = ORIENTED_EDGE( '', *, *, #4670, .T. );
#2779 = ORIENTED_EDGE( '', *, *, #4704, .T. );
#2780 = ORIENTED_EDGE( '', *, *, #4705, .T. );
#2781 = CARTESIAN_POINT( '', ( 2.04999999999999, -21.2500000000000, -8.00000000000000 ) );
#2782 = DIRECTION( '', ( 0.000000000000000, 0.000000000000000, 1.00000000000000 ) );
#2783 = DIRECTION( '', ( 1.00000000000000, 0.000000000000000, -0.000000000000000 ) );
#2784 = SURFACE_STYLE_FILL_AREA( #4706 );
#2785 = ORIENTED_EDGE( '', *, *, #4707, .F. );
#2786 = ORIENTED_EDGE( '', *, *, #4708, .F. );
#2787 = ORIENTED_EDGE( '', *, *, #4709, .T. );
#2788 = ORIENTED_EDGE( '', *, *, #4710, .F. );
#2789 = CARTESIAN_POINT( '', ( -3.37646653018596, -1.38000000000000, 27.4000000000000 ) );
#2790 = DIRECTION( '', ( -0.000000000000000, -0.000000000000000, -1.00000000000000 ) );
#2791 = DIRECTION( '', ( 1.00000000000000, 0.000000000000000, -0.000000000000000 ) );
#2792 = SURFACE_STYLE_FILL_AREA( #4711 );
#2793 = ORIENTED_EDGE( '', *, *, #4712, .T. );
#2794 = ORIENTED_EDGE( '', *, *, #4713, .T. );
#2795 = CARTESIAN_POINT( '', ( 6.00000000000000, 21.2500000000000, -13.5000000000000 ) );
#2796 = DIRECTION( '', ( 0.000000000000000, -0.000000000000000, 1.00000000000000 ) );
#2797 = DIRECTION( '', ( -1.00000000000000, 0.000000000000000, 0.000000000000000 ) );
#2798 = SURFACE_STYLE_FILL_AREA( #4714 );
#2799 = ORIENTED_EDGE( '', *, *, #4715, .T. );
#2800 = ORIENTED_EDGE( '', *, *, #4712, .F. );
#2801 = CARTESIAN_POINT( '', ( 8.50000000000000, 21.2500000000000, 0.999999999999999 ) );
#2802 = DIRECTION( '', ( 0.000000000000000, -0.000000000000000, 1.00000000000000 ) );
#2803 = DIRECTION( '', ( 1.00000000000000, 0.000000000000000, 0.000000000000000 ) );
#2804 = SURFACE_STYLE_FILL_AREA( #4716 );
#2805 = ORIENTED_EDGE( '', *, *, #4717, .F. );
#2806 = ORIENTED_EDGE( '', *, *, #4718, .T. );
#2807 = CARTESIAN_POINT( '', ( 6.00000000000000, -21.2500000000000, 13.5000000000000 ) );
#2808 = DIRECTION( '', ( -0.000000000000000, -0.000000000000000, -1.00000000000000 ) );
#2809 = DIRECTION( '', ( -1.00000000000000, 0.000000000000000, 0.000000000000000 ) );
#2810 = SURFACE_STYLE_FILL_AREA( #4719 );
#2811 = ORIENTED_EDGE( '', *, *, #4720, .F. );
#2812 = ORIENTED_EDGE( '', *, *, #4721, .F. );
#2813 = ORIENTED_EDGE( '', *, *, #4722, .T. );
#2814 = ORIENTED_EDGE( '', *, *, #4723, .F. );
#2815 = CARTESIAN_POINT( '', ( -9.12000000000000, -1.98000000000000, 27.4000000000000 ) );
#2816 = DIRECTION( '', ( 1.00000000000000, 0.000000000000000, 0.000000000000000 ) );
#2817 = DIRECTION( '', ( 0.000000000000000, 0.000000000000000, -1.00000000000000 ) );
#2818 = SURFACE_STYLE_FILL_AREA( #4724 );
#2819 = ORIENTED_EDGE( '', *, *, #4725, .T. );
#2820 = ORIENTED_EDGE( '', *, *, #4726, .T. );
#2821 = ORIENTED_EDGE( '', *, *, #4727, .T. );
#2822 = ORIENTED_EDGE( '', *, *, #4728, .T. );
#2823 = ORIENTED_EDGE( '', *, *, #4729, .T. );
#2824 = ORIENTED_EDGE( '', *, *, #4730, .T. );
#2825 = ORIENTED_EDGE( '', *, *, #4731, .F. );
#2826 = CARTESIAN_POINT( '', ( 0.200000000000000, 2.25000000000000, 21.2500000000000 ) );
#2827 = DIRECTION( '', ( -1.00000000000000, 0.000000000000000, 0.000000000000000 ) );
#2828 = DIRECTION( '', ( 0.000000000000000, 0.000000000000000, 1.00000000000000 ) );
#2829 = SURFACE_STYLE_FILL_AREA( #4732 );
#2830 = ORIENTED_EDGE( '', *, *, #4733, .T. );
#2831 = ORIENTED_EDGE( '', *, *, #4734, .T. );
#2832 = ORIENTED_EDGE( '', *, *, #4735, .T. );
#2833 = ORIENTED_EDGE( '', *, *, #4736, .T. );
#2834 = ORIENTED_EDGE( '', *, *, #4737, .T. );
#2835 = ORIENTED_EDGE( '', *, *, #4738, .T. );
#2836 = CARTESIAN_POINT( '', ( -1.25000000000000, 0.000000000000000, 0.000000000000000 ) );
#2837 = DIRECTION( '', ( 1.00000000000000, 0.000000000000000, 0.000000000000000 ) );
#2838 = DIRECTION( '', ( 0.000000000000000, 0.000000000000000, -1.00000000000000 ) );
#2839 = SURFACE_STYLE_FILL_AREA( #4739 );
#2840 = ORIENTED_EDGE( '', *, *, #4740, .T. );
#2841 = ORIENTED_EDGE( '', *, *, #4741, .F. );
#2842 = ORIENTED_EDGE( '', *, *, #4742, .F. );
#2843 = ORIENTED_EDGE( '', *, *, #4743, .T. );
#2844 = CARTESIAN_POINT( '', ( -8.00000000000000, -22.4047005383793, 6.38750000000000 ) );
#2845 = DIRECTION( '', ( -0.499999999999998, -0.866025403784440, 0.000000000000000 ) );
#2846 = DIRECTION( '', ( 0.866025403784440, -0.499999999999998, 0.000000000000000 ) );
#2847 = SURFACE_STYLE_FILL_AREA( #4744 );
#2848 = ORIENTED_EDGE( '', *, *, #4745, .T. );
#2849 = ORIENTED_EDGE( '', *, *, #4746, .F. );
#2850 = ORIENTED_EDGE( '', *, *, #4734, .F. );
#2851 = ORIENTED_EDGE( '', *, *, #4747, .T. );
#2852 = CARTESIAN_POINT( '', ( -1.25000000000000, 0.649519052838329, -20.1250000000000 ) );
#2853 = DIRECTION( '', ( -0.000000000000000, 0.000000000000000, 1.00000000000000 ) );
#2854 = DIRECTION( '', ( 1.00000000000000, 0.000000000000000, 0.000000000000000 ) );
#2855 = SURFACE_STYLE_FILL_AREA( #4748 );
#2856 = ORIENTED_EDGE( '', *, *, #4749, .F. );
#2857 = ORIENTED_EDGE( '', *, *, #4750, .F. );
#2858 = ORIENTED_EDGE( '', *, *, #4751, .T. );
#2859 = ORIENTED_EDGE( '', *, *, #4752, .F. );
#2860 = CARTESIAN_POINT( '', ( -3.16000000000000, -1.38000000000000, 27.4000000000000 ) );
#2861 = DIRECTION( '', ( 0.608431543657136, 0.793606361291916, -0.000000000000000 ) );
#2862 = DIRECTION( '', ( -0.793606361291916, 0.608431543657136, 0.000000000000000 ) );
#2863 = SURFACE_STYLE_FILL_AREA( #4753 );
#2864 = ORIENTED_EDGE( '', *, *, #4754, .T. );
#2865 = ORIENTED_EDGE( '', *, *, #4755, .T. );
#2866 = CARTESIAN_POINT( '', ( -14.0000000000000, 28.0000000000000, 28.0000000000000 ) );
#2867 = DIRECTION( '', ( 1.00000000000000, 0.000000000000000, -0.000000000000000 ) );
#2868 = DIRECTION( '', ( -0.000000000000000, 0.000000000000000, -1.00000000000000 ) );
#2869 = SURFACE_STYLE_FILL_AREA( #4756 );
#2870 = ORIENTED_EDGE( '', *, *, #4757, .F. );
#2871 = ORIENTED_EDGE( '', *, *, #4758, .T. );
#2872 = ORIENTED_EDGE( '', *, *, #4759, .F. );
#2873 = ORIENTED_EDGE( '', *, *, #4760, .F. );
#2874 = ORIENTED_EDGE( '', *, *, #4761, .F. );
#2875 = CARTESIAN_POINT( '', ( -8.67361737988404E-16, 27.0000000000000, 0.000000000000000 ) );
#2876 = DIRECTION( '', ( -1.00000000000000, 0.000000000000000, 0.000000000000000 ) );
#2877 = DIRECTION( '', ( 0.000000000000000, 0.000000000000000, 1.00000000000000 ) );
#2878 = SURFACE_STYLE_FILL_AREA( #4762 );
#2879 = ORIENTED_EDGE( '', *, *, #4763, .F. );
#2880 = ORIENTED_EDGE( '', *, *, #4764, .F. );
#2881 = ORIENTED_EDGE( '', *, *, #4765, .F. );
#2882 = ORIENTED_EDGE( '', *, *, #4672, .F. );
#2883 = ORIENTED_EDGE( '', *, *, #4766, .F. );
#2884 = ORIENTED_EDGE( '', *, *, #4767, .F. );
#2885 = CARTESIAN_POINT( '', ( 0.000000000000000, 0.000000000000000, -6.38750000000000 ) );
#2886 = DIRECTION( '', ( 0.000000000000000, 0.000000000000000, 1.00000000000000 ) );
#2887 = DIRECTION( '', ( 1.00000000000000, 0.000000000000000, -0.000000000000000 ) );
#2888 = SURFACE_STYLE_FILL_AREA( #4768 );
#2889 = ORIENTED_EDGE( '', *, *, #4769, .T. );
#2890 = ORIENTED_EDGE( '', *, *, #4770, .T. );
#2891 = CARTESIAN_POINT( '', ( -6.00000000000000, -21.2500000000000, -28.0000000000000 ) );
#2892 = DIRECTION( '', ( -1.23908819712629E-16, -0.000000000000000, 1.00000000000000 ) );
#2893 = DIRECTION( '', ( -1.00000000000000, 0.000000000000000, -1.23908819712629E-16 ) );
#2894 = SURFACE_STYLE_FILL_AREA( #4771 );
#2895 = ORIENTED_EDGE( '', *, *, #4772, .F. );
#2896 = ORIENTED_EDGE( '', *, *, #4692, .F. );
#2897 = CARTESIAN_POINT( '', ( -6.00000000000000, -21.2500000000000, 8.00000000000000 ) );
#2898 = DIRECTION( '', ( 1.21027219254196E-16, 0.000000000000000, -1.00000000000000 ) );
#2899 = DIRECTION( '', ( 1.00000000000000, 0.000000000000000, 1.21027219254196E-16 ) );
#2900 = SURFACE_STYLE_FILL_AREA( #4773 );
#2901 = ORIENTED_EDGE( '', *, *, #4774, .T. );
#2902 = ORIENTED_EDGE( '', *, *, #4680, .T. );
#2903 = CARTESIAN_POINT( '', ( 20.0000000000000, 0.000000000000000, 0.000000000000000 ) );
#2904 = DIRECTION( '', ( -1.00000000000000, -0.000000000000000, 0.000000000000000 ) );
#2905 = DIRECTION( '', ( -0.000000000000000, 0.000000000000000, -1.00000000000000 ) );
#2906 = SURFACE_STYLE_FILL_AREA( #4775 );
#2907 = ORIENTED_EDGE( '', *, *, #4776, .T. );
#2908 = ORIENTED_EDGE( '', *, *, #4717, .T. );
#2909 = CARTESIAN_POINT( '', ( 6.00000000000000, -21.2500000000000, 28.0000000000000 ) );
#2910 = DIRECTION( '', ( -0.000000000000000, 0.000000000000000, -1.00000000000000 ) );
#2911 = DIRECTION( '', ( 1.00000000000000, 0.000000000000000, 0.000000000000000 ) );
#2912 = SURFACE_STYLE_FILL_AREA( #4777 );
#2913 = ORIENTED_EDGE( '', *, *, #4778, .F. );
#2914 = ORIENTED_EDGE( '', *, *, #4779, .T. );
#2915 = ORIENTED_EDGE( '', *, *, #4761, .T. );
#2916 = ORIENTED_EDGE( '', *, *, #4780, .T. );
#2917 = ORIENTED_EDGE( '', *, *, #4781, .F. );
#2918 = ORIENTED_EDGE( '', *, *, #4782, .F. );
#2919 = CARTESIAN_POINT( '', ( -13.5000000000000, -28.0000000000000, -0.500000000000000 ) );
#2920 = DIRECTION( '', ( 0.000000000000000, 0.000000000000000, -1.00000000000000 ) );
#2921 = DIRECTION( '', ( -1.00000000000000, 0.000000000000000, 0.000000000000000 ) );
#2922 = SURFACE_STYLE_FILL_AREA( #4783 );
#2923 = ORIENTED_EDGE( '', *, *, #4784, .T. );
#2924 = ORIENTED_EDGE( '', *, *, #4785, .T. );
#2925 = ORIENTED_EDGE( '', *, *, #4742, .T. );
#2926 = ORIENTED_EDGE( '', *, *, #4786, .T. );
#2927 = ORIENTED_EDGE( '', *, *, #4787, .T. );
#2928 = ORIENTED_EDGE( '', *, *, #4788, .T. );
#2929 = CARTESIAN_POINT( '', ( 0.000000000000000, 0.000000000000000, 6.38750000000000 ) );
#2930 = DIRECTION( '', ( 0.000000000000000, 0.000000000000000, 1.00000000000000 ) );
#2931 = DIRECTION( '', ( 1.00000000000000, 0.000000000000000, -0.000000000000000 ) );
#2932 = SURFACE_STYLE_FILL_AREA( #4789 );
#2933 = ORIENTED_EDGE( '', *, *, #4790, .T. );
#2934 = ORIENTED_EDGE( '', *, *, #4791, .F. );
#2935 = CARTESIAN_POINT( '', ( 0.600000000000000, 0.000000000000000, 0.000000000000000 ) );
#2936 = DIRECTION( '', ( 1.00000000000000, -0.000000000000000, -0.000000000000000 ) );
#2937 = DIRECTION( '', ( 0.000000000000000, 0.000000000000000, 1.00000000000000 ) );
#2938 = SURFACE_STYLE_FILL_AREA( #4792 );
#2939 = ORIENTED_EDGE( '', *, *, #4793, .F. );
#2940 = ORIENTED_EDGE( '', *, *, #4794, .F. );
#2941 = ORIENTED_EDGE( '', *, *, #4795, .T. );
#2942 = ORIENTED_EDGE( '', *, *, #4796, .F. );
#2943 = CARTESIAN_POINT( '', ( -11.2800000000000, -1.98000000000000, 27.4000000000000 ) );
#2944 = DIRECTION( '', ( 1.00000000000000, 0.000000000000000, 0.000000000000000 ) );
#2945 = DIRECTION( '', ( 0.000000000000000, 0.000000000000000, -1.00000000000000 ) );
#2946 = SURFACE_STYLE_FILL_AREA( #4797 );
#2947 = ORIENTED_EDGE( '', *, *, #4798, .T. );
#2948 = ORIENTED_EDGE( '', *, *, #4799, .F. );
#2949 = ORIENTED_EDGE( '', *, *, #4738, .F. );
#2950 = ORIENTED_EDGE( '', *, *, #4800, .T. );
#2951 = CARTESIAN_POINT( '', ( -1.25000000000000, 0.649519052838329, -22.3750000000000 ) );
#2952 = DIRECTION( '', ( 0.000000000000000, 0.866025403784438, -0.500000000000001 ) );
#2953 = DIRECTION( '', ( 0.000000000000000, 0.500000000000001, 0.866025403784438 ) );
#2954 = SURFACE_STYLE_FILL_AREA( #4801 );
#2955 = ORIENTED_EDGE( '', *, *, #4802, .T. );
#2956 = ORIENTED_EDGE( '', *, *, #4803, .T. );
#2957 = CARTESIAN_POINT( '', ( -20.0000000000000, 0.000000000000000, 21.5000000000000 ) );
#2958 = DIRECTION( '', ( 1.00000000000000, -0.000000000000000, -0.000000000000000 ) );
#2959 = DIRECTION( '', ( 0.000000000000000, 0.000000000000000, 1.00000000000000 ) );
#2960 = SURFACE_STYLE_FILL_AREA( #4804 );
#2961 = ORIENTED_EDGE( '', *, *, #4690, .T. );
#2962 = ORIENTED_EDGE( '', *, *, #4805, .T. );
#2963 = CARTESIAN_POINT( '', ( -10.2000000000000, -21.5000000000000, 0.000000000000000 ) );
#2964 = DIRECTION( '', ( -1.00000000000000, -0.000000000000000, -0.000000000000000 ) );
#2965 = DIRECTION( '', ( 0.000000000000000, 0.000000000000000, -1.00000000000000 ) );
#2966 = SURFACE_STYLE_FILL_AREA( #4806 );
#2967 = ORIENTED_EDGE( '', *, *, #4807, .F. );
#2968 = ORIENTED_EDGE( '', *, *, #4808, .T. );
#2969 = ORIENTED_EDGE( '', *, *, #4809, .T. );
#2970 = ORIENTED_EDGE( '', *, *, #4810, .T. );
#2971 = ORIENTED_EDGE( '', *, *, #4811, .F. );
#2972 = ORIENTED_EDGE( '', *, *, #4812, .T. );
#2973 = ORIENTED_EDGE( '', *, *, #4813, .T. );
#2974 = CARTESIAN_POINT( '', ( -6.00000000000000, 21.2500000000000, -8.00000000000000 ) );
#2975 = DIRECTION( '', ( -1.21027219254196E-16, -0.000000000000000, 1.00000000000000 ) );
#2976 = DIRECTION( '', ( 1.00000000000000, 0.000000000000000, 1.21027219254196E-16 ) );
#2977 = SURFACE_STYLE_FILL_AREA( #4814 );
#2978 = ORIENTED_EDGE( '', *, *, #4815, .T. );
#2979 = ORIENTED_EDGE( '', *, *, #4816, .F. );
#2980 = ORIENTED_EDGE( '', *, *, #4817, .T. );
#2981 = ORIENTED_EDGE( '', *, *, #4818, .T. );
#2982 = CARTESIAN_POINT( '', ( -7.78000000000000, -1.44000000000000, 27.4000000000000 ) );
#2983 = DIRECTION( '', ( 0.000000000000000, -1.00000000000000, 0.000000000000000 ) );
#2984 = DIRECTION( '', ( 0.000000000000000, 0.000000000000000, -1.00000000000000 ) );
#2985 = SURFACE_STYLE_FILL_AREA( #4819 );
#2986 = ORIENTED_EDGE( '', *, *, #4820, .T. );
#2987 = ORIENTED_EDGE( '', *, *, #4821, .T. );
#2988 = ORIENTED_EDGE( '', *, *, #4822, .F. );
#2989 = CARTESIAN_POINT( '', ( -13.5000000000000, 24.0500000000000, 28.0000000000000 ) );
#2990 = DIRECTION( '', ( -1.00000000000000, 0.000000000000000, 0.000000000000000 ) );
#2991 = DIRECTION( '', ( 0.000000000000000, 0.000000000000000, 1.00000000000000 ) );
#2992 = SURFACE_STYLE_FILL_AREA( #4823 );
#2993 = ORIENTED_EDGE( '', *, *, #4824, .T. );
#2994 = ORIENTED_EDGE( '', *, *, #4825, .T. );
#2995 = ORIENTED_EDGE( '', *, *, #4826, .T. );
#2996 = ORIENTED_EDGE( '', *, *, #4827, .F. );
#2997 = ORIENTED_EDGE( '', *, *, #4828, .F. );
#2998 = ORIENTED_EDGE( '', *, *, #4829, .F. );
#2999 = CARTESIAN_POINT( '', ( 13.5000000000000, 28.0000000000000, 0.500000000000000 ) );
#3000 = DIRECTION( '', ( 0.000000000000000, 0.000000000000000, -1.00000000000000 ) );
#3001 = DIRECTION( '', ( -1.00000000000000, 0.000000000000000, 0.000000000000000 ) );
#3002 = SURFACE_STYLE_FILL_AREA( #4830 );
#3003 = ORIENTED_EDGE( '', *, *, #4831, .F. );
#3004 = ORIENTED_EDGE( '', *, *, #4832, .F. );
#3005 = ORIENTED_EDGE( '', *, *, #4720, .T. );
#3006 = ORIENTED_EDGE( '', *, *, #4833, .F. );
#3007 = CARTESIAN_POINT( '', ( -9.12000000000000, 0.780000000000001, 27.4000000000000 ) );
#3008 = DIRECTION( '', ( 0.000000000000000, 1.00000000000000, -0.000000000000000 ) );
#3009 = DIRECTION( '', ( 0.000000000000000, 0.000000000000000, 1.00000000000000 ) );
#3010 = SURFACE_STYLE_FILL_AREA( #4834 );
#3011 = ORIENTED_EDGE( '', *, *, #4835, .T. );
#3012 = ORIENTED_EDGE( '', *, *, #4822, .T. );
#3013 = ORIENTED_EDGE( '', *, *, #4836, .F. );
#3014 = ORIENTED_EDGE( '', *, *, #4837, .T. );
#3015 = ORIENTED_EDGE( '', *, *, #4838, .T. );
#3016 = ORIENTED_EDGE( '', *, *, #4755, .F. );
#3017 = CARTESIAN_POINT( '', ( -13.7500000000000, 24.0500000000000, 28.0000000000000 ) );
#3018 = DIRECTION( '', ( 0.000000000000000, -0.000000000000000, 1.00000000000000 ) );
#3019 = DIRECTION( '', ( -1.00000000000000, 0.000000000000000, 0.000000000000000 ) );
#3020 = SURFACE_STYLE_FILL_AREA( #4839 );
#3021 = ORIENTED_EDGE( '', *, *, #4840, .F. );
#3022 = ORIENTED_EDGE( '', *, *, #4841, .T. );
#3023 = ORIENTED_EDGE( '', *, *, #4675, .T. );
#3024 = ORIENTED_EDGE( '', *, *, #4842, .F. );
#3025 = CARTESIAN_POINT( '', ( 1.25000000000000, 0.649519052838329, -20.1250000000000 ) );
#3026 = DIRECTION( '', ( 0.000000000000000, 0.000000000000000, -1.00000000000000 ) );
#3027 = DIRECTION( '', ( -1.00000000000000, 0.000000000000000, 0.000000000000000 ) );
#3028 = SURFACE_STYLE_FILL_AREA( #4843 );
#3029 = ORIENTED_EDGE( '', *, *, #4844, .T. );
#3030 = ORIENTED_EDGE( '', *, *, #4845, .F. );
#3031 = ORIENTED_EDGE( '', *, *, #4846, .F. );
#3032 = ORIENTED_EDGE( '', *, *, #4847, .T. );
#3033 = CARTESIAN_POINT( '', ( 6.00000000000000, 18.9405989232415, 6.38750000000000 ) );
#3034 = DIRECTION( '', ( 0.500000000000000, -0.866025403784438, 0.000000000000000 ) );
#3035 = DIRECTION( '', ( 0.866025403784438, 0.500000000000000, 0.000000000000000 ) );
#3036 = SURFACE_STYLE_FILL_AREA( #4848 );
#3037 = ORIENTED_EDGE( '', *, *, #4849, .F. );
#3038 = CARTESIAN_POINT( '', ( -23.2000000000000, 0.000000000000000, -21.5000000000000 ) );
#3039 = DIRECTION( '', ( 1.00000000000000, 0.000000000000000, 0.000000000000000 ) );
#3040 = DIRECTION( '', ( 0.000000000000000, 0.000000000000000, -1.00000000000000 ) );
#3041 = SURFACE_STYLE_FILL_AREA( #4850 );
#3042 = ORIENTED_EDGE( '', *, *, #4697, .F. );
#3043 = ORIENTED_EDGE( '', *, *, #4851, .F. );
#3044 = ORIENTED_EDGE( '', *, *, #4852, .T. );
#3045 = ORIENTED_EDGE( '', *, *, #4853, .F. );
#3046 = CARTESIAN_POINT( '', ( -7.00000000000000, -0.0900000000000003, 27.4000000000000 ) );
#3047 = DIRECTION( '', ( -0.000000000000000, -0.000000000000000, -1.00000000000000 ) );
#3048 = DIRECTION( '', ( 1.00000000000000, 0.000000000000000, -0.000000000000000 ) );
#3049 = SURFACE_STYLE_FILL_AREA( #4854 );
#3050 = ORIENTED_EDGE( '', *, *, #4855, .T. );
#3051 = ORIENTED_EDGE( '', *, *, #4856, .F. );
#3052 = ORIENTED_EDGE( '', *, *, #4857, .F. );
#3053 = ORIENTED_EDGE( '', *, *, #4858, .T. );
#3054 = CARTESIAN_POINT( '', ( -1.25000000000000, 0.649519052838329, 22.3750000000000 ) );
#3055 = DIRECTION( '', ( -0.000000000000000, 0.000000000000000, 1.00000000000000 ) );
#3056 = DIRECTION( '', ( 1.00000000000000, 0.000000000000000, 0.000000000000000 ) );
#3057 = SURFACE_STYLE_FILL_AREA( #4859 );
#3058 = ORIENTED_EDGE( '', *, *, #4860, .T. );
#3059 = CARTESIAN_POINT( '', ( 10.2000000000000, -21.5000000000000, 0.000000000000000 ) );
#3060 = DIRECTION( '', ( 1.00000000000000, 0.000000000000000, 0.000000000000000 ) );
#3061 = DIRECTION( '', ( 0.000000000000000, 0.000000000000000, -1.00000000000000 ) );
#3062 = SURFACE_STYLE_FILL_AREA( #4861 );
#3063 = ORIENTED_EDGE( '', *, *, #4862, .F. );
#3064 = ORIENTED_EDGE( '', *, *, #4815, .F. );
#3065 = ORIENTED_EDGE( '', *, *, #4863, .F. );
#3066 = ORIENTED_EDGE( '', *, *, #4864, .F. );
#3067 = CARTESIAN_POINT( '', ( 0.000000000000000, 0.000000000000000, 0.000000000000000 ) );
#3068 = DIRECTION( '', ( -1.00000000000000, -0.000000000000000, 0.000000000000000 ) );
#3069 = DIRECTION( '', ( -0.000000000000000, 0.000000000000000, -1.00000000000000 ) );
#3070 = SURFACE_STYLE_FILL_AREA( #4865 );
#3071 = ORIENTED_EDGE( '', *, *, #4866, .F. );
#3072 = ORIENTED_EDGE( '', *, *, #4867, .F. );
#3073 = CARTESIAN_POINT( '', ( 10.2000000000000, 21.5000000000000, 0.000000000000000 ) );
#3074 = DIRECTION( '', ( 1.00000000000000, -0.000000000000000, -0.000000000000000 ) );
#3075 = DIRECTION( '', ( 0.000000000000000, 0.000000000000000, 1.00000000000000 ) );
#3076 = SURFACE_STYLE_FILL_AREA( #4868 );
#3077 = ORIENTED_EDGE( '', *, *, #4869, .T. );
#3078 = ORIENTED_EDGE( '', *, *, #4870, .F. );
#3079 = CARTESIAN_POINT( '', ( 0.600000000000000, -21.5000000000000, 0.000000000000000 ) );
#3080 = DIRECTION( '', ( 1.00000000000000, -0.000000000000000, -0.000000000000000 ) );
#3081 = DIRECTION( '', ( 0.000000000000000, 0.000000000000000, 1.00000000000000 ) );
#3082 = SURFACE_STYLE_FILL_AREA( #4871 );
#3083 = ORIENTED_EDGE( '', *, *, #4872, .T. );
#3084 = ORIENTED_EDGE( '', *, *, #4873, .F. );
#3085 = CARTESIAN_POINT( '', ( 0.600000000000000, 21.5000000000000, 0.000000000000000 ) );
#3086 = DIRECTION( '', ( 1.00000000000000, -0.000000000000000, -0.000000000000000 ) );
#3087 = DIRECTION( '', ( 0.000000000000000, 0.000000000000000, 1.00000000000000 ) );
#3088 = SURFACE_STYLE_FILL_AREA( #4874 );
#3089 = ORIENTED_EDGE( '', *, *, #4875, .T. );
#3090 = ORIENTED_EDGE( '', *, *, #4665, .F. );
#3091 = ORIENTED_EDGE( '', *, *, #4876, .F. );
#3092 = ORIENTED_EDGE( '', *, *, #4877, .T. );
#3093 = CARTESIAN_POINT( '', ( -1.25000000000000, -1.29903810567666, 21.2500000000000 ) );
#3094 = DIRECTION( '', ( 0.000000000000000, -0.866025403784439, -0.500000000000000 ) );
#3095 = DIRECTION( '', ( 0.000000000000000, 0.500000000000000, -0.866025403784439 ) );
#3096 = SURFACE_STYLE_FILL_AREA( #4878 );
#3097 = ORIENTED_EDGE( '', *, *, #4879, .T. );
#3098 = ORIENTED_EDGE( '', *, *, #4880, .F. );
#3099 = CARTESIAN_POINT( '', ( 10.5000000000000, -21.2500000000000, -3.50000000000000 ) );
#3100 = DIRECTION( '', ( 0.000000000000000, 0.000000000000000, -1.00000000000000 ) );
#3101 = DIRECTION( '', ( -1.00000000000000, 0.000000000000000, 0.000000000000000 ) );
#3102 = SURFACE_STYLE_FILL_AREA( #4881 );
#3103 = ORIENTED_EDGE( '', *, *, #4688, .F. );
#3104 = ORIENTED_EDGE( '', *, *, #4882, .T. );
#3105 = CARTESIAN_POINT( '', ( -6.00000000000000, 21.2500000000000, 13.5000000000000 ) );
#3106 = DIRECTION( '', ( 1.21027219254196E-16, 0.000000000000000, -1.00000000000000 ) );
#3107 = DIRECTION( '', ( 1.00000000000000, 0.000000000000000, 1.21027219254196E-16 ) );
#3108 = SURFACE_STYLE_FILL_AREA( #4883 );
#3109 = ORIENTED_EDGE( '', *, *, #4884, .F. );
#3110 = ORIENTED_EDGE( '', *, *, #4885, .F. );
#3111 = ORIENTED_EDGE( '', *, *, #4886, .F. );
#3112 = ORIENTED_EDGE( '', *, *, #4887, .F. );
#3113 = ORIENTED_EDGE( '', *, *, #4888, .F. );
#3114 = ORIENTED_EDGE( '', *, *, #4889, .F. );
#3115 = CARTESIAN_POINT( '', ( 0.000000000000000, 0.000000000000000, -6.38750000000000 ) );
#3116 = DIRECTION( '', ( 0.000000000000000, 0.000000000000000, 1.00000000000000 ) );
#3117 = DIRECTION( '', ( 1.00000000000000, 0.000000000000000, -0.000000000000000 ) );
#3118 = SURFACE_STYLE_FILL_AREA( #4890 );
#3119 = ORIENTED_EDGE( '', *, *, #4891, .T. );
#3120 = ORIENTED_EDGE( '', *, *, #4892, .T. );
#3121 = CARTESIAN_POINT( '', ( -10.2000000000000, 21.5000000000000, 0.000000000000000 ) );
#3122 = DIRECTION( '', ( -1.00000000000000, -0.000000000000000, -0.000000000000000 ) );
#3123 = DIRECTION( '', ( 0.000000000000000, 0.000000000000000, -1.00000000000000 ) );
#3124 = SURFACE_STYLE_FILL_AREA( #4893 );
#3125 = ORIENTED_EDGE( '', *, *, #4894, .T. );
#3126 = ORIENTED_EDGE( '', *, *, #4895, .F. );
#3127 = CARTESIAN_POINT( '', ( -10.5000000000000, -21.2500000000000, 3.50000000000000 ) );
#3128 = DIRECTION( '', ( -1.23908819712629E-16, 0.000000000000000, 1.00000000000000 ) );
#3129 = DIRECTION( '', ( 1.00000000000000, 0.000000000000000, 1.23908819712629E-16 ) );
#3130 = SURFACE_STYLE_FILL_AREA( #4896 );
#3131 = ORIENTED_EDGE( '', *, *, #4722, .F. );
#3132 = ORIENTED_EDGE( '', *, *, #4897, .F. );
#3133 = ORIENTED_EDGE( '', *, *, #4898, .T. );
#3134 = ORIENTED_EDGE( '', *, *, #4899, .F. );
#3135 = CARTESIAN_POINT( '', ( -9.47147186257614, -1.98000000000000, 27.4000000000000 ) );
#3136 = DIRECTION( '', ( 0.000000000000000, -1.00000000000000, 0.000000000000000 ) );
#3137 = DIRECTION( '', ( 0.000000000000000, 0.000000000000000, -1.00000000000000 ) );
#3138 = SURFACE_STYLE_FILL_AREA( #4900 );
#3139 = ORIENTED_EDGE( '', *, *, #4901, .T. );
#3140 = ORIENTED_EDGE( '', *, *, #4902, .F. );
#3141 = CARTESIAN_POINT( '', ( 7.00000000000000, 0.000000000000000, 0.000000000000000 ) );
#3142 = DIRECTION( '', ( -1.00000000000000, -0.000000000000000, 0.000000000000000 ) );
#3143 = DIRECTION( '', ( -0.000000000000000, 0.000000000000000, -1.00000000000000 ) );
#3144 = SURFACE_STYLE_FILL_AREA( #4903 );
#3145 = ORIENTED_EDGE( '', *, *, #4904, .T. );
#3146 = ORIENTED_EDGE( '', *, *, #4743, .F. );
#3147 = ORIENTED_EDGE( '', *, *, #4785, .F. );
#3148 = ORIENTED_EDGE( '', *, *, #4905, .T. );
#3149 = CARTESIAN_POINT( '', ( -8.00000000000000, -20.0952994616207, 6.38750000000000 ) );
#3150 = DIRECTION( '', ( -1.00000000000000, 0.000000000000000, 0.000000000000000 ) );
#3151 = DIRECTION( '', ( 0.000000000000000, 0.000000000000000, 1.00000000000000 ) );
#3152 = SURFACE_STYLE_FILL_AREA( #4906 );
#3153 = ORIENTED_EDGE( '', *, *, #4907, .T. );
#3154 = ORIENTED_EDGE( '', *, *, #4781, .T. );
#3155 = ORIENTED_EDGE( '', *, *, #4908, .F. );
#3156 = ORIENTED_EDGE( '', *, *, #4909, .T. );
#3157 = CARTESIAN_POINT( '', ( -13.5000000000000, -28.0000000000000, 28.0000000000000 ) );
#3158 = DIRECTION( '', ( -1.00000000000000, 0.000000000000000, 0.000000000000000 ) );
#3159 = DIRECTION( '', ( 0.000000000000000, 0.000000000000000, 1.00000000000000 ) );
#3160 = SURFACE_STYLE_FILL_AREA( #4910 );
#3161 = ORIENTED_EDGE( '', *, *, #4911, .T. );
#3162 = ORIENTED_EDGE( '', *, *, #4912, .F. );
#3163 = CARTESIAN_POINT( '', ( 20.0000000000000, 0.000000000000000, 21.5000000000000 ) );
#3164 = DIRECTION( '', ( -1.00000000000000, -0.000000000000000, -0.000000000000000 ) );
#3165 = DIRECTION( '', ( 0.000000000000000, 0.000000000000000, -1.00000000000000 ) );
#3166 = SURFACE_STYLE_FILL_AREA( #4913 );
#3167 = ORIENTED_EDGE( '', *, *, #4914, .T. );
#3168 = ORIENTED_EDGE( '', *, *, #4915, .F. );
#3169 = CARTESIAN_POINT( '', ( 0.000000000000000, 0.000000000000000, -21.2500000000000 ) );
#3170 = DIRECTION( '', ( -1.00000000000000, -0.000000000000000, 0.000000000000000 ) );
#3171 = DIRECTION( '', ( -0.000000000000000, 0.000000000000000, -1.00000000000000 ) );
#3172 = SURFACE_STYLE_FILL_AREA( #4916 );
#3173 = ORIENTED_EDGE( '', *, *, #4917, .F. );
#3174 = ORIENTED_EDGE( '', *, *, #4918, .T. );
#3175 = CARTESIAN_POINT( '', ( 19.7500000000000, 0.000000000000000, 0.000000000000000 ) );
#3176 = DIRECTION( '', ( -1.00000000000000, 0.000000000000000, -0.000000000000000 ) );
#3177 = DIRECTION( '', ( 0.000000000000000, 0.000000000000000, 1.00000000000000 ) );
#3178 = SURFACE_STYLE_FILL_AREA( #4919 );
#3179 = ORIENTED_EDGE( '', *, *, #4920, .F. );
#3180 = ORIENTED_EDGE( '', *, *, #4921, .T. );
#3181 = ORIENTED_EDGE( '', *, *, #4922, .T. );
#3182 = ORIENTED_EDGE( '', *, *, #4923, .F. );
#3183 = CARTESIAN_POINT( '', ( 1.25000000000000, -0.649519052838329, -22.3750000000000 ) );
#3184 = DIRECTION( '', ( 0.000000000000000, 0.000000000000000, 1.00000000000000 ) );
#3185 = DIRECTION( '', ( 1.00000000000000, 0.000000000000000, -0.000000000000000 ) );
#3186 = SURFACE_STYLE_FILL_AREA( #4924 );
#3187 = ORIENTED_EDGE( '', *, *, #4925, .F. );
#3188 = ORIENTED_EDGE( '', *, *, #4926, .T. );
#3189 = CARTESIAN_POINT( '', ( -20.0000000000000, 0.000000000000000, 0.000000000000000 ) );
#3190 = DIRECTION( '', ( 1.00000000000000, -0.000000000000000, -0.000000000000000 ) );
#3191 = DIRECTION( '', ( -0.000000000000000, 0.000000000000000, -1.00000000000000 ) );
#3192 = SURFACE_STYLE_FILL_AREA( #4927 );
#3193 = ORIENTED_EDGE( '', *, *, #4757, .T. );
#3194 = ORIENTED_EDGE( '', *, *, #4928, .F. );
#3195 = CARTESIAN_POINT( '', ( 0.000000000000000, 0.000000000000000, -21.2500000000000 ) );
#3196 = DIRECTION( '', ( -1.00000000000000, -0.000000000000000, 0.000000000000000 ) );
#3197 = DIRECTION( '', ( -0.000000000000000, 0.000000000000000, -1.00000000000000 ) );
#3198 = SURFACE_STYLE_FILL_AREA( #4929 );
#3199 = ORIENTED_EDGE( '', *, *, #4930, .F. );
#3200 = ORIENTED_EDGE( '', *, *, #4931, .F. );
#3201 = ORIENTED_EDGE( '', *, *, #4932, .F. );
#3202 = ORIENTED_EDGE( '', *, *, #4933, .T. );
#3203 = CARTESIAN_POINT( '', ( -11.8800000000000, 0.780000000000000, 27.4000000000000 ) );
#3204 = DIRECTION( '', ( -1.00000000000000, 0.000000000000000, 0.000000000000000 ) );
#3205 = DIRECTION( '', ( 0.000000000000000, 0.000000000000000, 1.00000000000000 ) );
#3206 = SURFACE_STYLE_FILL_AREA( #4934 );
#3207 = ORIENTED_EDGE( '', *, *, #4860, .F. );
#3208 = ORIENTED_EDGE( '', *, *, #4935, .T. );
#3209 = CARTESIAN_POINT( '', ( 10.2000000000000, -21.5000000000000, 0.000000000000000 ) );
#3210 = DIRECTION( '', ( 1.00000000000000, -0.000000000000000, -0.000000000000000 ) );
#3211 = DIRECTION( '', ( 0.000000000000000, 0.000000000000000, 1.00000000000000 ) );
#3212 = SURFACE_STYLE_FILL_AREA( #4936 );
#3213 = ORIENTED_EDGE( '', *, *, #4705, .F. );
#3214 = ORIENTED_EDGE( '', *, *, #4937, .T. );
#3215 = CARTESIAN_POINT( '', ( 6.00000000000000, -21.2500000000000, -7.70000000000000 ) );
#3216 = DIRECTION( '', ( 0.000000000000000, -0.000000000000000, 1.00000000000000 ) );
#3217 = DIRECTION( '', ( 1.00000000000000, 0.000000000000000, -0.000000000000000 ) );
#3218 = SURFACE_STYLE_FILL_AREA( #4938 );
#3219 = ORIENTED_EDGE( '', *, *, #4939, .T. );
#3220 = ORIENTED_EDGE( '', *, *, #4684, .T. );
#3221 = CARTESIAN_POINT( '', ( 6.00000000000000, -21.2500000000000, 28.0000000000000 ) );
#3222 = DIRECTION( '', ( -0.000000000000000, 0.000000000000000, -1.00000000000000 ) );
#3223 = DIRECTION( '', ( 1.00000000000000, 0.000000000000000, 0.000000000000000 ) );
#3224 = SURFACE_STYLE_FILL_AREA( #4940 );
#3225 = ORIENTED_EDGE( '', *, *, #4941, .T. );
#3226 = CARTESIAN_POINT( '', ( -3.99050000000000, 21.2500000000000, 13.5000000000000 ) );
#3227 = DIRECTION( '', ( 1.21027219254196E-16, 0.000000000000000, -1.00000000000000 ) );
#3228 = DIRECTION( '', ( -1.00000000000000, 0.000000000000000, -1.21027219254196E-16 ) );
#3229 = SURFACE_STYLE_FILL_AREA( #4942 );
#3230 = ORIENTED_EDGE( '', *, *, #4943, .F. );
#3231 = ORIENTED_EDGE( '', *, *, #4944, .F. );
#3232 = ORIENTED_EDGE( '', *, *, #4945, .T. );
#3233 = ORIENTED_EDGE( '', *, *, #4946, .F. );
#3234 = CARTESIAN_POINT( '', ( -4.78000000000000, 0.780000000000000, 27.4000000000000 ) );
#3235 = DIRECTION( '', ( 0.000000000000000, 1.00000000000000, -0.000000000000000 ) );
#3236 = DIRECTION( '', ( 0.000000000000000, 0.000000000000000, 1.00000000000000 ) );
#3237 = SURFACE_STYLE_FILL_AREA( #4947 );
#3238 = ORIENTED_EDGE( '', *, *, #4685, .F. );
#3239 = ORIENTED_EDGE( '', *, *, #4948, .F. );
#3240 = CARTESIAN_POINT( '', ( 6.00000000000000, -21.2500000000000, -8.00000000000000 ) );
#3241 = DIRECTION( '', ( 0.000000000000000, -0.000000000000000, 1.00000000000000 ) );
#3242 = DIRECTION( '', ( -1.00000000000000, 0.000000000000000, 0.000000000000000 ) );
#3243 = SURFACE_STYLE_FILL_AREA( #4949 );
#3244 = ORIENTED_EDGE( '', *, *, #4950, .T. );
#3245 = ORIENTED_EDGE( '', *, *, #4951, .F. );
#3246 = CARTESIAN_POINT( '', ( 0.000000000000000, 0.000000000000000, 21.2500000000000 ) );
#3247 = DIRECTION( '', ( -1.00000000000000, -0.000000000000000, 0.000000000000000 ) );
#3248 = DIRECTION( '', ( -0.000000000000000, 0.000000000000000, -1.00000000000000 ) );
#3249 = SURFACE_STYLE_FILL_AREA( #4952 );
#3250 = ORIENTED_EDGE( '', *, *, #4953, .T. );
#3251 = ORIENTED_EDGE( '', *, *, #4954, .F. );
#3252 = ORIENTED_EDGE( '', *, *, #4955, .F. );
#3253 = ORIENTED_EDGE( '', *, *, #4787, .F. );
#3254 = CARTESIAN_POINT( '', ( -4.00000000000000, -22.4047005383793, 6.38750000000000 ) );
#3255 = DIRECTION( '', ( 1.00000000000000, 0.000000000000000, 0.000000000000000 ) );
#3256 = DIRECTION( '', ( 0.000000000000000, 0.000000000000000, -1.00000000000000 ) );
#3257 = SURFACE_STYLE_FILL_AREA( #4956 );
#3258 = ORIENTED_EDGE( '', *, *, #4957, .T. );
#3259 = ORIENTED_EDGE( '', *, *, #4837, .F. );
#3260 = ORIENTED_EDGE( '', *, *, #4958, .T. );
#3261 = CARTESIAN_POINT( '', ( -13.5000000000000, 24.0500000000000, 28.0000000000000 ) );
#3262 = DIRECTION( '', ( -1.00000000000000, 0.000000000000000, 0.000000000000000 ) );
#3263 = DIRECTION( '', ( 0.000000000000000, 0.000000000000000, 1.00000000000000 ) );
#3264 = SURFACE_STYLE_FILL_AREA( #4959 );
#3265 = ORIENTED_EDGE( '', *, *, #4808, .F. );
#3266 = ORIENTED_EDGE( '', *, *, #4960, .F. );
#3267 = ORIENTED_EDGE( '', *, *, #4889, .T. );
#3268 = ORIENTED_EDGE( '', *, *, #4961, .T. );
#3269 = CARTESIAN_POINT( '', ( -8.00000000000000, 22.4047005383792, -6.38750000000000 ) );
#3270 = DIRECTION( '', ( 1.00000000000000, 0.000000000000000, -0.000000000000000 ) );
#3271 = DIRECTION( '', ( -0.000000000000000, 0.000000000000000, -1.00000000000000 ) );
#3272 = SURFACE_STYLE_FILL_AREA( #4962 );
#3273 = ORIENTED_EDGE( '', *, *, #4963, .T. );
#3274 = ORIENTED_EDGE( '', *, *, #4964, .F. );
#3275 = CARTESIAN_POINT( '', ( 4.00000000000000, 3.00000000000000, -21.2500000000000 ) );
#3276 = DIRECTION( '', ( -1.00000000000000, 0.000000000000000, 0.000000000000000 ) );
#3277 = DIRECTION( '', ( 0.000000000000000, 0.000000000000000, 1.00000000000000 ) );
#3278 = SURFACE_STYLE_FILL_AREA( #4965 );
#3279 = ORIENTED_EDGE( '', *, *, #4966, .T. );
#3280 = ORIENTED_EDGE( '', *, *, #4858, .F. );
#3281 = ORIENTED_EDGE( '', *, *, #4967, .F. );
#3282 = ORIENTED_EDGE( '', *, *, #4968, .T. );
#3283 = CARTESIAN_POINT( '', ( -1.25000000000000, 1.29903810567666, 21.2500000000000 ) );
#3284 = DIRECTION( '', ( -0.000000000000000, 0.866025403784438, 0.500000000000001 ) );
#3285 = DIRECTION( '', ( 0.000000000000000, -0.500000000000001, 0.866025403784438 ) );
#3286 = SURFACE_STYLE_FILL_AREA( #4969 );
#3287 = ORIENTED_EDGE( '', *, *, #4970, .T. );
#3288 = ORIENTED_EDGE( '', *, *, #4953, .F. );
#3289 = ORIENTED_EDGE( '', *, *, #4786, .F. );
#3290 = ORIENTED_EDGE( '', *, *, #4741, .T. );
#3291 = CARTESIAN_POINT( '', ( -6.00000000000000, -23.5594010767585, 6.38750000000000 ) );
#3292 = DIRECTION( '', ( 0.499999999999998, -0.866025403784440, 0.000000000000000 ) );
#3293 = DIRECTION( '', ( 0.866025403784440, 0.499999999999998, 0.000000000000000 ) );
#3294 = SURFACE_STYLE_FILL_AREA( #4971 );
#3295 = ORIENTED_EDGE( '', *, *, #4703, .F. );
#3296 = ORIENTED_EDGE( '', *, *, #4972, .F. );
#3297 = ORIENTED_EDGE( '', *, *, #4766, .T. );
#3298 = ORIENTED_EDGE( '', *, *, #4671, .T. );
#3299 = CARTESIAN_POINT( '', ( 6.00000000000000, -23.5594010767585, -6.38750000000000 ) );
#3300 = DIRECTION( '', ( -0.500000000000000, 0.866025403784438, 0.000000000000000 ) );
#3301 = DIRECTION( '', ( -0.866025403784438, -0.500000000000000, 0.000000000000000 ) );
#3302 = SURFACE_STYLE_FILL_AREA( #4973 );
#3303 = ORIENTED_EDGE( '', *, *, #4974, .T. );
#3304 = ORIENTED_EDGE( '', *, *, #4975, .T. );
#3305 = CARTESIAN_POINT( '', ( -6.00000000000000, 21.2500000000000, -28.0000000000000 ) );
#3306 = DIRECTION( '', ( -1.23908819712629E-16, -0.000000000000000, 1.00000000000000 ) );
#3307 = DIRECTION( '', ( -1.00000000000000, 0.000000000000000, -1.23908819712629E-16 ) );
#3308 = SURFACE_STYLE_FILL_AREA( #4976 );
#3309 = ORIENTED_EDGE( '', *, *, #4977, .T. );
#3310 = ORIENTED_EDGE( '', *, *, #4968, .F. );
#3311 = ORIENTED_EDGE( '', *, *, #4978, .F. );
#3312 = ORIENTED_EDGE( '', *, *, #4663, .T. );
#3313 = CARTESIAN_POINT( '', ( -1.25000000000000, 0.649519052838329, 20.1250000000000 ) );
#3314 = DIRECTION( '', ( 0.000000000000000, 0.866025403784439, -0.500000000000000 ) );
#3315 = DIRECTION( '', ( 0.000000000000000, 0.500000000000000, 0.866025403784439 ) );
#3316 = SURFACE_STYLE_FILL_AREA( #4979 );
#3317 = ORIENTED_EDGE( '', *, *, #4980, .T. );
#3318 = ORIENTED_EDGE( '', *, *, #4981, .F. );
#3319 = ORIENTED_EDGE( '', *, *, #4982, .F. );
#3320 = CARTESIAN_POINT( '', ( 13.5000000000000, -24.0500000000000, 28.0000000000000 ) );
#3321 = DIRECTION( '', ( 1.00000000000000, 0.000000000000000, -0.000000000000000 ) );
#3322 = DIRECTION( '', ( -0.000000000000000, 0.000000000000000, -1.00000000000000 ) );
#3323 = SURFACE_STYLE_FILL_AREA( #4983 );
#3324 = ORIENTED_EDGE( '', *, *, #4928, .T. );
#3325 = ORIENTED_EDGE( '', *, *, #4914, .F. );
#3326 = CARTESIAN_POINT( '', ( -4.00000000000000, 2.54999999999999, -21.2500000000000 ) );
#3327 = DIRECTION( '', ( 1.00000000000000, 0.000000000000000, -0.000000000000000 ) );
#3328 = DIRECTION( '', ( -0.000000000000000, 0.000000000000000, -1.00000000000000 ) );
#3329 = SURFACE_STYLE_FILL_AREA( #4984 );
#3330 = ORIENTED_EDGE( '', *, *, #4898, .F. );
#3331 = ORIENTED_EDGE( '', *, *, #4985, .F. );
#3332 = ORIENTED_EDGE( '', *, *, #4986, .T. );
#3333 = ORIENTED_EDGE( '', *, *, #4987, .F. );
#3334 = CARTESIAN_POINT( '', ( -9.47147186257615, -1.38000000000001, 27.4000000000000 ) );
#3335 = DIRECTION( '', ( -0.000000000000000, -0.000000000000000, -1.00000000000000 ) );
#3336 = DIRECTION( '', ( 1.00000000000000, 0.000000000000000, -0.000000000000000 ) );
#3337 = SURFACE_STYLE_FILL_AREA( #4988 );
#3338 = ORIENTED_EDGE( '', *, *, #4811, .T. );
#3339 = ORIENTED_EDGE( '', *, *, #4989, .F. );
#3340 = ORIENTED_EDGE( '', *, *, #4886, .T. );
#3341 = ORIENTED_EDGE( '', *, *, #4990, .T. );
#3342 = CARTESIAN_POINT( '', ( -4.00000000000000, 20.0952994616208, -6.38750000000000 ) );
#3343 = DIRECTION( '', ( -1.00000000000000, 0.000000000000000, 0.000000000000000 ) );
#3344 = DIRECTION( '', ( 0.000000000000000, 0.000000000000000, 1.00000000000000 ) );
#3345 = SURFACE_STYLE_FILL_AREA( #4991 );
#3346 = ORIENTED_EDGE( '', *, *, #4964, .T. );
#3347 = ORIENTED_EDGE( '', *, *, #4992, .F. );
#3348 = CARTESIAN_POINT( '', ( 0.200000000000000, 0.000000000000000, -21.2500000000000 ) );
#3349 = DIRECTION( '', ( -1.00000000000000, -0.000000000000000, 0.000000000000000 ) );
#3350 = DIRECTION( '', ( -0.000000000000000, 0.000000000000000, -1.00000000000000 ) );
#3351 = SURFACE_STYLE_FILL_AREA( #4993 );
#3352 = ORIENTED_EDGE( '', *, *, #4994, .T. );
#3353 = ORIENTED_EDGE( '', *, *, #4995, .F. );
#3354 = CARTESIAN_POINT( '', ( 6.00000000000000, 21.2500000000000, 28.0000000000000 ) );
#3355 = DIRECTION( '', ( -0.000000000000000, 0.000000000000000, -1.00000000000000 ) );
#3356 = DIRECTION( '', ( 1.00000000000000, 0.000000000000000, 0.000000000000000 ) );
#3357 = SURFACE_STYLE_FILL_AREA( #4996 );
#3358 = ORIENTED_EDGE( '', *, *, #4810, .F. );
#3359 = ORIENTED_EDGE( '', *, *, #4997, .F. );
#3360 = ORIENTED_EDGE( '', *, *, #4887, .T. );
#3361 = ORIENTED_EDGE( '', *, *, #4989, .T. );
#3362 = CARTESIAN_POINT( '', ( -6.00000000000000, 18.9405989232415, -6.38750000000000 ) );
#3363 = DIRECTION( '', ( -0.500000000000005, 0.866025403784436, 0.000000000000000 ) );
#3364 = DIRECTION( '', ( -0.866025403784436, -0.500000000000005, 0.000000000000000 ) );
#3365 = SURFACE_STYLE_FILL_AREA( #4998 );
#3366 = ORIENTED_EDGE( '', *, *, #4999, .F. );
#3367 = ORIENTED_EDGE( '', *, *, #5000, .F. );
#3368 = ORIENTED_EDGE( '', *, *, #5001, .F. );
#3369 = ORIENTED_EDGE( '', *, *, #5002, .F. );
#3370 = CARTESIAN_POINT( '', ( 0.000000000000000, 0.000000000000000, 0.000000000000000 ) );
#3371 = DIRECTION( '', ( -1.00000000000000, -0.000000000000000, 0.000000000000000 ) );
#3372 = DIRECTION( '', ( -0.000000000000000, 0.000000000000000, -1.00000000000000 ) );
#3373 = SURFACE_STYLE_FILL_AREA( #5003 );
#3374 = ORIENTED_EDGE( '', *, *, #5004, .T. );
#3375 = ORIENTED_EDGE( '', *, *, #5005, .F. );
#3376 = CARTESIAN_POINT( '', ( 0.000000000000000, 0.000000000000000, 21.2500000000000 ) );
#3377 = DIRECTION( '', ( -1.00000000000000, -0.000000000000000, 0.000000000000000 ) );
#3378 = DIRECTION( '', ( -0.000000000000000, 0.000000000000000, -1.00000000000000 ) );
#3379 = SURFACE_STYLE_FILL_AREA( #5006 );
#3380 = ORIENTED_EDGE( '', *, *, #5007, .T. );
#3381 = ORIENTED_EDGE( '', *, *, #5008, .F. );
#3382 = ORIENTED_EDGE( '', *, *, #4736, .F. );
#3383 = ORIENTED_EDGE( '', *, *, #5009, .T. );
#3384 = CARTESIAN_POINT( '', ( -1.25000000000000, -1.29903810567666, -21.2500000000000 ) );
#3385 = DIRECTION( '', ( 0.000000000000000, -0.866025403784438, -0.500000000000001 ) );
#3386 = DIRECTION( '', ( 0.000000000000000, 0.500000000000001, -0.866025403784438 ) );
#3387 = SURFACE_STYLE_FILL_AREA( #5010 );
#3388 = ORIENTED_EDGE( '', *, *, #4937, .F. );
#3389 = ORIENTED_EDGE( '', *, *, #4879, .F. );
#3390 = CARTESIAN_POINT( '', ( 6.00000000000000, -21.2500000000000, -8.00000000000000 ) );
#3391 = DIRECTION( '', ( 0.000000000000000, -0.000000000000000, 1.00000000000000 ) );
#3392 = DIRECTION( '', ( -1.00000000000000, 0.000000000000000, 0.000000000000000 ) );
#3393 = SURFACE_STYLE_FILL_AREA( #5011 );
#3394 = ORIENTED_EDGE( '', *, *, #5012, .T. );
#3395 = ORIENTED_EDGE( '', *, *, #5013, .T. );
#3396 = ORIENTED_EDGE( '', *, *, #5014, .F. );
#3397 = ORIENTED_EDGE( '', *, *, #5015, .F. );
#3398 = CARTESIAN_POINT( '', ( -13.7500000000000, 11.5000000000000, 28.0000000000000 ) );
#3399 = DIRECTION( '', ( 0.000000000000000, -0.000000000000000, 1.00000000000000 ) );
#3400 = DIRECTION( '', ( -1.00000000000000, 0.000000000000000, 0.000000000000000 ) );
#3401 = SURFACE_STYLE_FILL_AREA( #5016 );
#3402 = ORIENTED_EDGE( '', *, *, #5017, .F. );
#3403 = ORIENTED_EDGE( '', *, *, #5018, .F. );
#3404 = ORIENTED_EDGE( '', *, *, #4657, .T. );
#3405 = ORIENTED_EDGE( '', *, *, #5019, .F. );
#3406 = CARTESIAN_POINT( '', ( -11.5285281374239, 0.180000000000003, 27.4000000000000 ) );
#3407 = DIRECTION( '', ( -0.000000000000000, -0.000000000000000, -1.00000000000000 ) );
#3408 = DIRECTION( '', ( 1.00000000000000, 0.000000000000000, -0.000000000000000 ) );
#3409 = SURFACE_STYLE_FILL_AREA( #5020 );
#3410 = ORIENTED_EDGE( '', *, *, #4986, .F. );
#3411 = ORIENTED_EDGE( '', *, *, #5021, .F. );
#3412 = ORIENTED_EDGE( '', *, *, #4793, .T. );
#3413 = ORIENTED_EDGE( '', *, *, #5022, .F. );
#3414 = CARTESIAN_POINT( '', ( -11.2800000000000, -0.420000000000000, 27.4000000000000 ) );
#3415 = DIRECTION( '', ( -0.707106781186547, -0.707106781186548, 0.000000000000000 ) );
#3416 = DIRECTION( '', ( 0.707106781186548, -0.707106781186547, 0.000000000000000 ) );
#3417 = SURFACE_STYLE_FILL_AREA( #5023 );
#3418 = ORIENTED_EDGE( '', *, *, #5024, .F. );
#3419 = ORIENTED_EDGE( '', *, *, #5025, .F. );
#3420 = ORIENTED_EDGE( '', *, *, #5026, .T. );
#3421 = ORIENTED_EDGE( '', *, *, #5027, .T. );
#3422 = ORIENTED_EDGE( '', *, *, #5028, .T. );
#3423 = ORIENTED_EDGE( '', *, *, #5029, .F. );
#3424 = CARTESIAN_POINT( '', ( -13.5000000000000, 28.0000000000000, 0.500000000000000 ) );
#3425 = DIRECTION( '', ( -0.000000000000000, 0.000000000000000, 1.00000000000000 ) );
#3426 = DIRECTION( '', ( 1.00000000000000, 0.000000000000000, 0.000000000000000 ) );
#3427 = SURFACE_STYLE_FILL_AREA( #5030 );
#3428 = ORIENTED_EDGE( '', *, *, #5031, .T. );
#3429 = ORIENTED_EDGE( '', *, *, #4867, .T. );
#3430 = ORIENTED_EDGE( '', *, *, #4935, .F. );
#3431 = ORIENTED_EDGE( '', *, *, #4901, .F. );
#3432 = CARTESIAN_POINT( '', ( 7.00000000000000, 14.2500000000000, 0.000000000000000 ) );
#3433 = DIRECTION( '', ( 1.00000000000000, 0.000000000000000, -0.000000000000000 ) );
#3434 = DIRECTION( '', ( -0.000000000000000, 0.000000000000000, -1.00000000000000 ) );
#3435 = SURFACE_STYLE_FILL_AREA( #5032 );
#3436 = ORIENTED_EDGE( '', *, *, #5033, .T. );
#3437 = CARTESIAN_POINT( '', ( 3.99050000000000, 21.2500000000000, -13.5000000000000 ) );
#3438 = DIRECTION( '', ( 0.000000000000000, 0.000000000000000, 1.00000000000000 ) );
#3439 = DIRECTION( '', ( 1.00000000000000, 0.000000000000000, -0.000000000000000 ) );
#3440 = SURFACE_STYLE_FILL_AREA( #5034 );
#3441 = ORIENTED_EDGE( '', *, *, #5035, .F. );
#3442 = ORIENTED_EDGE( '', *, *, #5036, .T. );
#3443 = ORIENTED_EDGE( '', *, *, #5037, .T. );
#3444 = ORIENTED_EDGE( '', *, *, #5038, .T. );
#3445 = CARTESIAN_POINT( '', ( 0.999999999999999, 0.000000000000000, 0.000000000000000 ) );
#3446 = DIRECTION( '', ( 1.00000000000000, 0.000000000000000, -0.000000000000000 ) );
#3447 = DIRECTION( '', ( -0.000000000000000, 0.000000000000000, -1.00000000000000 ) );
#3448 = SURFACE_STYLE_FILL_AREA( #5039 );
#3449 = ORIENTED_EDGE( '', *, *, #5040, .T. );
#3450 = ORIENTED_EDGE( '', *, *, #5041, .F. );
#3451 = CARTESIAN_POINT( '', ( 0.600000000000000, 0.000000000000000, -21.5000000000000 ) );
#3452 = DIRECTION( '', ( 1.00000000000000, -0.000000000000000, -0.000000000000000 ) );
#3453 = DIRECTION( '', ( 0.000000000000000, 0.000000000000000, 1.00000000000000 ) );
#3454 = SURFACE_STYLE_FILL_AREA( #5042 );
#3455 = ORIENTED_EDGE( '', *, *, #5043, .T. );
#3456 = ORIENTED_EDGE( '', *, *, #4905, .F. );
#3457 = ORIENTED_EDGE( '', *, *, #4784, .F. );
#3458 = ORIENTED_EDGE( '', *, *, #5044, .T. );
#3459 = CARTESIAN_POINT( '', ( -6.00000000000000, -18.9405989232415, 6.38750000000000 ) );
#3460 = DIRECTION( '', ( -0.499999999999998, 0.866025403784440, 0.000000000000000 ) );
#3461 = DIRECTION( '', ( -0.866025403784440, -0.499999999999998, 0.000000000000000 ) );
#3462 = SURFACE_STYLE_FILL_AREA( #5045 );
#3463 = ORIENTED_EDGE( '', *, *, #5046, .T. );
#3464 = ORIENTED_EDGE( '', *, *, #5047, .F. );
#3465 = ORIENTED_EDGE( '', *, *, #5048, .F. );
#3466 = ORIENTED_EDGE( '', *, *, #5049, .F. );
#3467 = CARTESIAN_POINT( '', ( 4.00000000000000, 22.4047005383793, 6.38750000000000 ) );
#3468 = DIRECTION( '', ( -1.00000000000000, 0.000000000000000, 0.000000000000000 ) );
#3469 = DIRECTION( '', ( 0.000000000000000, 0.000000000000000, 1.00000000000000 ) );
#3470 = SURFACE_STYLE_FILL_AREA( #5050 );
#3471 = ORIENTED_EDGE( '', *, *, #4992, .T. );
#3472 = ORIENTED_EDGE( '', *, *, #5051, .T. );
#3473 = ORIENTED_EDGE( '', *, *, #5037, .F. );
#3474 = ORIENTED_EDGE( '', *, *, #5052, .T. );
#3475 = ORIENTED_EDGE( '', *, *, #5053, .T. );
#3476 = CARTESIAN_POINT( '', ( 0.000000000000000, 0.000000000000000, 0.000000000000000 ) );
#3477 = DIRECTION( '', ( 1.00000000000000, 0.000000000000000, -0.000000000000000 ) );
#3478 = DIRECTION( '', ( -0.000000000000000, 0.000000000000000, -1.00000000000000 ) );
#3479 = SURFACE_STYLE_FILL_AREA( #5054 );
#3480 = ORIENTED_EDGE( '', *, *, #4774, .F. );
#3481 = ORIENTED_EDGE( '', *, *, #4917, .T. );
#3482 = ORIENTED_EDGE( '', *, *, #5055, .F. );
#3483 = ORIENTED_EDGE( '', *, *, #4911, .F. );
#3484 = CARTESIAN_POINT( '', ( 20.0000000000000, 27.7500000000000, 0.000000000000000 ) );
#3485 = DIRECTION( '', ( -1.00000000000000, 0.000000000000000, 0.000000000000000 ) );
#3486 = DIRECTION( '', ( 0.000000000000000, 0.000000000000000, 1.00000000000000 ) );
#3487 = SURFACE_STYLE_FILL_AREA( #5056 );
#3488 = ORIENTED_EDGE( '', *, *, #5057, .F. );
#3489 = ORIENTED_EDGE( '', *, *, #5058, .T. );
#3490 = ORIENTED_EDGE( '', *, *, #5059, .T. );
#3491 = ORIENTED_EDGE( '', *, *, #4726, .F. );
#3492 = CARTESIAN_POINT( '', ( 1.25000000000000, 1.29903810567666, 21.2500000000000 ) );
#3493 = DIRECTION( '', ( 0.000000000000000, -0.866025403784438, -0.500000000000001 ) );
#3494 = DIRECTION( '', ( 0.000000000000000, 0.500000000000001, -0.866025403784438 ) );
#3495 = SURFACE_STYLE_FILL_AREA( #5060 );
#3496 = ORIENTED_EDGE( '', *, *, #5061, .T. );
#3497 = ORIENTED_EDGE( '', *, *, #4715, .F. );
#3498 = CARTESIAN_POINT( '', ( 6.00000000000000, 21.2500000000000, 28.0000000000000 ) );
#3499 = DIRECTION( '', ( -0.000000000000000, 0.000000000000000, -1.00000000000000 ) );
#3500 = DIRECTION( '', ( 1.00000000000000, 0.000000000000000, 0.000000000000000 ) );
#3501 = SURFACE_STYLE_FILL_AREA( #5062 );
#3502 = ORIENTED_EDGE( '', *, *, #5063, .T. );
#3503 = CARTESIAN_POINT( '', ( 23.2000000000000, 0.000000000000000, -21.5000000000000 ) );
#3504 = DIRECTION( '', ( 1.00000000000000, 0.000000000000000, 0.000000000000000 ) );
#3505 = DIRECTION( '', ( 0.000000000000000, 0.000000000000000, -1.00000000000000 ) );
#3506 = SURFACE_STYLE_FILL_AREA( #5064 );
#3507 = ORIENTED_EDGE( '', *, *, #5000, .T. );
#3508 = ORIENTED_EDGE( '', *, *, #5065, .F. );
#3509 = ORIENTED_EDGE( '', *, *, #5066, .T. );
#3510 = ORIENTED_EDGE( '', *, *, #5067, .T. );
#3511 = CARTESIAN_POINT( '', ( -7.00000000000000, 0.180000000000000, 27.4000000000000 ) );
#3512 = DIRECTION( '', ( 0.000000000000000, 1.00000000000000, -0.000000000000000 ) );
#3513 = DIRECTION( '', ( 0.000000000000000, 0.000000000000000, 1.00000000000000 ) );
#3514 = SURFACE_STYLE_FILL_AREA( #5068 );
#3515 = ORIENTED_EDGE( '', *, *, #5069, .F. );
#3516 = ORIENTED_EDGE( '', *, *, #5070, .F. );
#3517 = ORIENTED_EDGE( '', *, *, #5071, .T. );
#3518 = ORIENTED_EDGE( '', *, *, #5072, .F. );
#3519 = CARTESIAN_POINT( '', ( -4.78000000000000, -1.98000000000000, 27.4000000000000 ) );
#3520 = DIRECTION( '', ( 1.00000000000000, 0.000000000000000, 0.000000000000000 ) );
#3521 = DIRECTION( '', ( 0.000000000000000, 0.000000000000000, -1.00000000000000 ) );
#3522 = SURFACE_STYLE_FILL_AREA( #5073 );
#3523 = ORIENTED_EDGE( '', *, *, #5074, .T. );
#3524 = ORIENTED_EDGE( '', *, *, #5075, .F. );
#3525 = ORIENTED_EDGE( '', *, *, #4798, .F. );
#3526 = ORIENTED_EDGE( '', *, *, #5076, .F. );
#3527 = ORIENTED_EDGE( '', *, *, #5007, .F. );
#3528 = ORIENTED_EDGE( '', *, *, #5077, .F. );
#3529 = ORIENTED_EDGE( '', *, *, #4745, .F. );
#3530 = CARTESIAN_POINT( '', ( -0.200000000000000, 0.000000000000000, -21.2500000000000 ) );
#3531 = DIRECTION( '', ( 1.00000000000000, 0.000000000000000, -0.000000000000000 ) );
#3532 = DIRECTION( '', ( -0.000000000000000, 0.000000000000000, -1.00000000000000 ) );
#3533 = SURFACE_STYLE_FILL_AREA( #5078 );
#3534 = ORIENTED_EDGE( '', *, *, #5049, .T. );
#3535 = ORIENTED_EDGE( '', *, *, #5079, .T. );
#3536 = ORIENTED_EDGE( '', *, *, #4846, .T. );
#3537 = ORIENTED_EDGE( '', *, *, #5080, .T. );
#3538 = ORIENTED_EDGE( '', *, *, #5081, .T. );
#3539 = ORIENTED_EDGE( '', *, *, #5082, .T. );
#3540 = CARTESIAN_POINT( '', ( 0.000000000000000, 0.000000000000000, 6.38750000000000 ) );
#3541 = DIRECTION( '', ( 0.000000000000000, 0.000000000000000, 1.00000000000000 ) );
#3542 = DIRECTION( '', ( 1.00000000000000, 0.000000000000000, -0.000000000000000 ) );
#3543 = SURFACE_STYLE_FILL_AREA( #5083 );
#3544 = ORIENTED_EDGE( '', *, *, #5084, .T. );
#3545 = ORIENTED_EDGE( '', *, *, #5085, .T. );
#3546 = ORIENTED_EDGE( '', *, *, #5070, .T. );
#3547 = ORIENTED_EDGE( '', *, *, #5086, .T. );
#3548 = ORIENTED_EDGE( '', *, *, #4708, .T. );
#3549 = ORIENTED_EDGE( '', *, *, #5087, .T. );
#3550 = ORIENTED_EDGE( '', *, *, #5088, .T. );
#3551 = ORIENTED_EDGE( '', *, *, #4750, .T. );
#3552 = ORIENTED_EDGE( '', *, *, #5089, .T. );
#3553 = ORIENTED_EDGE( '', *, *, #5090, .T. );
#3554 = ORIENTED_EDGE( '', *, *, #5091, .T. );
#3555 = ORIENTED_EDGE( '', *, *, #5092, .T. );
#3556 = ORIENTED_EDGE( '', *, *, #5093, .T. );
#3557 = ORIENTED_EDGE( '', *, *, #5094, .T. );
#3558 = ORIENTED_EDGE( '', *, *, #4944, .T. );
#3559 = CARTESIAN_POINT( '', ( -3.37646653018596, -1.38000000000000, 27.4000000000000 ) );
#3560 = DIRECTION( '', ( 0.000000000000000, 0.000000000000000, 1.00000000000000 ) );
#3561 = DIRECTION( '', ( 1.00000000000000, 0.000000000000000, -0.000000000000000 ) );
#3562 = SURFACE_STYLE_FILL_AREA( #5095 );
#3563 = ORIENTED_EDGE( '', *, *, #5096, .T. );
#3564 = ORIENTED_EDGE( '', *, *, #5097, .F. );
#3565 = CARTESIAN_POINT( '', ( 0.499999999999999, 0.000000000000000, -21.2500000000000 ) );
#3566 = DIRECTION( '', ( 1.00000000000000, 0.000000000000000, -0.000000000000000 ) );
#3567 = DIRECTION( '', ( -0.000000000000000, 0.000000000000000, -1.00000000000000 ) );
#3568 = SURFACE_STYLE_FILL_AREA( #5098 );
#3569 = ORIENTED_EDGE( '', *, *, #5099, .T. );
#3570 = ORIENTED_EDGE( '', *, *, #5100, .T. );
#3571 = ORIENTED_EDGE( '', *, *, #5101, .F. );
#3572 = ORIENTED_EDGE( '', *, *, #4828, .T. );
#3573 = ORIENTED_EDGE( '', *, *, #5102, .T. );
#3574 = CARTESIAN_POINT( '', ( 0.000000000000000, 0.000000000000000, 0.000000000000000 ) );
#3575 = DIRECTION( '', ( 1.00000000000000, 0.000000000000000, -0.000000000000000 ) );
#3576 = DIRECTION( '', ( -0.000000000000000, 0.000000000000000, -1.00000000000000 ) );
#3577 = SURFACE_STYLE_FILL_AREA( #5103 );
#3578 = ORIENTED_EDGE( '', *, *, #5028, .F. );
#3579 = ORIENTED_EDGE( '', *, *, #5104, .F. );
#3580 = ORIENTED_EDGE( '', *, *, #5105, .F. );
#3581 = ORIENTED_EDGE( '', *, *, #5106, .T. );
#3582 = CARTESIAN_POINT( '', ( -0.999999999999999, 0.000000000000000, 0.000000000000000 ) );
#3583 = DIRECTION( '', ( 1.00000000000000, 0.000000000000000, -0.000000000000000 ) );
#3584 = DIRECTION( '', ( -0.000000000000000, 0.000000000000000, -1.00000000000000 ) );
#3585 = SURFACE_STYLE_FILL_AREA( #5107 );
#3586 = ORIENTED_EDGE( '', *, *, #5108, .T. );
#3587 = ORIENTED_EDGE( '', *, *, #5109, .F. );
#3588 = ORIENTED_EDGE( '', *, *, #5110, .F. );
#3589 = ORIENTED_EDGE( '', *, *, #5013, .F. );
#3590 = CARTESIAN_POINT( '', ( -14.0000000000000, 11.5000000000000, 28.0000000000000 ) );
#3591 = DIRECTION( '', ( 1.00000000000000, 0.000000000000000, -0.000000000000000 ) );
#3592 = DIRECTION( '', ( -0.000000000000000, 0.000000000000000, -1.00000000000000 ) );
#3593 = SURFACE_STYLE_FILL_AREA( #5111 );
#3594 = ORIENTED_EDGE( '', *, *, #5112, .T. );
#3595 = ORIENTED_EDGE( '', *, *, #5044, .F. );
#3596 = ORIENTED_EDGE( '', *, *, #4788, .F. );
#3597 = ORIENTED_EDGE( '', *, *, #4955, .T. );
#3598 = CARTESIAN_POINT( '', ( -4.00000000000000, -20.0952994616207, 6.38750000000000 ) );
#3599 = DIRECTION( '', ( 0.499999999999998, 0.866025403784440, -0.000000000000000 ) );
#3600 = DIRECTION( '', ( -0.866025403784440, 0.499999999999998, 0.000000000000000 ) );
#3601 = SURFACE_STYLE_FILL_AREA( #5113 );
#3602 = ORIENTED_EDGE( '', *, *, #4841, .F. );
#3603 = ORIENTED_EDGE( '', *, *, #5114, .F. );
#3604 = ORIENTED_EDGE( '', *, *, #5115, .F. );
#3605 = ORIENTED_EDGE( '', *, *, #4921, .F. );
#3606 = ORIENTED_EDGE( '', *, *, #5116, .F. );
#3607 = ORIENTED_EDGE( '', *, *, #4676, .F. );
#3608 = CARTESIAN_POINT( '', ( 1.25000000000000, 0.000000000000000, 0.000000000000000 ) );
#3609 = DIRECTION( '', ( 1.00000000000000, 0.000000000000000, 0.000000000000000 ) );
#3610 = DIRECTION( '', ( 0.000000000000000, 0.000000000000000, -1.00000000000000 ) );
#3611 = SURFACE_STYLE_FILL_AREA( #5117 );
#3612 = ORIENTED_EDGE( '', *, *, #4926, .F. );
#3613 = ORIENTED_EDGE( '', *, *, #5118, .T. );
#3614 = ORIENTED_EDGE( '', *, *, #4802, .F. );
#3615 = ORIENTED_EDGE( '', *, *, #5119, .F. );
#3616 = CARTESIAN_POINT( '', ( -20.0000000000000, 0.000000000000000, 0.000000000000000 ) );
#3617 = DIRECTION( '', ( 1.00000000000000, 0.000000000000000, -0.000000000000000 ) );
#3618 = DIRECTION( '', ( -0.000000000000000, 0.000000000000000, -1.00000000000000 ) );
#3619 = SURFACE_STYLE_FILL_AREA( #5120 );
#3620 = ORIENTED_EDGE( '', *, *, #5121, .F. );
#3621 = ORIENTED_EDGE( '', *, *, #5122, .T. );
#3622 = ORIENTED_EDGE( '', *, *, #5123, .T. );
#3623 = ORIENTED_EDGE( '', *, *, #4729, .F. );
#3624 = CARTESIAN_POINT( '', ( 1.25000000000000, -1.29903810567666, 21.2500000000000 ) );
#3625 = DIRECTION( '', ( -0.000000000000000, 0.866025403784439, 0.500000000000000 ) );
#3626 = DIRECTION( '', ( 0.000000000000000, -0.500000000000000, 0.866025403784439 ) );
#3627 = SURFACE_STYLE_FILL_AREA( #5124 );
#3628 = ORIENTED_EDGE( '', *, *, #5125, .F. );
#3629 = ORIENTED_EDGE( '', *, *, #5126, .T. );
#3630 = CARTESIAN_POINT( '', ( -6.00000000000000, -21.2500000000000, 7.70000000000000 ) );
#3631 = DIRECTION( '', ( 1.21027219254196E-16, -0.000000000000000, -1.00000000000000 ) );
#3632 = DIRECTION( '', ( -1.00000000000000, 0.000000000000000, -1.21027219254196E-16 ) );
#3633 = SURFACE_STYLE_FILL_AREA( #5127 );
#3634 = ORIENTED_EDGE( '', *, *, #4751, .F. );
#3635 = ORIENTED_EDGE( '', *, *, #5088, .F. );
#3636 = ORIENTED_EDGE( '', *, *, #5128, .T. );
#3637 = ORIENTED_EDGE( '', *, *, #5129, .F. );
#3638 = CARTESIAN_POINT( '', ( -3.16000000000000, -1.98000000000000, 27.4000000000000 ) );
#3639 = DIRECTION( '', ( 1.00000000000000, 0.000000000000000, 0.000000000000000 ) );
#3640 = DIRECTION( '', ( 0.000000000000000, 0.000000000000000, -1.00000000000000 ) );
#3641 = SURFACE_STYLE_FILL_AREA( #5130 );
#3642 = ORIENTED_EDGE( '', *, *, #5131, .T. );
#3643 = ORIENTED_EDGE( '', *, *, #4877, .F. );
#3644 = ORIENTED_EDGE( '', *, *, #5132, .F. );
#3645 = ORIENTED_EDGE( '', *, *, #4856, .T. );
#3646 = CARTESIAN_POINT( '', ( -1.25000000000000, -0.649519052838329, 22.3750000000000 ) );
#3647 = DIRECTION( '', ( 0.000000000000000, -0.866025403784438, 0.500000000000001 ) );
#3648 = DIRECTION( '', ( 0.000000000000000, -0.500000000000001, -0.866025403784438 ) );
#3649 = SURFACE_STYLE_FILL_AREA( #5133 );
#3650 = ORIENTED_EDGE( '', *, *, #4809, .F. );
#3651 = ORIENTED_EDGE( '', *, *, #4961, .F. );
#3652 = ORIENTED_EDGE( '', *, *, #4888, .T. );
#3653 = ORIENTED_EDGE( '', *, *, #4997, .T. );
#3654 = CARTESIAN_POINT( '', ( -8.00000000000000, 20.0952994616208, -6.38750000000000 ) );
#3655 = DIRECTION( '', ( 0.500000000000005, 0.866025403784436, -0.000000000000000 ) );
#3656 = DIRECTION( '', ( -0.866025403784436, 0.500000000000005, 0.000000000000000 ) );
#3657 = SURFACE_STYLE_FILL_AREA( #5134 );
#3658 = ORIENTED_EDGE( '', *, *, #4700, .F. );
#3659 = ORIENTED_EDGE( '', *, *, #5135, .F. );
#3660 = ORIENTED_EDGE( '', *, *, #4764, .T. );
#3661 = ORIENTED_EDGE( '', *, *, #5136, .T. );
#3662 = CARTESIAN_POINT( '', ( 6.00000000000000, -18.9405989232415, -6.38750000000000 ) );
#3663 = DIRECTION( '', ( 0.500000000000000, -0.866025403784438, 0.000000000000000 ) );
#3664 = DIRECTION( '', ( 0.866025403784438, 0.500000000000000, 0.000000000000000 ) );
#3665 = SURFACE_STYLE_FILL_AREA( #5137 );
#3666 = ORIENTED_EDGE( '', *, *, #4918, .F. );
#3667 = ORIENTED_EDGE( '', *, *, #4776, .F. );
#3668 = ORIENTED_EDGE( '', *, *, #4994, .F. );
#3669 = ORIENTED_EDGE( '', *, *, #4980, .F. );
#3670 = ORIENTED_EDGE( '', *, *, #5138, .F. );
#3671 = ORIENTED_EDGE( '', *, *, #5139, .F. );
#3672 = ORIENTED_EDGE( '', *, *, #5140, .F. );
#3673 = ORIENTED_EDGE( '', *, *, #5141, .F. );
#3674 = ORIENTED_EDGE( '', *, *, #5142, .F. );
#3675 = ORIENTED_EDGE( '', *, *, #5035, .T. );
#3676 = ORIENTED_EDGE( '', *, *, #5143, .F. );
#3677 = ORIENTED_EDGE( '', *, *, #5144, .F. );
#3678 = ORIENTED_EDGE( '', *, *, #5145, .F. );
#3679 = ORIENTED_EDGE( '', *, *, #4681, .F. );
#3680 = ORIENTED_EDGE( '', *, *, #5146, .F. );
#3681 = ORIENTED_EDGE( '', *, *, #5147, .F. );
#3682 = ORIENTED_EDGE( '', *, *, #4825, .F. );
#3683 = ORIENTED_EDGE( '', *, *, #5148, .T. );
#3684 = ORIENTED_EDGE( '', *, *, #5149, .F. );
#3685 = ORIENTED_EDGE( '', *, *, #5150, .F. );
#3686 = ORIENTED_EDGE( '', *, *, #5151, .F. );
#3687 = CARTESIAN_POINT( '', ( 20.0000000000000, 0.000000000000000, 0.000000000000000 ) );
#3688 = DIRECTION( '', ( -1.00000000000000, -0.000000000000000, 0.000000000000000 ) );
#3689 = DIRECTION( '', ( -0.000000000000000, 0.000000000000000, -1.00000000000000 ) );
#3690 = SURFACE_STYLE_FILL_AREA( #5152 );
#3691 = ORIENTED_EDGE( '', *, *, #5153, .T. );
#3692 = ORIENTED_EDGE( '', *, *, #5154, .T. );
#3693 = CARTESIAN_POINT( '', ( -6.00000000000000, 21.2500000000000, 13.5000000000000 ) );
#3694 = DIRECTION( '', ( 1.21027219254196E-16, 0.000000000000000, -1.00000000000000 ) );
#3695 = DIRECTION( '', ( 1.00000000000000, 0.000000000000000, 1.21027219254196E-16 ) );
#3696 = SURFACE_STYLE_FILL_AREA( #5155 );
#3697 = ORIENTED_EDGE( '', *, *, #5156, .T. );
#3698 = ORIENTED_EDGE( '', *, *, #5157, .F. );
#3699 = CARTESIAN_POINT( '', ( 4.00000000000000, 3.00000000000000, 21.2500000000000 ) );
#3700 = DIRECTION( '', ( -1.00000000000000, 0.000000000000000, 0.000000000000000 ) );
#3701 = DIRECTION( '', ( 0.000000000000000, 0.000000000000000, 1.00000000000000 ) );
#3702 = SURFACE_STYLE_FILL_AREA( #5158 );
#3703 = ORIENTED_EDGE( '', *, *, #4668, .T. );
#3704 = ORIENTED_EDGE( '', *, *, #4791, .T. );
#3705 = ORIENTED_EDGE( '', *, *, #4870, .T. );
#3706 = ORIENTED_EDGE( '', *, *, #4873, .T. );
#3707 = ORIENTED_EDGE( '', *, *, #5041, .T. );
#3708 = ORIENTED_EDGE( '', *, *, #5159, .F. );
#3709 = CARTESIAN_POINT( '', ( -0.600000000000000, 0.000000000000000, 0.000000000000000 ) );
#3710 = DIRECTION( '', ( 1.00000000000000, 0.000000000000000, 0.000000000000000 ) );
#3711 = DIRECTION( '', ( 0.000000000000000, 0.000000000000000, -1.00000000000000 ) );
#3712 = SURFACE_STYLE_FILL_AREA( #5160 );
#3713 = ORIENTED_EDGE( '', *, *, #5161, .F. );
#3714 = ORIENTED_EDGE( '', *, *, #5162, .T. );
#3715 = ORIENTED_EDGE( '', *, *, #5121, .T. );
#3716 = ORIENTED_EDGE( '', *, *, #4728, .F. );
#3717 = CARTESIAN_POINT( '', ( 1.25000000000000, -0.649519052838329, 22.3750000000000 ) );
#3718 = DIRECTION( '', ( 0.000000000000000, 0.866025403784438, -0.500000000000001 ) );
#3719 = DIRECTION( '', ( 0.000000000000000, 0.500000000000001, 0.866025403784438 ) );
#3720 = SURFACE_STYLE_FILL_AREA( #5163 );
#3721 = ORIENTED_EDGE( '', *, *, #4813, .F. );
#3722 = ORIENTED_EDGE( '', *, *, #5164, .F. );
#3723 = ORIENTED_EDGE( '', *, *, #4884, .T. );
#3724 = ORIENTED_EDGE( '', *, *, #4960, .T. );
#3725 = CARTESIAN_POINT( '', ( -6.00000000000000, 23.5594010767585, -6.38750000000000 ) );
#3726 = DIRECTION( '', ( 0.500000000000005, -0.866025403784436, 0.000000000000000 ) );
#3727 = DIRECTION( '', ( 0.866025403784436, 0.500000000000005, 0.000000000000000 ) );
#3728 = SURFACE_STYLE_FILL_AREA( #5165 );
#3729 = ORIENTED_EDGE( '', *, *, #5024, .T. );
#3730 = ORIENTED_EDGE( '', *, *, #4778, .T. );
#3731 = CARTESIAN_POINT( '', ( -6.00000000000000, -21.2500000000000, 8.00000000000000 ) );
#3732 = DIRECTION( '', ( 1.21027219254196E-16, 0.000000000000000, -1.00000000000000 ) );
#3733 = DIRECTION( '', ( 1.00000000000000, 0.000000000000000, 1.21027219254196E-16 ) );
#3734 = SURFACE_STYLE_FILL_AREA( #5166 );
#3735 = ORIENTED_EDGE( '', *, *, #5167, .T. );
#3736 = ORIENTED_EDGE( '', *, *, #5168, .F. );
#3737 = CARTESIAN_POINT( '', ( -8.50000000000000, 21.2500000000000, -0.999999999999999 ) );
#3738 = DIRECTION( '', ( 1.23908819712629E-16, 0.000000000000000, -1.00000000000000 ) );
#3739 = DIRECTION( '', ( -1.00000000000000, 0.000000000000000, -1.23908819712629E-16 ) );
#3740 = SURFACE_STYLE_FILL_AREA( #5169 );
#3741 = ORIENTED_EDGE( '', *, *, #5170, .T. );
#3742 = ORIENTED_EDGE( '', *, *, #5171, .F. );
#3743 = CARTESIAN_POINT( '', ( -6.50000000000000, 0.000000000000000, 0.000000000000000 ) );
#3744 = DIRECTION( '', ( 1.00000000000000, -0.000000000000000, -0.000000000000000 ) );
#3745 = DIRECTION( '', ( -0.000000000000000, 0.000000000000000, -1.00000000000000 ) );
#3746 = SURFACE_STYLE_FILL_AREA( #5172 );
#3747 = ORIENTED_EDGE( '', *, *, #5173, .F. );
#3748 = ORIENTED_EDGE( '', *, *, #5174, .T. );
#3749 = CARTESIAN_POINT( '', ( 6.00000000000000, 21.2500000000000, 8.00000000000000 ) );
#3750 = DIRECTION( '', ( -0.000000000000000, -0.000000000000000, -1.00000000000000 ) );
#3751 = DIRECTION( '', ( -1.00000000000000, 0.000000000000000, 0.000000000000000 ) );
#3752 = SURFACE_STYLE_FILL_AREA( #5175 );
#3753 = ORIENTED_EDGE( '', *, *, #5128, .F. );
#3754 = ORIENTED_EDGE( '', *, *, #5087, .F. );
#3755 = ORIENTED_EDGE( '', *, *, #4707, .T. );
#3756 = ORIENTED_EDGE( '', *, *, #5176, .F. );
#3757 = CARTESIAN_POINT( '', ( -3.37646653018596, -1.98000000000000, 27.4000000000000 ) );
#3758 = DIRECTION( '', ( 0.000000000000000, -1.00000000000000, 0.000000000000000 ) );
#3759 = DIRECTION( '', ( 0.000000000000000, 0.000000000000000, -1.00000000000000 ) );
#3760 = SURFACE_STYLE_FILL_AREA( #5177 );
#3761 = ORIENTED_EDGE( '', *, *, #4713, .F. );
#3762 = ORIENTED_EDGE( '', *, *, #5061, .F. );
#3763 = CARTESIAN_POINT( '', ( 1.75000000000000, 21.2500000000000, 3.00000000000000 ) );
#3764 = DIRECTION( '', ( 0.000000000000000, 0.000000000000000, 1.00000000000000 ) );
#3765 = DIRECTION( '', ( 1.00000000000000, 0.000000000000000, -0.000000000000000 ) );
#3766 = SURFACE_STYLE_FILL_AREA( #5178 );
#3767 = ORIENTED_EDGE( '', *, *, #5179, .F. );
#3768 = ORIENTED_EDGE( '', *, *, #5159, .T. );
#3769 = CARTESIAN_POINT( '', ( 0.600000000000000, 0.000000000000000, 0.000000000000000 ) );
#3770 = DIRECTION( '', ( 1.00000000000000, -0.000000000000000, -0.000000000000000 ) );
#3771 = DIRECTION( '', ( 0.000000000000000, 0.000000000000000, 1.00000000000000 ) );
#3772 = SURFACE_STYLE_FILL_AREA( #5180 );
#3773 = ORIENTED_EDGE( '', *, *, #4948, .T. );
#3774 = ORIENTED_EDGE( '', *, *, #4939, .F. );
#3775 = CARTESIAN_POINT( '', ( 8.75000000000000, -21.2500000000000, -1.00000000000000 ) );
#3776 = DIRECTION( '', ( 0.000000000000000, 0.000000000000000, -1.00000000000000 ) );
#3777 = DIRECTION( '', ( -1.00000000000000, 0.000000000000000, 0.000000000000000 ) );
#3778 = SURFACE_STYLE_FILL_AREA( #5181 );
#3779 = ORIENTED_EDGE( '', *, *, #4770, .F. );
#3780 = ORIENTED_EDGE( '', *, *, #5182, .T. );
#3781 = CARTESIAN_POINT( '', ( -6.00000000000000, -21.2500000000000, -13.5000000000000 ) );
#3782 = DIRECTION( '', ( -1.21027219254196E-16, -0.000000000000000, 1.00000000000000 ) );
#3783 = DIRECTION( '', ( 1.00000000000000, 0.000000000000000, 1.21027219254196E-16 ) );
#3784 = SURFACE_STYLE_FILL_AREA( #5183 );
#3785 = ORIENTED_EDGE( '', *, *, #4941, .F. );
#3786 = ORIENTED_EDGE( '', *, *, #4974, .F. );
#3787 = CARTESIAN_POINT( '', ( -6.00000000000000, 21.2500000000000, 13.0095000000000 ) );
#3788 = DIRECTION( '', ( 1.21027219254196E-16, -0.000000000000000, -1.00000000000000 ) );
#3789 = DIRECTION( '', ( -1.00000000000000, 0.000000000000000, -1.21027219254196E-16 ) );
#3790 = SURFACE_STYLE_FILL_AREA( #5184 );
#3791 = ORIENTED_EDGE( '', *, *, #5185, .F. );
#3792 = ORIENTED_EDGE( '', *, *, #5150, .T. );
#3793 = CARTESIAN_POINT( '', ( 6.00000000000000, 21.2500000000000, 28.0000000000000 ) );
#3794 = DIRECTION( '', ( -0.000000000000000, 0.000000000000000, -1.00000000000000 ) );
#3795 = DIRECTION( '', ( 1.00000000000000, 0.000000000000000, 0.000000000000000 ) );
#3796 = SURFACE_STYLE_FILL_AREA( #5186 );
#3797 = ORIENTED_EDGE( '', *, *, #4862, .T. );
#3798 = ORIENTED_EDGE( '', *, *, #5187, .F. );
#3799 = ORIENTED_EDGE( '', *, *, #5188, .T. );
#3800 = ORIENTED_EDGE( '', *, *, #4816, .T. );
#3801 = CARTESIAN_POINT( '', ( -7.78000000000000, -0.960000000000000, 27.4000000000000 ) );
#3802 = DIRECTION( '', ( -1.00000000000000, 0.000000000000000, 0.000000000000000 ) );
#3803 = DIRECTION( '', ( 0.000000000000000, 0.000000000000000, 1.00000000000000 ) );
#3804 = SURFACE_STYLE_FILL_AREA( #5189 );
#3805 = ORIENTED_EDGE( '', *, *, #5190, .F. );
#3806 = ORIENTED_EDGE( '', *, *, #4826, .F. );
#3807 = ORIENTED_EDGE( '', *, *, #5147, .T. );
#3808 = ORIENTED_EDGE( '', *, *, #5191, .T. );
#3809 = ORIENTED_EDGE( '', *, *, #5192, .F. );
#3810 = CARTESIAN_POINT( '', ( 13.5000000000000, 28.0000000000000, 28.0000000000000 ) );
#3811 = DIRECTION( '', ( 1.00000000000000, 0.000000000000000, -0.000000000000000 ) );
#3812 = DIRECTION( '', ( -0.000000000000000, 0.000000000000000, -1.00000000000000 ) );
#3813 = SURFACE_STYLE_FILL_AREA( #5193 );
#3814 = ORIENTED_EDGE( '', *, *, #5194, .T. );
#3815 = ORIENTED_EDGE( '', *, *, #4966, .F. );
#3816 = ORIENTED_EDGE( '', *, *, #4977, .F. );
#3817 = ORIENTED_EDGE( '', *, *, #4662, .F. );
#3818 = ORIENTED_EDGE( '', *, *, #4875, .F. );
#3819 = ORIENTED_EDGE( '', *, *, #5131, .F. );
#3820 = ORIENTED_EDGE( '', *, *, #4855, .F. );
#3821 = CARTESIAN_POINT( '', ( -0.200000000000000, 0.000000000000000, 21.2500000000000 ) );
#3822 = DIRECTION( '', ( 1.00000000000000, 0.000000000000000, -0.000000000000000 ) );
#3823 = DIRECTION( '', ( -0.000000000000000, 0.000000000000000, -1.00000000000000 ) );
#3824 = SURFACE_STYLE_FILL_AREA( #5195 );
#3825 = ORIENTED_EDGE( '', *, *, #5196, .F. );
#3826 = ORIENTED_EDGE( '', *, *, #5092, .F. );
#3827 = ORIENTED_EDGE( '', *, *, #5197, .T. );
#3828 = ORIENTED_EDGE( '', *, *, #5198, .F. );
#3829 = CARTESIAN_POINT( '', ( -3.37646653018596, 0.180000000000002, 27.4000000000000 ) );
#3830 = DIRECTION( '', ( -0.000000000000000, -0.000000000000000, -1.00000000000000 ) );
#3831 = DIRECTION( '', ( 1.00000000000000, 0.000000000000000, -0.000000000000000 ) );
#3832 = SURFACE_STYLE_FILL_AREA( #5199 );
#3833 = ORIENTED_EDGE( '', *, *, #4954, .T. );
#3834 = ORIENTED_EDGE( '', *, *, #4970, .F. );
#3835 = ORIENTED_EDGE( '', *, *, #4740, .F. );
#3836 = ORIENTED_EDGE( '', *, *, #4904, .F. );
#3837 = ORIENTED_EDGE( '', *, *, #5043, .F. );
#3838 = ORIENTED_EDGE( '', *, *, #5112, .F. );
#3839 = ORIENTED_EDGE( '', *, *, #5125, .T. );
#3840 = CARTESIAN_POINT( '', ( -2.05000000000000, -21.2500000000000, 8.00000000000000 ) );
#3841 = DIRECTION( '', ( 1.21027219254196E-16, 0.000000000000000, -1.00000000000000 ) );
#3842 = DIRECTION( '', ( -1.00000000000000, 0.000000000000000, -1.21027219254196E-16 ) );
#3843 = SURFACE_STYLE_FILL_AREA( #5200 );
#3844 = ORIENTED_EDGE( '', *, *, #4902, .T. );
#3845 = ORIENTED_EDGE( '', *, *, #4892, .F. );
#3846 = ORIENTED_EDGE( '', *, *, #5170, .F. );
#3847 = ORIENTED_EDGE( '', *, *, #4805, .F. );
#3848 = CARTESIAN_POINT( '', ( -7.00000000000000, 27.5000000000000, 0.000000000000000 ) );
#3849 = DIRECTION( '', ( -1.00000000000000, 0.000000000000000, 0.000000000000000 ) );
#3850 = DIRECTION( '', ( 0.000000000000000, 0.000000000000000, 1.00000000000000 ) );
#3851 = SURFACE_STYLE_FILL_AREA( #5201 );
#3852 = ORIENTED_EDGE( '', *, *, #4812, .F. );
#3853 = ORIENTED_EDGE( '', *, *, #4990, .F. );
#3854 = ORIENTED_EDGE( '', *, *, #4885, .T. );
#3855 = ORIENTED_EDGE( '', *, *, #5164, .T. );
#3856 = CARTESIAN_POINT( '', ( -4.00000000000000, 22.4047005383792, -6.38750000000000 ) );
#3857 = DIRECTION( '', ( -0.500000000000005, -0.866025403784436, 0.000000000000000 ) );
#3858 = DIRECTION( '', ( 0.866025403784436, -0.500000000000005, 0.000000000000000 ) );
#3859 = SURFACE_STYLE_FILL_AREA( #5202 );
#3860 = ORIENTED_EDGE( '', *, *, #4922, .F. );
#3861 = ORIENTED_EDGE( '', *, *, #5115, .T. );
#3862 = ORIENTED_EDGE( '', *, *, #5203, .T. );
#3863 = ORIENTED_EDGE( '', *, *, #5204, .F. );
#3864 = CARTESIAN_POINT( '', ( 1.25000000000000, 0.649519052838329, -22.3750000000000 ) );
#3865 = DIRECTION( '', ( 0.000000000000000, -0.866025403784438, 0.500000000000001 ) );
#3866 = DIRECTION( '', ( 0.000000000000000, -0.500000000000001, -0.866025403784438 ) );
#3867 = SURFACE_STYLE_FILL_AREA( #5205 );
#3868 = ORIENTED_EDGE( '', *, *, #5206, .F. );
#3869 = ORIENTED_EDGE( '', *, *, #5090, .F. );
#3870 = ORIENTED_EDGE( '', *, *, #5207, .T. );
#3871 = ORIENTED_EDGE( '', *, *, #5208, .F. );
#3872 = CARTESIAN_POINT( '', ( -3.16000000000000, 0.180000000000000, 27.4000000000000 ) );
#3873 = DIRECTION( '', ( 1.00000000000000, 0.000000000000000, 0.000000000000000 ) );
#3874 = DIRECTION( '', ( 0.000000000000000, 0.000000000000000, -1.00000000000000 ) );
#3875 = SURFACE_STYLE_FILL_AREA( #5209 );
#3876 = ORIENTED_EDGE( '', *, *, #5059, .F. );
#3877 = ORIENTED_EDGE( '', *, *, #5210, .T. );
#3878 = ORIENTED_EDGE( '', *, *, #5161, .T. );
#3879 = ORIENTED_EDGE( '', *, *, #4727, .F. );
#3880 = CARTESIAN_POINT( '', ( 1.25000000000000, 0.649519052838329, 22.3750000000000 ) );
#3881 = DIRECTION( '', ( 0.000000000000000, 0.000000000000000, -1.00000000000000 ) );
#3882 = DIRECTION( '', ( -1.00000000000000, 0.000000000000000, 0.000000000000000 ) );
#3883 = SURFACE_STYLE_FILL_AREA( #5211 );
#3884 = ORIENTED_EDGE( '', *, *, #5212, .T. );
#3885 = ORIENTED_EDGE( '', *, *, #5142, .T. );
#3886 = ORIENTED_EDGE( '', *, *, #5213, .T. );
#3887 = ORIENTED_EDGE( '', *, *, #5214, .T. );
#3888 = ORIENTED_EDGE( '', *, *, #5215, .T. );
#3889 = ORIENTED_EDGE( '', *, *, #5216, .F. );
#3890 = ORIENTED_EDGE( '', *, *, #5052, .F. );
#3891 = ORIENTED_EDGE( '', *, *, #5036, .F. );
#3892 = CARTESIAN_POINT( '', ( 13.5000000000000, -28.0000000000000, -0.500000000000000 ) );
#3893 = DIRECTION( '', ( 0.000000000000000, 0.000000000000000, 1.00000000000000 ) );
#3894 = DIRECTION( '', ( 1.00000000000000, 0.000000000000000, -0.000000000000000 ) );
#3895 = SURFACE_STYLE_FILL_AREA( #5217 );
#3896 = ORIENTED_EDGE( '', *, *, #5218, .F. );
#3897 = ORIENTED_EDGE( '', *, *, #5219, .F. );
#3898 = ORIENTED_EDGE( '', *, *, #5084, .F. );
#3899 = ORIENTED_EDGE( '', *, *, #4943, .T. );
#3900 = CARTESIAN_POINT( '', ( -5.38000000000000, 0.780000000000000, 27.4000000000000 ) );
#3901 = DIRECTION( '', ( -1.00000000000000, 0.000000000000000, 0.000000000000000 ) );
#3902 = DIRECTION( '', ( 0.000000000000000, 0.000000000000000, 1.00000000000000 ) );
#3903 = SURFACE_STYLE_FILL_AREA( #5220 );
#3904 = ORIENTED_EDGE( '', *, *, #5221, .T. );
#3905 = ORIENTED_EDGE( '', *, *, #5046, .F. );
#3906 = ORIENTED_EDGE( '', *, *, #5082, .F. );
#3907 = ORIENTED_EDGE( '', *, *, #5222, .T. );
#3908 = CARTESIAN_POINT( '', ( 6.00000000000000, 23.5594010767585, 6.38750000000000 ) );
#3909 = DIRECTION( '', ( -0.500000000000000, 0.866025403784438, 0.000000000000000 ) );
#3910 = DIRECTION( '', ( -0.866025403784438, -0.500000000000000, 0.000000000000000 ) );
#3911 = SURFACE_STYLE_FILL_AREA( #5223 );
#3912 = ORIENTED_EDGE( '', *, *, #5224, .F. );
#3913 = ORIENTED_EDGE( '', *, *, #4824, .F. );
#3914 = CARTESIAN_POINT( '', ( 6.00000000000000, 21.2500000000000, -13.5000000000000 ) );
#3915 = DIRECTION( '', ( 0.000000000000000, -0.000000000000000, 1.00000000000000 ) );
#3916 = DIRECTION( '', ( -1.00000000000000, 0.000000000000000, 0.000000000000000 ) );
#3917 = SURFACE_STYLE_FILL_AREA( #5225 );
#3918 = ORIENTED_EDGE( '', *, *, #4882, .F. );
#3919 = ORIENTED_EDGE( '', *, *, #4807, .T. );
#3920 = CARTESIAN_POINT( '', ( -6.00000000000000, 21.2500000000000, -8.00000000000000 ) );
#3921 = DIRECTION( '', ( -1.21027219254196E-16, -0.000000000000000, 1.00000000000000 ) );
#3922 = DIRECTION( '', ( 1.00000000000000, 0.000000000000000, 1.21027219254196E-16 ) );
#3923 = SURFACE_STYLE_FILL_AREA( #5226 );
#3924 = ORIENTED_EDGE( '', *, *, #5227, .T. );
#3925 = ORIENTED_EDGE( '', *, *, #4909, .F. );
#3926 = ORIENTED_EDGE( '', *, *, #5228, .F. );
#3927 = ORIENTED_EDGE( '', *, *, #5109, .T. );
#3928 = CARTESIAN_POINT( '', ( -13.7500000000000, 11.5000000000000, 28.0000000000000 ) );
#3929 = DIRECTION( '', ( 0.000000000000000, -0.000000000000000, 1.00000000000000 ) );
#3930 = DIRECTION( '', ( -1.00000000000000, 0.000000000000000, 0.000000000000000 ) );
#3931 = SURFACE_STYLE_FILL_AREA( #5229 );
#3932 = ORIENTED_EDGE( '', *, *, #5126, .F. );
#3933 = ORIENTED_EDGE( '', *, *, #4894, .F. );
#3934 = CARTESIAN_POINT( '', ( -6.00000000000000, -21.2500000000000, 8.00000000000000 ) );
#3935 = DIRECTION( '', ( 1.21027219254196E-16, 0.000000000000000, -1.00000000000000 ) );
#3936 = DIRECTION( '', ( 1.00000000000000, 0.000000000000000, 1.21027219254196E-16 ) );
#3937 = SURFACE_STYLE_FILL_AREA( #5230 );
#3938 = ORIENTED_EDGE( '', *, *, #4951, .T. );
#3939 = ORIENTED_EDGE( '', *, *, #5194, .F. );
#3940 = CARTESIAN_POINT( '', ( -0.500000000000000, 0.000000000000000, 21.2500000000000 ) );
#3941 = DIRECTION( '', ( 1.00000000000000, 0.000000000000000, -0.000000000000000 ) );
#3942 = DIRECTION( '', ( -0.000000000000000, 0.000000000000000, -1.00000000000000 ) );
#3943 = SURFACE_STYLE_FILL_AREA( #5231 );
#3944 = ORIENTED_EDGE( '', *, *, #5224, .T. );
#3945 = ORIENTED_EDGE( '', *, *, #5051, .F. );
#3946 = ORIENTED_EDGE( '', *, *, #5232, .F. );
#3947 = ORIENTED_EDGE( '', *, *, #5233, .T. );
#3948 = ORIENTED_EDGE( '', *, *, #5143, .T. );
#3949 = ORIENTED_EDGE( '', *, *, #5038, .F. );
#3950 = CARTESIAN_POINT( '', ( 13.5000000000000, -28.0000000000000, -0.500000000000000 ) );
#3951 = DIRECTION( '', ( 0.000000000000000, 0.000000000000000, 1.00000000000000 ) );
#3952 = DIRECTION( '', ( 1.00000000000000, 0.000000000000000, -0.000000000000000 ) );
#3953 = SURFACE_STYLE_FILL_AREA( #5234 );
#3954 = ORIENTED_EDGE( '', *, *, #4835, .F. );
#3955 = ORIENTED_EDGE( '', *, *, #4754, .F. );
#3956 = ORIENTED_EDGE( '', *, *, #4838, .F. );
#3957 = ORIENTED_EDGE( '', *, *, #4957, .F. );
#3958 = ORIENTED_EDGE( '', *, *, #5235, .T. );
#3959 = ORIENTED_EDGE( '', *, *, #5236, .F. );
#3960 = ORIENTED_EDGE( '', *, *, #4782, .T. );
#3961 = ORIENTED_EDGE( '', *, *, #4907, .F. );
#3962 = ORIENTED_EDGE( '', *, *, #5227, .F. );
#3963 = ORIENTED_EDGE( '', *, *, #5108, .F. );
#3964 = ORIENTED_EDGE( '', *, *, #5012, .F. );
#3965 = ORIENTED_EDGE( '', *, *, #5237, .F. );
#3966 = ORIENTED_EDGE( '', *, *, #5029, .T. );
#3967 = ORIENTED_EDGE( '', *, *, #5106, .F. );
#3968 = ORIENTED_EDGE( '', *, *, #5238, .T. );
#3969 = ORIENTED_EDGE( '', *, *, #4820, .F. );
#3970 = ORIENTED_EDGE( '', *, *, #5239, .F. );
#3971 = ORIENTED_EDGE( '', *, *, #4975, .F. );
#3972 = ORIENTED_EDGE( '', *, *, #4925, .T. );
#3973 = ORIENTED_EDGE( '', *, *, #5240, .F. );
#3974 = ORIENTED_EDGE( '', *, *, #4769, .F. );
#3975 = ORIENTED_EDGE( '', *, *, #4833, .T. );
#3976 = ORIENTED_EDGE( '', *, *, #4723, .T. );
#3977 = ORIENTED_EDGE( '', *, *, #4899, .T. );
#3978 = ORIENTED_EDGE( '', *, *, #4987, .T. );
#3979 = ORIENTED_EDGE( '', *, *, #5022, .T. );
#3980 = ORIENTED_EDGE( '', *, *, #4796, .T. );
#3981 = ORIENTED_EDGE( '', *, *, #5241, .T. );
#3982 = ORIENTED_EDGE( '', *, *, #4930, .T. );
#3983 = ORIENTED_EDGE( '', *, *, #5242, .T. );
#3984 = ORIENTED_EDGE( '', *, *, #5019, .T. );
#3985 = ORIENTED_EDGE( '', *, *, #4660, .T. );
#3986 = ORIENTED_EDGE( '', *, *, #5243, .T. );
#3987 = ORIENTED_EDGE( '', *, *, #4698, .T. );
#3988 = ORIENTED_EDGE( '', *, *, #4853, .T. );
#3989 = ORIENTED_EDGE( '', *, *, #5244, .T. );
#3990 = ORIENTED_EDGE( '', *, *, #5245, .T. );
#3991 = ORIENTED_EDGE( '', *, *, #5246, .T. );
#3992 = ORIENTED_EDGE( '', *, *, #5247, .T. );
#3993 = ORIENTED_EDGE( '', *, *, #5248, .T. );
#3994 = ORIENTED_EDGE( '', *, *, #5198, .T. );
#3995 = ORIENTED_EDGE( '', *, *, #5249, .T. );
#3996 = ORIENTED_EDGE( '', *, *, #5208, .T. );
#3997 = ORIENTED_EDGE( '', *, *, #5250, .T. );
#3998 = ORIENTED_EDGE( '', *, *, #4752, .T. );
#3999 = ORIENTED_EDGE( '', *, *, #5129, .T. );
#4000 = ORIENTED_EDGE( '', *, *, #5176, .T. );
#4001 = ORIENTED_EDGE( '', *, *, #4710, .T. );
#4002 = ORIENTED_EDGE( '', *, *, #5251, .T. );
#4003 = ORIENTED_EDGE( '', *, *, #5072, .T. );
#4004 = ORIENTED_EDGE( '', *, *, #5252, .T. );
#4005 = ORIENTED_EDGE( '', *, *, #5218, .T. );
#4006 = ORIENTED_EDGE( '', *, *, #4946, .T. );
#4007 = CARTESIAN_POINT( '', ( 0.000000000000000, 0.000000000000000, 0.000000000000000 ) );
#4008 = DIRECTION( '', ( -1.00000000000000, -0.000000000000000, 0.000000000000000 ) );
#4009 = DIRECTION( '', ( -0.000000000000000, 0.000000000000000, -1.00000000000000 ) );
#4010 = SURFACE_STYLE_FILL_AREA( #5253 );
#4011 = ORIENTED_EDGE( '', *, *, #5002, .T. );
#4012 = ORIENTED_EDGE( '', *, *, #5254, .F. );
#4013 = ORIENTED_EDGE( '', *, *, #5255, .T. );
#4014 = ORIENTED_EDGE( '', *, *, #5256, .T. );
#4015 = CARTESIAN_POINT( '', ( -7.78000000000000, -0.360000000000000, 27.4000000000000 ) );
#4016 = DIRECTION( '', ( 0.000000000000000, -1.00000000000000, 0.000000000000000 ) );
#4017 = DIRECTION( '', ( 0.000000000000000, 0.000000000000000, -1.00000000000000 ) );
#4018 = SURFACE_STYLE_FILL_AREA( #5257 );
#4019 = ORIENTED_EDGE( '', *, *, #5258, .F. );
#4020 = ORIENTED_EDGE( '', *, *, #5259, .T. );
#4021 = ORIENTED_EDGE( '', *, *, #5260, .F. );
#4022 = ORIENTED_EDGE( '', *, *, #5261, .T. );
#4023 = ORIENTED_EDGE( '', *, *, #5026, .F. );
#4024 = ORIENTED_EDGE( '', *, *, #5262, .T. );
#4025 = ORIENTED_EDGE( '', *, *, #5014, .T. );
#4026 = ORIENTED_EDGE( '', *, *, #5110, .T. );
#4027 = ORIENTED_EDGE( '', *, *, #5228, .T. );
#4028 = ORIENTED_EDGE( '', *, *, #4908, .T. );
#4029 = ORIENTED_EDGE( '', *, *, #4780, .F. );
#4030 = ORIENTED_EDGE( '', *, *, #4760, .T. );
#4031 = ORIENTED_EDGE( '', *, *, #5118, .F. );
#4032 = CARTESIAN_POINT( '', ( 0.000000000000000, 0.000000000000000, 0.000000000000000 ) );
#4033 = DIRECTION( '', ( -1.00000000000000, -0.000000000000000, 0.000000000000000 ) );
#4034 = DIRECTION( '', ( -0.000000000000000, 0.000000000000000, -1.00000000000000 ) );
#4035 = SURFACE_STYLE_FILL_AREA( #5263 );
#4036 = ORIENTED_EDGE( '', *, *, #4827, .T. );
#4037 = ORIENTED_EDGE( '', *, *, #5190, .T. );
#4038 = ORIENTED_EDGE( '', *, *, #5264, .T. );
#4039 = ORIENTED_EDGE( '', *, *, #5102, .F. );
#4040 = CARTESIAN_POINT( '', ( 20.0000000000000, 0.000000000000000, 0.000000000000000 ) );
#4041 = DIRECTION( '', ( -1.00000000000000, -0.000000000000000, 0.000000000000000 ) );
#4042 = DIRECTION( '', ( -0.000000000000000, 0.000000000000000, -1.00000000000000 ) );
#4043 = SURFACE_STYLE_FILL_AREA( #5265 );
#4044 = ORIENTED_EDGE( '', *, *, #5266, .F. );
#4045 = ORIENTED_EDGE( '', *, *, #5267, .F. );
#4046 = ORIENTED_EDGE( '', *, *, #5268, .T. );
#4047 = ORIENTED_EDGE( '', *, *, #5245, .F. );
#4048 = CARTESIAN_POINT( '', ( -8.38000000000000, -2.04000000000000, 27.4000000000000 ) );
#4049 = DIRECTION( '', ( -2.58143374401311E-16, -1.00000000000000, 0.000000000000000 ) );
#4050 = DIRECTION( '', ( 1.00000000000000, -2.58143374401311E-16, 0.000000000000000 ) );
#4051 = SURFACE_STYLE_FILL_AREA( #5269 );
#4052 = ORIENTED_EDGE( '', *, *, #5246, .F. );
#4053 = ORIENTED_EDGE( '', *, *, #5268, .F. );
#4054 = ORIENTED_EDGE( '', *, *, #5270, .F. );
#4055 = ORIENTED_EDGE( '', *, *, #4695, .T. );
#4056 = CARTESIAN_POINT( '', ( -8.38000000000000, 0.780000000000000, 27.4000000000000 ) );
#4057 = DIRECTION( '', ( -1.00000000000000, 0.000000000000000, 0.000000000000000 ) );
#4058 = DIRECTION( '', ( 0.000000000000000, 0.000000000000000, 1.00000000000000 ) );
#4059 = SURFACE_STYLE_FILL_AREA( #5271 );
#4060 = ORIENTED_EDGE( '', *, *, #4731, .T. );
#4061 = ORIENTED_EDGE( '', *, *, #5272, .F. );
#4062 = CARTESIAN_POINT( '', ( 0.499999999999999, 0.000000000000000, 21.2500000000000 ) );
#4063 = DIRECTION( '', ( 1.00000000000000, 0.000000000000000, -0.000000000000000 ) );
#4064 = DIRECTION( '', ( -0.000000000000000, 0.000000000000000, -1.00000000000000 ) );
#4065 = SURFACE_STYLE_FILL_AREA( #5273 );
#4066 = ORIENTED_EDGE( '', *, *, #5168, .T. );
#4067 = ORIENTED_EDGE( '', *, *, #5274, .T. );
#4068 = CARTESIAN_POINT( '', ( -6.00000000000000, 21.2500000000000, 13.5000000000000 ) );
#4069 = DIRECTION( '', ( 1.21027219254196E-16, 0.000000000000000, -1.00000000000000 ) );
#4070 = DIRECTION( '', ( 1.00000000000000, 0.000000000000000, 1.21027219254196E-16 ) );
#4071 = SURFACE_STYLE_FILL_AREA( #5275 );
#4072 = ORIENTED_EDGE( '', *, *, #4677, .F. );
#4073 = ORIENTED_EDGE( '', *, *, #5116, .T. );
#4074 = ORIENTED_EDGE( '', *, *, #4920, .T. );
#4075 = ORIENTED_EDGE( '', *, *, #5276, .F. );
#4076 = CARTESIAN_POINT( '', ( 1.25000000000000, -1.29903810567666, -21.2500000000000 ) );
#4077 = DIRECTION( '', ( -0.000000000000000, 0.866025403784438, 0.500000000000001 ) );
#4078 = DIRECTION( '', ( 0.000000000000000, -0.500000000000001, 0.866025403784438 ) );
#4079 = SURFACE_STYLE_FILL_AREA( #5277 );
#4080 = ORIENTED_EDGE( '', *, *, #5204, .T. );
#4081 = ORIENTED_EDGE( '', *, *, #5278, .T. );
#4082 = ORIENTED_EDGE( '', *, *, #4842, .T. );
#4083 = ORIENTED_EDGE( '', *, *, #4678, .T. );
#4084 = ORIENTED_EDGE( '', *, *, #5276, .T. );
#4085 = ORIENTED_EDGE( '', *, *, #4923, .T. );
#4086 = ORIENTED_EDGE( '', *, *, #5096, .F. );
#4087 = CARTESIAN_POINT( '', ( 0.200000000000000, 2.25000000000000, -21.2500000000000 ) );
#4088 = DIRECTION( '', ( -1.00000000000000, 0.000000000000000, 0.000000000000000 ) );
#4089 = DIRECTION( '', ( 0.000000000000000, 0.000000000000000, 1.00000000000000 ) );
#4090 = SURFACE_STYLE_FILL_AREA( #5279 );
#4091 = ORIENTED_EDGE( '', *, *, #5071, .F. );
#4092 = ORIENTED_EDGE( '', *, *, #5085, .F. );
#4093 = ORIENTED_EDGE( '', *, *, #5219, .T. );
#4094 = ORIENTED_EDGE( '', *, *, #5252, .F. );
#4095 = CARTESIAN_POINT( '', ( -5.38000000000000, -1.98000000000000, 27.4000000000000 ) );
#4096 = DIRECTION( '', ( 0.000000000000000, -1.00000000000000, 0.000000000000000 ) );
#4097 = DIRECTION( '', ( 0.000000000000000, 0.000000000000000, -1.00000000000000 ) );
#4098 = SURFACE_STYLE_FILL_AREA( #5280 );
#4099 = ORIENTED_EDGE( '', *, *, #4863, .T. );
#4100 = ORIENTED_EDGE( '', *, *, #4818, .F. );
#4101 = ORIENTED_EDGE( '', *, *, #5281, .T. );
#4102 = ORIENTED_EDGE( '', *, *, #5282, .T. );
#4103 = CARTESIAN_POINT( '', ( -6.70000000000000, -1.20000000000000, 27.4000000000000 ) );
#4104 = DIRECTION( '', ( -0.000000000000000, -0.000000000000000, -1.00000000000000 ) );
#4105 = DIRECTION( '', ( 1.00000000000000, 0.000000000000000, -0.000000000000000 ) );
#4106 = SURFACE_STYLE_FILL_AREA( #5283 );
#4107 = ORIENTED_EDGE( '', *, *, #4704, .F. );
#4108 = ORIENTED_EDGE( '', *, *, #4673, .F. );
#4109 = ORIENTED_EDGE( '', *, *, #4765, .T. );
#4110 = ORIENTED_EDGE( '', *, *, #5135, .T. );
#4111 = CARTESIAN_POINT( '', ( 8.00000000000000, -20.0952994616207, -6.38750000000000 ) );
#4112 = DIRECTION( '', ( -0.500000000000000, -0.866025403784438, 0.000000000000000 ) );
#4113 = DIRECTION( '', ( 0.866025403784438, -0.500000000000000, 0.000000000000000 ) );
#4114 = SURFACE_STYLE_FILL_AREA( #5284 );
#4115 = ORIENTED_EDGE( '', *, *, #5285, .T. );
#4116 = ORIENTED_EDGE( '', *, *, #5144, .T. );
#4117 = ORIENTED_EDGE( '', *, *, #5233, .F. );
#4118 = ORIENTED_EDGE( '', *, *, #5286, .F. );
#4119 = ORIENTED_EDGE( '', *, *, #5215, .F. );
#4120 = CARTESIAN_POINT( '', ( 13.5000000000000, 28.0000000000000, 28.0000000000000 ) );
#4121 = DIRECTION( '', ( 1.00000000000000, 0.000000000000000, -0.000000000000000 ) );
#4122 = DIRECTION( '', ( -0.000000000000000, 0.000000000000000, -1.00000000000000 ) );
#4123 = SURFACE_STYLE_FILL_AREA( #5287 );
#4124 = ORIENTED_EDGE( '', *, *, #4693, .T. );
#4125 = ORIENTED_EDGE( '', *, *, #5288, .T. );
#4126 = CARTESIAN_POINT( '', ( -6.00000000000000, -21.2500000000000, -28.0000000000000 ) );
#4127 = DIRECTION( '', ( -1.23908819712629E-16, -0.000000000000000, 1.00000000000000 ) );
#4128 = DIRECTION( '', ( -1.00000000000000, 0.000000000000000, -1.23908819712629E-16 ) );
#4129 = SURFACE_STYLE_FILL_AREA( #5289 );
#4130 = ORIENTED_EDGE( '', *, *, #4945, .F. );
#4131 = ORIENTED_EDGE( '', *, *, #5094, .F. );
#4132 = ORIENTED_EDGE( '', *, *, #5290, .T. );
#4133 = ORIENTED_EDGE( '', *, *, #5247, .F. );
#4134 = CARTESIAN_POINT( '', ( -4.78000000000000, -0.139999999999999, 27.4000000000000 ) );
#4135 = DIRECTION( '', ( 1.00000000000000, 0.000000000000000, 0.000000000000000 ) );
#4136 = DIRECTION( '', ( 0.000000000000000, 0.000000000000000, -1.00000000000000 ) );
#4137 = SURFACE_STYLE_FILL_AREA( #5291 );
#4138 = ORIENTED_EDGE( '', *, *, #5141, .T. );
#4139 = ORIENTED_EDGE( '', *, *, #5292, .F. );
#4140 = ORIENTED_EDGE( '', *, *, #5213, .F. );
#4141 = CARTESIAN_POINT( '', ( 13.5000000000000, -24.0500000000000, 28.0000000000000 ) );
#4142 = DIRECTION( '', ( 1.00000000000000, 0.000000000000000, -0.000000000000000 ) );
#4143 = DIRECTION( '', ( -0.000000000000000, 0.000000000000000, -1.00000000000000 ) );
#4144 = SURFACE_STYLE_FILL_AREA( #5293 );
#4145 = ORIENTED_EDGE( '', *, *, #5065, .T. );
#4146 = ORIENTED_EDGE( '', *, *, #4999, .T. );
#4147 = ORIENTED_EDGE( '', *, *, #5256, .F. );
#4148 = ORIENTED_EDGE( '', *, *, #5294, .T. );
#4149 = CARTESIAN_POINT( '', ( -7.00000000000000, -0.0899999999999997, 27.4000000000000 ) );
#4150 = DIRECTION( '', ( -0.000000000000000, -0.000000000000000, -1.00000000000000 ) );
#4151 = DIRECTION( '', ( 1.00000000000000, 0.000000000000000, -0.000000000000000 ) );
#4152 = SURFACE_STYLE_FILL_AREA( #5295 );
#4153 = ORIENTED_EDGE( '', *, *, #4933, .F. );
#4154 = ORIENTED_EDGE( '', *, *, #5296, .F. );
#4155 = ORIENTED_EDGE( '', *, *, #5017, .T. );
#4156 = ORIENTED_EDGE( '', *, *, #5242, .F. );
#4157 = CARTESIAN_POINT( '', ( -11.5285281374239, 0.780000000000000, 27.4000000000000 ) );
#4158 = DIRECTION( '', ( 0.000000000000000, 1.00000000000000, -0.000000000000000 ) );
#4159 = DIRECTION( '', ( 0.000000000000000, 0.000000000000000, 1.00000000000000 ) );
#4160 = SURFACE_STYLE_FILL_AREA( #5297 );
#4161 = ORIENTED_EDGE( '', *, *, #5214, .F. );
#4162 = ORIENTED_EDGE( '', *, *, #5298, .F. );
#4163 = ORIENTED_EDGE( '', *, *, #5299, .F. );
#4164 = ORIENTED_EDGE( '', *, *, #5300, .T. );
#4165 = CARTESIAN_POINT( '', ( 13.5000000000000, 0.000000000000000, 0.000000000000000 ) );
#4166 = DIRECTION( '', ( 1.00000000000000, 0.000000000000000, -0.000000000000000 ) );
#4167 = DIRECTION( '', ( -0.000000000000000, 0.000000000000000, -1.00000000000000 ) );
#4168 = SURFACE_STYLE_FILL_AREA( #5301 );
#4169 = ORIENTED_EDGE( '', *, *, #5237, .T. );
#4170 = ORIENTED_EDGE( '', *, *, #5015, .T. );
#4171 = ORIENTED_EDGE( '', *, *, #5262, .F. );
#4172 = ORIENTED_EDGE( '', *, *, #5025, .T. );
#4173 = CARTESIAN_POINT( '', ( -13.5000000000000, -28.0000000000000, 28.0000000000000 ) );
#4174 = DIRECTION( '', ( -1.00000000000000, 0.000000000000000, 0.000000000000000 ) );
#4175 = DIRECTION( '', ( 0.000000000000000, 0.000000000000000, 1.00000000000000 ) );
#4176 = SURFACE_STYLE_FILL_AREA( #5302 );
#4177 = ORIENTED_EDGE( '', *, *, #5303, .T. );
#4178 = ORIENTED_EDGE( '', *, *, #4847, .F. );
#4179 = ORIENTED_EDGE( '', *, *, #5079, .F. );
#4180 = ORIENTED_EDGE( '', *, *, #5048, .T. );
#4181 = CARTESIAN_POINT( '', ( 4.00000000000000, 20.0952994616207, 6.38750000000000 ) );
#4182 = DIRECTION( '', ( -0.500000000000000, -0.866025403784438, 0.000000000000000 ) );
#4183 = DIRECTION( '', ( 0.866025403784438, -0.500000000000000, 0.000000000000000 ) );
#4184 = SURFACE_STYLE_FILL_AREA( #5304 );
#4185 = ORIENTED_EDGE( '', *, *, #5004, .F. );
#4186 = ORIENTED_EDGE( '', *, *, #5104, .T. );
#4187 = ORIENTED_EDGE( '', *, *, #5027, .F. );
#4188 = ORIENTED_EDGE( '', *, *, #5261, .F. );
#4189 = ORIENTED_EDGE( '', *, *, #5305, .F. );
#4190 = CARTESIAN_POINT( '', ( -8.67361737988404E-16, 27.0000000000000, 0.000000000000000 ) );
#4191 = DIRECTION( '', ( -1.00000000000000, 0.000000000000000, 0.000000000000000 ) );
#4192 = DIRECTION( '', ( 0.000000000000000, 0.000000000000000, 1.00000000000000 ) );
#4193 = SURFACE_STYLE_FILL_AREA( #5306 );
#4194 = ORIENTED_EDGE( '', *, *, #4718, .F. );
#4195 = CARTESIAN_POINT( '', ( 6.00000000000000, -21.2500000000000, 13.5000000000000 ) );
#4196 = DIRECTION( '', ( -0.000000000000000, 0.000000000000000, -1.00000000000000 ) );
#4197 = DIRECTION( '', ( -1.00000000000000, 0.000000000000000, 0.000000000000000 ) );
#4198 = SURFACE_STYLE_FILL_AREA( #5307 );
#4199 = ORIENTED_EDGE( '', *, *, #5243, .F. );
#4200 = ORIENTED_EDGE( '', *, *, #4659, .F. );
#4201 = ORIENTED_EDGE( '', *, *, #5308, .F. );
#4202 = ORIENTED_EDGE( '', *, *, #4831, .T. );
#4203 = CARTESIAN_POINT( '', ( -9.72000000000000, 0.780000000000001, 27.4000000000000 ) );
#4204 = DIRECTION( '', ( -1.00000000000000, 0.000000000000000, 0.000000000000000 ) );
#4205 = DIRECTION( '', ( 0.000000000000000, 0.000000000000000, 1.00000000000000 ) );
#4206 = SURFACE_STYLE_FILL_AREA( #5309 );
#4207 = ORIENTED_EDGE( '', *, *, #5055, .T. );
#4208 = ORIENTED_EDGE( '', *, *, #5063, .F. );
#4209 = CARTESIAN_POINT( '', ( 20.0000000000000, 0.000000000000000, -21.5000000000000 ) );
#4210 = DIRECTION( '', ( -1.00000000000000, -0.000000000000000, -0.000000000000000 ) );
#4211 = DIRECTION( '', ( 0.000000000000000, 0.000000000000000, -1.00000000000000 ) );
#4212 = SURFACE_STYLE_FILL_AREA( #5310 );
#4213 = ORIENTED_EDGE( '', *, *, #5207, .F. );
#4214 = ORIENTED_EDGE( '', *, *, #5089, .F. );
#4215 = ORIENTED_EDGE( '', *, *, #4749, .T. );
#4216 = ORIENTED_EDGE( '', *, *, #5250, .F. );
#4217 = CARTESIAN_POINT( '', ( -4.17739130434783, -0.600000000000000, 27.4000000000000 ) );
#4218 = DIRECTION( '', ( 0.608431543657135, -0.793606361291916, 0.000000000000000 ) );
#4219 = DIRECTION( '', ( 0.793606361291916, 0.608431543657135, 0.000000000000000 ) );
#4220 = SURFACE_STYLE_FILL_AREA( #5311 );
#4221 = ORIENTED_EDGE( '', *, *, #5077, .T. );
#4222 = ORIENTED_EDGE( '', *, *, #5009, .F. );
#4223 = ORIENTED_EDGE( '', *, *, #4735, .F. );
#4224 = ORIENTED_EDGE( '', *, *, #4746, .T. );
#4225 = CARTESIAN_POINT( '', ( -1.25000000000000, -0.649519052838329, -20.1250000000000 ) );
#4226 = DIRECTION( '', ( 0.000000000000000, -0.866025403784439, 0.500000000000000 ) );
#4227 = DIRECTION( '', ( 0.000000000000000, -0.500000000000000, -0.866025403784439 ) );
#4228 = SURFACE_STYLE_FILL_AREA( #5312 );
#4229 = ORIENTED_EDGE( '', *, *, #5313, .T. );
#4230 = ORIENTED_EDGE( '', *, *, #5139, .T. );
#4231 = CARTESIAN_POINT( '', ( 14.0000000000000, -28.0000000000000, 28.0000000000000 ) );
#4232 = DIRECTION( '', ( -1.00000000000000, 0.000000000000000, 0.000000000000000 ) );
#4233 = DIRECTION( '', ( 0.000000000000000, 0.000000000000000, 1.00000000000000 ) );
#4234 = SURFACE_STYLE_FILL_AREA( #5314 );
#4235 = ORIENTED_EDGE( '', *, *, #5075, .T. );
#4236 = ORIENTED_EDGE( '', *, *, #4747, .F. );
#4237 = ORIENTED_EDGE( '', *, *, #4733, .F. );
#4238 = ORIENTED_EDGE( '', *, *, #4799, .T. );
#4239 = CARTESIAN_POINT( '', ( -1.25000000000000, 1.29903810567666, -21.2500000000000 ) );
#4240 = DIRECTION( '', ( -0.000000000000000, 0.866025403784439, 0.500000000000000 ) );
#4241 = DIRECTION( '', ( 0.000000000000000, -0.500000000000000, 0.866025403784439 ) );
#4242 = SURFACE_STYLE_FILL_AREA( #5315 );
#4243 = ORIENTED_EDGE( '', *, *, #5001, .T. );
#4244 = ORIENTED_EDGE( '', *, *, #5067, .F. );
#4245 = ORIENTED_EDGE( '', *, *, #5316, .T. );
#4246 = ORIENTED_EDGE( '', *, *, #5254, .T. );
#4247 = CARTESIAN_POINT( '', ( -7.78000000000000, 0.180000000000000, 27.4000000000000 ) );
#4248 = DIRECTION( '', ( -1.00000000000000, 0.000000000000000, 0.000000000000000 ) );
#4249 = DIRECTION( '', ( 0.000000000000000, 0.000000000000000, 1.00000000000000 ) );
#4250 = SURFACE_STYLE_FILL_AREA( #5317 );
#4251 = ORIENTED_EDGE( '', *, *, #4779, .F. );
#4252 = ORIENTED_EDGE( '', *, *, #5236, .T. );
#4253 = ORIENTED_EDGE( '', *, *, #5318, .F. );
#4254 = ORIENTED_EDGE( '', *, *, #4758, .F. );
#4255 = CARTESIAN_POINT( '', ( -0.999999999999999, 0.000000000000000, 0.000000000000000 ) );
#4256 = DIRECTION( '', ( 1.00000000000000, 0.000000000000000, -0.000000000000000 ) );
#4257 = DIRECTION( '', ( -0.000000000000000, 0.000000000000000, -1.00000000000000 ) );
#4258 = SURFACE_STYLE_FILL_AREA( #5319 );
#4259 = ORIENTED_EDGE( '', *, *, #5320, .F. );
#4260 = ORIENTED_EDGE( '', *, *, #5321, .T. );
#4261 = ORIENTED_EDGE( '', *, *, #5057, .T. );
#4262 = ORIENTED_EDGE( '', *, *, #4725, .F. );
#4263 = CARTESIAN_POINT( '', ( 1.25000000000000, 0.649519052838329, 20.1250000000000 ) );
#4264 = DIRECTION( '', ( 0.000000000000000, -0.866025403784439, 0.500000000000000 ) );
#4265 = DIRECTION( '', ( 0.000000000000000, -0.500000000000000, -0.866025403784439 ) );
#4266 = SURFACE_STYLE_FILL_AREA( #5322 );
#4267 = ORIENTED_EDGE( '', *, *, #5323, .T. );
#4268 = ORIENTED_EDGE( '', *, *, #5031, .F. );
#4269 = CARTESIAN_POINT( '', ( 7.00000000000000, 0.000000000000000, 0.000000000000000 ) );
#4270 = DIRECTION( '', ( -1.00000000000000, 0.000000000000000, -0.000000000000000 ) );
#4271 = DIRECTION( '', ( 0.000000000000000, 0.000000000000000, 1.00000000000000 ) );
#4272 = SURFACE_STYLE_FILL_AREA( #5324 );
#4273 = ORIENTED_EDGE( '', *, *, #4932, .T. );
#4274 = ORIENTED_EDGE( '', *, *, #5325, .T. );
#4275 = ORIENTED_EDGE( '', *, *, #4794, .T. );
#4276 = ORIENTED_EDGE( '', *, *, #5021, .T. );
#4277 = ORIENTED_EDGE( '', *, *, #4985, .T. );
#4278 = ORIENTED_EDGE( '', *, *, #4897, .T. );
#4279 = ORIENTED_EDGE( '', *, *, #4721, .T. );
#4280 = ORIENTED_EDGE( '', *, *, #4832, .T. );
#4281 = ORIENTED_EDGE( '', *, *, #5308, .T. );
#4282 = ORIENTED_EDGE( '', *, *, #4658, .T. );
#4283 = ORIENTED_EDGE( '', *, *, #5018, .T. );
#4284 = ORIENTED_EDGE( '', *, *, #5296, .T. );
#4285 = CARTESIAN_POINT( '', ( -9.47147186257615, -1.38000000000001, 27.4000000000000 ) );
#4286 = DIRECTION( '', ( 0.000000000000000, 0.000000000000000, 1.00000000000000 ) );
#4287 = DIRECTION( '', ( 1.00000000000000, 0.000000000000000, -0.000000000000000 ) );
#4288 = SURFACE_STYLE_FILL_AREA( #5326 );
#4289 = ORIENTED_EDGE( '', *, *, #5153, .F. );
#4290 = ORIENTED_EDGE( '', *, *, #5105, .T. );
#4291 = ORIENTED_EDGE( '', *, *, #5305, .T. );
#4292 = ORIENTED_EDGE( '', *, *, #5260, .T. );
#4293 = ORIENTED_EDGE( '', *, *, #5327, .F. );
#4294 = ORIENTED_EDGE( '', *, *, #4821, .F. );
#4295 = ORIENTED_EDGE( '', *, *, #5238, .F. );
#4296 = CARTESIAN_POINT( '', ( -13.5000000000000, 28.0000000000000, 0.500000000000000 ) );
#4297 = DIRECTION( '', ( -0.000000000000000, 0.000000000000000, 1.00000000000000 ) );
#4298 = DIRECTION( '', ( 1.00000000000000, 0.000000000000000, 0.000000000000000 ) );
#4299 = SURFACE_STYLE_FILL_AREA( #5328 );
#4300 = ORIENTED_EDGE( '', *, *, #4866, .T. );
#4301 = CARTESIAN_POINT( '', ( 10.2000000000000, 21.5000000000000, 0.000000000000000 ) );
#4302 = DIRECTION( '', ( 1.00000000000000, 0.000000000000000, 0.000000000000000 ) );
#4303 = DIRECTION( '', ( 0.000000000000000, 0.000000000000000, -1.00000000000000 ) );
#4304 = SURFACE_STYLE_FILL_AREA( #5329 );
#4305 = ORIENTED_EDGE( '', *, *, #5203, .F. );
#4306 = ORIENTED_EDGE( '', *, *, #5114, .T. );
#4307 = ORIENTED_EDGE( '', *, *, #4840, .T. );
#4308 = ORIENTED_EDGE( '', *, *, #5278, .F. );
#4309 = CARTESIAN_POINT( '', ( 1.25000000000000, 1.29903810567666, -21.2500000000000 ) );
#4310 = DIRECTION( '', ( 0.000000000000000, -0.866025403784439, -0.500000000000000 ) );
#4311 = DIRECTION( '', ( 0.000000000000000, 0.500000000000000, -0.866025403784439 ) );
#4312 = SURFACE_STYLE_FILL_AREA( #5330 );
#4313 = ORIENTED_EDGE( '', *, *, #4864, .T. );
#4314 = ORIENTED_EDGE( '', *, *, #5282, .F. );
#4315 = ORIENTED_EDGE( '', *, *, #5331, .T. );
#4316 = ORIENTED_EDGE( '', *, *, #5187, .T. );
#4317 = CARTESIAN_POINT( '', ( -6.70000000000000, -0.960000000000000, 27.4000000000000 ) );
#4318 = DIRECTION( '', ( 0.000000000000000, 1.00000000000000, -0.000000000000000 ) );
#4319 = DIRECTION( '', ( 0.000000000000000, 0.000000000000000, 1.00000000000000 ) );
#4320 = SURFACE_STYLE_FILL_AREA( #5332 );
#4321 = ORIENTED_EDGE( '', *, *, #4895, .T. );
#4322 = ORIENTED_EDGE( '', *, *, #5239, .T. );
#4323 = CARTESIAN_POINT( '', ( -6.00000000000000, -21.2500000000000, -28.0000000000000 ) );
#4324 = DIRECTION( '', ( -1.23908819712629E-16, -0.000000000000000, 1.00000000000000 ) );
#4325 = DIRECTION( '', ( -1.00000000000000, 0.000000000000000, -1.23908819712629E-16 ) );
#4326 = SURFACE_STYLE_FILL_AREA( #5333 );
#4327 = ORIENTED_EDGE( '', *, *, #5188, .F. );
#4328 = ORIENTED_EDGE( '', *, *, #5331, .F. );
#4329 = ORIENTED_EDGE( '', *, *, #5281, .F. );
#4330 = ORIENTED_EDGE( '', *, *, #4817, .F. );
#4331 = ORIENTED_EDGE( '', *, *, #5316, .F. );
#4332 = ORIENTED_EDGE( '', *, *, #5066, .F. );
#4333 = ORIENTED_EDGE( '', *, *, #5294, .F. );
#4334 = ORIENTED_EDGE( '', *, *, #5255, .F. );
#4335 = ORIENTED_EDGE( '', *, *, #5270, .T. );
#4336 = ORIENTED_EDGE( '', *, *, #5267, .T. );
#4337 = ORIENTED_EDGE( '', *, *, #5334, .T. );
#4338 = ORIENTED_EDGE( '', *, *, #4851, .T. );
#4339 = ORIENTED_EDGE( '', *, *, #4696, .T. );
#4340 = CARTESIAN_POINT( '', ( -6.70000000000000, -1.20000000000000, 27.4000000000000 ) );
#4341 = DIRECTION( '', ( 0.000000000000000, 0.000000000000000, 1.00000000000000 ) );
#4342 = DIRECTION( '', ( 1.00000000000000, 0.000000000000000, -0.000000000000000 ) );
#4343 = SURFACE_STYLE_FILL_AREA( #5335 );
#4344 = ORIENTED_EDGE( '', *, *, #4803, .F. );
#4345 = CARTESIAN_POINT( '', ( -23.2000000000000, 0.000000000000000, 21.5000000000000 ) );
#4346 = DIRECTION( '', ( 1.00000000000000, 0.000000000000000, 0.000000000000000 ) );
#4347 = DIRECTION( '', ( 0.000000000000000, 0.000000000000000, -1.00000000000000 ) );
#4348 = SURFACE_STYLE_FILL_AREA( #5336 );
#4349 = ORIENTED_EDGE( '', *, *, #5171, .T. );
#4350 = ORIENTED_EDGE( '', *, *, #5323, .F. );
#4351 = CARTESIAN_POINT( '', ( 7.00000000000000, 0.000000000000000, 0.000000000000000 ) );
#4352 = DIRECTION( '', ( -1.00000000000000, -0.000000000000000, 0.000000000000000 ) );
#4353 = DIRECTION( '', ( -0.000000000000000, 0.000000000000000, -1.00000000000000 ) );
#4354 = SURFACE_STYLE_FILL_AREA( #5337 );
#4355 = ORIENTED_EDGE( '', *, *, #5123, .F. );
#4356 = ORIENTED_EDGE( '', *, *, #5338, .T. );
#4357 = ORIENTED_EDGE( '', *, *, #5320, .T. );
#4358 = ORIENTED_EDGE( '', *, *, #4730, .F. );
#4359 = CARTESIAN_POINT( '', ( 1.25000000000000, -0.649519052838329, 20.1250000000000 ) );
#4360 = DIRECTION( '', ( 0.000000000000000, 0.000000000000000, 1.00000000000000 ) );
#4361 = DIRECTION( '', ( 1.00000000000000, 0.000000000000000, -0.000000000000000 ) );
#4362 = SURFACE_STYLE_FILL_AREA( #5339 );
#4363 = ORIENTED_EDGE( '', *, *, #5272, .T. );
#4364 = ORIENTED_EDGE( '', *, *, #5156, .F. );
#4365 = CARTESIAN_POINT( '', ( 0.200000000000000, 0.000000000000000, 21.2500000000000 ) );
#4366 = DIRECTION( '', ( -1.00000000000000, -0.000000000000000, 0.000000000000000 ) );
#4367 = DIRECTION( '', ( -0.000000000000000, 0.000000000000000, -1.00000000000000 ) );
#4368 = SURFACE_STYLE_FILL_AREA( #5340 );
#4369 = ORIENTED_EDGE( '', *, *, #5212, .F. );
#4370 = ORIENTED_EDGE( '', *, *, #5341, .F. );
#4371 = CARTESIAN_POINT( '', ( 6.00000000000000, -21.2500000000000, -8.00000000000000 ) );
#4372 = DIRECTION( '', ( 0.000000000000000, -0.000000000000000, 1.00000000000000 ) );
#4373 = DIRECTION( '', ( -1.00000000000000, 0.000000000000000, 0.000000000000000 ) );
#4374 = SURFACE_STYLE_FILL_AREA( #5342 );
#4375 = ORIENTED_EDGE( '', *, *, #4667, .F. );
#4376 = ORIENTED_EDGE( '', *, *, #4790, .F. );
#4377 = ORIENTED_EDGE( '', *, *, #4869, .F. );
#4378 = ORIENTED_EDGE( '', *, *, #4872, .F. );
#4379 = ORIENTED_EDGE( '', *, *, #5040, .F. );
#4380 = ORIENTED_EDGE( '', *, *, #5179, .T. );
#4381 = CARTESIAN_POINT( '', ( 0.600000000000000, 0.000000000000000, 0.000000000000000 ) );
#4382 = DIRECTION( '', ( 1.00000000000000, 0.000000000000000, 0.000000000000000 ) );
#4383 = DIRECTION( '', ( 0.000000000000000, 0.000000000000000, -1.00000000000000 ) );
#4384 = SURFACE_STYLE_FILL_AREA( #5343 );
#4385 = ORIENTED_EDGE( '', *, *, #5290, .F. );
#4386 = ORIENTED_EDGE( '', *, *, #5093, .F. );
#4387 = ORIENTED_EDGE( '', *, *, #5196, .T. );
#4388 = ORIENTED_EDGE( '', *, *, #5248, .F. );
#4389 = CARTESIAN_POINT( '', ( -3.74152545638024, 0.656163816775150, 27.4000000000000 ) );
#4390 = DIRECTION( '', ( -0.608431543657135, 0.793606361291916, 0.000000000000000 ) );
#4391 = DIRECTION( '', ( -0.793606361291916, -0.608431543657135, 0.000000000000000 ) );
#4392 = SURFACE_STYLE_FILL_AREA( #5344 );
#4393 = ORIENTED_EDGE( '', *, *, #5076, .T. );
#4394 = ORIENTED_EDGE( '', *, *, #4800, .F. );
#4395 = ORIENTED_EDGE( '', *, *, #4737, .F. );
#4396 = ORIENTED_EDGE( '', *, *, #5008, .T. );
#4397 = CARTESIAN_POINT( '', ( -1.25000000000000, -0.649519052838329, -22.3750000000000 ) );
#4398 = DIRECTION( '', ( 0.000000000000000, 0.000000000000000, -1.00000000000000 ) );
#4399 = DIRECTION( '', ( -1.00000000000000, 0.000000000000000, 0.000000000000000 ) );
#4400 = SURFACE_STYLE_FILL_AREA( #5345 );
#4401 = ORIENTED_EDGE( '', *, *, #5346, .T. );
#4402 = ORIENTED_EDGE( '', *, *, #5347, .F. );
#4403 = ORIENTED_EDGE( '', *, *, #5080, .F. );
#4404 = ORIENTED_EDGE( '', *, *, #4845, .T. );
#4405 = CARTESIAN_POINT( '', ( 8.00000000000000, 20.0952994616207, 6.38750000000000 ) );
#4406 = DIRECTION( '', ( 1.00000000000000, 0.000000000000000, 0.000000000000000 ) );
#4407 = DIRECTION( '', ( 0.000000000000000, 0.000000000000000, -1.00000000000000 ) );
#4408 = SURFACE_STYLE_FILL_AREA( #5348 );
#4409 = ORIENTED_EDGE( '', *, *, #5349, .T. );
#4410 = ORIENTED_EDGE( '', *, *, #4836, .T. );
#4411 = ORIENTED_EDGE( '', *, *, #5327, .T. );
#4412 = ORIENTED_EDGE( '', *, *, #5259, .F. );
#4413 = CARTESIAN_POINT( '', ( -13.5000000000000, 0.000000000000000, -0.000000000000000 ) );
#4414 = DIRECTION( '', ( 1.00000000000000, 0.000000000000000, -0.000000000000000 ) );
#4415 = DIRECTION( '', ( -0.000000000000000, 0.000000000000000, -1.00000000000000 ) );
#4416 = SURFACE_STYLE_FILL_AREA( #5350 );
#4417 = ORIENTED_EDGE( '', *, *, #5146, .T. );
#4418 = ORIENTED_EDGE( '', *, *, #4682, .T. );
#4419 = ORIENTED_EDGE( '', *, *, #5145, .T. );
#4420 = ORIENTED_EDGE( '', *, *, #5285, .F. );
#4421 = ORIENTED_EDGE( '', *, *, #5300, .F. );
#4422 = ORIENTED_EDGE( '', *, *, #5191, .F. );
#4423 = CARTESIAN_POINT( '', ( 13.7500000000000, -11.5000000000000, 28.0000000000000 ) );
#4424 = DIRECTION( '', ( 0.000000000000000, -0.000000000000000, 1.00000000000000 ) );
#4425 = DIRECTION( '', ( -1.00000000000000, 0.000000000000000, 0.000000000000000 ) );
#4426 = SURFACE_STYLE_FILL_AREA( #5351 );
#4427 = ORIENTED_EDGE( '', *, *, #5119, .T. );
#4428 = ORIENTED_EDGE( '', *, *, #4849, .T. );
#4429 = CARTESIAN_POINT( '', ( -20.0000000000000, 0.000000000000000, -21.5000000000000 ) );
#4430 = DIRECTION( '', ( 1.00000000000000, -0.000000000000000, -0.000000000000000 ) );
#4431 = DIRECTION( '', ( 0.000000000000000, 0.000000000000000, 1.00000000000000 ) );
#4432 = SURFACE_STYLE_FILL_AREA( #5352 );
#4433 = ORIENTED_EDGE( '', *, *, #4880, .T. );
#4434 = ORIENTED_EDGE( '', *, *, #5151, .T. );
#4435 = CARTESIAN_POINT( '', ( 6.00000000000000, -21.2500000000000, 28.0000000000000 ) );
#4436 = DIRECTION( '', ( -0.000000000000000, 0.000000000000000, -1.00000000000000 ) );
#4437 = DIRECTION( '', ( 1.00000000000000, 0.000000000000000, 0.000000000000000 ) );
#4438 = SURFACE_STYLE_FILL_AREA( #5353 );
#4439 = ORIENTED_EDGE( '', *, *, #5210, .F. );
#4440 = ORIENTED_EDGE( '', *, *, #5058, .F. );
#4441 = ORIENTED_EDGE( '', *, *, #5321, .F. );
#4442 = ORIENTED_EDGE( '', *, *, #5338, .F. );
#4443 = ORIENTED_EDGE( '', *, *, #5122, .F. );
#4444 = ORIENTED_EDGE( '', *, *, #5162, .F. );
#4445 = CARTESIAN_POINT( '', ( 1.25000000000000, 0.000000000000000, 0.000000000000000 ) );
#4446 = DIRECTION( '', ( 1.00000000000000, 0.000000000000000, 0.000000000000000 ) );
#4447 = DIRECTION( '', ( 0.000000000000000, 0.000000000000000, -1.00000000000000 ) );
#4448 = SURFACE_STYLE_FILL_AREA( #5354 );
#4449 = ORIENTED_EDGE( '', *, *, #4915, .T. );
#4450 = ORIENTED_EDGE( '', *, *, #5074, .F. );
#4451 = CARTESIAN_POINT( '', ( -0.500000000000000, 0.000000000000000, -21.2500000000000 ) );
#4452 = DIRECTION( '', ( 1.00000000000000, 0.000000000000000, -0.000000000000000 ) );
#4453 = DIRECTION( '', ( -0.000000000000000, 0.000000000000000, -1.00000000000000 ) );
#4454 = SURFACE_STYLE_FILL_AREA( #5355 );
#4455 = ORIENTED_EDGE( '', *, *, #5341, .T. );
#4456 = ORIENTED_EDGE( '', *, *, #5100, .F. );
#4457 = ORIENTED_EDGE( '', *, *, #5264, .F. );
#4458 = ORIENTED_EDGE( '', *, *, #5192, .T. );
#4459 = ORIENTED_EDGE( '', *, *, #5299, .T. );
#4460 = ORIENTED_EDGE( '', *, *, #4981, .T. );
#4461 = ORIENTED_EDGE( '', *, *, #5149, .T. );
#4462 = ORIENTED_EDGE( '', *, *, #5356, .F. );
#4463 = CARTESIAN_POINT( '', ( 13.5000000000000, 28.0000000000000, 0.500000000000000 ) );
#4464 = DIRECTION( '', ( 0.000000000000000, 0.000000000000000, -1.00000000000000 ) );
#4465 = DIRECTION( '', ( -1.00000000000000, 0.000000000000000, 0.000000000000000 ) );
#4466 = SURFACE_STYLE_FILL_AREA( #5357 );
#4467 = ORIENTED_EDGE( '', *, *, #5097, .T. );
#4468 = ORIENTED_EDGE( '', *, *, #4963, .F. );
#4469 = CARTESIAN_POINT( '', ( 0.200000000000000, 0.000000000000000, -21.2500000000000 ) );
#4470 = DIRECTION( '', ( -1.00000000000000, -0.000000000000000, 0.000000000000000 ) );
#4471 = DIRECTION( '', ( -0.000000000000000, 0.000000000000000, -1.00000000000000 ) );
#4472 = SURFACE_STYLE_FILL_AREA( #5358 );
#4473 = ORIENTED_EDGE( '', *, *, #4967, .T. );
#4474 = ORIENTED_EDGE( '', *, *, #4857, .T. );
#4475 = ORIENTED_EDGE( '', *, *, #5132, .T. );
#4476 = ORIENTED_EDGE( '', *, *, #4876, .T. );
#4477 = ORIENTED_EDGE( '', *, *, #4664, .T. );
#4478 = ORIENTED_EDGE( '', *, *, #4978, .T. );
#4479 = CARTESIAN_POINT( '', ( -1.25000000000000, 0.000000000000000, 0.000000000000000 ) );
#4480 = DIRECTION( '', ( 1.00000000000000, 0.000000000000000, 0.000000000000000 ) );
#4481 = DIRECTION( '', ( 0.000000000000000, 0.000000000000000, -1.00000000000000 ) );
#4482 = SURFACE_STYLE_FILL_AREA( #5359 );
#4483 = ORIENTED_EDGE( '', *, *, #5240, .T. );
#4484 = ORIENTED_EDGE( '', *, *, #4687, .F. );
#4485 = CARTESIAN_POINT( '', ( -6.00000000000000, 21.2500000000000, -28.0000000000000 ) );
#4486 = DIRECTION( '', ( -1.23908819712629E-16, -0.000000000000000, 1.00000000000000 ) );
#4487 = DIRECTION( '', ( -1.00000000000000, 0.000000000000000, -1.23908819712629E-16 ) );
#4488 = SURFACE_STYLE_FILL_AREA( #5360 );
#4489 = ORIENTED_EDGE( '', *, *, #4891, .F. );
#4490 = CARTESIAN_POINT( '', ( -10.2000000000000, 21.5000000000000, 0.000000000000000 ) );
#4491 = DIRECTION( '', ( 1.00000000000000, 0.000000000000000, 0.000000000000000 ) );
#4492 = DIRECTION( '', ( 0.000000000000000, 0.000000000000000, -1.00000000000000 ) );
#4493 = SURFACE_STYLE_FILL_AREA( #5361 );
#4494 = ORIENTED_EDGE( '', *, *, #5362, .T. );
#4495 = ORIENTED_EDGE( '', *, *, #5167, .F. );
#4496 = CARTESIAN_POINT( '', ( -6.00000000000000, 21.2500000000000, -28.0000000000000 ) );
#4497 = DIRECTION( '', ( -1.23908819712629E-16, -0.000000000000000, 1.00000000000000 ) );
#4498 = DIRECTION( '', ( -1.00000000000000, 0.000000000000000, -1.23908819712629E-16 ) );
#4499 = SURFACE_STYLE_FILL_AREA( #5363 );
#4500 = ORIENTED_EDGE( '', *, *, #4995, .T. );
#4501 = ORIENTED_EDGE( '', *, *, #5364, .T. );
#4502 = CARTESIAN_POINT( '', ( 8.75000000000000, 21.2500000000000, 3.50000000000000 ) );
#4503 = DIRECTION( '', ( 0.000000000000000, -0.000000000000000, 1.00000000000000 ) );
#4504 = DIRECTION( '', ( 1.00000000000000, 0.000000000000000, 0.000000000000000 ) );
#4505 = SURFACE_STYLE_FILL_AREA( #5365 );
#4506 = ORIENTED_EDGE( '', *, *, #4701, .T. );
#4507 = ORIENTED_EDGE( '', *, *, #5136, .F. );
#4508 = ORIENTED_EDGE( '', *, *, #4763, .T. );
#4509 = ORIENTED_EDGE( '', *, *, #5366, .T. );
#4510 = CARTESIAN_POINT( '', ( 4.00000000000000, -20.0952994616207, -6.38750000000000 ) );
#4511 = DIRECTION( '', ( 1.00000000000000, 0.000000000000000, -0.000000000000000 ) );
#4512 = DIRECTION( '', ( -0.000000000000000, 0.000000000000000, -1.00000000000000 ) );
#4513 = SURFACE_STYLE_FILL_AREA( #5367 );
#4514 = ORIENTED_EDGE( '', *, *, #5005, .T. );
#4515 = ORIENTED_EDGE( '', *, *, #4950, .F. );
#4516 = CARTESIAN_POINT( '', ( -4.00000000000000, 2.54999999999999, 21.2500000000000 ) );
#4517 = DIRECTION( '', ( 1.00000000000000, 0.000000000000000, -0.000000000000000 ) );
#4518 = DIRECTION( '', ( -0.000000000000000, 0.000000000000000, -1.00000000000000 ) );
#4519 = SURFACE_STYLE_FILL_AREA( #5368 );
#4520 = ORIENTED_EDGE( '', *, *, #5033, .F. );
#4521 = ORIENTED_EDGE( '', *, *, #5185, .T. );
#4522 = CARTESIAN_POINT( '', ( 6.00000000000000, 21.2500000000000, -13.0095000000000 ) );
#4523 = DIRECTION( '', ( 0.000000000000000, -0.000000000000000, 1.00000000000000 ) );
#4524 = DIRECTION( '', ( 1.00000000000000, 0.000000000000000, -0.000000000000000 ) );
#4525 = SURFACE_STYLE_FILL_AREA( #5369 );
#4526 = ORIENTED_EDGE( '', *, *, #5174, .F. );
#4527 = ORIENTED_EDGE( '', *, *, #5303, .F. );
#4528 = ORIENTED_EDGE( '', *, *, #5047, .T. );
#4529 = ORIENTED_EDGE( '', *, *, #5221, .F. );
#4530 = ORIENTED_EDGE( '', *, *, #5370, .F. );
#4531 = ORIENTED_EDGE( '', *, *, #5346, .F. );
#4532 = ORIENTED_EDGE( '', *, *, #4844, .F. );
#4533 = CARTESIAN_POINT( '', ( 6.00000000000000, 21.2500000000000, 8.00000000000000 ) );
#4534 = DIRECTION( '', ( -0.000000000000000, 0.000000000000000, -1.00000000000000 ) );
#4535 = DIRECTION( '', ( -1.00000000000000, 0.000000000000000, 0.000000000000000 ) );
#4536 = SURFACE_STYLE_FILL_AREA( #5371 );
#4537 = ORIENTED_EDGE( '', *, *, #4795, .F. );
#4538 = ORIENTED_EDGE( '', *, *, #5325, .F. );
#4539 = ORIENTED_EDGE( '', *, *, #4931, .T. );
#4540 = ORIENTED_EDGE( '', *, *, #5241, .F. );
#4541 = CARTESIAN_POINT( '', ( -11.8800000000000, -1.98000000000000, 27.4000000000000 ) );
#4542 = DIRECTION( '', ( 0.000000000000000, -1.00000000000000, 0.000000000000000 ) );
#4543 = DIRECTION( '', ( 0.000000000000000, 0.000000000000000, -1.00000000000000 ) );
#4544 = SURFACE_STYLE_FILL_AREA( #5372 );
#4545 = ORIENTED_EDGE( '', *, *, #5182, .F. );
#4546 = CARTESIAN_POINT( '', ( -6.00000000000000, -21.2500000000000, -13.5000000000000 ) );
#4547 = DIRECTION( '', ( -1.21027219254196E-16, -0.000000000000000, 1.00000000000000 ) );
#4548 = DIRECTION( '', ( 1.00000000000000, 0.000000000000000, 1.21027219254196E-16 ) );
#4549 = SURFACE_STYLE_FILL_AREA( #5373 );
#4550 = ORIENTED_EDGE( '', *, *, #5274, .F. );
#4551 = ORIENTED_EDGE( '', *, *, #5362, .F. );
#4552 = CARTESIAN_POINT( '', ( -1.75000000000000, 21.2500000000000, -3.00000000000000 ) );
#4553 = DIRECTION( '', ( 1.21027219254196E-16, 0.000000000000000, -1.00000000000000 ) );
#4554 = DIRECTION( '', ( -1.00000000000000, 0.000000000000000, -1.21027219254196E-16 ) );
#4555 = SURFACE_STYLE_FILL_AREA( #5374 );
#4556 = ORIENTED_EDGE( '', *, *, #5157, .T. );
#4557 = ORIENTED_EDGE( '', *, *, #5099, .F. );
#4558 = CARTESIAN_POINT( '', ( 0.200000000000000, 0.000000000000000, 21.2500000000000 ) );
#4559 = DIRECTION( '', ( -1.00000000000000, -0.000000000000000, 0.000000000000000 ) );
#4560 = DIRECTION( '', ( -0.000000000000000, 0.000000000000000, -1.00000000000000 ) );
#4561 = SURFACE_STYLE_FILL_AREA( #5375 );
#4562 = ORIENTED_EDGE( '', *, *, #4912, .T. );
#4563 = CARTESIAN_POINT( '', ( 23.2000000000000, 0.000000000000000, 21.5000000000000 ) );
#4564 = DIRECTION( '', ( 1.00000000000000, 0.000000000000000, 0.000000000000000 ) );
#4565 = DIRECTION( '', ( 0.000000000000000, 0.000000000000000, -1.00000000000000 ) );
#4566 = SURFACE_STYLE_FILL_AREA( #5376 );
#4567 = ORIENTED_EDGE( '', *, *, #5216, .T. );
#4568 = ORIENTED_EDGE( '', *, *, #5286, .T. );
#4569 = ORIENTED_EDGE( '', *, *, #5232, .T. );
#4570 = ORIENTED_EDGE( '', *, *, #5053, .F. );
#4571 = CARTESIAN_POINT( '', ( 20.0000000000000, 0.000000000000000, 0.000000000000000 ) );
#4572 = DIRECTION( '', ( -1.00000000000000, -0.000000000000000, 0.000000000000000 ) );
#4573 = DIRECTION( '', ( -0.000000000000000, 0.000000000000000, -1.00000000000000 ) );
#4574 = SURFACE_STYLE_FILL_AREA( #5377 );
#4575 = ORIENTED_EDGE( '', *, *, #4702, .F. );
#4576 = ORIENTED_EDGE( '', *, *, #5366, .F. );
#4577 = ORIENTED_EDGE( '', *, *, #4767, .T. );
#4578 = ORIENTED_EDGE( '', *, *, #4972, .T. );
#4579 = CARTESIAN_POINT( '', ( 4.00000000000000, -22.4047005383793, -6.38750000000000 ) );
#4580 = DIRECTION( '', ( 0.500000000000000, 0.866025403784438, -0.000000000000000 ) );
#4581 = DIRECTION( '', ( -0.866025403784438, 0.500000000000000, 0.000000000000000 ) );
#4582 = SURFACE_STYLE_FILL_AREA( #5378 );
#4583 = ORIENTED_EDGE( '', *, *, #4709, .F. );
#4584 = ORIENTED_EDGE( '', *, *, #5086, .F. );
#4585 = ORIENTED_EDGE( '', *, *, #5069, .T. );
#4586 = ORIENTED_EDGE( '', *, *, #5251, .F. );
#4587 = CARTESIAN_POINT( '', ( -4.78000000000000, -1.06000000000000, 27.4000000000000 ) );
#4588 = DIRECTION( '', ( -0.608431543657135, -0.793606361291916, 0.000000000000000 ) );
#4589 = DIRECTION( '', ( 0.793606361291916, -0.608431543657135, 0.000000000000000 ) );
#4590 = SURFACE_STYLE_FILL_AREA( #5379 );
#4591 = ORIENTED_EDGE( '', *, *, #4852, .F. );
#4592 = ORIENTED_EDGE( '', *, *, #5334, .F. );
#4593 = ORIENTED_EDGE( '', *, *, #5266, .T. );
#4594 = ORIENTED_EDGE( '', *, *, #5244, .F. );
#4595 = CARTESIAN_POINT( '', ( -6.70000000000000, -1.20000000000000, 27.4000000000000 ) );
#4596 = DIRECTION( '', ( -0.000000000000000, -0.000000000000000, -1.00000000000000 ) );
#4597 = DIRECTION( '', ( 1.00000000000000, 0.000000000000000, -0.000000000000000 ) );
#4598 = SURFACE_STYLE_FILL_AREA( #5380 );
#4599 = ORIENTED_EDGE( '', *, *, #5364, .F. );
#4600 = ORIENTED_EDGE( '', *, *, #5173, .T. );
#4601 = CARTESIAN_POINT( '', ( 6.00000000000000, 21.2500000000000, -13.5000000000000 ) );
#4602 = DIRECTION( '', ( 0.000000000000000, -0.000000000000000, 1.00000000000000 ) );
#4603 = DIRECTION( '', ( -1.00000000000000, 0.000000000000000, 0.000000000000000 ) );
#4604 = SURFACE_STYLE_FILL_AREA( #5381 );
#4605 = ORIENTED_EDGE( '', *, *, #5154, .F. );
#4606 = ORIENTED_EDGE( '', *, *, #5349, .F. );
#4607 = ORIENTED_EDGE( '', *, *, #5258, .T. );
#4608 = ORIENTED_EDGE( '', *, *, #4759, .T. );
#4609 = ORIENTED_EDGE( '', *, *, #5318, .T. );
#4610 = ORIENTED_EDGE( '', *, *, #5235, .F. );
#4611 = ORIENTED_EDGE( '', *, *, #4958, .F. );
#4612 = CARTESIAN_POINT( '', ( -13.5000000000000, -28.0000000000000, -0.500000000000000 ) );
#4613 = DIRECTION( '', ( 0.000000000000000, 0.000000000000000, -1.00000000000000 ) );
#4614 = DIRECTION( '', ( -1.00000000000000, 0.000000000000000, 0.000000000000000 ) );
#4615 = SURFACE_STYLE_FILL_AREA( #5382 );
#4616 = ORIENTED_EDGE( '', *, *, #5197, .F. );
#4617 = ORIENTED_EDGE( '', *, *, #5091, .F. );
#4618 = ORIENTED_EDGE( '', *, *, #5206, .T. );
#4619 = ORIENTED_EDGE( '', *, *, #5249, .F. );
#4620 = CARTESIAN_POINT( '', ( -3.16000000000000, 0.780000000000000, 27.4000000000000 ) );
#4621 = DIRECTION( '', ( 0.000000000000000, 1.00000000000000, -0.000000000000000 ) );
#4622 = DIRECTION( '', ( 0.000000000000000, 0.000000000000000, 1.00000000000000 ) );
#4623 = SURFACE_STYLE_FILL_AREA( #5383 );
#4624 = ORIENTED_EDGE( '', *, *, #5370, .T. );
#4625 = ORIENTED_EDGE( '', *, *, #5222, .F. );
#4626 = ORIENTED_EDGE( '', *, *, #5081, .F. );
#4627 = ORIENTED_EDGE( '', *, *, #5347, .T. );
#4628 = CARTESIAN_POINT( '', ( 8.00000000000000, 22.4047005383793, 6.38750000000000 ) );
#4629 = DIRECTION( '', ( 0.500000000000000, 0.866025403784438, -0.000000000000000 ) );
#4630 = DIRECTION( '', ( -0.866025403784438, 0.500000000000000, 0.000000000000000 ) );
#4631 = SURFACE_STYLE_FILL_AREA( #5384 );
#4632 = ORIENTED_EDGE( '', *, *, #5288, .F. );
#4633 = ORIENTED_EDGE( '', *, *, #4772, .T. );
#4634 = CARTESIAN_POINT( '', ( -3.50000000000000, -21.2500000000000, 3.00000000000000 ) );
#4635 = DIRECTION( '', ( -1.21027219254196E-16, -0.000000000000000, 1.00000000000000 ) );
#4636 = DIRECTION( '', ( 1.00000000000000, 0.000000000000000, 1.21027219254196E-16 ) );
#4637 = SURFACE_STYLE_FILL_AREA( #5385 );
#4638 = ORIENTED_EDGE( '', *, *, #5138, .T. );
#4639 = ORIENTED_EDGE( '', *, *, #4982, .T. );
#4640 = ORIENTED_EDGE( '', *, *, #5298, .T. );
#4641 = ORIENTED_EDGE( '', *, *, #5292, .T. );
#4642 = ORIENTED_EDGE( '', *, *, #5140, .T. );
#4643 = ORIENTED_EDGE( '', *, *, #5313, .F. );
#4644 = CARTESIAN_POINT( '', ( 13.7500000000000, -24.0500000000000, 28.0000000000000 ) );
#4645 = DIRECTION( '', ( 0.000000000000000, -0.000000000000000, 1.00000000000000 ) );
#4646 = DIRECTION( '', ( -1.00000000000000, 0.000000000000000, 0.000000000000000 ) );
#4647 = SURFACE_STYLE_FILL_AREA( #5386 );
#4648 = ORIENTED_EDGE( '', *, *, #5101, .T. );
#4649 = ORIENTED_EDGE( '', *, *, #5356, .T. );
#4650 = ORIENTED_EDGE( '', *, *, #5148, .F. );
#4651 = ORIENTED_EDGE( '', *, *, #4829, .T. );
#4652 = CARTESIAN_POINT( '', ( 0.999999999999999, 0.000000000000000, 0.000000000000000 ) );
#4653 = DIRECTION( '', ( 1.00000000000000, 0.000000000000000, -0.000000000000000 ) );
#4654 = DIRECTION( '', ( -0.000000000000000, 0.000000000000000, -1.00000000000000 ) );
#4656 = FILL_AREA_STYLE( '', ( #5387 ) );
#4657 = EDGE_CURVE( '', #5388, #5389, #5390, .T. );
#4658 = EDGE_CURVE( '', #5391, #5388, #5392, .T. );
#4659 = EDGE_CURVE( '', #5391, #5393, #5394, .T. );
#4660 = EDGE_CURVE( '', #5389, #5393, #5395, .T. );
#4661 = FILL_AREA_STYLE( '', ( #5396 ) );
#4662 = EDGE_CURVE( '', #5397, #5398, #5399, .T. );
#4663 = EDGE_CURVE( '', #5400, #5398, #5401, .T. );
#4664 = EDGE_CURVE( '', #5402, #5400, #5403, .T. );
#4665 = EDGE_CURVE( '', #5402, #5397, #5404, .T. );
#4666 = FILL_AREA_STYLE( '', ( #5405 ) );
#4667 = EDGE_CURVE( '', #5406, #5406, #5407, .T. );
#4668 = EDGE_CURVE( '', #5408, #5408, #5409, .T. );
#4669 = FILL_AREA_STYLE( '', ( #5410 ) );
#4670 = EDGE_CURVE( '', #5411, #5412, #5413, .T. );
#4671 = EDGE_CURVE( '', #5414, #5411, #5415, .T. );
#4672 = EDGE_CURVE( '', #5414, #5416, #5417, .T. );
#4673 = EDGE_CURVE( '', #5416, #5412, #5418, .T. );
#4674 = FILL_AREA_STYLE( '', ( #5419 ) );
#4675 = EDGE_CURVE( '', #5420, #5421, #5422, .T. );
#4676 = EDGE_CURVE( '', #5420, #5423, #5424, .T. );
#4677 = EDGE_CURVE( '', #5423, #5425, #5426, .T. );
#4678 = EDGE_CURVE( '', #5421, #5425, #5427, .T. );
#4679 = FILL_AREA_STYLE( '', ( #5428 ) );
#4680 = EDGE_CURVE( '', #5429, #5429, #5430, .T. );
#4681 = EDGE_CURVE( '', #5431, #5432, #5433, .T. );
#4682 = EDGE_CURVE( '', #5431, #5432, #5434, .T. );
#4683 = FILL_AREA_STYLE( '', ( #5435 ) );
#4684 = EDGE_CURVE( '', #5436, #5436, #5437, .T. );
#4685 = EDGE_CURVE( '', #5438, #5438, #5439, .T. );
#4686 = FILL_AREA_STYLE( '', ( #5440 ) );
#4687 = EDGE_CURVE( '', #5441, #5441, #5442, .T. );
#4688 = EDGE_CURVE( '', #5443, #5443, #5444, .F. );
#4689 = FILL_AREA_STYLE( '', ( #5445 ) );
#4690 = EDGE_CURVE( '', #5446, #5446, #5447, .T. );
#4691 = FILL_AREA_STYLE( '', ( #5448 ) );
#4692 = EDGE_CURVE( '', #5449, #5449, #5450, .T. );
#4693 = EDGE_CURVE( '', #5451, #5451, #5452, .T. );
#4694 = FILL_AREA_STYLE( '', ( #5453 ) );
#4695 = EDGE_CURVE( '', #5454, #5455, #5456, .T. );
#4696 = EDGE_CURVE( '', #5457, #5454, #5458, .T. );
#4697 = EDGE_CURVE( '', #5457, #5459, #5460, .T. );
#4698 = EDGE_CURVE( '', #5455, #5459, #5461, .T. );
#4699 = FILL_AREA_STYLE( '', ( #5462 ) );
#4700 = EDGE_CURVE( '', #5463, #5464, #5465, .T. );
#4701 = EDGE_CURVE( '', #5466, #5464, #5467, .T. );
#4702 = EDGE_CURVE( '', #5466, #5468, #5469, .T. );
#4703 = EDGE_CURVE( '', #5468, #5411, #5470, .T. );
#4704 = EDGE_CURVE( '', #5412, #5463, #5471, .T. );
#4705 = EDGE_CURVE( '', #5472, #5472, #5473, .T. );
#4706 = FILL_AREA_STYLE( '', ( #5474 ) );
#4707 = EDGE_CURVE( '', #5475, #5476, #5477, .T. );
#4708 = EDGE_CURVE( '', #5478, #5475, #5479, .T. );
#4709 = EDGE_CURVE( '', #5478, #5480, #5481, .T. );
#4710 = EDGE_CURVE( '', #5476, #5480, #5482, .T. );
#4711 = FILL_AREA_STYLE( '', ( #5483 ) );
#4712 = EDGE_CURVE( '', #5484, #5484, #5485, .T. );
#4713 = EDGE_CURVE( '', #5486, #5486, #5487, .T. );
#4714 = FILL_AREA_STYLE( '', ( #5488 ) );
#4715 = EDGE_CURVE( '', #5489, #5489, #5490, .T. );
#4716 = FILL_AREA_STYLE( '', ( #5491 ) );
#4717 = EDGE_CURVE( '', #5492, #5492, #5493, .T. );
#4718 = EDGE_CURVE( '', #5494, #5494, #5495, .T. );
#4719 = FILL_AREA_STYLE( '', ( #5496 ) );
#4720 = EDGE_CURVE( '', #5497, #5498, #5499, .T. );
#4721 = EDGE_CURVE( '', #5500, #5497, #5501, .T. );
#4722 = EDGE_CURVE( '', #5500, #5502, #5503, .T. );
#4723 = EDGE_CURVE( '', #5498, #5502, #5504, .T. );
#4724 = FILL_AREA_STYLE( '', ( #5505 ) );
#4725 = EDGE_CURVE( '', #5506, #5507, #5508, .T. );
#4726 = EDGE_CURVE( '', #5507, #5509, #5510, .T. );
#4727 = EDGE_CURVE( '', #5509, #5511, #5512, .T. );
#4728 = EDGE_CURVE( '', #5511, #5513, #5514, .T. );
#4729 = EDGE_CURVE( '', #5513, #5515, #5516, .T. );
#4730 = EDGE_CURVE( '', #5515, #5506, #5517, .T. );
#4731 = EDGE_CURVE( '', #5518, #5518, #5519, .T. );
#4732 = FILL_AREA_STYLE( '', ( #5520 ) );
#4733 = EDGE_CURVE( '', #5521, #5522, #5523, .T. );
#4734 = EDGE_CURVE( '', #5522, #5524, #5525, .T. );
#4735 = EDGE_CURVE( '', #5524, #5526, #5527, .T. );
#4736 = EDGE_CURVE( '', #5526, #5528, #5529, .T. );
#4737 = EDGE_CURVE( '', #5528, #5530, #5531, .T. );
#4738 = EDGE_CURVE( '', #5530, #5521, #5532, .T. );
#4739 = FILL_AREA_STYLE( '', ( #5533 ) );
#4740 = EDGE_CURVE( '', #5534, #5535, #5536, .T. );
#4741 = EDGE_CURVE( '', #5537, #5535, #5538, .T. );
#4742 = EDGE_CURVE( '', #5539, #5537, #5540, .T. );
#4743 = EDGE_CURVE( '', #5539, #5534, #5541, .T. );
#4744 = FILL_AREA_STYLE( '', ( #5542 ) );
#4745 = EDGE_CURVE( '', #5543, #5544, #5545, .T. );
#4746 = EDGE_CURVE( '', #5524, #5544, #5546, .T. );
#4747 = EDGE_CURVE( '', #5522, #5543, #5547, .T. );
#4748 = FILL_AREA_STYLE( '', ( #5548 ) );
#4749 = EDGE_CURVE( '', #5549, #5550, #5551, .T. );
#4750 = EDGE_CURVE( '', #5552, #5549, #5553, .T. );
#4751 = EDGE_CURVE( '', #5552, #5554, #5555, .T. );
#4752 = EDGE_CURVE( '', #5550, #5554, #5556, .T. );
#4753 = FILL_AREA_STYLE( '', ( #5557 ) );
#4754 = EDGE_CURVE( '', #5558, #5559, #5560, .T. );
#4755 = EDGE_CURVE( '', #5559, #5558, #5561, .T. );
#4756 = FILL_AREA_STYLE( '', ( #5562 ) );
#4757 = EDGE_CURVE( '', #5563, #5563, #5564, .T. );
#4758 = EDGE_CURVE( '', #5565, #5566, #5567, .T. );
#4759 = EDGE_CURVE( '', #5568, #5566, #5569, .T. );
#4760 = EDGE_CURVE( '', #5570, #5568, #5571, .T. );
#4761 = EDGE_CURVE( '', #5565, #5570, #5572, .T. );
#4762 = FILL_AREA_STYLE( '', ( #5573 ) );
#4763 = EDGE_CURVE( '', #5574, #5575, #5576, .T. );
#4764 = EDGE_CURVE( '', #5577, #5574, #5578, .T. );
#4765 = EDGE_CURVE( '', #5416, #5577, #5579, .T. );
#4766 = EDGE_CURVE( '', #5580, #5414, #5581, .T. );
#4767 = EDGE_CURVE( '', #5575, #5580, #5582, .T. );
#4768 = FILL_AREA_STYLE( '', ( #5583 ) );
#4769 = EDGE_CURVE( '', #5584, #5584, #5585, .T. );
#4770 = EDGE_CURVE( '', #5586, #5586, #5587, .T. );
#4771 = FILL_AREA_STYLE( '', ( #5588 ) );
#4772 = EDGE_CURVE( '', #5589, #5589, #5590, .T. );
#4773 = FILL_AREA_STYLE( '', ( #5591 ) );
#4774 = EDGE_CURVE( '', #5592, #5592, #5593, .T. );
#4775 = FILL_AREA_STYLE( '', ( #5594 ) );
#4776 = EDGE_CURVE( '', #5595, #5595, #5596, .T. );
#4777 = FILL_AREA_STYLE( '', ( #5597 ) );
#4778 = EDGE_CURVE( '', #5598, #5598, #5599, .F. );
#4779 = EDGE_CURVE( '', #5600, #5565, #5601, .T. );
#4780 = EDGE_CURVE( '', #5570, #5602, #5603, .F. );
#4781 = EDGE_CURVE( '', #5604, #5602, #5605, .T. );
#4782 = EDGE_CURVE( '', #5600, #5604, #5606, .F. );
#4783 = FILL_AREA_STYLE( '', ( #5607 ) );
#4784 = EDGE_CURVE( '', #5608, #5609, #5610, .T. );
#4785 = EDGE_CURVE( '', #5609, #5539, #5611, .T. );
#4786 = EDGE_CURVE( '', #5537, #5612, #5613, .T. );
#4787 = EDGE_CURVE( '', #5612, #5614, #5615, .T. );
#4788 = EDGE_CURVE( '', #5614, #5608, #5616, .T. );
#4789 = FILL_AREA_STYLE( '', ( #5617 ) );
#4790 = EDGE_CURVE( '', #5618, #5618, #5619, .T. );
#4791 = EDGE_CURVE( '', #5620, #5620, #5621, .T. );
#4792 = FILL_AREA_STYLE( '', ( #5622 ) );
#4793 = EDGE_CURVE( '', #5623, #5624, #5625, .T. );
#4794 = EDGE_CURVE( '', #5626, #5623, #5627, .T. );
#4795 = EDGE_CURVE( '', #5626, #5628, #5629, .T. );
#4796 = EDGE_CURVE( '', #5624, #5628, #5630, .T. );
#4797 = FILL_AREA_STYLE( '', ( #5631 ) );
#4798 = EDGE_CURVE( '', #5632, #5633, #5634, .T. );
#4799 = EDGE_CURVE( '', #5521, #5633, #5635, .T. );
#4800 = EDGE_CURVE( '', #5530, #5632, #5636, .T. );
#4801 = FILL_AREA_STYLE( '', ( #5637 ) );
#4802 = EDGE_CURVE( '', #5638, #5638, #5639, .F. );
#4803 = EDGE_CURVE( '', #5640, #5640, #5641, .T. );
#4804 = FILL_AREA_STYLE( '', ( #5642 ) );
#4805 = EDGE_CURVE( '', #5643, #5643, #5644, .T. );
#4806 = FILL_AREA_STYLE( '', ( #5645 ) );
#4807 = EDGE_CURVE( '', #5646, #5646, #5647, .T. );
#4808 = EDGE_CURVE( '', #5648, #5649, #5650, .T. );
#4809 = EDGE_CURVE( '', #5649, #5651, #5652, .T. );
#4810 = EDGE_CURVE( '', #5651, #5653, #5654, .T. );
#4811 = EDGE_CURVE( '', #5655, #5653, #5656, .T. );
#4812 = EDGE_CURVE( '', #5655, #5657, #5658, .T. );
#4813 = EDGE_CURVE( '', #5657, #5648, #5659, .T. );
#4814 = FILL_AREA_STYLE( '', ( #5660 ) );
#4815 = EDGE_CURVE( '', #5661, #5662, #5663, .F. );
#4816 = EDGE_CURVE( '', #5664, #5662, #5665, .T. );
#4817 = EDGE_CURVE( '', #5664, #5666, #5667, .T. );
#4818 = EDGE_CURVE( '', #5666, #5661, #5668, .T. );
#4819 = FILL_AREA_STYLE( '', ( #5669 ) );
#4820 = EDGE_CURVE( '', #5670, #5671, #5672, .T. );
#4821 = EDGE_CURVE( '', #5671, #5673, #5674, .T. );
#4822 = EDGE_CURVE( '', #5670, #5673, #5675, .T. );
#4823 = FILL_AREA_STYLE( '', ( #5676 ) );
#4824 = EDGE_CURVE( '', #5677, #5677, #5678, .F. );
#4825 = EDGE_CURVE( '', #5679, #5680, #5681, .T. );
#4826 = EDGE_CURVE( '', #5680, #5682, #5683, .T. );
#4827 = EDGE_CURVE( '', #5684, #5682, #5685, .T. );
#4828 = EDGE_CURVE( '', #5686, #5684, #5687, .T. );
#4829 = EDGE_CURVE( '', #5679, #5686, #5688, .T. );
#4830 = FILL_AREA_STYLE( '', ( #5689 ) );
#4831 = EDGE_CURVE( '', #5690, #5691, #5692, .T. );
#4832 = EDGE_CURVE( '', #5497, #5690, #5693, .T. );
#4833 = EDGE_CURVE( '', #5691, #5498, #5694, .T. );
#4834 = FILL_AREA_STYLE( '', ( #5695 ) );
#4835 = EDGE_CURVE( '', #5559, #5670, #5696, .T. );
#4836 = EDGE_CURVE( '', #5697, #5673, #5698, .F. );
#4837 = EDGE_CURVE( '', #5697, #5699, #5700, .T. );
#4838 = EDGE_CURVE( '', #5699, #5558, #5701, .T. );
#4839 = FILL_AREA_STYLE( '', ( #5702 ) );
#4840 = EDGE_CURVE( '', #5703, #5704, #5705, .T. );
#4841 = EDGE_CURVE( '', #5703, #5420, #5706, .T. );
#4842 = EDGE_CURVE( '', #5704, #5421, #5707, .T. );
#4843 = FILL_AREA_STYLE( '', ( #5708 ) );
#4844 = EDGE_CURVE( '', #5709, #5710, #5711, .T. );
#4845 = EDGE_CURVE( '', #5712, #5710, #5713, .T. );
#4846 = EDGE_CURVE( '', #5714, #5712, #5715, .T. );
#4847 = EDGE_CURVE( '', #5714, #5709, #5716, .T. );
#4848 = FILL_AREA_STYLE( '', ( #5717 ) );
#4849 = EDGE_CURVE( '', #5718, #5718, #5719, .T. );
#4850 = FILL_AREA_STYLE( '', ( #5720 ) );
#4851 = EDGE_CURVE( '', #5721, #5457, #5722, .T. );
#4852 = EDGE_CURVE( '', #5721, #5723, #5724, .T. );
#4853 = EDGE_CURVE( '', #5459, #5723, #5725, .T. );
#4854 = FILL_AREA_STYLE( '', ( #5726 ) );
#4855 = EDGE_CURVE( '', #5727, #5728, #5729, .T. );
#4856 = EDGE_CURVE( '', #5730, #5728, #5731, .T. );
#4857 = EDGE_CURVE( '', #5732, #5730, #5733, .T. );
#4858 = EDGE_CURVE( '', #5732, #5727, #5734, .T. );
#4859 = FILL_AREA_STYLE( '', ( #5735 ) );
#4860 = EDGE_CURVE( '', #5736, #5736, #5737, .T. );
#4861 = FILL_AREA_STYLE( '', ( #5738 ) );
#4862 = EDGE_CURVE( '', #5662, #5739, #5740, .T. );
#4863 = EDGE_CURVE( '', #5741, #5661, #5742, .T. );
#4864 = EDGE_CURVE( '', #5739, #5741, #5743, .T. );
#4865 = FILL_AREA_STYLE( '', ( #5744 ) );
#4866 = EDGE_CURVE( '', #5745, #5745, #5746, .T. );
#4867 = EDGE_CURVE( '', #5747, #5747, #5748, .F. );
#4868 = FILL_AREA_STYLE( '', ( #5749 ) );
#4869 = EDGE_CURVE( '', #5750, #5750, #5751, .T. );
#4870 = EDGE_CURVE( '', #5752, #5752, #5753, .T. );
#4871 = FILL_AREA_STYLE( '', ( #5754 ) );
#4872 = EDGE_CURVE( '', #5755, #5755, #5756, .T. );
#4873 = EDGE_CURVE( '', #5757, #5757, #5758, .T. );
#4874 = FILL_AREA_STYLE( '', ( #5759 ) );
#4875 = EDGE_CURVE( '', #5760, #5397, #5761, .T. );
#4876 = EDGE_CURVE( '', #5762, #5402, #5763, .T. );
#4877 = EDGE_CURVE( '', #5762, #5760, #5764, .T. );
#4878 = FILL_AREA_STYLE( '', ( #5765 ) );
#4879 = EDGE_CURVE( '', #5766, #5766, #5767, .F. );
#4880 = EDGE_CURVE( '', #5768, #5768, #5769, .T. );
#4881 = FILL_AREA_STYLE( '', ( #5770 ) );
#4882 = EDGE_CURVE( '', #5771, #5771, #5772, .T. );
#4883 = FILL_AREA_STYLE( '', ( #5773 ) );
#4884 = EDGE_CURVE( '', #5774, #5775, #5776, .T. );
#4885 = EDGE_CURVE( '', #5777, #5774, #5778, .T. );
#4886 = EDGE_CURVE( '', #5779, #5777, #5780, .T. );
#4887 = EDGE_CURVE( '', #5781, #5779, #5782, .T. );
#4888 = EDGE_CURVE( '', #5783, #5781, #5784, .T. );
#4889 = EDGE_CURVE( '', #5775, #5783, #5785, .T. );
#4890 = FILL_AREA_STYLE( '', ( #5786 ) );
#4891 = EDGE_CURVE( '', #5787, #5787, #5788, .T. );
#4892 = EDGE_CURVE( '', #5789, #5789, #5790, .T. );
#4893 = FILL_AREA_STYLE( '', ( #5791 ) );
#4894 = EDGE_CURVE( '', #5792, #5792, #5793, .F. );
#4895 = EDGE_CURVE( '', #5794, #5794, #5795, .T. );
#4896 = FILL_AREA_STYLE( '', ( #5796 ) );
#4897 = EDGE_CURVE( '', #5797, #5500, #5798, .T. );
#4898 = EDGE_CURVE( '', #5797, #5799, #5800, .T. );
#4899 = EDGE_CURVE( '', #5502, #5799, #5801, .F. );
#4900 = FILL_AREA_STYLE( '', ( #5802 ) );
#4901 = EDGE_CURVE( '', #5803, #5803, #5804, .T. );
#4902 = EDGE_CURVE( '', #5805, #5805, #5806, .T. );
#4903 = FILL_AREA_STYLE( '', ( #5807 ) );
#4904 = EDGE_CURVE( '', #5808, #5534, #5809, .T. );
#4905 = EDGE_CURVE( '', #5609, #5808, #5810, .T. );
#4906 = FILL_AREA_STYLE( '', ( #5811 ) );
#4907 = EDGE_CURVE( '', #5812, #5604, #5813, .T. );
#4908 = EDGE_CURVE( '', #5814, #5602, #5815, .T. );
#4909 = EDGE_CURVE( '', #5814, #5812, #5816, .T. );
#4910 = FILL_AREA_STYLE( '', ( #5817 ) );
#4911 = EDGE_CURVE( '', #5818, #5818, #5819, .T. );
#4912 = EDGE_CURVE( '', #5820, #5820, #5821, .T. );
#4913 = FILL_AREA_STYLE( '', ( #5822 ) );
#4914 = EDGE_CURVE( '', #5823, #5823, #5824, .T. );
#4915 = EDGE_CURVE( '', #5825, #5825, #5826, .T. );
#4916 = FILL_AREA_STYLE( '', ( #5827 ) );
#4917 = EDGE_CURVE( '', #5828, #5828, #5829, .T. );
#4918 = EDGE_CURVE( '', #5830, #5830, #5831, .T. );
#4919 = FILL_AREA_STYLE( '', ( #5832 ) );
#4920 = EDGE_CURVE( '', #5833, #5834, #5835, .T. );
#4921 = EDGE_CURVE( '', #5833, #5836, #5837, .T. );
#4922 = EDGE_CURVE( '', #5836, #5838, #5839, .T. );
#4923 = EDGE_CURVE( '', #5834, #5838, #5840, .T. );
#4924 = FILL_AREA_STYLE( '', ( #5841 ) );
#4925 = EDGE_CURVE( '', #5842, #5842, #5843, .T. );
#4926 = EDGE_CURVE( '', #5844, #5844, #5845, .T. );
#4927 = FILL_AREA_STYLE( '', ( #5846 ) );
#4928 = EDGE_CURVE( '', #5847, #5847, #5848, .T. );
#4929 = FILL_AREA_STYLE( '', ( #5849 ) );
#4930 = EDGE_CURVE( '', #5850, #5851, #5852, .T. );
#4931 = EDGE_CURVE( '', #5853, #5850, #5854, .T. );
#4932 = EDGE_CURVE( '', #5855, #5853, #5856, .T. );
#4933 = EDGE_CURVE( '', #5855, #5851, #5857, .T. );
#4934 = FILL_AREA_STYLE( '', ( #5858 ) );
#4935 = EDGE_CURVE( '', #5859, #5859, #5860, .T. );
#4936 = FILL_AREA_STYLE( '', ( #5861 ) );
#4937 = EDGE_CURVE( '', #5862, #5862, #5863, .T. );
#4938 = FILL_AREA_STYLE( '', ( #5864 ) );
#4939 = EDGE_CURVE( '', #5865, #5865, #5866, .T. );
#4940 = FILL_AREA_STYLE( '', ( #5867 ) );
#4941 = EDGE_CURVE( '', #5868, #5868, #5869, .T. );
#4942 = FILL_AREA_STYLE( '', ( #5870 ) );
#4943 = EDGE_CURVE( '', #5871, #5872, #5873, .T. );
#4944 = EDGE_CURVE( '', #5874, #5871, #5875, .T. );
#4945 = EDGE_CURVE( '', #5874, #5876, #5877, .T. );
#4946 = EDGE_CURVE( '', #5872, #5876, #5878, .T. );
#4947 = FILL_AREA_STYLE( '', ( #5879 ) );
#4948 = EDGE_CURVE( '', #5880, #5880, #5881, .T. );
#4949 = FILL_AREA_STYLE( '', ( #5882 ) );
#4950 = EDGE_CURVE( '', #5883, #5883, #5884, .T. );
#4951 = EDGE_CURVE( '', #5885, #5885, #5886, .T. );
#4952 = FILL_AREA_STYLE( '', ( #5887 ) );
#4953 = EDGE_CURVE( '', #5612, #5888, #5889, .T. );
#4954 = EDGE_CURVE( '', #5890, #5888, #5891, .T. );
#4955 = EDGE_CURVE( '', #5614, #5890, #5892, .T. );
#4956 = FILL_AREA_STYLE( '', ( #5893 ) );
#4957 = EDGE_CURVE( '', #5894, #5699, #5895, .T. );
#4958 = EDGE_CURVE( '', #5697, #5894, #5896, .T. );
#4959 = FILL_AREA_STYLE( '', ( #5897 ) );
#4960 = EDGE_CURVE( '', #5775, #5648, #5898, .T. );
#4961 = EDGE_CURVE( '', #5783, #5649, #5899, .T. );
#4962 = FILL_AREA_STYLE( '', ( #5900 ) );
#4963 = EDGE_CURVE( '', #5901, #5901, #5902, .T. );
#4964 = EDGE_CURVE( '', #5903, #5903, #5904, .T. );
#4965 = FILL_AREA_STYLE( '', ( #5905 ) );
#4966 = EDGE_CURVE( '', #5906, #5727, #5907, .T. );
#4967 = EDGE_CURVE( '', #5908, #5732, #5909, .T. );
#4968 = EDGE_CURVE( '', #5908, #5906, #5910, .T. );
#4969 = FILL_AREA_STYLE( '', ( #5911 ) );
#4970 = EDGE_CURVE( '', #5535, #5888, #5912, .T. );
#4971 = FILL_AREA_STYLE( '', ( #5913 ) );
#4972 = EDGE_CURVE( '', #5580, #5468, #5914, .T. );
#4973 = FILL_AREA_STYLE( '', ( #5915 ) );
#4974 = EDGE_CURVE( '', #5916, #5916, #5917, .T. );
#4975 = EDGE_CURVE( '', #5918, #5918, #5919, .T. );
#4976 = FILL_AREA_STYLE( '', ( #5920 ) );
#4977 = EDGE_CURVE( '', #5398, #5906, #5921, .T. );
#4978 = EDGE_CURVE( '', #5400, #5908, #5922, .T. );
#4979 = FILL_AREA_STYLE( '', ( #5923 ) );
#4980 = EDGE_CURVE( '', #5924, #5925, #5926, .T. );
#4981 = EDGE_CURVE( '', #5927, #5925, #5928, .T. );
#4982 = EDGE_CURVE( '', #5924, #5927, #5929, .T. );
#4983 = FILL_AREA_STYLE( '', ( #5930 ) );
#4984 = FILL_AREA_STYLE( '', ( #5931 ) );
#4985 = EDGE_CURVE( '', #5932, #5797, #5933, .T. );
#4986 = EDGE_CURVE( '', #5932, #5934, #5935, .T. );
#4987 = EDGE_CURVE( '', #5799, #5934, #5936, .T. );
#4988 = FILL_AREA_STYLE( '', ( #5937 ) );
#4989 = EDGE_CURVE( '', #5779, #5653, #5938, .T. );
#4990 = EDGE_CURVE( '', #5777, #5655, #5939, .T. );
#4991 = FILL_AREA_STYLE( '', ( #5940 ) );
#4992 = EDGE_CURVE( '', #5941, #5941, #5942, .T. );
#4993 = FILL_AREA_STYLE( '', ( #5943 ) );
#4994 = EDGE_CURVE( '', #5944, #5944, #5945, .T. );
#4995 = EDGE_CURVE( '', #5946, #5946, #5947, .T. );
#4996 = FILL_AREA_STYLE( '', ( #5948 ) );
#4997 = EDGE_CURVE( '', #5781, #5651, #5949, .T. );
#4998 = FILL_AREA_STYLE( '', ( #5950 ) );
#4999 = EDGE_CURVE( '', #5951, #5952, #5953, .T. );
#5000 = EDGE_CURVE( '', #5954, #5951, #5955, .T. );
#5001 = EDGE_CURVE( '', #5956, #5954, #5957, .T. );
#5002 = EDGE_CURVE( '', #5952, #5956, #5958, .F. );
#5003 = FILL_AREA_STYLE( '', ( #5959 ) );
#5004 = EDGE_CURVE( '', #5960, #5960, #5961, .T. );
#5005 = EDGE_CURVE( '', #5962, #5962, #5963, .T. );
#5006 = FILL_AREA_STYLE( '', ( #5964 ) );
#5007 = EDGE_CURVE( '', #5965, #5966, #5967, .T. );
#5008 = EDGE_CURVE( '', #5528, #5966, #5968, .T. );
#5009 = EDGE_CURVE( '', #5526, #5965, #5969, .T. );
#5010 = FILL_AREA_STYLE( '', ( #5970 ) );
#5011 = FILL_AREA_STYLE( '', ( #5971 ) );
#5012 = EDGE_CURVE( '', #5972, #5973, #5974, .T. );
#5013 = EDGE_CURVE( '', #5973, #5975, #5976, .T. );
#5014 = EDGE_CURVE( '', #5977, #5975, #5978, .T. );
#5015 = EDGE_CURVE( '', #5972, #5977, #5979, .T. );
#5016 = FILL_AREA_STYLE( '', ( #5980 ) );
#5017 = EDGE_CURVE( '', #5981, #5982, #5983, .T. );
#5018 = EDGE_CURVE( '', #5388, #5981, #5984, .T. );
#5019 = EDGE_CURVE( '', #5982, #5389, #5985, .T. );
#5020 = FILL_AREA_STYLE( '', ( #5986 ) );
#5021 = EDGE_CURVE( '', #5623, #5932, #5987, .T. );
#5022 = EDGE_CURVE( '', #5934, #5624, #5988, .T. );
#5023 = FILL_AREA_STYLE( '', ( #5989 ) );
#5024 = EDGE_CURVE( '', #5990, #5990, #5991, .F. );
#5025 = EDGE_CURVE( '', #5992, #5993, #5994, .T. );
#5026 = EDGE_CURVE( '', #5992, #5995, #5996, .T. );
#5027 = EDGE_CURVE( '', #5995, #5997, #5998, .T. );
#5028 = EDGE_CURVE( '', #5997, #5999, #6000, .T. );
#5029 = EDGE_CURVE( '', #5993, #5999, #6001, .T. );
#5030 = FILL_AREA_STYLE( '', ( #6002 ) );
#5031 = EDGE_CURVE( '', #6003, #6003, #6004, .T. );
#5032 = FILL_AREA_STYLE( '', ( #6005 ) );
#5033 = EDGE_CURVE( '', #6006, #6006, #6007, .T. );
#5034 = FILL_AREA_STYLE( '', ( #6008 ) );
#5035 = EDGE_CURVE( '', #6009, #6010, #6011, .T. );
#5036 = EDGE_CURVE( '', #6009, #6012, #6013, .T. );
#5037 = EDGE_CURVE( '', #6012, #6014, #6015, .T. );
#5038 = EDGE_CURVE( '', #6014, #6010, #6016, .T. );
#5039 = FILL_AREA_STYLE( '', ( #6017 ) );
#5040 = EDGE_CURVE( '', #6018, #6018, #6019, .T. );
#5041 = EDGE_CURVE( '', #6020, #6020, #6021, .T. );
#5042 = FILL_AREA_STYLE( '', ( #6022 ) );
#5043 = EDGE_CURVE( '', #6023, #5808, #6024, .T. );
#5044 = EDGE_CURVE( '', #5608, #6023, #6025, .T. );
#5045 = FILL_AREA_STYLE( '', ( #6026 ) );
#5046 = EDGE_CURVE( '', #6027, #6028, #6029, .T. );
#5047 = EDGE_CURVE( '', #6030, #6028, #6031, .T. );
#5048 = EDGE_CURVE( '', #6032, #6030, #6033, .T. );
#5049 = EDGE_CURVE( '', #6027, #6032, #6034, .T. );
#5050 = FILL_AREA_STYLE( '', ( #6035 ) );
#5051 = EDGE_CURVE( '', #6036, #6014, #6037, .T. );
#5052 = EDGE_CURVE( '', #6012, #6038, #6039, .T. );
#5053 = EDGE_CURVE( '', #6038, #6036, #6040, .T. );
#5054 = FILL_AREA_STYLE( '', ( #6041 ) );
#5055 = EDGE_CURVE( '', #6042, #6042, #6043, .T. );
#5056 = FILL_AREA_STYLE( '', ( #6044 ) );
#5057 = EDGE_CURVE( '', #6045, #5507, #6046, .T. );
#5058 = EDGE_CURVE( '', #6045, #6047, #6048, .T. );
#5059 = EDGE_CURVE( '', #6047, #5509, #6049, .T. );
#5060 = FILL_AREA_STYLE( '', ( #6050 ) );
#5061 = EDGE_CURVE( '', #6051, #6051, #6052, .T. );
#5062 = FILL_AREA_STYLE( '', ( #6053 ) );
#5063 = EDGE_CURVE( '', #6054, #6054, #6055, .T. );
#5064 = FILL_AREA_STYLE( '', ( #6056 ) );
#5065 = EDGE_CURVE( '', #6057, #5951, #6058, .T. );
#5066 = EDGE_CURVE( '', #6057, #6059, #6060, .T. );
#5067 = EDGE_CURVE( '', #6059, #5954, #6061, .T. );
#5068 = FILL_AREA_STYLE( '', ( #6062 ) );
#5069 = EDGE_CURVE( '', #6063, #6064, #6065, .T. );
#5070 = EDGE_CURVE( '', #6066, #6063, #6067, .T. );
#5071 = EDGE_CURVE( '', #6066, #6068, #6069, .T. );
#5072 = EDGE_CURVE( '', #6064, #6068, #6070, .T. );
#5073 = FILL_AREA_STYLE( '', ( #6071 ) );
#5074 = EDGE_CURVE( '', #6072, #6072, #6073, .T. );
#5075 = EDGE_CURVE( '', #5633, #5543, #6074, .T. );
#5076 = EDGE_CURVE( '', #5966, #5632, #6075, .T. );
#5077 = EDGE_CURVE( '', #5544, #5965, #6076, .T. );
#5078 = FILL_AREA_STYLE( '', ( #6077 ) );
#5079 = EDGE_CURVE( '', #6032, #5714, #6078, .T. );
#5080 = EDGE_CURVE( '', #5712, #6079, #6080, .T. );
#5081 = EDGE_CURVE( '', #6079, #6081, #6082, .T. );
#5082 = EDGE_CURVE( '', #6081, #6027, #6083, .T. );
#5083 = FILL_AREA_STYLE( '', ( #6084 ) );
#5084 = EDGE_CURVE( '', #5871, #6085, #6086, .T. );
#5085 = EDGE_CURVE( '', #6085, #6066, #6087, .T. );
#5086 = EDGE_CURVE( '', #6063, #5478, #6088, .T. );
#5087 = EDGE_CURVE( '', #5475, #6089, #6090, .T. );
#5088 = EDGE_CURVE( '', #6089, #5552, #6091, .T. );
#5089 = EDGE_CURVE( '', #5549, #6092, #6093, .T. );
#5090 = EDGE_CURVE( '', #6092, #6094, #6095, .T. );
#5091 = EDGE_CURVE( '', #6094, #6096, #6097, .T. );
#5092 = EDGE_CURVE( '', #6096, #6098, #6099, .T. );
#5093 = EDGE_CURVE( '', #6098, #6100, #6101, .T. );
#5094 = EDGE_CURVE( '', #6100, #5874, #6102, .T. );
#5095 = FILL_AREA_STYLE( '', ( #6103 ) );
#5096 = EDGE_CURVE( '', #6104, #6104, #6105, .T. );
#5097 = EDGE_CURVE( '', #6106, #6106, #6107, .T. );
#5098 = FILL_AREA_STYLE( '', ( #6108 ) );
#5099 = EDGE_CURVE( '', #6109, #6109, #6110, .T. );
#5100 = EDGE_CURVE( '', #6111, #6112, #6113, .T. );
#5101 = EDGE_CURVE( '', #5686, #6112, #6114, .T. );
#5102 = EDGE_CURVE( '', #5684, #6111, #6115, .T. );
#5103 = FILL_AREA_STYLE( '', ( #6116 ) );
#5104 = EDGE_CURVE( '', #6117, #5997, #6118, .T. );
#5105 = EDGE_CURVE( '', #6119, #6117, #6120, .T. );
#5106 = EDGE_CURVE( '', #6119, #5999, #6121, .T. );
#5107 = FILL_AREA_STYLE( '', ( #6122 ) );
#5108 = EDGE_CURVE( '', #5973, #6123, #6124, .T. );
#5109 = EDGE_CURVE( '', #6125, #6123, #6126, .T. );
#5110 = EDGE_CURVE( '', #5975, #6125, #6127, .T. );
#5111 = FILL_AREA_STYLE( '', ( #6128 ) );
#5112 = EDGE_CURVE( '', #5890, #6023, #6129, .T. );
#5113 = FILL_AREA_STYLE( '', ( #6130 ) );
#5114 = EDGE_CURVE( '', #6131, #5703, #6132, .T. );
#5115 = EDGE_CURVE( '', #5836, #6131, #6133, .T. );
#5116 = EDGE_CURVE( '', #5423, #5833, #6134, .T. );
#5117 = FILL_AREA_STYLE( '', ( #6135 ) );
#5118 = EDGE_CURVE( '', #6136, #6136, #6137, .T. );
#5119 = EDGE_CURVE( '', #6138, #6138, #6139, .F. );
#5120 = FILL_AREA_STYLE( '', ( #6140 ) );
#5121 = EDGE_CURVE( '', #6141, #5513, #6142, .T. );
#5122 = EDGE_CURVE( '', #6141, #6143, #6144, .T. );
#5123 = EDGE_CURVE( '', #6143, #5515, #6145, .T. );
#5124 = FILL_AREA_STYLE( '', ( #6146 ) );
#5125 = EDGE_CURVE( '', #6147, #6147, #6148, .T. );
#5126 = EDGE_CURVE( '', #6149, #6149, #6150, .T. );
#5127 = FILL_AREA_STYLE( '', ( #6151 ) );
#5128 = EDGE_CURVE( '', #6089, #6152, #6153, .T. );
#5129 = EDGE_CURVE( '', #5554, #6152, #6154, .T. );
#5130 = FILL_AREA_STYLE( '', ( #6155 ) );
#5131 = EDGE_CURVE( '', #5728, #5760, #6156, .T. );
#5132 = EDGE_CURVE( '', #5730, #5762, #6157, .T. );
#5133 = FILL_AREA_STYLE( '', ( #6158 ) );
#5134 = FILL_AREA_STYLE( '', ( #6159 ) );
#5135 = EDGE_CURVE( '', #5577, #5463, #6160, .T. );
#5136 = EDGE_CURVE( '', #5574, #5464, #6161, .T. );
#5137 = FILL_AREA_STYLE( '', ( #6162 ) );
#5138 = EDGE_CURVE( '', #6163, #5924, #6164, .T. );
#5139 = EDGE_CURVE( '', #6165, #6163, #6166, .T. );
#5140 = EDGE_CURVE( '', #6167, #6165, #6168, .T. );
#5141 = EDGE_CURVE( '', #6169, #6167, #6170, .T. );
#5142 = EDGE_CURVE( '', #6009, #6169, #6171, .T. );
#5143 = EDGE_CURVE( '', #6172, #6010, #6173, .F. );
#5144 = EDGE_CURVE( '', #6174, #6172, #6175, .T. );
#5145 = EDGE_CURVE( '', #5432, #6174, #6176, .T. );
#5146 = EDGE_CURVE( '', #6177, #5431, #6178, .T. );
#5147 = EDGE_CURVE( '', #5680, #6177, #6179, .T. );
#5148 = EDGE_CURVE( '', #5679, #6180, #6181, .T. );
#5149 = EDGE_CURVE( '', #5925, #6180, #6182, .F. );
#5150 = EDGE_CURVE( '', #6183, #6183, #6184, .T. );
#5151 = EDGE_CURVE( '', #6185, #6185, #6186, .T. );
#5152 = FILL_AREA_STYLE( '', ( #6187 ) );
#5153 = EDGE_CURVE( '', #6188, #6188, #6189, .F. );
#5154 = EDGE_CURVE( '', #6190, #6190, #6191, .F. );
#5155 = FILL_AREA_STYLE( '', ( #6192 ) );
#5156 = EDGE_CURVE( '', #6193, #6193, #6194, .T. );
#5157 = EDGE_CURVE( '', #6195, #6195, #6196, .T. );
#5158 = FILL_AREA_STYLE( '', ( #6197 ) );
#5159 = EDGE_CURVE( '', #6198, #6198, #6199, .T. );
#5160 = FILL_AREA_STYLE( '', ( #6200 ) );
#5161 = EDGE_CURVE( '', #6201, #5511, #6202, .T. );
#5162 = EDGE_CURVE( '', #6201, #6141, #6203, .T. );
#5163 = FILL_AREA_STYLE( '', ( #6204 ) );
#5164 = EDGE_CURVE( '', #5774, #5657, #6205, .T. );
#5165 = FILL_AREA_STYLE( '', ( #6206 ) );
#5166 = FILL_AREA_STYLE( '', ( #6207 ) );
#5167 = EDGE_CURVE( '', #6208, #6208, #6209, .T. );
#5168 = EDGE_CURVE( '', #6210, #6210, #6211, .T. );
#5169 = FILL_AREA_STYLE( '', ( #6212 ) );
#5170 = EDGE_CURVE( '', #6213, #6213, #6214, .T. );
#5171 = EDGE_CURVE( '', #6215, #6215, #6216, .T. );
#5172 = FILL_AREA_STYLE( '', ( #6217 ) );
#5173 = EDGE_CURVE( '', #6218, #6218, #6219, .T. );
#5174 = EDGE_CURVE( '', #6220, #6220, #6221, .T. );
#5175 = FILL_AREA_STYLE( '', ( #6222 ) );
#5176 = EDGE_CURVE( '', #6152, #5476, #6223, .F. );
#5177 = FILL_AREA_STYLE( '', ( #6224 ) );
#5178 = FILL_AREA_STYLE( '', ( #6225 ) );
#5179 = EDGE_CURVE( '', #6226, #6226, #6227, .T. );
#5180 = FILL_AREA_STYLE( '', ( #6228 ) );
#5181 = FILL_AREA_STYLE( '', ( #6229 ) );
#5182 = EDGE_CURVE( '', #6230, #6230, #6231, .T. );
#5183 = FILL_AREA_STYLE( '', ( #6232 ) );
#5184 = FILL_AREA_STYLE( '', ( #6233 ) );
#5185 = EDGE_CURVE( '', #6234, #6234, #6235, .T. );
#5186 = FILL_AREA_STYLE( '', ( #6236 ) );
#5187 = EDGE_CURVE( '', #6237, #5739, #6238, .T. );
#5188 = EDGE_CURVE( '', #6237, #5664, #6239, .T. );
#5189 = FILL_AREA_STYLE( '', ( #6240 ) );
#5190 = EDGE_CURVE( '', #5682, #6241, #6242, .T. );
#5191 = EDGE_CURVE( '', #6177, #6243, #6244, .T. );
#5192 = EDGE_CURVE( '', #6241, #6243, #6245, .T. );
#5193 = FILL_AREA_STYLE( '', ( #6246 ) );
#5194 = EDGE_CURVE( '', #6247, #6247, #6248, .T. );
#5195 = FILL_AREA_STYLE( '', ( #6249 ) );
#5196 = EDGE_CURVE( '', #6098, #6250, #6251, .T. );
#5197 = EDGE_CURVE( '', #6096, #6252, #6253, .T. );
#5198 = EDGE_CURVE( '', #6250, #6252, #6254, .T. );
#5199 = FILL_AREA_STYLE( '', ( #6255 ) );
#5200 = FILL_AREA_STYLE( '', ( #6256 ) );
#5201 = FILL_AREA_STYLE( '', ( #6257 ) );
#5202 = FILL_AREA_STYLE( '', ( #6258 ) );
#5203 = EDGE_CURVE( '', #6131, #6259, #6260, .T. );
#5204 = EDGE_CURVE( '', #5838, #6259, #6261, .T. );
#5205 = FILL_AREA_STYLE( '', ( #6262 ) );
#5206 = EDGE_CURVE( '', #6094, #6263, #6264, .T. );
#5207 = EDGE_CURVE( '', #6092, #6265, #6266, .T. );
#5208 = EDGE_CURVE( '', #6263, #6265, #6267, .T. );
#5209 = FILL_AREA_STYLE( '', ( #6268 ) );
#5210 = EDGE_CURVE( '', #6047, #6201, #6269, .T. );
#5211 = FILL_AREA_STYLE( '', ( #6270 ) );
#5212 = EDGE_CURVE( '', #6271, #6271, #6272, .F. );
#5213 = EDGE_CURVE( '', #6169, #6273, #6274, .T. );
#5214 = EDGE_CURVE( '', #6273, #6275, #6276, .T. );
#5215 = EDGE_CURVE( '', #6275, #6277, #6278, .T. );
#5216 = EDGE_CURVE( '', #6038, #6277, #6279, .T. );
#5217 = FILL_AREA_STYLE( '', ( #6280 ) );
#5218 = EDGE_CURVE( '', #6281, #5872, #6282, .T. );
#5219 = EDGE_CURVE( '', #6085, #6281, #6283, .T. );
#5220 = FILL_AREA_STYLE( '', ( #6284 ) );
#5221 = EDGE_CURVE( '', #6285, #6028, #6286, .T. );
#5222 = EDGE_CURVE( '', #6081, #6285, #6287, .T. );
#5223 = FILL_AREA_STYLE( '', ( #6288 ) );
#5224 = EDGE_CURVE( '', #6289, #6289, #6290, .F. );
#5225 = FILL_AREA_STYLE( '', ( #6291 ) );
#5226 = FILL_AREA_STYLE( '', ( #6292 ) );
#5227 = EDGE_CURVE( '', #6123, #5812, #6293, .T. );
#5228 = EDGE_CURVE( '', #6125, #5814, #6294, .T. );
#5229 = FILL_AREA_STYLE( '', ( #6295 ) );
#5230 = FILL_AREA_STYLE( '', ( #6296 ) );
#5231 = FILL_AREA_STYLE( '', ( #6297 ) );
#5232 = EDGE_CURVE( '', #6298, #6036, #6299, .F. );
#5233 = EDGE_CURVE( '', #6298, #6172, #6300, .T. );
#5234 = FILL_AREA_STYLE( '', ( #6301 ) );
#5235 = EDGE_CURVE( '', #5894, #6302, #6303, .T. );
#5236 = EDGE_CURVE( '', #5600, #6302, #6304, .T. );
#5237 = EDGE_CURVE( '', #5993, #5972, #6305, .T. );
#5238 = EDGE_CURVE( '', #6119, #5671, #6306, .F. );
#5239 = EDGE_CURVE( '', #6307, #6307, #6308, .T. );
#5240 = EDGE_CURVE( '', #6309, #6309, #6310, .T. );
#5241 = EDGE_CURVE( '', #5628, #5850, #6311, .F. );
#5242 = EDGE_CURVE( '', #5851, #5982, #6312, .T. );
#5243 = EDGE_CURVE( '', #5393, #5691, #6313, .T. );
#5244 = EDGE_CURVE( '', #5723, #6314, #6315, .T. );
#5245 = EDGE_CURVE( '', #6314, #6316, #6317, .F. );
#5246 = EDGE_CURVE( '', #6316, #5455, #6318, .T. );
#5247 = EDGE_CURVE( '', #5876, #6319, #6320, .T. );
#5248 = EDGE_CURVE( '', #6319, #6250, #6321, .T. );
#5249 = EDGE_CURVE( '', #6252, #6263, #6322, .T. );
#5250 = EDGE_CURVE( '', #6265, #5550, #6323, .T. );
#5251 = EDGE_CURVE( '', #5480, #6064, #6324, .T. );
#5252 = EDGE_CURVE( '', #6068, #6281, #6325, .F. );
#5253 = FILL_AREA_STYLE( '', ( #6326 ) );
#5254 = EDGE_CURVE( '', #6327, #5956, #6328, .T. );
#5255 = EDGE_CURVE( '', #6327, #6329, #6330, .T. );
#5256 = EDGE_CURVE( '', #6329, #5952, #6331, .T. );
#5257 = FILL_AREA_STYLE( '', ( #6332 ) );
#5258 = EDGE_CURVE( '', #6333, #5568, #6334, .T. );
#5259 = EDGE_CURVE( '', #6333, #6335, #6336, .T. );
#5260 = EDGE_CURVE( '', #6337, #6335, #6338, .F. );
#5261 = EDGE_CURVE( '', #6337, #5995, #6339, .T. );
#5262 = EDGE_CURVE( '', #5992, #5977, #6340, .T. );
#5263 = FILL_AREA_STYLE( '', ( #6341 ) );
#5264 = EDGE_CURVE( '', #6241, #6111, #6342, .F. );
#5265 = FILL_AREA_STYLE( '', ( #6343 ) );
#5266 = EDGE_CURVE( '', #6344, #6314, #6345, .T. );
#5267 = EDGE_CURVE( '', #6346, #6344, #6347, .T. );
#5268 = EDGE_CURVE( '', #6346, #6316, #6348, .T. );
#5269 = FILL_AREA_STYLE( '', ( #6349 ) );
#5270 = EDGE_CURVE( '', #5454, #6346, #6350, .T. );
#5271 = FILL_AREA_STYLE( '', ( #6351 ) );
#5272 = EDGE_CURVE( '', #6352, #6352, #6353, .T. );
#5273 = FILL_AREA_STYLE( '', ( #6354 ) );
#5274 = EDGE_CURVE( '', #6355, #6355, #6356, .T. );
#5275 = FILL_AREA_STYLE( '', ( #6357 ) );
#5276 = EDGE_CURVE( '', #5425, #5834, #6358, .T. );
#5277 = FILL_AREA_STYLE( '', ( #6359 ) );
#5278 = EDGE_CURVE( '', #6259, #5704, #6360, .T. );
#5279 = FILL_AREA_STYLE( '', ( #6361 ) );
#5280 = FILL_AREA_STYLE( '', ( #6362 ) );
#5281 = EDGE_CURVE( '', #5666, #6363, #6364, .T. );
#5282 = EDGE_CURVE( '', #6363, #5741, #6365, .T. );
#5283 = FILL_AREA_STYLE( '', ( #6366 ) );
#5284 = FILL_AREA_STYLE( '', ( #6367 ) );
#5285 = EDGE_CURVE( '', #6275, #6174, #6368, .T. );
#5286 = EDGE_CURVE( '', #6277, #6298, #6369, .T. );
#5287 = FILL_AREA_STYLE( '', ( #6370 ) );
#5288 = EDGE_CURVE( '', #6371, #6371, #6372, .T. );
#5289 = FILL_AREA_STYLE( '', ( #6373 ) );
#5290 = EDGE_CURVE( '', #6100, #6319, #6374, .T. );
#5291 = FILL_AREA_STYLE( '', ( #6375 ) );
#5292 = EDGE_CURVE( '', #6273, #6167, #6376, .T. );
#5293 = FILL_AREA_STYLE( '', ( #6377 ) );
#5294 = EDGE_CURVE( '', #6329, #6057, #6378, .T. );
#5295 = FILL_AREA_STYLE( '', ( #6379 ) );
#5296 = EDGE_CURVE( '', #5981, #5855, #6380, .T. );
#5297 = FILL_AREA_STYLE( '', ( #6381 ) );
#5298 = EDGE_CURVE( '', #5927, #6273, #6382, .T. );
#5299 = EDGE_CURVE( '', #6243, #5927, #6383, .T. );
#5300 = EDGE_CURVE( '', #6243, #6275, #6384, .T. );
#5301 = FILL_AREA_STYLE( '', ( #6385 ) );
#5302 = FILL_AREA_STYLE( '', ( #6386 ) );
#5303 = EDGE_CURVE( '', #6030, #5709, #6387, .T. );
#5304 = FILL_AREA_STYLE( '', ( #6388 ) );
#5305 = EDGE_CURVE( '', #6117, #6337, #6389, .T. );
#5306 = FILL_AREA_STYLE( '', ( #6390 ) );
#5307 = FILL_AREA_STYLE( '', ( #6391 ) );
#5308 = EDGE_CURVE( '', #5690, #5391, #6392, .T. );
#5309 = FILL_AREA_STYLE( '', ( #6393 ) );
#5310 = FILL_AREA_STYLE( '', ( #6394 ) );
#5311 = FILL_AREA_STYLE( '', ( #6395 ) );
#5312 = FILL_AREA_STYLE( '', ( #6396 ) );
#5313 = EDGE_CURVE( '', #6163, #6165, #6397, .T. );
#5314 = FILL_AREA_STYLE( '', ( #6398 ) );
#5315 = FILL_AREA_STYLE( '', ( #6399 ) );
#5316 = EDGE_CURVE( '', #6059, #6327, #6400, .T. );
#5317 = FILL_AREA_STYLE( '', ( #6401 ) );
#5318 = EDGE_CURVE( '', #5566, #6302, #6402, .T. );
#5319 = FILL_AREA_STYLE( '', ( #6403 ) );
#5320 = EDGE_CURVE( '', #6404, #5506, #6405, .T. );
#5321 = EDGE_CURVE( '', #6404, #6045, #6406, .T. );
#5322 = FILL_AREA_STYLE( '', ( #6407 ) );
#5323 = EDGE_CURVE( '', #6408, #6408, #6409, .T. );
#5324 = FILL_AREA_STYLE( '', ( #6410 ) );
#5325 = EDGE_CURVE( '', #5853, #5626, #6411, .T. );
#5326 = FILL_AREA_STYLE( '', ( #6412 ) );
#5327 = EDGE_CURVE( '', #5673, #6335, #6413, .T. );
#5328 = FILL_AREA_STYLE( '', ( #6414 ) );
#5329 = FILL_AREA_STYLE( '', ( #6415 ) );
#5330 = FILL_AREA_STYLE( '', ( #6416 ) );
#5331 = EDGE_CURVE( '', #6363, #6237, #6417, .T. );
#5332 = FILL_AREA_STYLE( '', ( #6418 ) );
#5333 = FILL_AREA_STYLE( '', ( #6419 ) );
#5334 = EDGE_CURVE( '', #6344, #5721, #6420, .T. );
#5335 = FILL_AREA_STYLE( '', ( #6421 ) );
#5336 = FILL_AREA_STYLE( '', ( #6422 ) );
#5337 = FILL_AREA_STYLE( '', ( #6423 ) );
#5338 = EDGE_CURVE( '', #6143, #6404, #6424, .T. );
#5339 = FILL_AREA_STYLE( '', ( #6425 ) );
#5340 = FILL_AREA_STYLE( '', ( #6426 ) );
#5341 = EDGE_CURVE( '', #6427, #6427, #6428, .F. );
#5342 = FILL_AREA_STYLE( '', ( #6429 ) );
#5343 = FILL_AREA_STYLE( '', ( #6430 ) );
#5344 = FILL_AREA_STYLE( '', ( #6431 ) );
#5345 = FILL_AREA_STYLE( '', ( #6432 ) );
#5346 = EDGE_CURVE( '', #5710, #6433, #6434, .T. );
#5347 = EDGE_CURVE( '', #6079, #6433, #6435, .T. );
#5348 = FILL_AREA_STYLE( '', ( #6436 ) );
#5349 = EDGE_CURVE( '', #6333, #5697, #6437, .T. );
#5350 = FILL_AREA_STYLE( '', ( #6438 ) );
#5351 = FILL_AREA_STYLE( '', ( #6439 ) );
#5352 = FILL_AREA_STYLE( '', ( #6440 ) );
#5353 = FILL_AREA_STYLE( '', ( #6441 ) );
#5354 = FILL_AREA_STYLE( '', ( #6442 ) );
#5355 = FILL_AREA_STYLE( '', ( #6443 ) );
#5356 = EDGE_CURVE( '', #6112, #6180, #6444, .T. );
#5357 = FILL_AREA_STYLE( '', ( #6445 ) );
#5358 = FILL_AREA_STYLE( '', ( #6446 ) );
#5359 = FILL_AREA_STYLE( '', ( #6447 ) );
#5360 = FILL_AREA_STYLE( '', ( #6448 ) );
#5361 = FILL_AREA_STYLE( '', ( #6449 ) );
#5362 = EDGE_CURVE( '', #6450, #6450, #6451, .T. );
#5363 = FILL_AREA_STYLE( '', ( #6452 ) );
#5364 = EDGE_CURVE( '', #6453, #6453, #6454, .F. );
#5365 = FILL_AREA_STYLE( '', ( #6455 ) );
#5366 = EDGE_CURVE( '', #5575, #5466, #6456, .T. );
#5367 = FILL_AREA_STYLE( '', ( #6457 ) );
#5368 = FILL_AREA_STYLE( '', ( #6458 ) );
#5369 = FILL_AREA_STYLE( '', ( #6459 ) );
#5370 = EDGE_CURVE( '', #6433, #6285, #6460, .T. );
#5371 = FILL_AREA_STYLE( '', ( #6461 ) );
#5372 = FILL_AREA_STYLE( '', ( #6462 ) );
#5373 = FILL_AREA_STYLE( '', ( #6463 ) );
#5374 = FILL_AREA_STYLE( '', ( #6464 ) );
#5375 = FILL_AREA_STYLE( '', ( #6465 ) );
#5376 = FILL_AREA_STYLE( '', ( #6466 ) );
#5377 = FILL_AREA_STYLE( '', ( #6467 ) );
#5378 = FILL_AREA_STYLE( '', ( #6468 ) );
#5379 = FILL_AREA_STYLE( '', ( #6469 ) );
#5380 = FILL_AREA_STYLE( '', ( #6470 ) );
#5381 = FILL_AREA_STYLE( '', ( #6471 ) );
#5382 = FILL_AREA_STYLE( '', ( #6472 ) );
#5383 = FILL_AREA_STYLE( '', ( #6473 ) );
#5384 = FILL_AREA_STYLE( '', ( #6474 ) );
#5385 = FILL_AREA_STYLE( '', ( #6475 ) );
#5386 = FILL_AREA_STYLE( '', ( #6476 ) );
#5387 = FILL_AREA_STYLE_COLOUR( '', #6477 );
#5388 = VERTEX_POINT( '', #6478 );
#5389 = VERTEX_POINT( '', #6479 );
#5390 = LINE( '', #6480, #6481 );
#5391 = VERTEX_POINT( '', #6482 );
#5392 = LINE( '', #6483, #6484 );
#5393 = VERTEX_POINT( '', #6485 );
#5394 = LINE( '', #6486, #6487 );
#5395 = ELLIPSE( '', #6488, 39.5979797464000, 28.0000000000000 );
#5396 = FILL_AREA_STYLE_COLOUR( '', #6489 );
#5397 = VERTEX_POINT( '', #6490 );
#5398 = VERTEX_POINT( '', #6491 );
#5399 = LINE( '', #6492, #6493 );
#5400 = VERTEX_POINT( '', #6494 );
#5401 = LINE( '', #6495, #6496 );
#5402 = VERTEX_POINT( '', #6497 );
#5403 = LINE( '', #6498, #6499 );
#5404 = LINE( '', #6500, #6501 );
#5405 = FILL_AREA_STYLE_COLOUR( '', #6502 );
#5406 = VERTEX_POINT( '', #6503 );
#5407 = CIRCLE( '', #6504, 5.25000000000000 );
#5408 = VERTEX_POINT( '', #6505 );
#5409 = CIRCLE( '', #6506, 5.25000000000000 );
#5410 = FILL_AREA_STYLE_COLOUR( '', #6507 );
#5411 = VERTEX_POINT( '', #6508 );
#5412 = VERTEX_POINT( '', #6509 );
#5413 = LINE( '', #6510, #6511 );
#5414 = VERTEX_POINT( '', #6512 );
#5415 = LINE( '', #6513, #6514 );
#5416 = VERTEX_POINT( '', #6515 );
#5417 = LINE( '', #6516, #6517 );
#5418 = LINE( '', #6518, #6519 );
#5419 = FILL_AREA_STYLE_COLOUR( '', #6520 );
#5420 = VERTEX_POINT( '', #6521 );
#5421 = VERTEX_POINT( '', #6522 );
#5422 = LINE( '', #6523, #6524 );
#5423 = VERTEX_POINT( '', #6525 );
#5424 = LINE( '', #6526, #6527 );
#5425 = VERTEX_POINT( '', #6528 );
#5426 = LINE( '', #6529, #6530 );
#5427 = LINE( '', #6531, #6532 );
#5428 = FILL_AREA_STYLE_COLOUR( '', #6533 );
#5429 = VERTEX_POINT( '', #6534 );
#5430 = CIRCLE( '', #6535, 8.00000000000000 );
#5431 = VERTEX_POINT( '', #6536 );
#5432 = VERTEX_POINT( '', #6537 );
#5433 = CIRCLE( '', #6538, 28.0000000000000 );
#5434 = LINE( '', #6539, #6540 );
#5435 = FILL_AREA_STYLE_COLOUR( '', #6541 );
#5436 = VERTEX_POINT( '', #6542 );
#5437 = CIRCLE( '', #6543, 2.75000000000000 );
#5438 = VERTEX_POINT( '', #6544 );
#5439 = CIRCLE( '', #6545, 2.50000000000000 );
#5440 = FILL_AREA_STYLE_COLOUR( '', #6546 );
#5441 = VERTEX_POINT( '', #6547 );
#5442 = CIRCLE( '', #6548, 4.50000000000000 );
#5443 = VERTEX_POINT( '', #6549 );
#5444 = CIRCLE( '', #6550, 4.25000000000000 );
#5445 = FILL_AREA_STYLE_COLOUR( '', #6551 );
#5446 = VERTEX_POINT( '', #6552 );
#5447 = CIRCLE( '', #6553, 5.25000000000000 );
#5448 = FILL_AREA_STYLE_COLOUR( '', #6554 );
#5449 = VERTEX_POINT( '', #6555 );
#5450 = CIRCLE( '', #6556, 2.50000000000000 );
#5451 = VERTEX_POINT( '', #6557 );
#5452 = CIRCLE( '', #6558, 2.75000000000000 );
#5453 = FILL_AREA_STYLE_COLOUR( '', #6559 );
#5454 = VERTEX_POINT( '', #6560 );
#5455 = VERTEX_POINT( '', #6561 );
#5456 = LINE( '', #6562, #6563 );
#5457 = VERTEX_POINT( '', #6564 );
#5458 = LINE( '', #6565, #6566 );
#5459 = VERTEX_POINT( '', #6567 );
#5460 = LINE( '', #6568, #6569 );
#5461 = LINE( '', #6570, #6571 );
#5462 = FILL_AREA_STYLE_COLOUR( '', #6572 );
#5463 = VERTEX_POINT( '', #6573 );
#5464 = VERTEX_POINT( '', #6574 );
#5465 = LINE( '', #6575, #6576 );
#5466 = VERTEX_POINT( '', #6577 );
#5467 = LINE( '', #6578, #6579 );
#5468 = VERTEX_POINT( '', #6580 );
#5469 = LINE( '', #6581, #6582 );
#5470 = LINE( '', #6583, #6584 );
#5471 = LINE( '', #6585, #6586 );
#5472 = VERTEX_POINT( '', #6587 );
#5473 = CIRCLE( '', #6588, 3.95000000000000 );
#5474 = FILL_AREA_STYLE_COLOUR( '', #6589 );
#5475 = VERTEX_POINT( '', #6590 );
#5476 = VERTEX_POINT( '', #6591 );
#5477 = LINE( '', #6592, #6593 );
#5478 = VERTEX_POINT( '', #6594 );
#5479 = CIRCLE( '', #6595, 0.600000000000000 );
#5480 = VERTEX_POINT( '', #6596 );
#5481 = LINE( '', #6597, #6598 );
#5482 = B_SPLINE_CURVE_WITH_KNOTS( '', 3, ( #6599, #6600, #6601, #6602 ), .UNSPECIFIED., .F., .F., ( 4, 4 ), ( 0.000000000000000, 0.000390502751091116 ), .UNSPECIFIED. );
#5483 = FILL_AREA_STYLE_COLOUR( '', #6603 );
#5484 = VERTEX_POINT( '', #6604 );
#5485 = CIRCLE( '', #6605, 2.50000000000000 );
#5486 = VERTEX_POINT( '', #6606 );
#5487 = CIRCLE( '', #6607, 2.50000000000000 );
#5488 = FILL_AREA_STYLE_COLOUR( '', #6608 );
#5489 = VERTEX_POINT( '', #6609 );
#5490 = CIRCLE( '', #6610, 2.75000000000000 );
#5491 = FILL_AREA_STYLE_COLOUR( '', #6611 );
#5492 = VERTEX_POINT( '', #6612 );
#5493 = CIRCLE( '', #6613, 2.50000000000000 );
#5494 = VERTEX_POINT( '', #6614 );
#5495 = CIRCLE( '', #6615, 2.00950000000000 );
#5496 = FILL_AREA_STYLE_COLOUR( '', #6616 );
#5497 = VERTEX_POINT( '', #6617 );
#5498 = VERTEX_POINT( '', #6618 );
#5499 = LINE( '', #6619, #6620 );
#5500 = VERTEX_POINT( '', #6621 );
#5501 = LINE( '', #6622, #6623 );
#5502 = VERTEX_POINT( '', #6624 );
#5503 = LINE( '', #6625, #6626 );
#5504 = CIRCLE( '', #6627, 28.0000000000000 );
#5505 = FILL_AREA_STYLE_COLOUR( '', #6628 );
#5506 = VERTEX_POINT( '', #6629 );
#5507 = VERTEX_POINT( '', #6630 );
#5508 = LINE( '', #6631, #6632 );
#5509 = VERTEX_POINT( '', #6633 );
#5510 = LINE( '', #6634, #6635 );
#5511 = VERTEX_POINT( '', #6636 );
#5512 = LINE( '', #6637, #6638 );
#5513 = VERTEX_POINT( '', #6639 );
#5514 = LINE( '', #6640, #6641 );
#5515 = VERTEX_POINT( '', #6642 );
#5516 = LINE( '', #6643, #6644 );
#5517 = LINE( '', #6645, #6646 );
#5518 = VERTEX_POINT( '', #6647 );
#5519 = CIRCLE( '', #6648, 2.25000000000000 );
#5520 = FILL_AREA_STYLE_COLOUR( '', #6649 );
#5521 = VERTEX_POINT( '', #6650 );
#5522 = VERTEX_POINT( '', #6651 );
#5523 = LINE( '', #6652, #6653 );
#5524 = VERTEX_POINT( '', #6654 );
#5525 = LINE( '', #6655, #6656 );
#5526 = VERTEX_POINT( '', #6657 );
#5527 = LINE( '', #6658, #6659 );
#5528 = VERTEX_POINT( '', #6660 );
#5529 = LINE( '', #6661, #6662 );
#5530 = VERTEX_POINT( '', #6663 );
#5531 = LINE( '', #6664, #6665 );
#5532 = LINE( '', #6666, #6667 );
#5533 = FILL_AREA_STYLE_COLOUR( '', #6668 );
#5534 = VERTEX_POINT( '', #6669 );
#5535 = VERTEX_POINT( '', #6670 );
#5536 = LINE( '', #6671, #6672 );
#5537 = VERTEX_POINT( '', #6673 );
#5538 = LINE( '', #6674, #6675 );
#5539 = VERTEX_POINT( '', #6676 );
#5540 = LINE( '', #6677, #6678 );
#5541 = LINE( '', #6679, #6680 );
#5542 = FILL_AREA_STYLE_COLOUR( '', #6681 );
#5543 = VERTEX_POINT( '', #6682 );
#5544 = VERTEX_POINT( '', #6683 );
#5545 = LINE( '', #6684, #6685 );
#5546 = LINE( '', #6686, #6687 );
#5547 = LINE( '', #6688, #6689 );
#5548 = FILL_AREA_STYLE_COLOUR( '', #6690 );
#5549 = VERTEX_POINT( '', #6691 );
#5550 = VERTEX_POINT( '', #6692 );
#5551 = LINE( '', #6693, #6694 );
#5552 = VERTEX_POINT( '', #6695 );
#5553 = LINE( '', #6696, #6697 );
#5554 = VERTEX_POINT( '', #6698 );
#5555 = LINE( '', #6699, #6700 );
#5556 = ELLIPSE( '', #6701, 46.0199677218000, 28.0000000000000 );
#5557 = FILL_AREA_STYLE_COLOUR( '', #6702 );
#5558 = VERTEX_POINT( '', #6703 );
#5559 = VERTEX_POINT( '', #6704 );
#5560 = CIRCLE( '', #6705, 28.0000000000000 );
#5561 = LINE( '', #6706, #6707 );
#5562 = FILL_AREA_STYLE_COLOUR( '', #6708 );
#5563 = VERTEX_POINT( '', #6709 );
#5564 = CIRCLE( '', #6710, 3.00000000000000 );
#5565 = VERTEX_POINT( '', #6711 );
#5566 = VERTEX_POINT( '', #6712 );
#5567 = CIRCLE( '', #6713, 27.0000000000000 );
#5568 = VERTEX_POINT( '', #6714 );
#5569 = LINE( '', #6715, #6716 );
#5570 = VERTEX_POINT( '', #6717 );
#5571 = CIRCLE( '', #6718, 12.0000000000000 );
#5572 = LINE( '', #6719, #6720 );
#5573 = FILL_AREA_STYLE_COLOUR( '', #6721 );
#5574 = VERTEX_POINT( '', #6722 );
#5575 = VERTEX_POINT( '', #6723 );
#5576 = LINE( '', #6724, #6725 );
#5577 = VERTEX_POINT( '', #6726 );
#5578 = LINE( '', #6727, #6728 );
#5579 = LINE( '', #6729, #6730 );
#5580 = VERTEX_POINT( '', #6731 );
#5581 = LINE( '', #6732, #6733 );
#5582 = LINE( '', #6734, #6735 );
#5583 = FILL_AREA_STYLE_COLOUR( '', #6736 );
#5584 = VERTEX_POINT( '', #6737 );
#5585 = B_SPLINE_CURVE_WITH_KNOTS( '', 3, ( #6738, #6739, #6740, #6741, #6742, #6743, #6744, #6745, #6746, #6747, #6748, #6749, #6750, #6751, #6752, #6753, #6754, #6755, #6756, #6757, #6758, #6759, #6760, #6761, #6762, #6763, #6764, #6765, #6766, #6767, #6768, #6769, #6770, #6771, #6772, #6773, #6774, #6775, #6776, #6777, #6778, #6779, #6780, #6781, #6782, #6783, #6784, #6785, #6786, #6787, #6788, #6789, #6790, #6791, #6792, #6793, #6794, #6795, #6796, #6797, #6798, #6799 ), .UNSPECIFIED., .T., .F., ( 2, 2, 2, 2, 2, 2, 2, 2, 2, 2, 2, 2, 2, 2, 2, 2, 2, 2, 2, 2, 2, 2, 2, 2, 2, 2, 2, 2, 2, 2, 2, 2, 2 ), ( -0.00125868764968360, 0.000000000000000, 0.00125868764968359, 0.00188803147452539, 0.00251737529936718, 0.00314671912420898, 0.00377606294905078, 0.00409073486147168, 0.00440540677389258, 0.00503475059873438, 0.00566409442357618, 0.00629343824841799, 0.00692278207325979, 0.00755212589810159, 0.00818146972294339, 0.00881081354778520, 0.0100695011974688, 0.0106988450223106, 0.0113281888471524, 0.0119575326719942, 0.0125868764968360, 0.0132162203216778, 0.0138455641465196, 0.0144749079713614, 0.0147895798837823, 0.0151042517962032, 0.0157335956210450, 0.0163629394458868, 0.0169922832707286, 0.0176216270955704, 0.0188803147452540, 0.0201390023949376, 0.0213976900446212 ), .UNSPECIFIED. );
#5586 = VERTEX_POINT( '', #6800 );
#5587 = CIRCLE( '', #6801, 2.50000000000000 );
#5588 = FILL_AREA_STYLE_COLOUR( '', #6802 );
#5589 = VERTEX_POINT( '', #6803 );
#5590 = CIRCLE( '', #6804, 2.50000000000000 );
#5591 = FILL_AREA_STYLE_COLOUR( '', #6805 );
#5592 = VERTEX_POINT( '', #6806 );
#5593 = CIRCLE( '', #6807, 8.00000000000000 );
#5594 = FILL_AREA_STYLE_COLOUR( '', #6808 );
#5595 = VERTEX_POINT( '', #6809 );
#5596 = B_SPLINE_CURVE_WITH_KNOTS( '', 3, ( #6810, #6811, #6812, #6813, #6814, #6815, #6816, #6817, #6818, #6819, #6820, #6821, #6822, #6823, #6824, #6825, #6826, #6827, #6828, #6829, #6830, #6831, #6832, #6833, #6834, #6835, #6836, #6837, #6838, #6839, #6840, #6841, #6842, #6843, #6844, #6845, #6846, #6847, #6848, #6849, #6850, #6851, #6852, #6853, #6854, #6855, #6856, #6857, #6858, #6859, #6860, #6861, #6862, #6863, #6864, #6865, #6866, #6867, #6868, #6869, #6870, #6871 ), .UNSPECIFIED., .T., .F., ( 2, 2, 2, 2, 2, 2, 2, 2, 2, 2, 2, 2, 2, 2, 2, 2, 2, 2, 2, 2, 2, 2, 2, 2, 2, 2, 2, 2, 2, 2, 2, 2, 2 ), ( -0.00125868764968361, 0.000000000000000, 0.00125868764968359, 0.00188803147452538, 0.00251737529936718, 0.00314671912420897, 0.00377606294905077, 0.00409073486147167, 0.00440540677389257, 0.00503475059873437, 0.00566409442357617, 0.00629343824841797, 0.00692278207325977, 0.00755212589810157, 0.00818146972294337, 0.00881081354778517, 0.0100695011974688, 0.0106988450223106, 0.0113281888471524, 0.0119575326719942, 0.0125868764968360, 0.0132162203216778, 0.0138455641465196, 0.0144749079713614, 0.0147895798837823, 0.0151042517962032, 0.0157335956210450, 0.0163629394458868, 0.0169922832707286, 0.0176216270955704, 0.0188803147452540, 0.0201390023949376, 0.0213976900446212 ), .UNSPECIFIED. );
#5597 = FILL_AREA_STYLE_COLOUR( '', #6872 );
#5598 = VERTEX_POINT( '', #6873 );
#5599 = CIRCLE( '', #6874, 2.50000000000000 );
#5600 = VERTEX_POINT( '', #6875 );
#5601 = B_SPLINE_CURVE_WITH_KNOTS( '', 3, ( #6876, #6877, #6878, #6879, #6880, #6881, #6882, #6883, #6884, #6885 ), .UNSPECIFIED., .F., .F., ( 4, 2, 2, 2, 4 ), ( 0.00584047242643182, 0.00623105016469728, 0.00662162790296275, 0.00701220564122821, 0.00740278337949367 ), .UNSPECIFIED. );
#5602 = VERTEX_POINT( '', #6886 );
#5603 = LINE( '', #6887, #6888 );
#5604 = VERTEX_POINT( '', #6889 );
#5605 = LINE( '', #6890, #6891 );
#5606 = LINE( '', #6892, #6893 );
#5607 = FILL_AREA_STYLE_COLOUR( '', #6894 );
#5608 = VERTEX_POINT( '', #6895 );
#5609 = VERTEX_POINT( '', #6896 );
#5610 = LINE( '', #6897, #6898 );
#5611 = LINE( '', #6899, #6900 );
#5612 = VERTEX_POINT( '', #6901 );
#5613 = LINE( '', #6902, #6903 );
#5614 = VERTEX_POINT( '', #6904 );
#5615 = LINE( '', #6905, #6906 );
#5616 = LINE( '', #6907, #6908 );
#5617 = FILL_AREA_STYLE_COLOUR( '', #6909 );
#5618 = VERTEX_POINT( '', #6910 );
#5619 = CIRCLE( '', #6911, 14.2500000000000 );
#5620 = VERTEX_POINT( '', #6912 );
#5621 = CIRCLE( '', #6913, 14.2500000000000 );
#5622 = FILL_AREA_STYLE_COLOUR( '', #6914 );
#5623 = VERTEX_POINT( '', #6915 );
#5624 = VERTEX_POINT( '', #6916 );
#5625 = LINE( '', #6917, #6918 );
#5626 = VERTEX_POINT( '', #6919 );
#5627 = LINE( '', #6920, #6921 );
#5628 = VERTEX_POINT( '', #6922 );
#5629 = LINE( '', #6923, #6924 );
#5630 = CIRCLE( '', #6925, 28.0000000000000 );
#5631 = FILL_AREA_STYLE_COLOUR( '', #6926 );
#5632 = VERTEX_POINT( '', #6927 );
#5633 = VERTEX_POINT( '', #6928 );
#5634 = LINE( '', #6929, #6930 );
#5635 = LINE( '', #6931, #6932 );
#5636 = LINE( '', #6933, #6934 );
#5637 = FILL_AREA_STYLE_COLOUR( '', #6935 );
#5638 = VERTEX_POINT( '', #6936 );
#5639 = CIRCLE( '', #6937, 5.25000000000000 );
#5640 = VERTEX_POINT( '', #6938 );
#5641 = CIRCLE( '', #6939, 5.25000000000000 );
#5642 = FILL_AREA_STYLE_COLOUR( '', #6940 );
#5643 = VERTEX_POINT( '', #6941 );
#5644 = CIRCLE( '', #6942, 5.25000000000000 );
#5645 = FILL_AREA_STYLE_COLOUR( '', #6943 );
#5646 = VERTEX_POINT( '', #6944 );
#5647 = CIRCLE( '', #6945, 3.95000000000000 );
#5648 = VERTEX_POINT( '', #6946 );
#5649 = VERTEX_POINT( '', #6947 );
#5650 = LINE( '', #6948, #6949 );
#5651 = VERTEX_POINT( '', #6950 );
#5652 = LINE( '', #6951, #6952 );
#5653 = VERTEX_POINT( '', #6953 );
#5654 = LINE( '', #6954, #6955 );
#5655 = VERTEX_POINT( '', #6956 );
#5656 = LINE( '', #6957, #6958 );
#5657 = VERTEX_POINT( '', #6959 );
#5658 = LINE( '', #6960, #6961 );
#5659 = LINE( '', #6962, #6963 );
#5660 = FILL_AREA_STYLE_COLOUR( '', #6964 );
#5661 = VERTEX_POINT( '', #6965 );
#5662 = VERTEX_POINT( '', #6966 );
#5663 = LINE( '', #6967, #6968 );
#5664 = VERTEX_POINT( '', #6969 );
#5665 = LINE( '', #6970, #6971 );
#5666 = VERTEX_POINT( '', #6972 );
#5667 = LINE( '', #6973, #6974 );
#5668 = LINE( '', #6975, #6976 );
#5669 = FILL_AREA_STYLE_COLOUR( '', #6977 );
#5670 = VERTEX_POINT( '', #6978 );
#5671 = VERTEX_POINT( '', #6979 );
#5672 = CIRCLE( '', #6980, 28.0000000000000 );
#5673 = VERTEX_POINT( '', #6981 );
#5674 = LINE( '', #6982, #6983 );
#5675 = LINE( '', #6984, #6985 );
#5676 = FILL_AREA_STYLE_COLOUR( '', #6986 );
#5677 = VERTEX_POINT( '', #6987 );
#5678 = CIRCLE( '', #6988, 2.50000000000000 );
#5679 = VERTEX_POINT( '', #6989 );
#5680 = VERTEX_POINT( '', #6990 );
#5681 = LINE( '', #6991, #6992 );
#5682 = VERTEX_POINT( '', #6993 );
#5683 = LINE( '', #6994, #6995 );
#5684 = VERTEX_POINT( '', #6996 );
#5685 = LINE( '', #6997, #6998 );
#5686 = VERTEX_POINT( '', #6999 );
#5687 = LINE( '', #7000, #7001 );
#5688 = B_SPLINE_CURVE_WITH_KNOTS( '', 3, ( #7002, #7003, #7004, #7005, #7006, #7007, #7008, #7009, #7010, #7011 ), .UNSPECIFIED., .F., .F., ( 4, 2, 2, 2, 4 ), ( 0.00368946253960320, 0.00408037755917195, 0.00447129257874070, 0.00486220759830945, 0.00525312261787820 ), .UNSPECIFIED. );
#5689 = FILL_AREA_STYLE_COLOUR( '', #7012 );
#5690 = VERTEX_POINT( '', #7013 );
#5691 = VERTEX_POINT( '', #7014 );
#5692 = LINE( '', #7015, #7016 );
#5693 = LINE( '', #7017, #7018 );
#5694 = LINE( '', #7019, #7020 );
#5695 = FILL_AREA_STYLE_COLOUR( '', #7021 );
#5696 = B_SPLINE_CURVE_WITH_KNOTS( '', 3, ( #7022, #7023, #7024, #7025, #7026, #7027, #7028, #7029, #7030, #7031, #7032, #7033, #7034, #7035 ), .UNSPECIFIED., .F., .F., ( 4, 2, 2, 2, 2, 2, 4 ), ( 0.000000000000000, 0.000292429687148125, 0.000438644530722188, 0.000584859374296251, 0.000731074217870315, 0.000877289061444378, 0.00116971874859251 ), .UNSPECIFIED. );
#5697 = VERTEX_POINT( '', #7036 );
#5698 = LINE( '', #7037, #7038 );
#5699 = VERTEX_POINT( '', #7039 );
#5700 = LINE( '', #7040, #7041 );
#5701 = B_SPLINE_CURVE_WITH_KNOTS( '', 3, ( #7042, #7043, #7044, #7045, #7046, #7047, #7048, #7049, #7050, #7051, #7052, #7053, #7054, #7055 ), .UNSPECIFIED., .F., .F., ( 4, 2, 2, 2, 2, 2, 4 ), ( 0.000000000000000, 0.000292429687148125, 0.000438644530722188, 0.000584859374296251, 0.000731074217870315, 0.000877289061444378, 0.00116971874859251 ), .UNSPECIFIED. );
#5702 = FILL_AREA_STYLE_COLOUR( '', #7056 );
#5703 = VERTEX_POINT( '', #7057 );
#5704 = VERTEX_POINT( '', #7058 );
#5705 = LINE( '', #7059, #7060 );
#5706 = LINE( '', #7061, #7062 );
#5707 = LINE( '', #7063, #7064 );
#5708 = FILL_AREA_STYLE_COLOUR( '', #7065 );
#5709 = VERTEX_POINT( '', #7066 );
#5710 = VERTEX_POINT( '', #7067 );
#5711 = LINE( '', #7068, #7069 );
#5712 = VERTEX_POINT( '', #7070 );
#5713 = LINE( '', #7071, #7072 );
#5714 = VERTEX_POINT( '', #7073 );
#5715 = LINE( '', #7074, #7075 );
#5716 = LINE( '', #7076, #7077 );
#5717 = FILL_AREA_STYLE_COLOUR( '', #7078 );
#5718 = VERTEX_POINT( '', #7079 );
#5719 = CIRCLE( '', #7080, 5.25000000000000 );
#5720 = FILL_AREA_STYLE_COLOUR( '', #7081 );
#5721 = VERTEX_POINT( '', #7082 );
#5722 = CIRCLE( '', #7083, 0.870000000000000 );
#5723 = VERTEX_POINT( '', #7084 );
#5724 = LINE( '', #7085, #7086 );
#5725 = B_SPLINE_CURVE_WITH_KNOTS( '', 3, ( #7087, #7088, #7089, #7090, #7091, #7092, #7093, #7094, #7095, #7096, #7097, #7098 ), .UNSPECIFIED., .F., .F., ( 4, 2, 2, 2, 2, 4 ), ( 0.000000000000000, 0.000223306446776215, 0.000446612893552430, 0.000893225787104859, 0.00133983868065729, 0.00178645157420972 ), .UNSPECIFIED. );
#5726 = FILL_AREA_STYLE_COLOUR( '', #7099 );
#5727 = VERTEX_POINT( '', #7100 );
#5728 = VERTEX_POINT( '', #7101 );
#5729 = LINE( '', #7102, #7103 );
#5730 = VERTEX_POINT( '', #7104 );
#5731 = LINE( '', #7105, #7106 );
#5732 = VERTEX_POINT( '', #7107 );
#5733 = LINE( '', #7108, #7109 );
#5734 = LINE( '', #7110, #7111 );
#5735 = FILL_AREA_STYLE_COLOUR( '', #7112 );
#5736 = VERTEX_POINT( '', #7113 );
#5737 = CIRCLE( '', #7114, 5.25000000000000 );
#5738 = FILL_AREA_STYLE_COLOUR( '', #7115 );
#5739 = VERTEX_POINT( '', #7116 );
#5740 = CIRCLE( '', #7117, 28.0000000000000 );
#5741 = VERTEX_POINT( '', #7118 );
#5742 = B_SPLINE_CURVE_WITH_KNOTS( '', 3, ( #7119, #7120, #7121, #7122, #7123, #7124, #7125, #7126, #7127, #7128 ), .UNSPECIFIED., .F., .F., ( 4, 2, 2, 2, 4 ), ( 0.000000000000000, 0.000187637782269202, 0.000375275564538403, 0.000562913346807605, 0.000750551129076807 ), .UNSPECIFIED. );
#5743 = LINE( '', #7129, #7130 );
#5744 = FILL_AREA_STYLE_COLOUR( '', #7131 );
#5745 = VERTEX_POINT( '', #7132 );
#5746 = CIRCLE( '', #7133, 5.25000000000000 );
#5747 = VERTEX_POINT( '', #7134 );
#5748 = CIRCLE( '', #7135, 5.25000000000000 );
#5749 = FILL_AREA_STYLE_COLOUR( '', #7136 );
#5750 = VERTEX_POINT( '', #7137 );
#5751 = CIRCLE( '', #7138, 5.25000000000000 );
#5752 = VERTEX_POINT( '', #7139 );
#5753 = CIRCLE( '', #7140, 5.25000000000000 );
#5754 = FILL_AREA_STYLE_COLOUR( '', #7141 );
#5755 = VERTEX_POINT( '', #7142 );
#5756 = CIRCLE( '', #7143, 5.25000000000000 );
#5757 = VERTEX_POINT( '', #7144 );
#5758 = CIRCLE( '', #7145, 5.25000000000000 );
#5759 = FILL_AREA_STYLE_COLOUR( '', #7146 );
#5760 = VERTEX_POINT( '', #7147 );
#5761 = LINE( '', #7148, #7149 );
#5762 = VERTEX_POINT( '', #7150 );
#5763 = LINE( '', #7151, #7152 );
#5764 = LINE( '', #7153, #7154 );
#5765 = FILL_AREA_STYLE_COLOUR( '', #7155 );
#5766 = VERTEX_POINT( '', #7156 );
#5767 = CIRCLE( '', #7157, 4.25000000000000 );
#5768 = VERTEX_POINT( '', #7158 );
#5769 = CIRCLE( '', #7159, 4.50000000000000 );
#5770 = FILL_AREA_STYLE_COLOUR( '', #7160 );
#5771 = VERTEX_POINT( '', #7161 );
#5772 = CIRCLE( '', #7162, 4.25000000000000 );
#5773 = FILL_AREA_STYLE_COLOUR( '', #7163 );
#5774 = VERTEX_POINT( '', #7164 );
#5775 = VERTEX_POINT( '', #7165 );
#5776 = LINE( '', #7166, #7167 );
#5777 = VERTEX_POINT( '', #7168 );
#5778 = LINE( '', #7169, #7170 );
#5779 = VERTEX_POINT( '', #7171 );
#5780 = LINE( '', #7172, #7173 );
#5781 = VERTEX_POINT( '', #7174 );
#5782 = LINE( '', #7175, #7176 );
#5783 = VERTEX_POINT( '', #7177 );
#5784 = LINE( '', #7178, #7179 );
#5785 = LINE( '', #7180, #7181 );
#5786 = FILL_AREA_STYLE_COLOUR( '', #7182 );
#5787 = VERTEX_POINT( '', #7183 );
#5788 = CIRCLE( '', #7184, 5.25000000000000 );
#5789 = VERTEX_POINT( '', #7185 );
#5790 = CIRCLE( '', #7186, 5.25000000000000 );
#5791 = FILL_AREA_STYLE_COLOUR( '', #7187 );
#5792 = VERTEX_POINT( '', #7188 );
#5793 = CIRCLE( '', #7189, 4.25000000000000 );
#5794 = VERTEX_POINT( '', #7190 );
#5795 = CIRCLE( '', #7191, 4.50000000000000 );
#5796 = FILL_AREA_STYLE_COLOUR( '', #7192 );
#5797 = VERTEX_POINT( '', #7193 );
#5798 = LINE( '', #7194, #7195 );
#5799 = VERTEX_POINT( '', #7196 );
#5800 = LINE( '', #7197, #7198 );
#5801 = LINE( '', #7199, #7200 );
#5802 = FILL_AREA_STYLE_COLOUR( '', #7201 );
#5803 = VERTEX_POINT( '', #7202 );
#5804 = CIRCLE( '', #7203, 14.2500000000000 );
#5805 = VERTEX_POINT( '', #7204 );
#5806 = CIRCLE( '', #7205, 14.2500000000000 );
#5807 = FILL_AREA_STYLE_COLOUR( '', #7206 );
#5808 = VERTEX_POINT( '', #7207 );
#5809 = LINE( '', #7208, #7209 );
#5810 = LINE( '', #7210, #7211 );
#5811 = FILL_AREA_STYLE_COLOUR( '', #7212 );
#5812 = VERTEX_POINT( '', #7213 );
#5813 = CIRCLE( '', #7214, 28.0000000000000 );
#5814 = VERTEX_POINT( '', #7215 );
#5815 = CIRCLE( '', #7216, 12.0000000000000 );
#5816 = LINE( '', #7217, #7218 );
#5817 = FILL_AREA_STYLE_COLOUR( '', #7219 );
#5818 = VERTEX_POINT( '', #7220 );
#5819 = CIRCLE( '', #7221, 5.25000000000000 );
#5820 = VERTEX_POINT( '', #7222 );
#5821 = CIRCLE( '', #7223, 5.25000000000000 );
#5822 = FILL_AREA_STYLE_COLOUR( '', #7224 );
#5823 = VERTEX_POINT( '', #7225 );
#5824 = CIRCLE( '', #7226, 2.55000000000000 );
#5825 = VERTEX_POINT( '', #7227 );
#5826 = CIRCLE( '', #7228, 2.55000000000000 );
#5827 = FILL_AREA_STYLE_COLOUR( '', #7229 );
#5828 = VERTEX_POINT( '', #7230 );
#5829 = CIRCLE( '', #7231, 27.7500000000000 );
#5830 = VERTEX_POINT( '', #7232 );
#5831 = CIRCLE( '', #7233, 28.0000000000000 );
#5832 = FILL_AREA_STYLE_COLOUR( '', #7234 );
#5833 = VERTEX_POINT( '', #7235 );
#5834 = VERTEX_POINT( '', #7236 );
#5835 = LINE( '', #7237, #7238 );
#5836 = VERTEX_POINT( '', #7239 );
#5837 = LINE( '', #7240, #7241 );
#5838 = VERTEX_POINT( '', #7242 );
#5839 = LINE( '', #7243, #7244 );
#5840 = LINE( '', #7245, #7246 );
#5841 = FILL_AREA_STYLE_COLOUR( '', #7247 );
#5842 = VERTEX_POINT( '', #7248 );
#5843 = CIRCLE( '', #7249, 28.0000000000000 );
#5844 = VERTEX_POINT( '', #7250 );
#5845 = CIRCLE( '', #7251, 27.7500000000000 );
#5846 = FILL_AREA_STYLE_COLOUR( '', #7252 );
#5847 = VERTEX_POINT( '', #7253 );
#5848 = CIRCLE( '', #7254, 3.00000000000000 );
#5849 = FILL_AREA_STYLE_COLOUR( '', #7255 );
#5850 = VERTEX_POINT( '', #7256 );
#5851 = VERTEX_POINT( '', #7257 );
#5852 = CIRCLE( '', #7258, 28.0000000000000 );
#5853 = VERTEX_POINT( '', #7259 );
#5854 = LINE( '', #7260, #7261 );
#5855 = VERTEX_POINT( '', #7262 );
#5856 = LINE( '', #7263, #7264 );
#5857 = LINE( '', #7265, #7266 );
#5858 = FILL_AREA_STYLE_COLOUR( '', #7267 );
#5859 = VERTEX_POINT( '', #7268 );
#5860 = CIRCLE( '', #7269, 5.25000000000000 );
#5861 = FILL_AREA_STYLE_COLOUR( '', #7270 );
#5862 = VERTEX_POINT( '', #7271 );
#5863 = CIRCLE( '', #7272, 4.25000000000000 );
#5864 = FILL_AREA_STYLE_COLOUR( '', #7273 );
#5865 = VERTEX_POINT( '', #7274 );
#5866 = CIRCLE( '', #7275, 2.75000000000000 );
#5867 = FILL_AREA_STYLE_COLOUR( '', #7276 );
#5868 = VERTEX_POINT( '', #7277 );
#5869 = CIRCLE( '', #7278, 2.00950000000000 );
#5870 = FILL_AREA_STYLE_COLOUR( '', #7279 );
#5871 = VERTEX_POINT( '', #7280 );
#5872 = VERTEX_POINT( '', #7281 );
#5873 = LINE( '', #7282, #7283 );
#5874 = VERTEX_POINT( '', #7284 );
#5875 = LINE( '', #7285, #7286 );
#5876 = VERTEX_POINT( '', #7287 );
#5877 = LINE( '', #7288, #7289 );
#5878 = LINE( '', #7290, #7291 );
#5879 = FILL_AREA_STYLE_COLOUR( '', #7292 );
#5880 = VERTEX_POINT( '', #7293 );
#5881 = CIRCLE( '', #7294, 2.50000000000000 );
#5882 = FILL_AREA_STYLE_COLOUR( '', #7295 );
#5883 = VERTEX_POINT( '', #7296 );
#5884 = CIRCLE( '', #7297, 2.55000000000000 );
#5885 = VERTEX_POINT( '', #7298 );
#5886 = CIRCLE( '', #7299, 2.55000000000000 );
#5887 = FILL_AREA_STYLE_COLOUR( '', #7300 );
#5888 = VERTEX_POINT( '', #7301 );
#5889 = LINE( '', #7302, #7303 );
#5890 = VERTEX_POINT( '', #7304 );
#5891 = LINE( '', #7305, #7306 );
#5892 = LINE( '', #7307, #7308 );
#5893 = FILL_AREA_STYLE_COLOUR( '', #7309 );
#5894 = VERTEX_POINT( '', #7310 );
#5895 = CIRCLE( '', #7311, 28.0000000000000 );
#5896 = LINE( '', #7312, #7313 );
#5897 = FILL_AREA_STYLE_COLOUR( '', #7314 );
#5898 = LINE( '', #7315, #7316 );
#5899 = LINE( '', #7317, #7318 );
#5900 = FILL_AREA_STYLE_COLOUR( '', #7319 );
#5901 = VERTEX_POINT( '', #7320 );
#5902 = CIRCLE( '', #7321, 2.55000000000000 );
#5903 = VERTEX_POINT( '', #7322 );
#5904 = CIRCLE( '', #7323, 3.00000000000000 );
#5905 = FILL_AREA_STYLE_COLOUR( '', #7324 );
#5906 = VERTEX_POINT( '', #7325 );
#5907 = LINE( '', #7326, #7327 );
#5908 = VERTEX_POINT( '', #7328 );
#5909 = LINE( '', #7329, #7330 );
#5910 = LINE( '', #7331, #7332 );
#5911 = FILL_AREA_STYLE_COLOUR( '', #7333 );
#5912 = LINE( '', #7334, #7335 );
#5913 = FILL_AREA_STYLE_COLOUR( '', #7336 );
#5914 = LINE( '', #7337, #7338 );
#5915 = FILL_AREA_STYLE_COLOUR( '', #7339 );
#5916 = VERTEX_POINT( '', #7340 );
#5917 = CIRCLE( '', #7341, 2.50000000000000 );
#5918 = VERTEX_POINT( '', #7342 );
#5919 = B_SPLINE_CURVE_WITH_KNOTS( '', 3, ( #7343, #7344, #7345, #7346, #7347, #7348, #7349, #7350, #7351, #7352, #7353, #7354, #7355, #7356, #7357, #7358, #7359, #7360, #7361, #7362, #7363, #7364, #7365, #7366, #7367, #7368, #7369, #7370, #7371, #7372, #7373, #7374, #7375, #7376, #7377, #7378, #7379, #7380, #7381, #7382, #7383, #7384, #7385, #7386, #7387, #7388, #7389, #7390, #7391, #7392, #7393, #7394, #7395, #7396, #7397, #7398, #7399, #7400, #7401, #7402, #7403, #7404 ), .UNSPECIFIED., .T., .F., ( 2, 2, 2, 2, 2, 2, 2, 2, 2, 2, 2, 2, 2, 2, 2, 2, 2, 2, 2, 2, 2, 2, 2, 2, 2, 2, 2, 2, 2, 2, 2, 2, 2 ), ( -0.00125868764968360, 0.000000000000000, 0.00125868764968359, 0.00188803147452538, 0.00251737529936717, 0.00314671912420897, 0.00377606294905076, 0.00409073486147166, 0.00440540677389256, 0.00503475059873436, 0.00566409442357617, 0.00629343824841797, 0.00692278207325977, 0.00755212589810157, 0.00818146972294338, 0.00881081354778518, 0.0100695011974688, 0.0106988450223106, 0.0113281888471524, 0.0119575326719942, 0.0125868764968360, 0.0132162203216778, 0.0138455641465196, 0.0144749079713614, 0.0147895798837823, 0.0151042517962032, 0.0157335956210450, 0.0163629394458868, 0.0169922832707286, 0.0176216270955704, 0.0188803147452540, 0.0201390023949376, 0.0213976900446212 ), .UNSPECIFIED. );
#5920 = FILL_AREA_STYLE_COLOUR( '', #7405 );
#5921 = LINE( '', #7406, #7407 );
#5922 = LINE( '', #7408, #7409 );
#5923 = FILL_AREA_STYLE_COLOUR( '', #7410 );
#5924 = VERTEX_POINT( '', #7411 );
#5925 = VERTEX_POINT( '', #7412 );
#5926 = CIRCLE( '', #7413, 28.0000000000000 );
#5927 = VERTEX_POINT( '', #7414 );
#5928 = LINE( '', #7415, #7416 );
#5929 = LINE( '', #7417, #7418 );
#5930 = FILL_AREA_STYLE_COLOUR( '', #7419 );
#5931 = FILL_AREA_STYLE_COLOUR( '', #7420 );
#5932 = VERTEX_POINT( '', #7421 );
#5933 = CIRCLE( '', #7422, 0.600000000000000 );
#5934 = VERTEX_POINT( '', #7423 );
#5935 = LINE( '', #7424, #7425 );
#5936 = B_SPLINE_CURVE_WITH_KNOTS( '', 3, ( #7426, #7427, #7428, #7429 ), .UNSPECIFIED., .F., .F., ( 4, 4 ), ( 0.000000000000000, 0.000468627671035622 ), .UNSPECIFIED. );
#5937 = FILL_AREA_STYLE_COLOUR( '', #7430 );
#5938 = LINE( '', #7431, #7432 );
#5939 = LINE( '', #7433, #7434 );
#5940 = FILL_AREA_STYLE_COLOUR( '', #7435 );
#5941 = VERTEX_POINT( '', #7436 );
#5942 = CIRCLE( '', #7437, 3.00000000000000 );
#5943 = FILL_AREA_STYLE_COLOUR( '', #7438 );
#5944 = VERTEX_POINT( '', #7439 );
#5945 = B_SPLINE_CURVE_WITH_KNOTS( '', 3, ( #7440, #7441, #7442, #7443, #7444, #7445, #7446, #7447, #7448, #7449, #7450, #7451, #7452, #7453, #7454, #7455, #7456, #7457, #7458, #7459, #7460, #7461, #7462, #7463, #7464, #7465, #7466, #7467, #7468, #7469, #7470, #7471, #7472, #7473, #7474, #7475, #7476, #7477, #7478, #7479, #7480, #7481, #7482, #7483, #7484, #7485, #7486, #7487, #7488, #7489, #7490, #7491, #7492, #7493, #7494, #7495, #7496, #7497, #7498, #7499, #7500, #7501, #7502, #7503, #7504, #7505, #7506, #7507, #7508, #7509, #7510, #7511, #7512, #7513, #7514, #7515, #7516, #7517, #7518, #7519, #7520, #7521 ), .UNSPECIFIED., .T., .F., ( 2, 2, 2, 2, 2, 2, 2, 2, 2, 2, 2, 2, 2, 2, 2, 2, 2, 2, 2, 2, 2, 2, 2, 2, 2, 2, 2, 2, 2, 2, 2, 2, 2, 2, 2, 2, 2, 2, 2, 2, 2, 2, 2 ), ( -0.00116428928141833, 0.000000000000000, 0.00232857856283666, 0.00349286784425498, 0.00465715712567329, 0.00582144640709161, 0.00698573568850993, 0.00815002496992824, 0.00873216961063740, 0.00931431425134657, 0.00989645889205573, 0.0101875312124103, 0.0104786035327649, 0.0110607481734740, 0.0116428928141832, 0.0122250374548924, 0.0128071820956015, 0.0139714713770198, 0.0163000499398565, 0.0174643392212748, 0.0186286285026931, 0.0197929177841115, 0.0209572070655298, 0.0221214963469481, 0.0232857856283664, 0.0244500749097848, 0.0256143641912031, 0.0261965088319123, 0.0267786534726214, 0.0279429427540397, 0.0285250873947489, 0.0291072320354581, 0.0296893766761672, 0.0302715213168764, 0.0308536659575856, 0.0314358105982947, 0.0320179552390039, 0.0326000998797131, 0.0337643891611314, 0.0349286784425497, 0.0360929677239681, 0.0372572570053864, 0.0395858355682230 ), .UNSPECIFIED. );
#5946 = VERTEX_POINT( '', #7522 );
#5947 = CIRCLE( '', #7523, 4.50000000000000 );
#5948 = FILL_AREA_STYLE_COLOUR( '', #7524 );
#5949 = LINE( '', #7525, #7526 );
#5950 = FILL_AREA_STYLE_COLOUR( '', #7527 );
#5951 = VERTEX_POINT( '', #7528 );
#5952 = VERTEX_POINT( '', #7529 );
#5953 = B_SPLINE_CURVE_WITH_KNOTS( '', 3, ( #7530, #7531, #7532, #7533, #7534, #7535, #7536, #7537, #7538, #7539 ), .UNSPECIFIED., .F., .F., ( 4, 2, 2, 2, 4 ), ( 0.000000000000000, 0.000210994296140601, 0.000421988592281202, 0.000632982888421802, 0.000843977184562403 ), .UNSPECIFIED. );
#5954 = VERTEX_POINT( '', #7540 );
#5955 = LINE( '', #7541, #7542 );
#5956 = VERTEX_POINT( '', #7543 );
#5957 = CIRCLE( '', #7544, 28.0000000000000 );
#5958 = LINE( '', #7545, #7546 );
#5959 = FILL_AREA_STYLE_COLOUR( '', #7547 );
#5960 = VERTEX_POINT( '', #7548 );
#5961 = CIRCLE( '', #7549, 3.00000000000000 );
#5962 = VERTEX_POINT( '', #7550 );
#5963 = CIRCLE( '', #7551, 3.00000000000000 );
#5964 = FILL_AREA_STYLE_COLOUR( '', #7552 );
#5965 = VERTEX_POINT( '', #7553 );
#5966 = VERTEX_POINT( '', #7554 );
#5967 = LINE( '', #7555, #7556 );
#5968 = LINE( '', #7557, #7558 );
#5969 = LINE( '', #7559, #7560 );
#5970 = FILL_AREA_STYLE_COLOUR( '', #7561 );
#5971 = FILL_AREA_STYLE_COLOUR( '', #7562 );
#5972 = VERTEX_POINT( '', #7563 );
#5973 = VERTEX_POINT( '', #7564 );
#5974 = B_SPLINE_CURVE_WITH_KNOTS( '', 3, ( #7565, #7566, #7567, #7568, #7569, #7570, #7571, #7572, #7573, #7574 ), .UNSPECIFIED., .F., .F., ( 4, 2, 2, 2, 4 ), ( 0.000000000000000, 0.000204885130852867, 0.000409770261705735, 0.000614655392558602, 0.000819540523411469 ), .UNSPECIFIED. );
#5975 = VERTEX_POINT( '', #7575 );
#5976 = LINE( '', #7576, #7577 );
#5977 = VERTEX_POINT( '', #7578 );
#5978 = B_SPLINE_CURVE_WITH_KNOTS( '', 3, ( #7579, #7580, #7581, #7582, #7583, #7584, #7585, #7586, #7587, #7588, #7589, #7590, #7591, #7592, #7593, #7594, #7595, #7596, #7597, #7598, #7599, #7600 ), .UNSPECIFIED., .F., .F., ( 4, 2, 2, 2, 2, 2, 2, 2, 2, 2, 4 ), ( 0.000000000000000, 0.000543432027440654, 0.000815148041160981, 0.000951006048021145, 0.00101893505145122, 0.00108686405488130, 0.00115479305831139, 0.00122272206174146, 0.00135858006860162, 0.00163029608232194, 0.00217372810976258 ), .UNSPECIFIED. );
#5979 = LINE( '', #7601, #7602 );
#5980 = FILL_AREA_STYLE_COLOUR( '', #7603 );
#5981 = VERTEX_POINT( '', #7604 );
#5982 = VERTEX_POINT( '', #7605 );
#5983 = LINE( '', #7606, #7607 );
#5984 = CIRCLE( '', #7608, 0.600000000000000 );
#5985 = B_SPLINE_CURVE_WITH_KNOTS( '', 3, ( #7609, #7610, #7611, #7612 ), .UNSPECIFIED., .F., .F., ( 4, 4 ), ( 0.000000000000000, 0.000468469373164264 ), .UNSPECIFIED. );
#5986 = FILL_AREA_STYLE_COLOUR( '', #7613 );
#5987 = LINE( '', #7614, #7615 );
#5988 = ELLIPSE( '', #7616, 39.5979797464000, 28.0000000000000 );
#5989 = FILL_AREA_STYLE_COLOUR( '', #7617 );
#5990 = VERTEX_POINT( '', #7618 );
#5991 = CIRCLE( '', #7619, 2.50000000000000 );
#5992 = VERTEX_POINT( '', #7620 );
#5993 = VERTEX_POINT( '', #7621 );
#5994 = LINE( '', #7622, #7623 );
#5995 = VERTEX_POINT( '', #7624 );
#5996 = LINE( '', #7625, #7626 );
#5997 = VERTEX_POINT( '', #7627 );
#5998 = LINE( '', #7628, #7629 );
#5999 = VERTEX_POINT( '', #7630 );
#6000 = B_SPLINE_CURVE_WITH_KNOTS( '', 3, ( #7631, #7632, #7633, #7634, #7635, #7636, #7637, #7638, #7639, #7640 ), .UNSPECIFIED., .F., .F., ( 4, 2, 2, 2, 4 ), ( 0.00510351220849959, 0.00549408050178306, 0.00588464879506654, 0.00627521708835001, 0.00666578538163349 ), .UNSPECIFIED. );
#6001 = LINE( '', #7641, #7642 );
#6002 = FILL_AREA_STYLE_COLOUR( '', #7643 );
#6003 = VERTEX_POINT( '', #7644 );
#6004 = CIRCLE( '', #7645, 27.5000000000000 );
#6005 = FILL_AREA_STYLE_COLOUR( '', #7646 );
#6006 = VERTEX_POINT( '', #7647 );
#6007 = CIRCLE( '', #7648, 2.00950000000000 );
#6008 = FILL_AREA_STYLE_COLOUR( '', #7649 );
#6009 = VERTEX_POINT( '', #7650 );
#6010 = VERTEX_POINT( '', #7651 );
#6011 = CIRCLE( '', #7652, 28.0000000000000 );
#6012 = VERTEX_POINT( '', #7653 );
#6013 = B_SPLINE_CURVE_WITH_KNOTS( '', 3, ( #7654, #7655, #7656, #7657, #7658, #7659, #7660, #7661 ), .UNSPECIFIED., .F., .F., ( 4, 2, 2, 4 ), ( 0.00533509937292336, 0.00611620575010855, 0.00650675893870114, 0.00689731212729373 ), .UNSPECIFIED. );
#6014 = VERTEX_POINT( '', #7662 );
#6015 = CIRCLE( '', #7663, 27.0000000000000 );
#6016 = B_SPLINE_CURVE_WITH_KNOTS( '', 3, ( #7664, #7665, #7666, #7667, #7668, #7669, #7670, #7671, #7672, #7673 ), .UNSPECIFIED., .F., .F., ( 4, 2, 2, 2, 4 ), ( 0.00100112014072992, 0.00139202841635545, 0.00178293669198098, 0.00217384496760650, 0.00256475324323203 ), .UNSPECIFIED. );
#6017 = FILL_AREA_STYLE_COLOUR( '', #7674 );
#6018 = VERTEX_POINT( '', #7675 );
#6019 = CIRCLE( '', #7676, 5.25000000000000 );
#6020 = VERTEX_POINT( '', #7677 );
#6021 = CIRCLE( '', #7678, 5.25000000000000 );
#6022 = FILL_AREA_STYLE_COLOUR( '', #7679 );
#6023 = VERTEX_POINT( '', #7680 );
#6024 = LINE( '', #7681, #7682 );
#6025 = LINE( '', #7683, #7684 );
#6026 = FILL_AREA_STYLE_COLOUR( '', #7685 );
#6027 = VERTEX_POINT( '', #7686 );
#6028 = VERTEX_POINT( '', #7687 );
#6029 = LINE( '', #7688, #7689 );
#6030 = VERTEX_POINT( '', #7690 );
#6031 = LINE( '', #7691, #7692 );
#6032 = VERTEX_POINT( '', #7693 );
#6033 = LINE( '', #7694, #7695 );
#6034 = LINE( '', #7696, #7697 );
#6035 = FILL_AREA_STYLE_COLOUR( '', #7698 );
#6036 = VERTEX_POINT( '', #7699 );
#6037 = LINE( '', #7700, #7701 );
#6038 = VERTEX_POINT( '', #7702 );
#6039 = LINE( '', #7703, #7704 );
#6040 = CIRCLE( '', #7705, 8.00000000000000 );
#6041 = FILL_AREA_STYLE_COLOUR( '', #7706 );
#6042 = VERTEX_POINT( '', #7707 );
#6043 = CIRCLE( '', #7708, 5.25000000000000 );
#6044 = FILL_AREA_STYLE_COLOUR( '', #7709 );
#6045 = VERTEX_POINT( '', #7710 );
#6046 = LINE( '', #7711, #7712 );
#6047 = VERTEX_POINT( '', #7713 );
#6048 = LINE( '', #7714, #7715 );
#6049 = LINE( '', #7716, #7717 );
#6050 = FILL_AREA_STYLE_COLOUR( '', #7718 );
#6051 = VERTEX_POINT( '', #7719 );
#6052 = CIRCLE( '', #7720, 2.75000000000000 );
#6053 = FILL_AREA_STYLE_COLOUR( '', #7721 );
#6054 = VERTEX_POINT( '', #7722 );
#6055 = CIRCLE( '', #7723, 5.25000000000000 );
#6056 = FILL_AREA_STYLE_COLOUR( '', #7724 );
#6057 = VERTEX_POINT( '', #7725 );
#6058 = LINE( '', #7726, #7727 );
#6059 = VERTEX_POINT( '', #7728 );
#6060 = LINE( '', #7729, #7730 );
#6061 = LINE( '', #7731, #7732 );
#6062 = FILL_AREA_STYLE_COLOUR( '', #7733 );
#6063 = VERTEX_POINT( '', #7734 );
#6064 = VERTEX_POINT( '', #7735 );
#6065 = LINE( '', #7736, #7737 );
#6066 = VERTEX_POINT( '', #7738 );
#6067 = LINE( '', #7739, #7740 );
#6068 = VERTEX_POINT( '', #7741 );
#6069 = LINE( '', #7742, #7743 );
#6070 = CIRCLE( '', #7744, 28.0000000000000 );
#6071 = FILL_AREA_STYLE_COLOUR( '', #7745 );
#6072 = VERTEX_POINT( '', #7746 );
#6073 = CIRCLE( '', #7747, 2.25000000000000 );
#6074 = LINE( '', #7748, #7749 );
#6075 = LINE( '', #7750, #7751 );
#6076 = LINE( '', #7752, #7753 );
#6077 = FILL_AREA_STYLE_COLOUR( '', #7754 );
#6078 = LINE( '', #7755, #7756 );
#6079 = VERTEX_POINT( '', #7757 );
#6080 = LINE( '', #7758, #7759 );
#6081 = VERTEX_POINT( '', #7760 );
#6082 = LINE( '', #7761, #7762 );
#6083 = LINE( '', #7763, #7764 );
#6084 = FILL_AREA_STYLE_COLOUR( '', #7765 );
#6085 = VERTEX_POINT( '', #7766 );
#6086 = LINE( '', #7767, #7768 );
#6087 = LINE( '', #7769, #7770 );
#6088 = LINE( '', #7771, #7772 );
#6089 = VERTEX_POINT( '', #7773 );
#6090 = LINE( '', #7774, #7775 );
#6091 = LINE( '', #7776, #7777 );
#6092 = VERTEX_POINT( '', #7778 );
#6093 = LINE( '', #7779, #7780 );
#6094 = VERTEX_POINT( '', #7781 );
#6095 = LINE( '', #7782, #7783 );
#6096 = VERTEX_POINT( '', #7784 );
#6097 = LINE( '', #7785, #7786 );
#6098 = VERTEX_POINT( '', #7787 );
#6099 = CIRCLE( '', #7788, 0.600000000000000 );
#6100 = VERTEX_POINT( '', #7789 );
#6101 = LINE( '', #7790, #7791 );
#6102 = LINE( '', #7792, #7793 );
#6103 = FILL_AREA_STYLE_COLOUR( '', #7794 );
#6104 = VERTEX_POINT( '', #7795 );
#6105 = CIRCLE( '', #7796, 2.25000000000000 );
#6106 = VERTEX_POINT( '', #7797 );
#6107 = CIRCLE( '', #7798, 2.55000000000000 );
#6108 = FILL_AREA_STYLE_COLOUR( '', #7799 );
#6109 = VERTEX_POINT( '', #7800 );
#6110 = CIRCLE( '', #7801, 3.00000000000000 );
#6111 = VERTEX_POINT( '', #7802 );
#6112 = VERTEX_POINT( '', #7803 );
#6113 = LINE( '', #7804, #7805 );
#6114 = CIRCLE( '', #7806, 27.0000000000000 );
#6115 = CIRCLE( '', #7807, 8.00000000000000 );
#6116 = FILL_AREA_STYLE_COLOUR( '', #7808 );
#6117 = VERTEX_POINT( '', #7809 );
#6118 = CIRCLE( '', #7810, 27.0000000000000 );
#6119 = VERTEX_POINT( '', #7811 );
#6120 = B_SPLINE_CURVE_WITH_KNOTS( '', 3, ( #7812, #7813, #7814, #7815, #7816, #7817, #7818, #7819, #7820, #7821 ), .UNSPECIFIED., .F., .F., ( 4, 2, 2, 2, 4 ), ( 0.00333448971993765, 0.00372535021891804, 0.00411621071789843, 0.00450707121687881, 0.00489793171585920 ), .UNSPECIFIED. );
#6121 = CIRCLE( '', #7822, 28.0000000000000 );
#6122 = FILL_AREA_STYLE_COLOUR( '', #7823 );
#6123 = VERTEX_POINT( '', #7824 );
#6124 = CIRCLE( '', #7825, 28.0000000000000 );
#6125 = VERTEX_POINT( '', #7826 );
#6126 = LINE( '', #7827, #7828 );
#6127 = CIRCLE( '', #7829, 12.0000000000000 );
#6128 = FILL_AREA_STYLE_COLOUR( '', #7830 );
#6129 = LINE( '', #7831, #7832 );
#6130 = FILL_AREA_STYLE_COLOUR( '', #7833 );
#6131 = VERTEX_POINT( '', #7834 );
#6132 = LINE( '', #7835, #7836 );
#6133 = LINE( '', #7837, #7838 );
#6134 = LINE( '', #7839, #7840 );
#6135 = FILL_AREA_STYLE_COLOUR( '', #7841 );
#6136 = VERTEX_POINT( '', #7842 );
#6137 = CIRCLE( '', #7843, 12.0000000000000 );
#6138 = VERTEX_POINT( '', #7844 );
#6139 = CIRCLE( '', #7845, 5.25000000000000 );
#6140 = FILL_AREA_STYLE_COLOUR( '', #7846 );
#6141 = VERTEX_POINT( '', #7847 );
#6142 = LINE( '', #7848, #7849 );
#6143 = VERTEX_POINT( '', #7850 );
#6144 = LINE( '', #7851, #7852 );
#6145 = LINE( '', #7853, #7854 );
#6146 = FILL_AREA_STYLE_COLOUR( '', #7855 );
#6147 = VERTEX_POINT( '', #7856 );
#6148 = CIRCLE( '', #7857, 3.95000000000000 );
#6149 = VERTEX_POINT( '', #7858 );
#6150 = CIRCLE( '', #7859, 4.25000000000000 );
#6151 = FILL_AREA_STYLE_COLOUR( '', #7860 );
#6152 = VERTEX_POINT( '', #7861 );
#6153 = LINE( '', #7862, #7863 );
#6154 = CIRCLE( '', #7864, 28.0000000000000 );
#6155 = FILL_AREA_STYLE_COLOUR( '', #7865 );
#6156 = LINE( '', #7866, #7867 );
#6157 = LINE( '', #7868, #7869 );
#6158 = FILL_AREA_STYLE_COLOUR( '', #7870 );
#6159 = FILL_AREA_STYLE_COLOUR( '', #7871 );
#6160 = LINE( '', #7872, #7873 );
#6161 = LINE( '', #7874, #7875 );
#6162 = FILL_AREA_STYLE_COLOUR( '', #7876 );
#6163 = VERTEX_POINT( '', #7877 );
#6164 = B_SPLINE_CURVE_WITH_KNOTS( '', 3, ( #7878, #7879, #7880, #7881, #7882, #7883, #7884, #7885, #7886, #7887, #7888, #7889, #7890, #7891 ), .UNSPECIFIED., .F., .F., ( 4, 2, 2, 2, 2, 2, 4 ), ( 0.000000000000000, 0.000292429687148134, 0.000438644530722199, 0.000584859374296264, 0.000731074217870329, 0.000877289061444394, 0.00116971874859252 ), .UNSPECIFIED. );
#6165 = VERTEX_POINT( '', #7892 );
#6166 = CIRCLE( '', #7893, 28.0000000000000 );
#6167 = VERTEX_POINT( '', #7894 );
#6168 = B_SPLINE_CURVE_WITH_KNOTS( '', 3, ( #7895, #7896, #7897, #7898, #7899, #7900, #7901, #7902, #7903, #7904, #7905, #7906, #7907, #7908 ), .UNSPECIFIED., .F., .F., ( 4, 2, 2, 2, 2, 2, 4 ), ( 0.000000000000000, 0.000292429687148134, 0.000438644530722199, 0.000584859374296264, 0.000731074217870329, 0.000877289061444394, 0.00116971874859252 ), .UNSPECIFIED. );
#6169 = VERTEX_POINT( '', #7909 );
#6170 = CIRCLE( '', #7910, 28.0000000000000 );
#6171 = LINE( '', #7911, #7912 );
#6172 = VERTEX_POINT( '', #7913 );
#6173 = LINE( '', #7914, #7915 );
#6174 = VERTEX_POINT( '', #7916 );
#6175 = CIRCLE( '', #7917, 28.0000000000000 );
#6176 = B_SPLINE_CURVE_WITH_KNOTS( '', 3, ( #7918, #7919, #7920, #7921, #7922, #7923, #7924, #7925, #7926, #7927 ), .UNSPECIFIED., .F., .F., ( 4, 2, 2, 2, 4 ), ( 0.000000000000000, 0.000204885130852866, 0.000409770261705732, 0.000614655392558597, 0.000819540523411463 ), .UNSPECIFIED. );
#6177 = VERTEX_POINT( '', #7928 );
#6178 = B_SPLINE_CURVE_WITH_KNOTS( '', 3, ( #7929, #7930, #7931, #7932, #7933, #7934, #7935, #7936, #7937, #7938 ), .UNSPECIFIED., .F., .F., ( 4, 2, 2, 2, 4 ), ( 0.000000000000000, 0.000204885130852866, 0.000409770261705732, 0.000614655392558597, 0.000819540523411463 ), .UNSPECIFIED. );
#6179 = CIRCLE( '', #7939, 28.0000000000000 );
#6180 = VERTEX_POINT( '', #7940 );
#6181 = CIRCLE( '', #7941, 28.0000000000000 );
#6182 = LINE( '', #7942, #7943 );
#6183 = VERTEX_POINT( '', #7944 );
#6184 = B_SPLINE_CURVE_WITH_KNOTS( '', 3, ( #7945, #7946, #7947, #7948, #7949, #7950, #7951, #7952, #7953, #7954, #7955, #7956, #7957, #7958, #7959, #7960, #7961, #7962, #7963, #7964, #7965, #7966, #7967, #7968, #7969, #7970, #7971, #7972, #7973, #7974, #7975, #7976, #7977, #7978, #7979, #7980, #7981, #7982, #7983, #7984, #7985, #7986, #7987, #7988, #7989, #7990, #7991, #7992, #7993, #7994, #7995, #7996, #7997, #7998, #7999, #8000, #8001, #8002, #8003, #8004, #8005, #8006 ), .UNSPECIFIED., .T., .F., ( 2, 2, 2, 2, 2, 2, 2, 2, 2, 2, 2, 2, 2, 2, 2, 2, 2, 2, 2, 2, 2, 2, 2, 2, 2, 2, 2, 2, 2, 2, 2, 2, 2 ), ( -0.00125868764968361, 0.000000000000000, 0.00125868764968359, 0.00188803147452538, 0.00251737529936718, 0.00314671912420897, 0.00377606294905077, 0.00409073486147167, 0.00440540677389257, 0.00503475059873437, 0.00566409442357617, 0.00629343824841797, 0.00692278207325977, 0.00755212589810157, 0.00818146972294337, 0.00881081354778517, 0.0100695011974688, 0.0106988450223106, 0.0113281888471524, 0.0119575326719942, 0.0125868764968360, 0.0132162203216778, 0.0138455641465196, 0.0144749079713614, 0.0147895798837823, 0.0151042517962032, 0.0157335956210450, 0.0163629394458868, 0.0169922832707286, 0.0176216270955704, 0.0188803147452540, 0.0201390023949376, 0.0213976900446212 ), .UNSPECIFIED. );
#6185 = VERTEX_POINT( '', #8007 );
#6186 = B_SPLINE_CURVE_WITH_KNOTS( '', 3, ( #8008, #8009, #8010, #8011, #8012, #8013, #8014, #8015, #8016, #8017, #8018, #8019, #8020, #8021, #8022, #8023, #8024, #8025, #8026, #8027, #8028, #8029, #8030, #8031, #8032, #8033, #8034, #8035, #8036, #8037, #8038, #8039, #8040, #8041, #8042, #8043, #8044, #8045, #8046, #8047, #8048, #8049, #8050, #8051, #8052, #8053, #8054, #8055, #8056, #8057, #8058, #8059, #8060, #8061, #8062, #8063, #8064, #8065, #8066, #8067, #8068, #8069, #8070, #8071, #8072, #8073, #8074, #8075, #8076, #8077, #8078, #8079, #8080, #8081, #8082, #8083, #8084, #8085, #8086, #8087, #8088, #8089 ), .UNSPECIFIED., .T., .F., ( 2, 2, 2, 2, 2, 2, 2, 2, 2, 2, 2, 2, 2, 2, 2, 2, 2, 2, 2, 2, 2, 2, 2, 2, 2, 2, 2, 2, 2, 2, 2, 2, 2, 2, 2, 2, 2, 2, 2, 2, 2, 2, 2 ), ( -0.00116428928141833, 0.000000000000000, 0.00232857856283666, 0.00349286784425498, 0.00465715712567329, 0.00582144640709161, 0.00698573568850993, 0.00815002496992824, 0.00873216961063740, 0.00931431425134657, 0.00989645889205573, 0.0101875312124103, 0.0104786035327649, 0.0110607481734740, 0.0116428928141832, 0.0122250374548924, 0.0128071820956015, 0.0139714713770198, 0.0163000499398565, 0.0174643392212748, 0.0186286285026931, 0.0197929177841115, 0.0209572070655298, 0.0221214963469481, 0.0232857856283664, 0.0244500749097848, 0.0256143641912031, 0.0261965088319123, 0.0267786534726214, 0.0279429427540397, 0.0285250873947489, 0.0291072320354581, 0.0296893766761672, 0.0302715213168764, 0.0308536659575856, 0.0314358105982947, 0.0320179552390039, 0.0326000998797131, 0.0337643891611314, 0.0349286784425497, 0.0360929677239681, 0.0372572570053864, 0.0395858355682230 ), .UNSPECIFIED. );
#6187 = FILL_AREA_STYLE_COLOUR( '', #8090 );
#6188 = VERTEX_POINT( '', #8091 );
#6189 = CIRCLE( '', #8092, 2.50000000000000 );
#6190 = VERTEX_POINT( '', #8093 );
#6191 = CIRCLE( '', #8094, 2.50000000000000 );
#6192 = FILL_AREA_STYLE_COLOUR( '', #8095 );
#6193 = VERTEX_POINT( '', #8096 );
#6194 = CIRCLE( '', #8097, 2.55000000000000 );
#6195 = VERTEX_POINT( '', #8098 );
#6196 = CIRCLE( '', #8099, 3.00000000000000 );
#6197 = FILL_AREA_STYLE_COLOUR( '', #8100 );
#6198 = VERTEX_POINT( '', #8101 );
#6199 = CIRCLE( '', #8102, 27.0000000000000 );
#6200 = FILL_AREA_STYLE_COLOUR( '', #8103 );
#6201 = VERTEX_POINT( '', #8104 );
#6202 = LINE( '', #8105, #8106 );
#6203 = LINE( '', #8107, #8108 );
#6204 = FILL_AREA_STYLE_COLOUR( '', #8109 );
#6205 = LINE( '', #8110, #8111 );
#6206 = FILL_AREA_STYLE_COLOUR( '', #8112 );
#6207 = FILL_AREA_STYLE_COLOUR( '', #8113 );
#6208 = VERTEX_POINT( '', #8114 );
#6209 = CIRCLE( '', #8115, 2.75000000000000 );
#6210 = VERTEX_POINT( '', #8116 );
#6211 = CIRCLE( '', #8117, 2.50000000000000 );
#6212 = FILL_AREA_STYLE_COLOUR( '', #8118 );
#6213 = VERTEX_POINT( '', #8119 );
#6214 = CIRCLE( '', #8120, 27.5000000000000 );
#6215 = VERTEX_POINT( '', #8121 );
#6216 = CIRCLE( '', #8122, 28.0000000000000 );
#6217 = FILL_AREA_STYLE_COLOUR( '', #8123 );
#6218 = VERTEX_POINT( '', #8124 );
#6219 = CIRCLE( '', #8125, 4.25000000000000 );
#6220 = VERTEX_POINT( '', #8126 );
#6221 = CIRCLE( '', #8127, 3.95000000000000 );
#6222 = FILL_AREA_STYLE_COLOUR( '', #8128 );
#6223 = LINE( '', #8129, #8130 );
#6224 = FILL_AREA_STYLE_COLOUR( '', #8131 );
#6225 = FILL_AREA_STYLE_COLOUR( '', #8132 );
#6226 = VERTEX_POINT( '', #8133 );
#6227 = CIRCLE( '', #8134, 27.0000000000000 );
#6228 = FILL_AREA_STYLE_COLOUR( '', #8135 );
#6229 = FILL_AREA_STYLE_COLOUR( '', #8136 );
#6230 = VERTEX_POINT( '', #8137 );
#6231 = CIRCLE( '', #8138, 2.00950000000000 );
#6232 = FILL_AREA_STYLE_COLOUR( '', #8139 );
#6233 = FILL_AREA_STYLE_COLOUR( '', #8140 );
#6234 = VERTEX_POINT( '', #8141 );
#6235 = CIRCLE( '', #8142, 2.50000000000000 );
#6236 = FILL_AREA_STYLE_COLOUR( '', #8143 );
#6237 = VERTEX_POINT( '', #8144 );
#6238 = LINE( '', #8145, #8146 );
#6239 = LINE( '', #8147, #8148 );
#6240 = FILL_AREA_STYLE_COLOUR( '', #8149 );
#6241 = VERTEX_POINT( '', #8150 );
#6242 = CIRCLE( '', #8151, 8.00000000000000 );
#6243 = VERTEX_POINT( '', #8152 );
#6244 = LINE( '', #8153, #8154 );
#6245 = LINE( '', #8155, #8156 );
#6246 = FILL_AREA_STYLE_COLOUR( '', #8157 );
#6247 = VERTEX_POINT( '', #8158 );
#6248 = CIRCLE( '', #8159, 2.25000000000000 );
#6249 = FILL_AREA_STYLE_COLOUR( '', #8160 );
#6250 = VERTEX_POINT( '', #8161 );
#6251 = LINE( '', #8162, #8163 );
#6252 = VERTEX_POINT( '', #8164 );
#6253 = LINE( '', #8165, #8166 );
#6254 = B_SPLINE_CURVE_WITH_KNOTS( '', 3, ( #8167, #8168, #8169, #8170 ), .UNSPECIFIED., .F., .F., ( 4, 4 ), ( 0.000000000000000, 0.000390393759229992 ), .UNSPECIFIED. );
#6255 = FILL_AREA_STYLE_COLOUR( '', #8171 );
#6256 = FILL_AREA_STYLE_COLOUR( '', #8172 );
#6257 = FILL_AREA_STYLE_COLOUR( '', #8173 );
#6258 = FILL_AREA_STYLE_COLOUR( '', #8174 );
#6259 = VERTEX_POINT( '', #8175 );
#6260 = LINE( '', #8176, #8177 );
#6261 = LINE( '', #8178, #8179 );
#6262 = FILL_AREA_STYLE_COLOUR( '', #8180 );
#6263 = VERTEX_POINT( '', #8181 );
#6264 = LINE( '', #8182, #8183 );
#6265 = VERTEX_POINT( '', #8184 );
#6266 = LINE( '', #8185, #8186 );
#6267 = CIRCLE( '', #8187, 28.0000000000000 );
#6268 = FILL_AREA_STYLE_COLOUR( '', #8188 );
#6269 = LINE( '', #8189, #8190 );
#6270 = FILL_AREA_STYLE_COLOUR( '', #8191 );
#6271 = VERTEX_POINT( '', #8192 );
#6272 = CIRCLE( '', #8193, 2.50000000000000 );
#6273 = VERTEX_POINT( '', #8194 );
#6274 = LINE( '', #8195, #8196 );
#6275 = VERTEX_POINT( '', #8197 );
#6276 = LINE( '', #8198, #8199 );
#6277 = VERTEX_POINT( '', #8200 );
#6278 = LINE( '', #8201, #8202 );
#6279 = LINE( '', #8203, #8204 );
#6280 = FILL_AREA_STYLE_COLOUR( '', #8205 );
#6281 = VERTEX_POINT( '', #8206 );
#6282 = CIRCLE( '', #8207, 28.0000000000000 );
#6283 = LINE( '', #8208, #8209 );
#6284 = FILL_AREA_STYLE_COLOUR( '', #8210 );
#6285 = VERTEX_POINT( '', #8211 );
#6286 = LINE( '', #8212, #8213 );
#6287 = LINE( '', #8214, #8215 );
#6288 = FILL_AREA_STYLE_COLOUR( '', #8216 );
#6289 = VERTEX_POINT( '', #8217 );
#6290 = CIRCLE( '', #8218, 2.50000000000000 );
#6291 = FILL_AREA_STYLE_COLOUR( '', #8219 );
#6292 = FILL_AREA_STYLE_COLOUR( '', #8220 );
#6293 = B_SPLINE_CURVE_WITH_KNOTS( '', 3, ( #8221, #8222, #8223, #8224, #8225, #8226, #8227, #8228, #8229, #8230 ), .UNSPECIFIED., .F., .F., ( 4, 2, 2, 2, 4 ), ( 0.000000000000000, 0.000204885130852867, 0.000409770261705735, 0.000614655392558602, 0.000819540523411469 ), .UNSPECIFIED. );
#6294 = B_SPLINE_CURVE_WITH_KNOTS( '', 3, ( #8231, #8232, #8233, #8234, #8235, #8236, #8237, #8238, #8239, #8240, #8241, #8242, #8243, #8244, #8245, #8246, #8247, #8248, #8249, #8250, #8251, #8252 ), .UNSPECIFIED., .F., .F., ( 4, 2, 2, 2, 2, 2, 2, 2, 2, 2, 4 ), ( 0.000000000000000, 0.000543432027440654, 0.000815148041160981, 0.000951006048021145, 0.00101893505145122, 0.00108686405488130, 0.00115479305831139, 0.00122272206174146, 0.00135858006860162, 0.00163029608232194, 0.00217372810976258 ), .UNSPECIFIED. );
#6295 = FILL_AREA_STYLE_COLOUR( '', #8253 );
#6296 = FILL_AREA_STYLE_COLOUR( '', #8254 );
#6297 = FILL_AREA_STYLE_COLOUR( '', #8255 );
#6298 = VERTEX_POINT( '', #8256 );
#6299 = LINE( '', #8257, #8258 );
#6300 = LINE( '', #8259, #8260 );
#6301 = FILL_AREA_STYLE_COLOUR( '', #8261 );
#6302 = VERTEX_POINT( '', #8262 );
#6303 = LINE( '', #8263, #8264 );
#6304 = CIRCLE( '', #8265, 28.0000000000000 );
#6305 = CIRCLE( '', #8266, 28.0000000000000 );
#6306 = LINE( '', #8267, #8268 );
#6307 = VERTEX_POINT( '', #8269 );
#6308 = B_SPLINE_CURVE_WITH_KNOTS( '', 3, ( #8270, #8271, #8272, #8273, #8274, #8275, #8276, #8277, #8278, #8279, #8280, #8281, #8282, #8283, #8284, #8285, #8286, #8287, #8288, #8289, #8290, #8291, #8292, #8293, #8294, #8295, #8296, #8297, #8298, #8299, #8300, #8301, #8302, #8303, #8304, #8305, #8306, #8307, #8308, #8309, #8310, #8311, #8312, #8313, #8314, #8315, #8316, #8317, #8318, #8319, #8320, #8321, #8322, #8323, #8324, #8325, #8326, #8327, #8328, #8329, #8330, #8331, #8332, #8333, #8334, #8335, #8336, #8337, #8338, #8339, #8340, #8341, #8342, #8343, #8344, #8345, #8346, #8347, #8348, #8349, #8350, #8351 ), .UNSPECIFIED., .T., .F., ( 2, 2, 2, 2, 2, 2, 2, 2, 2, 2, 2, 2, 2, 2, 2, 2, 2, 2, 2, 2, 2, 2, 2, 2, 2, 2, 2, 2, 2, 2, 2, 2, 2, 2, 2, 2, 2, 2, 2, 2, 2, 2, 2 ), ( -0.00116428928141831, 0.000000000000000, 0.00232857856283670, 0.00349286784425505, 0.00465715712567339, 0.00582144640709174, 0.00698573568851008, 0.00815002496992843, 0.00873216961063760, 0.00931431425134677, 0.00989645889205594, 0.0101875312124105, 0.0104786035327651, 0.0110607481734743, 0.0116428928141834, 0.0122250374548926, 0.0128071820956018, 0.0139714713770201, 0.0163000499398567, 0.0174643392212751, 0.0186286285026934, 0.0197929177841117, 0.0209572070655300, 0.0221214963469483, 0.0232857856283666, 0.0244500749097850, 0.0256143641912033, 0.0261965088319124, 0.0267786534726216, 0.0279429427540399, 0.0285250873947491, 0.0291072320354582, 0.0296893766761674, 0.0302715213168765, 0.0308536659575857, 0.0314358105982949, 0.0320179552390040, 0.0326000998797132, 0.0337643891611315, 0.0349286784425498, 0.0360929677239681, 0.0372572570053864, 0.0395858355682231 ), .UNSPECIFIED. );
#6309 = VERTEX_POINT( '', #8352 );
#6310 = B_SPLINE_CURVE_WITH_KNOTS( '', 3, ( #8353, #8354, #8355, #8356, #8357, #8358, #8359, #8360, #8361, #8362, #8363, #8364, #8365, #8366, #8367, #8368, #8369, #8370, #8371, #8372, #8373, #8374, #8375, #8376, #8377, #8378, #8379, #8380, #8381, #8382, #8383, #8384, #8385, #8386, #8387, #8388, #8389, #8390, #8391, #8392, #8393, #8394, #8395, #8396, #8397, #8398, #8399, #8400, #8401, #8402, #8403, #8404, #8405, #8406, #8407, #8408, #8409, #8410, #8411, #8412, #8413, #8414, #8415, #8416, #8417, #8418, #8419, #8420, #8421, #8422, #8423, #8424, #8425, #8426, #8427, #8428, #8429, #8430, #8431, #8432, #8433, #8434 ), .UNSPECIFIED., .T., .F., ( 2, 2, 2, 2, 2, 2, 2, 2, 2, 2, 2, 2, 2, 2, 2, 2, 2, 2, 2, 2, 2, 2, 2, 2, 2, 2, 2, 2, 2, 2, 2, 2, 2, 2, 2, 2, 2, 2, 2, 2, 2, 2, 2 ), ( -0.00116428928141832, 0.000000000000000, 0.00232857856283664, 0.00349286784425497, 0.00465715712567330, 0.00582144640709163, 0.00698573568850996, 0.00815002496992829, 0.00873216961063746, 0.00931431425134662, 0.00989645889205579, 0.0101875312124104, 0.0104786035327650, 0.0110607481734741, 0.0116428928141833, 0.0122250374548924, 0.0128071820956016, 0.0139714713770199, 0.0163000499398566, 0.0174643392212749, 0.0186286285026932, 0.0197929177841115, 0.0209572070655299, 0.0221214963469482, 0.0232857856283665, 0.0244500749097848, 0.0256143641912031, 0.0261965088319123, 0.0267786534726215, 0.0279429427540398, 0.0285250873947489, 0.0291072320354581, 0.0296893766761673, 0.0302715213168764, 0.0308536659575856, 0.0314358105982948, 0.0320179552390039, 0.0326000998797131, 0.0337643891611314, 0.0349286784425497, 0.0360929677239681, 0.0372572570053864, 0.0395858355682230 ), .UNSPECIFIED. );
#6311 = LINE( '', #8435, #8436 );
#6312 = LINE( '', #8437, #8438 );
#6313 = CIRCLE( '', #8439, 28.0000000000000 );
#6314 = VERTEX_POINT( '', #8440 );
#6315 = B_SPLINE_CURVE_WITH_KNOTS( '', 3, ( #8441, #8442, #8443, #8444, #8445, #8446, #8447, #8448, #8449, #8450 ), .UNSPECIFIED., .F., .F., ( 4, 2, 2, 2, 4 ), ( 0.000000000000000, 0.000533620172332101, 0.00106724034466420, 0.00160086051699630, 0.00213448068932840 ), .UNSPECIFIED. );
#6316 = VERTEX_POINT( '', #8451 );
#6317 = LINE( '', #8452, #8453 );
#6318 = CIRCLE( '', #8454, 28.0000000000000 );
#6319 = VERTEX_POINT( '', #8455 );
#6320 = CIRCLE( '', #8456, 28.0000000000000 );
#6321 = ELLIPSE( '', #8457, 46.0199677218000, 28.0000000000000 );
#6322 = LINE( '', #8458, #8459 );
#6323 = ELLIPSE( '', #8460, 46.0199677218000, 28.0000000000000 );
#6324 = ELLIPSE( '', #8461, 46.0199677218000, 28.0000000000000 );
#6325 = LINE( '', #8462, #8463 );
#6326 = FILL_AREA_STYLE_COLOUR( '', #8464 );
#6327 = VERTEX_POINT( '', #8465 );
#6328 = LINE( '', #8466, #8467 );
#6329 = VERTEX_POINT( '', #8468 );
#6330 = LINE( '', #8469, #8470 );
#6331 = LINE( '', #8471, #8472 );
#6332 = FILL_AREA_STYLE_COLOUR( '', #8473 );
#6333 = VERTEX_POINT( '', #8474 );
#6334 = LINE( '', #8475, #8476 );
#6335 = VERTEX_POINT( '', #8477 );
#6336 = CIRCLE( '', #8478, 12.0000000000000 );
#6337 = VERTEX_POINT( '', #8479 );
#6338 = LINE( '', #8480, #8481 );
#6339 = CIRCLE( '', #8482, 12.0000000000000 );
#6340 = CIRCLE( '', #8483, 12.0000000000000 );
#6341 = FILL_AREA_STYLE_COLOUR( '', #8484 );
#6342 = LINE( '', #8485, #8486 );
#6343 = FILL_AREA_STYLE_COLOUR( '', #8487 );
#6344 = VERTEX_POINT( '', #8488 );
#6345 = LINE( '', #8489, #8490 );
#6346 = VERTEX_POINT( '', #8491 );
#6347 = LINE( '', #8492, #8493 );
#6348 = LINE( '', #8494, #8495 );
#6349 = FILL_AREA_STYLE_COLOUR( '', #8496 );
#6350 = LINE( '', #8497, #8498 );
#6351 = FILL_AREA_STYLE_COLOUR( '', #8499 );
#6352 = VERTEX_POINT( '', #8500 );
#6353 = CIRCLE( '', #8501, 2.55000000000000 );
#6354 = FILL_AREA_STYLE_COLOUR( '', #8502 );
#6355 = VERTEX_POINT( '', #8503 );
#6356 = CIRCLE( '', #8504, 2.50000000000000 );
#6357 = FILL_AREA_STYLE_COLOUR( '', #8505 );
#6358 = LINE( '', #8506, #8507 );
#6359 = FILL_AREA_STYLE_COLOUR( '', #8508 );
#6360 = LINE( '', #8509, #8510 );
#6361 = FILL_AREA_STYLE_COLOUR( '', #8511 );
#6362 = FILL_AREA_STYLE_COLOUR( '', #8512 );
#6363 = VERTEX_POINT( '', #8513 );
#6364 = CIRCLE( '', #8514, 0.240000000000000 );
#6365 = LINE( '', #8515, #8516 );
#6366 = FILL_AREA_STYLE_COLOUR( '', #8517 );
#6367 = FILL_AREA_STYLE_COLOUR( '', #8518 );
#6368 = LINE( '', #8519, #8520 );
#6369 = CIRCLE( '', #8521, 8.00000000000000 );
#6370 = FILL_AREA_STYLE_COLOUR( '', #8522 );
#6371 = VERTEX_POINT( '', #8523 );
#6372 = CIRCLE( '', #8524, 2.75000000000000 );
#6373 = FILL_AREA_STYLE_COLOUR( '', #8525 );
#6374 = LINE( '', #8526, #8527 );
#6375 = FILL_AREA_STYLE_COLOUR( '', #8528 );
#6376 = LINE( '', #8529, #8530 );
#6377 = FILL_AREA_STYLE_COLOUR( '', #8531 );
#6378 = CIRCLE( '', #8532, 0.270000000000000 );
#6379 = FILL_AREA_STYLE_COLOUR( '', #8533 );
#6380 = LINE( '', #8534, #8535 );
#6381 = FILL_AREA_STYLE_COLOUR( '', #8536 );
#6382 = LINE( '', #8537, #8538 );
#6383 = LINE( '', #8539, #8540 );
#6384 = LINE( '', #8541, #8542 );
#6385 = FILL_AREA_STYLE_COLOUR( '', #8543 );
#6386 = FILL_AREA_STYLE_COLOUR( '', #8544 );
#6387 = LINE( '', #8545, #8546 );
#6388 = FILL_AREA_STYLE_COLOUR( '', #8547 );
#6389 = LINE( '', #8548, #8549 );
#6390 = FILL_AREA_STYLE_COLOUR( '', #8550 );
#6391 = FILL_AREA_STYLE_COLOUR( '', #8551 );
#6392 = LINE( '', #8552, #8553 );
#6393 = FILL_AREA_STYLE_COLOUR( '', #8554 );
#6394 = FILL_AREA_STYLE_COLOUR( '', #8555 );
#6395 = FILL_AREA_STYLE_COLOUR( '', #8556 );
#6396 = FILL_AREA_STYLE_COLOUR( '', #8557 );
#6397 = LINE( '', #8558, #8559 );
#6398 = FILL_AREA_STYLE_COLOUR( '', #8560 );
#6399 = FILL_AREA_STYLE_COLOUR( '', #8561 );
#6400 = LINE( '', #8562, #8563 );
#6401 = FILL_AREA_STYLE_COLOUR( '', #8564 );
#6402 = B_SPLINE_CURVE_WITH_KNOTS( '', 3, ( #8565, #8566, #8567, #8568, #8569, #8570, #8571, #8572, #8573, #8574 ), .UNSPECIFIED., .F., .F., ( 4, 2, 2, 2, 4 ), ( 0.00135606505330930, 0.00174703128238604, 0.00213799751146277, 0.00252896374053950, 0.00291992996961624 ), .UNSPECIFIED. );
#6403 = FILL_AREA_STYLE_COLOUR( '', #8575 );
#6404 = VERTEX_POINT( '', #8576 );
#6405 = LINE( '', #8577, #8578 );
#6406 = LINE( '', #8579, #8580 );
#6407 = FILL_AREA_STYLE_COLOUR( '', #8581 );
#6408 = VERTEX_POINT( '', #8582 );
#6409 = CIRCLE( '', #8583, 28.0000000000000 );
#6410 = FILL_AREA_STYLE_COLOUR( '', #8584 );
#6411 = LINE( '', #8585, #8586 );
#6412 = FILL_AREA_STYLE_COLOUR( '', #8587 );
#6413 = LINE( '', #8588, #8589 );
#6414 = FILL_AREA_STYLE_COLOUR( '', #8590 );
#6415 = FILL_AREA_STYLE_COLOUR( '', #8591 );
#6416 = FILL_AREA_STYLE_COLOUR( '', #8592 );
#6417 = LINE( '', #8593, #8594 );
#6418 = FILL_AREA_STYLE_COLOUR( '', #8595 );
#6419 = FILL_AREA_STYLE_COLOUR( '', #8596 );
#6420 = CIRCLE( '', #8597, 0.840000000000000 );
#6421 = FILL_AREA_STYLE_COLOUR( '', #8598 );
#6422 = FILL_AREA_STYLE_COLOUR( '', #8599 );
#6423 = FILL_AREA_STYLE_COLOUR( '', #8600 );
#6424 = LINE( '', #8601, #8602 );
#6425 = FILL_AREA_STYLE_COLOUR( '', #8603 );
#6426 = FILL_AREA_STYLE_COLOUR( '', #8604 );
#6427 = VERTEX_POINT( '', #8605 );
#6428 = CIRCLE( '', #8606, 2.50000000000000 );
#6429 = FILL_AREA_STYLE_COLOUR( '', #8607 );
#6430 = FILL_AREA_STYLE_COLOUR( '', #8608 );
#6431 = FILL_AREA_STYLE_COLOUR( '', #8609 );
#6432 = FILL_AREA_STYLE_COLOUR( '', #8610 );
#6433 = VERTEX_POINT( '', #8611 );
#6434 = LINE( '', #8612, #8613 );
#6435 = LINE( '', #8614, #8615 );
#6436 = FILL_AREA_STYLE_COLOUR( '', #8616 );
#6437 = LINE( '', #8617, #8618 );
#6438 = FILL_AREA_STYLE_COLOUR( '', #8619 );
#6439 = FILL_AREA_STYLE_COLOUR( '', #8620 );
#6440 = FILL_AREA_STYLE_COLOUR( '', #8621 );
#6441 = FILL_AREA_STYLE_COLOUR( '', #8622 );
#6442 = FILL_AREA_STYLE_COLOUR( '', #8623 );
#6443 = FILL_AREA_STYLE_COLOUR( '', #8624 );
#6444 = B_SPLINE_CURVE_WITH_KNOTS( '', 3, ( #8625, #8626, #8627, #8628, #8629, #8630, #8631, #8632, #8633, #8634 ), .UNSPECIFIED., .F., .F., ( 4, 2, 2, 2, 4 ), ( 0.00560986585845818, 0.00600043836722656, 0.00639101087599494, 0.00678158338476332, 0.00717215589353170 ), .UNSPECIFIED. );
#6445 = FILL_AREA_STYLE_COLOUR( '', #8635 );
#6446 = FILL_AREA_STYLE_COLOUR( '', #8636 );
#6447 = FILL_AREA_STYLE_COLOUR( '', #8637 );
#6448 = FILL_AREA_STYLE_COLOUR( '', #8638 );
#6449 = FILL_AREA_STYLE_COLOUR( '', #8639 );
#6450 = VERTEX_POINT( '', #8640 );
#6451 = CIRCLE( '', #8641, 2.75000000000000 );
#6452 = FILL_AREA_STYLE_COLOUR( '', #8642 );
#6453 = VERTEX_POINT( '', #8643 );
#6454 = CIRCLE( '', #8644, 4.25000000000000 );
#6455 = FILL_AREA_STYLE_COLOUR( '', #8645 );
#6456 = LINE( '', #8646, #8647 );
#6457 = FILL_AREA_STYLE_COLOUR( '', #8648 );
#6458 = FILL_AREA_STYLE_COLOUR( '', #8649 );
#6459 = FILL_AREA_STYLE_COLOUR( '', #8650 );
#6460 = LINE( '', #8651, #8652 );
#6461 = FILL_AREA_STYLE_COLOUR( '', #8653 );
#6462 = FILL_AREA_STYLE_COLOUR( '', #8654 );
#6463 = FILL_AREA_STYLE_COLOUR( '', #8655 );
#6464 = FILL_AREA_STYLE_COLOUR( '', #8656 );
#6465 = FILL_AREA_STYLE_COLOUR( '', #8657 );
#6466 = FILL_AREA_STYLE_COLOUR( '', #8658 );
#6467 = FILL_AREA_STYLE_COLOUR( '', #8659 );
#6468 = FILL_AREA_STYLE_COLOUR( '', #8660 );
#6469 = FILL_AREA_STYLE_COLOUR( '', #8661 );
#6470 = FILL_AREA_STYLE_COLOUR( '', #8662 );
#6471 = FILL_AREA_STYLE_COLOUR( '', #8663 );
#6472 = FILL_AREA_STYLE_COLOUR( '', #8664 );
#6473 = FILL_AREA_STYLE_COLOUR( '', #8665 );
#6474 = FILL_AREA_STYLE_COLOUR( '', #8666 );
#6475 = FILL_AREA_STYLE_COLOUR( '', #8667 );
#6476 = FILL_AREA_STYLE_COLOUR( '', #8668 );
#6477 = COLOUR_RGB( '', 0.752941191200000, 0.752941191200000, 0.752941191200000 );
#6478 = CARTESIAN_POINT( '', ( -11.1042640687119, 0.604264068711928, 27.4000000000000 ) );
#6479 = CARTESIAN_POINT( '', ( -11.1042640687119, 0.604264068711928, 27.9934789716331 ) );
#6480 = CARTESIAN_POINT( '', ( -11.1042640687119, 0.604264068711928, 27.4000000000000 ) );
#6481 = VECTOR( '', #8669, 1000.00000000000 );
#6482 = CARTESIAN_POINT( '', ( -9.72000000000000, -0.779999999999999, 27.4000000000000 ) );
#6483 = CARTESIAN_POINT( '', ( -9.72000000000000, -0.780000000000000, 27.4000000000000 ) );
#6484 = VECTOR( '', #8670, 1000.00000000000 );
#6485 = CARTESIAN_POINT( '', ( -9.72000000000000, -0.779999999999999, 27.9891336057406 ) );
#6486 = CARTESIAN_POINT( '', ( -9.72000000000000, -0.779999999999999, 27.4000000000000 ) );
#6487 = VECTOR( '', #8671, 1000.00000000000 );
#6488 = AXIS2_PLACEMENT_3D( '', #8672, #8673, #8674 );
#6489 = COLOUR_RGB( '', 0.752941191200000, 0.752941191200000, 0.752941191200000 );
#6490 = CARTESIAN_POINT( '', ( -0.200000000000000, -0.649519052838329, 20.1250000000000 ) );
#6491 = CARTESIAN_POINT( '', ( -0.200000000000000, 0.649519052838328, 20.1250000000000 ) );
#6492 = CARTESIAN_POINT( '', ( -0.200000000000000, 0.000000000000000, 20.1250000000000 ) );
#6493 = VECTOR( '', #8675, 1000.00000000000 );
#6494 = CARTESIAN_POINT( '', ( -1.25000000000000, 0.649519052838329, 20.1250000000000 ) );
#6495 = CARTESIAN_POINT( '', ( -1.25000000000000, 0.649519052838329, 20.1250000000000 ) );
#6496 = VECTOR( '', #8676, 1000.00000000000 );
#6497 = CARTESIAN_POINT( '', ( -1.25000000000000, -0.649519052838329, 20.1250000000000 ) );
#6498 = CARTESIAN_POINT( '', ( -1.25000000000000, -0.649519052838329, 20.1250000000000 ) );
#6499 = VECTOR( '', #8677, 1000.00000000000 );
#6500 = CARTESIAN_POINT( '', ( -1.25000000000000, -0.649519052838329, 20.1250000000000 ) );
#6501 = VECTOR( '', #8678, 1000.00000000000 );
#6502 = COLOUR_RGB( '', 0.752941191200000, 0.752941191200000, 0.752941191200000 );
#6503 = CARTESIAN_POINT( '', ( 0.600000000000000, 0.000000000000000, 16.2500000000000 ) );
#6504 = AXIS2_PLACEMENT_3D( '', #8679, #8680, #8681 );
#6505 = CARTESIAN_POINT( '', ( -0.600000000000000, 0.000000000000000, 16.2500000000000 ) );
#6506 = AXIS2_PLACEMENT_3D( '', #8682, #8683, #8684 );
#6507 = COLOUR_RGB( '', 0.752941191200000, 0.752941191200000, 0.752941191200000 );
#6508 = CARTESIAN_POINT( '', ( 8.00000000000000, -22.4047005383793, -8.00000000000000 ) );
#6509 = CARTESIAN_POINT( '', ( 8.00000000000000, -20.0952994616207, -8.00000000000000 ) );
#6510 = CARTESIAN_POINT( '', ( 8.00000000000000, -22.4047005383793, -8.00000000000000 ) );
#6511 = VECTOR( '', #8685, 1000.00000000000 );
#6512 = CARTESIAN_POINT( '', ( 8.00000000000000, -22.4047005383793, -6.38750000000000 ) );
#6513 = CARTESIAN_POINT( '', ( 8.00000000000000, -22.4047005383793, -6.38750000000000 ) );
#6514 = VECTOR( '', #8686, 1000.00000000000 );
#6515 = CARTESIAN_POINT( '', ( 8.00000000000000, -20.0952994616207, -6.38750000000000 ) );
#6516 = CARTESIAN_POINT( '', ( 8.00000000000000, -22.4047005383793, -6.38750000000000 ) );
#6517 = VECTOR( '', #8687, 1000.00000000000 );
#6518 = CARTESIAN_POINT( '', ( 8.00000000000000, -20.0952994616207, -6.38750000000000 ) );
#6519 = VECTOR( '', #8688, 1000.00000000000 );
#6520 = COLOUR_RGB( '', 0.752941191200000, 0.752941191200000, 0.752941191200000 );
#6521 = CARTESIAN_POINT( '', ( 1.25000000000000, -0.649519052838329, -20.1250000000000 ) );
#6522 = CARTESIAN_POINT( '', ( 0.200000000000000, -0.649519052838329, -20.1250000000000 ) );
#6523 = CARTESIAN_POINT( '', ( 1.25000000000000, -0.649519052838329, -20.1250000000000 ) );
#6524 = VECTOR( '', #8689, 1000.00000000000 );
#6525 = CARTESIAN_POINT( '', ( 1.25000000000000, -1.29903810567666, -21.2500000000000 ) );
#6526 = CARTESIAN_POINT( '', ( 1.25000000000000, -0.649519052838329, -20.1250000000000 ) );
#6527 = VECTOR( '', #8690, 1000.00000000000 );
#6528 = CARTESIAN_POINT( '', ( 0.200000000000000, -1.29903810567666, -21.2500000000000 ) );
#6529 = CARTESIAN_POINT( '', ( 1.25000000000000, -1.29903810567666, -21.2500000000000 ) );
#6530 = VECTOR( '', #8691, 1000.00000000000 );
#6531 = CARTESIAN_POINT( '', ( 0.200000000000000, -0.411778579257495, -19.7132214207425 ) );
#6532 = VECTOR( '', #8692, 1000.00000000000 );
#6533 = COLOUR_RGB( '', 0.752941191200000, 0.752941191200000, 0.752941191200000 );
#6534 = CARTESIAN_POINT( '', ( 14.0000000000000, 0.000000000000000, 8.00000000000000 ) );
#6535 = AXIS2_PLACEMENT_3D( '', #8693, #8694, #8695 );
#6536 = CARTESIAN_POINT( '', ( 14.0000000000000, -11.5000000000000, 25.5293948224395 ) );
#6537 = CARTESIAN_POINT( '', ( 14.0000000000000, -11.5000000000000, -25.5293948224395 ) );
#6538 = AXIS2_PLACEMENT_3D( '', #8696, #8697, #8698 );
#6539 = CARTESIAN_POINT( '', ( 14.0000000000000, -11.5000000000000, 28.0000000000000 ) );
#6540 = VECTOR( '', #8699, 1000.00000000000 );
#6541 = COLOUR_RGB( '', 0.752941191200000, 0.752941191200000, 0.752941191200000 );
#6542 = CARTESIAN_POINT( '', ( 3.25000000000000, -21.2500000000000, -3.00000000000000 ) );
#6543 = AXIS2_PLACEMENT_3D( '', #8700, #8701, #8702 );
#6544 = CARTESIAN_POINT( '', ( 3.50000000000000, -21.2500000000000, -3.00000000000000 ) );
#6545 = AXIS2_PLACEMENT_3D( '', #8703, #8704, #8705 );
#6546 = COLOUR_RGB( '', 0.752941191200000, 0.752941191200000, 0.752941191200000 );
#6547 = CARTESIAN_POINT( '', ( -10.5000000000000, 21.2500000000000, -3.50000000000000 ) );
#6548 = AXIS2_PLACEMENT_3D( '', #8706, #8707, #8708 );
#6549 = CARTESIAN_POINT( '', ( -10.2500000000000, 21.2500000000000, -3.50000000000000 ) );
#6550 = AXIS2_PLACEMENT_3D( '', #8709, #8710, #8711 );
#6551 = COLOUR_RGB( '', 0.752941191200000, 0.752941191200000, 0.752941191200000 );
#6552 = CARTESIAN_POINT( '', ( -10.2000000000000, -21.5000000000000, -5.25000000000000 ) );
#6553 = AXIS2_PLACEMENT_3D( '', #8712, #8713, #8714 );
#6554 = COLOUR_RGB( '', 0.752941191200000, 0.752941191200000, 0.752941191200000 );
#6555 = CARTESIAN_POINT( '', ( -8.50000000000000, -21.2500000000000, 0.999999999999997 ) );
#6556 = AXIS2_PLACEMENT_3D( '', #8715, #8716, #8717 );
#6557 = CARTESIAN_POINT( '', ( -8.75000000000000, -21.2500000000000, 0.999999999999997 ) );
#6558 = AXIS2_PLACEMENT_3D( '', #8718, #8719, #8720 );
#6559 = COLOUR_RGB( '', 0.752941191200000, 0.752941191200000, 0.752941191200000 );
#6560 = CARTESIAN_POINT( '', ( -8.38000000000000, 0.780000000000000, 27.4000000000000 ) );
#6561 = CARTESIAN_POINT( '', ( -8.38000000000000, 0.780000000000000, 27.9891336057406 ) );
#6562 = CARTESIAN_POINT( '', ( -8.38000000000000, 0.780000000000000, 27.4000000000000 ) );
#6563 = VECTOR( '', #8721, 1000.00000000000 );
#6564 = CARTESIAN_POINT( '', ( -7.00000000000000, 0.780000000000001, 27.4000000000000 ) );
#6565 = CARTESIAN_POINT( '', ( -7.00000000000000, 0.780000000000000, 27.4000000000000 ) );
#6566 = VECTOR( '', #8722, 1000.00000000000 );
#6567 = CARTESIAN_POINT( '', ( -7.00000000000000, 0.780000000000000, 27.9891336057406 ) );
#6568 = CARTESIAN_POINT( '', ( -7.00000000000000, 0.780000000000001, 27.4000000000000 ) );
#6569 = VECTOR( '', #8723, 1000.00000000000 );
#6570 = CARTESIAN_POINT( '', ( 0.000000000000000, 0.780000000000000, 27.9891336057406 ) );
#6571 = VECTOR( '', #8724, 1000.00000000000 );
#6572 = COLOUR_RGB( '', 0.752941191200000, 0.752941191200000, 0.752941191200000 );
#6573 = CARTESIAN_POINT( '', ( 6.00000000000000, -18.9405989232415, -8.00000000000000 ) );
#6574 = CARTESIAN_POINT( '', ( 4.00000000000000, -20.0952994616207, -8.00000000000000 ) );
#6575 = CARTESIAN_POINT( '', ( 6.00000000000000, -18.9405989232415, -8.00000000000000 ) );
#6576 = VECTOR( '', #8725, 1000.00000000000 );
#6577 = CARTESIAN_POINT( '', ( 4.00000000000000, -22.4047005383793, -8.00000000000000 ) );
#6578 = CARTESIAN_POINT( '', ( 4.00000000000000, -21.2500000000000, -8.00000000000000 ) );
#6579 = VECTOR( '', #8726, 1000.00000000000 );
#6580 = CARTESIAN_POINT( '', ( 6.00000000000000, -23.5594010767585, -8.00000000000000 ) );
#6581 = CARTESIAN_POINT( '', ( 4.00000000000000, -22.4047005383793, -8.00000000000000 ) );
#6582 = VECTOR( '', #8727, 1000.00000000000 );
#6583 = CARTESIAN_POINT( '', ( 6.00000000000000, -23.5594010767585, -8.00000000000000 ) );
#6584 = VECTOR( '', #8728, 1000.00000000000 );
#6585 = CARTESIAN_POINT( '', ( 8.00000000000000, -20.0952994616207, -8.00000000000000 ) );
#6586 = VECTOR( '', #8729, 1000.00000000000 );
#6587 = CARTESIAN_POINT( '', ( 2.04999999999999, -21.2500000000000, -8.00000000000000 ) );
#6588 = AXIS2_PLACEMENT_3D( '', #8730, #8731, #8732 );
#6589 = COLOUR_RGB( '', 0.752941191200000, 0.752941191200000, 0.752941191200000 );
#6590 = CARTESIAN_POINT( '', ( -3.37646653018596, -1.98000000000000, 27.4000000000000 ) );
#6591 = CARTESIAN_POINT( '', ( -3.37646653018596, -1.98000000000000, 27.9299051197816 ) );
#6592 = CARTESIAN_POINT( '', ( -3.37646653018596, -1.98000000000000, 27.4000000000000 ) );
#6593 = VECTOR( '', #8733, 1000.00000000000 );
#6594 = CARTESIAN_POINT( '', ( -3.74152545638024, -1.85616381677515, 27.4000000000000 ) );
#6595 = AXIS2_PLACEMENT_3D( '', #8734, #8735, #8736 );
#6596 = CARTESIAN_POINT( '', ( -3.74152545638024, -1.85616381677515, 27.9384082561139 ) );
#6597 = CARTESIAN_POINT( '', ( -3.74152545638024, -1.85616381677515, 27.4000000000000 ) );
#6598 = VECTOR( '', #8737, 1000.00000000000 );
#6599 = CARTESIAN_POINT( '', ( -3.37646653018596, -1.98000000000000, 27.9299051197816 ) );
#6600 = CARTESIAN_POINT( '', ( -3.50851060143208, -1.98000000000000, 27.9299051197816 ) );
#6601 = CARTESIAN_POINT( '', ( -3.63682290564335, -1.93643577234010, 27.9330751713492 ) );
#6602 = CARTESIAN_POINT( '', ( -3.74152545638024, -1.85616381677515, 27.9384082561139 ) );
#6603 = COLOUR_RGB( '', 0.752941191200000, 0.752941191200000, 0.752941191200000 );
#6604 = CARTESIAN_POINT( '', ( 8.50000000000000, 21.2500000000000, 0.999999999999997 ) );
#6605 = AXIS2_PLACEMENT_3D( '', #8738, #8739, #8740 );
#6606 = CARTESIAN_POINT( '', ( 3.50000000000000, 21.2500000000000, 3.00000000000000 ) );
#6607 = AXIS2_PLACEMENT_3D( '', #8741, #8742, #8743 );
#6608 = COLOUR_RGB( '', 0.752941191200000, 0.752941191200000, 0.752941191200000 );
#6609 = CARTESIAN_POINT( '', ( 8.75000000000000, 21.2500000000000, 1.00000000000000 ) );
#6610 = AXIS2_PLACEMENT_3D( '', #8744, #8745, #8746 );
#6611 = COLOUR_RGB( '', 0.752941191200000, 0.752941191200000, 0.752941191200000 );
#6612 = CARTESIAN_POINT( '', ( 3.50000000000000, -21.2500000000000, 13.0095000000000 ) );
#6613 = AXIS2_PLACEMENT_3D( '', #8747, #8748, #8749 );
#6614 = CARTESIAN_POINT( '', ( 3.99049999999998, -21.2500000000000, 13.5000000000000 ) );
#6615 = AXIS2_PLACEMENT_3D( '', #8750, #8751, #8752 );
#6616 = COLOUR_RGB( '', 0.752941191200000, 0.752941191200000, 0.752941191200000 );
#6617 = CARTESIAN_POINT( '', ( -9.12000000000000, 0.780000000000001, 27.4000000000000 ) );
#6618 = CARTESIAN_POINT( '', ( -9.12000000000000, 0.780000000000001, 27.9891336057406 ) );
#6619 = CARTESIAN_POINT( '', ( -9.12000000000000, 0.780000000000001, 27.4000000000000 ) );
#6620 = VECTOR( '', #8753, 1000.00000000000 );
#6621 = CARTESIAN_POINT( '', ( -9.12000000000000, -1.98000000000000, 27.4000000000000 ) );
#6622 = CARTESIAN_POINT( '', ( -9.12000000000000, -1.98000000000000, 27.4000000000000 ) );
#6623 = VECTOR( '', #8754, 1000.00000000000 );
#6624 = CARTESIAN_POINT( '', ( -9.12000000000000, -1.98000000000000, 27.9299051197816 ) );
#6625 = CARTESIAN_POINT( '', ( -9.12000000000000, -1.98000000000000, 27.4000000000000 ) );
#6626 = VECTOR( '', #8755, 1000.00000000000 );
#6627 = AXIS2_PLACEMENT_3D( '', #8756, #8757, #8758 );
#6628 = COLOUR_RGB( '', 0.752941191200000, 0.752941191200000, 0.752941191200000 );
#6629 = CARTESIAN_POINT( '', ( 0.200000000000000, 0.649519052838329, 20.1250000000000 ) );
#6630 = CARTESIAN_POINT( '', ( 0.200000000000000, 1.29903810567666, 21.2500000000000 ) );
#6631 = CARTESIAN_POINT( '', ( 0.200000000000000, 1.53677857925749, 21.6617785792575 ) );
#6632 = VECTOR( '', #8759, 1000.00000000000 );
#6633 = CARTESIAN_POINT( '', ( 0.200000000000000, 0.649519052838328, 22.3750000000000 ) );
#6634 = CARTESIAN_POINT( '', ( 0.200000000000000, 1.53677857925749, 20.8382214207425 ) );
#6635 = VECTOR( '', #8760, 1000.00000000000 );
#6636 = CARTESIAN_POINT( '', ( 0.200000000000000, -0.649519052838329, 22.3750000000000 ) );
#6637 = CARTESIAN_POINT( '', ( 0.200000000000000, 2.25000000000000, 22.3750000000000 ) );
#6638 = VECTOR( '', #8761, 1000.00000000000 );
#6639 = CARTESIAN_POINT( '', ( 0.200000000000000, -1.29903810567666, 21.2500000000000 ) );
#6640 = CARTESIAN_POINT( '', ( 0.200000000000000, -0.411778579257491, 22.7867785792575 ) );
#6641 = VECTOR( '', #8762, 1000.00000000000 );
#6642 = CARTESIAN_POINT( '', ( 0.200000000000000, -0.649519052838329, 20.1250000000000 ) );
#6643 = CARTESIAN_POINT( '', ( 0.200000000000000, -0.411778579257495, 19.7132214207425 ) );
#6644 = VECTOR( '', #8763, 1000.00000000000 );
#6645 = CARTESIAN_POINT( '', ( 0.200000000000000, 2.25000000000000, 20.1250000000000 ) );
#6646 = VECTOR( '', #8764, 1000.00000000000 );
#6647 = CARTESIAN_POINT( '', ( 0.200000000000000, 0.000000000000000, 19.0000000000000 ) );
#6648 = AXIS2_PLACEMENT_3D( '', #8765, #8766, #8767 );
#6649 = COLOUR_RGB( '', 0.752941191200000, 0.752941191200000, 0.752941191200000 );
#6650 = CARTESIAN_POINT( '', ( -1.25000000000000, 1.29903810567666, -21.2500000000000 ) );
#6651 = CARTESIAN_POINT( '', ( -1.25000000000000, 0.649519052838329, -20.1250000000000 ) );
#6652 = CARTESIAN_POINT( '', ( -1.25000000000000, 1.29903810567666, -21.2500000000000 ) );
#6653 = VECTOR( '', #8768, 1000.00000000000 );
#6654 = CARTESIAN_POINT( '', ( -1.25000000000000, -0.649519052838329, -20.1250000000000 ) );
#6655 = CARTESIAN_POINT( '', ( -1.25000000000000, 0.649519052838329, -20.1250000000000 ) );
#6656 = VECTOR( '', #8769, 1000.00000000000 );
#6657 = CARTESIAN_POINT( '', ( -1.25000000000000, -1.29903810567666, -21.2500000000000 ) );
#6658 = CARTESIAN_POINT( '', ( -1.25000000000000, -0.649519052838329, -20.1250000000000 ) );
#6659 = VECTOR( '', #8770, 1000.00000000000 );
#6660 = CARTESIAN_POINT( '', ( -1.25000000000000, -0.649519052838329, -22.3750000000000 ) );
#6661 = CARTESIAN_POINT( '', ( -1.25000000000000, -1.29903810567666, -21.2500000000000 ) );
#6662 = VECTOR( '', #8771, 1000.00000000000 );
#6663 = CARTESIAN_POINT( '', ( -1.25000000000000, 0.649519052838329, -22.3750000000000 ) );
#6664 = CARTESIAN_POINT( '', ( -1.25000000000000, -0.649519052838329, -22.3750000000000 ) );
#6665 = VECTOR( '', #8772, 1000.00000000000 );
#6666 = CARTESIAN_POINT( '', ( -1.25000000000000, 0.649519052838329, -22.3750000000000 ) );
#6667 = VECTOR( '', #8773, 1000.00000000000 );
#6668 = COLOUR_RGB( '', 0.752941191200000, 0.752941191200000, 0.752941191200000 );
#6669 = CARTESIAN_POINT( '', ( -8.00000000000000, -22.4047005383793, 8.00000000000000 ) );
#6670 = CARTESIAN_POINT( '', ( -6.00000000000000, -23.5594010767585, 8.00000000000000 ) );
#6671 = CARTESIAN_POINT( '', ( -8.00000000000000, -22.4047005383793, 8.00000000000000 ) );
#6672 = VECTOR( '', #8774, 1000.00000000000 );
#6673 = CARTESIAN_POINT( '', ( -6.00000000000000, -23.5594010767585, 6.38750000000000 ) );
#6674 = CARTESIAN_POINT( '', ( -6.00000000000000, -23.5594010767585, 6.38750000000000 ) );
#6675 = VECTOR( '', #8775, 1000.00000000000 );
#6676 = CARTESIAN_POINT( '', ( -8.00000000000000, -22.4047005383793, 6.38750000000000 ) );
#6677 = CARTESIAN_POINT( '', ( -8.00000000000000, -22.4047005383793, 6.38750000000000 ) );
#6678 = VECTOR( '', #8776, 1000.00000000000 );
#6679 = CARTESIAN_POINT( '', ( -8.00000000000000, -22.4047005383793, 6.38750000000000 ) );
#6680 = VECTOR( '', #8777, 1000.00000000000 );
#6681 = COLOUR_RGB( '', 0.752941191200000, 0.752941191200000, 0.752941191200000 );
#6682 = CARTESIAN_POINT( '', ( -0.200000000000000, 0.649519052838329, -20.1250000000000 ) );
#6683 = CARTESIAN_POINT( '', ( -0.200000000000000, -0.649519052838329, -20.1250000000000 ) );
#6684 = CARTESIAN_POINT( '', ( -0.200000000000000, 0.000000000000000, -20.1250000000000 ) );
#6685 = VECTOR( '', #8778, 1000.00000000000 );
#6686 = CARTESIAN_POINT( '', ( -1.25000000000000, -0.649519052838329, -20.1250000000000 ) );
#6687 = VECTOR( '', #8779, 1000.00000000000 );
#6688 = CARTESIAN_POINT( '', ( -1.25000000000000, 0.649519052838329, -20.1250000000000 ) );
#6689 = VECTOR( '', #8780, 1000.00000000000 );
#6690 = COLOUR_RGB( '', 0.752941191200000, 0.752941191200000, 0.752941191200000 );
#6691 = CARTESIAN_POINT( '', ( -4.17739130434783, -0.600000000000000, 27.4000000000000 ) );
#6692 = CARTESIAN_POINT( '', ( -4.17739130434783, -0.600000000000000, 27.9935706904282 ) );
#6693 = CARTESIAN_POINT( '', ( -4.17739130434783, -0.600000000000000, 27.4000000000000 ) );
#6694 = VECTOR( '', #8781, 1000.00000000000 );
#6695 = CARTESIAN_POINT( '', ( -3.16000000000000, -1.38000000000000, 27.4000000000000 ) );
#6696 = CARTESIAN_POINT( '', ( -3.16000000000000, -1.38000000000000, 27.4000000000000 ) );
#6697 = VECTOR( '', #8782, 1000.00000000000 );
#6698 = CARTESIAN_POINT( '', ( -3.16000000000000, -1.38000000000000, 27.9659721804911 ) );
#6699 = CARTESIAN_POINT( '', ( -3.16000000000000, -1.38000000000000, 27.4000000000000 ) );
#6700 = VECTOR( '', #8783, 1000.00000000000 );
#6701 = AXIS2_PLACEMENT_3D( '', #8784, #8785, #8786 );
#6702 = COLOUR_RGB( '', 0.752941191200000, 0.752941191200000, 0.752941191200000 );
#6703 = CARTESIAN_POINT( '', ( -14.0000000000000, 24.0500000000000, -14.3386714865778 ) );
#6704 = CARTESIAN_POINT( '', ( -14.0000000000000, 24.0500000000000, 14.3386714865778 ) );
#6705 = AXIS2_PLACEMENT_3D( '', #8787, #8788, #8789 );
#6706 = CARTESIAN_POINT( '', ( -14.0000000000000, 24.0500000000000, 28.0000000000000 ) );
#6707 = VECTOR( '', #8790, 1000.00000000000 );
#6708 = COLOUR_RGB( '', 0.752941191200000, 0.752941191200000, 0.752941191200000 );
#6709 = CARTESIAN_POINT( '', ( 0.000000000000000, 0.000000000000000, -24.2500000000000 ) );
#6710 = AXIS2_PLACEMENT_3D( '', #8791, #8792, #8793 );
#6711 = CARTESIAN_POINT( '', ( 0.000000000000000, -26.9953699733862, -0.500000000000000 ) );
#6712 = CARTESIAN_POINT( '', ( 0.000000000000000, 26.9953699733862, -0.500000000000000 ) );
#6713 = AXIS2_PLACEMENT_3D( '', #8794, #8795, #8796 );
#6714 = CARTESIAN_POINT( '', ( 0.000000000000000, 11.9895788082818, -0.500000000000000 ) );
#6715 = CARTESIAN_POINT( '', ( 0.000000000000000, -28.0000000000000, -0.500000000000000 ) );
#6716 = VECTOR( '', #8797, 1000.00000000000 );
#6717 = CARTESIAN_POINT( '', ( 0.000000000000000, -11.9895788082818, -0.500000000000000 ) );
#6718 = AXIS2_PLACEMENT_3D( '', #8798, #8799, #8800 );
#6719 = CARTESIAN_POINT( '', ( 0.000000000000000, -28.0000000000000, -0.500000000000000 ) );
#6720 = VECTOR( '', #8801, 1000.00000000000 );
#6721 = COLOUR_RGB( '', 0.752941191200000, 0.752941191200000, 0.752941191200000 );
#6722 = CARTESIAN_POINT( '', ( 4.00000000000000, -20.0952994616207, -6.38750000000000 ) );
#6723 = CARTESIAN_POINT( '', ( 4.00000000000000, -22.4047005383793, -6.38750000000000 ) );
#6724 = CARTESIAN_POINT( '', ( 4.00000000000000, -20.0952994616207, -6.38750000000000 ) );
#6725 = VECTOR( '', #8802, 1000.00000000000 );
#6726 = CARTESIAN_POINT( '', ( 6.00000000000000, -18.9405989232415, -6.38750000000000 ) );
#6727 = CARTESIAN_POINT( '', ( 6.00000000000000, -18.9405989232415, -6.38750000000000 ) );
#6728 = VECTOR( '', #8803, 1000.00000000000 );
#6729 = CARTESIAN_POINT( '', ( 8.00000000000000, -20.0952994616207, -6.38750000000000 ) );
#6730 = VECTOR( '', #8804, 1000.00000000000 );
#6731 = CARTESIAN_POINT( '', ( 6.00000000000000, -23.5594010767585, -6.38750000000000 ) );
#6732 = CARTESIAN_POINT( '', ( 6.00000000000000, -23.5594010767585, -6.38750000000000 ) );
#6733 = VECTOR( '', #8805, 1000.00000000000 );
#6734 = CARTESIAN_POINT( '', ( 4.00000000000000, -22.4047005383793, -6.38750000000000 ) );
#6735 = VECTOR( '', #8806, 1000.00000000000 );
#6736 = COLOUR_RGB( '', 0.752941191200000, 0.752941191200000, 0.752941191200000 );
#6737 = CARTESIAN_POINT( '', ( -8.50000000000000, -21.2500000000000, -18.2328686717148 ) );
#6738 = CARTESIAN_POINT( '', ( -8.50000000000000, -21.5271062417950, -17.9099075543961 ) );
#6739 = CARTESIAN_POINT( '', ( -8.50000000000000, -20.9728937582050, -18.5558297890336 ) );
#6740 = CARTESIAN_POINT( '', ( -8.45528740724184, -20.6934613095407, -18.8665790354419 ) );
#6741 = CARTESIAN_POINT( '', ( -8.30627862406667, -20.2737204295348, -19.3136751114999 ) );
#6742 = CARTESIAN_POINT( '', ( -8.24208182340935, -20.1326388916453, -19.4606180586616 ) );
#6743 = CARTESIAN_POINT( '', ( -8.08195299813303, -19.8568386802343, -19.7419543509158 ) );
#6744 = CARTESIAN_POINT( '', ( -7.98690471027333, -19.7231141776252, -19.8753839107467 ) );
#6745 = CARTESIAN_POINT( '', ( -7.76078656532975, -19.4670806766346, -20.1262238980046 ) );
#6746 = CARTESIAN_POINT( '', ( -7.62838202464569, -19.3440950616532, -20.2442239458046 ) );
#6747 = CARTESIAN_POINT( '', ( -7.33067147536559, -19.1255200455517, -20.4508459460571 ) );
#6748 = CARTESIAN_POINT( '', ( -7.16178264921113, -19.0273147690654, -20.5419715635214 ) );
#6749 = CARTESIAN_POINT( '', ( -6.88543138870630, -18.9099084642157, -20.6498955841037 ) );
#6750 = CARTESIAN_POINT( '', ( -6.79004830388946, -18.8758870580426, -20.6809663111367 ) );
#6751 = CARTESIAN_POINT( '', ( -6.59226784072563, -18.8189904589882, -20.7327537460623 ) );
#6752 = CARTESIAN_POINT( '', ( -6.48880259884302, -18.7959811265133, -20.7535917949622 ) );
#6753 = CARTESIAN_POINT( '', ( -6.17597950590117, -18.7472859408711, -20.7976245146384 ) );
#6754 = CARTESIAN_POINT( '', ( -5.96289645615574, -18.7411926800334, -20.8030891483981 ) );
#6755 = CARTESIAN_POINT( '', ( -5.53845148810852, -18.7837348453878, -20.7646845977612 ) );
#6756 = CARTESIAN_POINT( '', ( -5.33461738879139, -18.8315355946138, -20.7215413388372 ) );
#6757 = CARTESIAN_POINT( '', ( -4.95094628725317, -18.9715815996198, -20.5933994259644 ) );
#6758 = CARTESIAN_POINT( '', ( -4.77617264455170, -19.0617806259497, -20.5102231958285 ) );
#6759 = CARTESIAN_POINT( '', ( -4.45970622593579, -19.2717299187190, -20.3130785976544 ) );
#6760 = CARTESIAN_POINT( '', ( -4.32248510142979, -19.3882499181949, -20.2021313746076 ) );
#6761 = CARTESIAN_POINT( '', ( -4.08114542764710, -19.6381170228001, -19.9593263104268 ) );
#6762 = CARTESIAN_POINT( '', ( -3.97711533259059, -19.7722359936789, -19.8266460172370 ) );
#6763 = CARTESIAN_POINT( '', ( -3.80449095144011, -20.0435221287939, -19.5523509879273 ) );
#6764 = CARTESIAN_POINT( '', ( -3.73457313144317, -20.1819720857049, -19.4095241230691 ) );
#6765 = CARTESIAN_POINT( '', ( -3.62240726162297, -20.4626657044752, -19.1133706137632 ) );
#6766 = CARTESIAN_POINT( '', ( -3.58021199784499, -20.6056143296849, -18.9592323927324 ) );
#6767 = CARTESIAN_POINT( '', ( -3.49343037650244, -21.0274327236937, -18.4938479595766 ) );
#6768 = CARTESIAN_POINT( '', ( -3.48588010312087, -21.3027053482869, -18.1761593133567 ) );
#6769 = CARTESIAN_POINT( '', ( -3.53823690919332, -21.7061980514506, -17.6885689581242 ) );
#6770 = CARTESIAN_POINT( '', ( -3.56671733626213, -21.8392256417761, -17.5240207950868 ) );
#6771 = CARTESIAN_POINT( '', ( -3.64388270605048, -22.0966183766762, -17.1983295053498 ) );
#6772 = CARTESIAN_POINT( '', ( -3.69261381568991, -22.2217320299290, -17.0362952860763 ) );
#6773 = CARTESIAN_POINT( '', ( -3.81092119390445, -22.4650012848710, -16.7141990162586 ) );
#6774 = CARTESIAN_POINT( '', ( -3.88046214062599, -22.5831609173845, -16.5541277120260 ) );
#6775 = CARTESIAN_POINT( '', ( -4.04326643637733, -22.8123548028389, -16.2368337330880 ) );
#6776 = CARTESIAN_POINT( '', ( -4.13663666226285, -22.9233009433656, -16.0796756672716 ) );
#6777 = CARTESIAN_POINT( '', ( -4.34786285943320, -23.1321535124030, -15.7777428545205 ) );
#6778 = CARTESIAN_POINT( '', ( -4.46629184723866, -23.2310007916362, -15.6316284851731 ) );
#6779 = CARTESIAN_POINT( '', ( -4.73680039114692, -23.4135506886836, -15.3568502964612 ) );
#6780 = CARTESIAN_POINT( '', ( -4.88581781917117, -23.4954886052277, -15.2308391939959 ) );
#6781 = CARTESIAN_POINT( '', ( -5.22536526175585, -23.6340222378554, -15.0149738665207 ) );
#6782 = CARTESIAN_POINT( '', ( -5.41394530121898, -23.6892911071025, -14.9271916033206 ) );
#6783 = CARTESIAN_POINT( '', ( -5.72352587472843, -23.7368579295656, -14.8513456027203 ) );
#6784 = CARTESIAN_POINT( '', ( -5.82811095748800, -23.7463124275685, -14.8361947314789 ) );
#6785 = CARTESIAN_POINT( '', ( -6.03895419301518, -23.7519200926119, -14.8272155151342 ) );
#6786 = CARTESIAN_POINT( '', ( -6.14691622020091, -23.7478998124427, -14.8336662351525 ) );
#6787 = CARTESIAN_POINT( '', ( -6.46120792315143, -23.7160978582892, -14.8844986575604 ) );
#6788 = CARTESIAN_POINT( '', ( -6.66005645493184, -23.6685707607552, -14.9603601329946 ) );
#6789 = CARTESIAN_POINT( '', ( -7.01344232785576, -23.5430533566813, -15.1571189811991 ) );
#6790 = CARTESIAN_POINT( '', ( -7.17290631838148, -23.4639722149596, -15.2796258280168 ) );
#6791 = CARTESIAN_POINT( '', ( -7.45448217419572, -23.2900646571271, -15.5434180866189 ) );
#6792 = CARTESIAN_POINT( '', ( -7.57819134808877, -23.1947729122415, -15.6855064926762 ) );
#6793 = CARTESIAN_POINT( '', ( -7.80092424402153, -22.9905463161507, -15.9833470983761 ) );
#6794 = CARTESIAN_POINT( '', ( -7.89912396791652, -22.8819346154263, -16.1385895483739 ) );
#6795 = CARTESIAN_POINT( '', ( -8.15631467449021, -22.5460851680136, -16.6078915283909 ) );
#6796 = CARTESIAN_POINT( '', ( -8.28205630018638, -22.3061089579226, -16.9295705342798 ) );
#6797 = CARTESIAN_POINT( '', ( -8.45512039469189, -21.7936275708540, -17.5843866148575 ) );
#6798 = CARTESIAN_POINT( '', ( -8.50000000000000, -21.5271062417950, -17.9099075543961 ) );
#6799 = CARTESIAN_POINT( '', ( -8.50000000000000, -20.9728937582050, -18.5558297890336 ) );
#6800 = CARTESIAN_POINT( '', ( -3.50000000000000, -21.2500000000000, -13.0095000000000 ) );
#6801 = AXIS2_PLACEMENT_3D( '', #8807, #8808, #8809 );
#6802 = COLOUR_RGB( '', 0.752941191200000, 0.752941191200000, 0.752941191200000 );
#6803 = CARTESIAN_POINT( '', ( -3.50000000000000, -21.2500000000000, 3.00000000000000 ) );
#6804 = AXIS2_PLACEMENT_3D( '', #8810, #8811, #8812 );
#6805 = COLOUR_RGB( '', 0.752941191200000, 0.752941191200000, 0.752941191200000 );
#6806 = CARTESIAN_POINT( '', ( 20.0000000000000, 0.000000000000000, -8.00000000000000 ) );
#6807 = AXIS2_PLACEMENT_3D( '', #8813, #8814, #8815 );
#6808 = COLOUR_RGB( '', 0.752941191200000, 0.752941191200000, 0.752941191200000 );
#6809 = CARTESIAN_POINT( '', ( 8.50000000000000, -21.2500000000000, 18.2328686717148 ) );
#6810 = CARTESIAN_POINT( '', ( 8.50000000000000, -21.5271062417950, 17.9099075543961 ) );
#6811 = CARTESIAN_POINT( '', ( 8.50000000000000, -20.9728937582050, 18.5558297890336 ) );
#6812 = CARTESIAN_POINT( '', ( 8.45528740724183, -20.6934613095407, 18.8665790354418 ) );
#6813 = CARTESIAN_POINT( '', ( 8.30627862406667, -20.2737204295348, 19.3136751114999 ) );
#6814 = CARTESIAN_POINT( '', ( 8.24208182340936, -20.1326388916453, 19.4606180586616 ) );
#6815 = CARTESIAN_POINT( '', ( 8.08195299813304, -19.8568386802343, 19.7419543509157 ) );
#6816 = CARTESIAN_POINT( '', ( 7.98690471027333, -19.7231141776252, 19.8753839107467 ) );
#6817 = CARTESIAN_POINT( '', ( 7.76078656532975, -19.4670806766346, 20.1262238980046 ) );
#6818 = CARTESIAN_POINT( '', ( 7.62838202464568, -19.3440950616531, 20.2442239458046 ) );
#6819 = CARTESIAN_POINT( '', ( 7.33067147536560, -19.1255200455517, 20.4508459460571 ) );
#6820 = CARTESIAN_POINT( '', ( 7.16178264921113, -19.0273147690654, 20.5419715635214 ) );
#6821 = CARTESIAN_POINT( '', ( 6.88543138870630, -18.9099084642157, 20.6498955841037 ) );
#6822 = CARTESIAN_POINT( '', ( 6.79004830388946, -18.8758870580426, 20.6809663111367 ) );
#6823 = CARTESIAN_POINT( '', ( 6.59226784072563, -18.8189904589882, 20.7327537460623 ) );
#6824 = CARTESIAN_POINT( '', ( 6.48880259884303, -18.7959811265133, 20.7535917949622 ) );
#6825 = CARTESIAN_POINT( '', ( 6.17597950590117, -18.7472859408711, 20.7976245146384 ) );
#6826 = CARTESIAN_POINT( '', ( 5.96289645615575, -18.7411926800335, 20.8030891483981 ) );
#6827 = CARTESIAN_POINT( '', ( 5.53845148810852, -18.7837348453878, 20.7646845977612 ) );
#6828 = CARTESIAN_POINT( '', ( 5.33461738879139, -18.8315355946138, 20.7215413388372 ) );
#6829 = CARTESIAN_POINT( '', ( 4.95094628725317, -18.9715815996198, 20.5933994259644 ) );
#6830 = CARTESIAN_POINT( '', ( 4.77617264455171, -19.0617806259497, 20.5102231958285 ) );
#6831 = CARTESIAN_POINT( '', ( 4.45970622593579, -19.2717299187190, 20.3130785976544 ) );
#6832 = CARTESIAN_POINT( '', ( 4.32248510142979, -19.3882499181949, 20.2021313746076 ) );
#6833 = CARTESIAN_POINT( '', ( 4.08114542764710, -19.6381170228001, 19.9593263104268 ) );
#6834 = CARTESIAN_POINT( '', ( 3.97711533259059, -19.7722359936789, 19.8266460172371 ) );
#6835 = CARTESIAN_POINT( '', ( 3.80449095144011, -20.0435221287939, 19.5523509879273 ) );
#6836 = CARTESIAN_POINT( '', ( 3.73457313144317, -20.1819720857049, 19.4095241230691 ) );
#6837 = CARTESIAN_POINT( '', ( 3.62240726162298, -20.4626657044752, 19.1133706137632 ) );
#6838 = CARTESIAN_POINT( '', ( 3.58021199784499, -20.6056143296849, 18.9592323927324 ) );
#6839 = CARTESIAN_POINT( '', ( 3.49343037650244, -21.0274327236937, 18.4938479595766 ) );
#6840 = CARTESIAN_POINT( '', ( 3.48588010312088, -21.3027053482869, 18.1761593133567 ) );
#6841 = CARTESIAN_POINT( '', ( 3.53823690919332, -21.7061980514506, 17.6885689581242 ) );
#6842 = CARTESIAN_POINT( '', ( 3.56671733626214, -21.8392256417761, 17.5240207950868 ) );
#6843 = CARTESIAN_POINT( '', ( 3.64388270605049, -22.0966183766762, 17.1983295053498 ) );
#6844 = CARTESIAN_POINT( '', ( 3.69261381568991, -22.2217320299290, 17.0362952860763 ) );
#6845 = CARTESIAN_POINT( '', ( 3.81092119390445, -22.4650012848711, 16.7141990162586 ) );
#6846 = CARTESIAN_POINT( '', ( 3.88046214062599, -22.5831609173845, 16.5541277120260 ) );
#6847 = CARTESIAN_POINT( '', ( 4.04326643637733, -22.8123548028389, 16.2368337330880 ) );
#6848 = CARTESIAN_POINT( '', ( 4.13663666226285, -22.9233009433656, 16.0796756672716 ) );
#6849 = CARTESIAN_POINT( '', ( 4.34786285943320, -23.1321535124030, 15.7777428545205 ) );
#6850 = CARTESIAN_POINT( '', ( 4.46629184723866, -23.2310007916362, 15.6316284851731 ) );
#6851 = CARTESIAN_POINT( '', ( 4.73680039114692, -23.4135506886836, 15.3568502964612 ) );
#6852 = CARTESIAN_POINT( '', ( 4.88581781917118, -23.4954886052277, 15.2308391939959 ) );
#6853 = CARTESIAN_POINT( '', ( 5.22536526175586, -23.6340222378554, 15.0149738665207 ) );
#6854 = CARTESIAN_POINT( '', ( 5.41394530121899, -23.6892911071025, 14.9271916033206 ) );
#6855 = CARTESIAN_POINT( '', ( 5.72352587472843, -23.7368579295656, 14.8513456027203 ) );
#6856 = CARTESIAN_POINT( '', ( 5.82811095748801, -23.7463124275685, 14.8361947314789 ) );
#6857 = CARTESIAN_POINT( '', ( 6.03895419301518, -23.7519200926119, 14.8272155151342 ) );
#6858 = CARTESIAN_POINT( '', ( 6.14691622020091, -23.7478998124427, 14.8336662351525 ) );
#6859 = CARTESIAN_POINT( '', ( 6.46120792315143, -23.7160978582892, 14.8844986575605 ) );
#6860 = CARTESIAN_POINT( '', ( 6.66005645493184, -23.6685707607551, 14.9603601329946 ) );
#6861 = CARTESIAN_POINT( '', ( 7.01344232785577, -23.5430533566813, 15.1571189811991 ) );
#6862 = CARTESIAN_POINT( '', ( 7.17290631838149, -23.4639722149596, 15.2796258280168 ) );
#6863 = CARTESIAN_POINT( '', ( 7.45448217419573, -23.2900646571271, 15.5434180866189 ) );
#6864 = CARTESIAN_POINT( '', ( 7.57819134808877, -23.1947729122415, 15.6855064926762 ) );
#6865 = CARTESIAN_POINT( '', ( 7.80092424402153, -22.9905463161507, 15.9833470983761 ) );
#6866 = CARTESIAN_POINT( '', ( 7.89912396791652, -22.8819346154263, 16.1385895483739 ) );
#6867 = CARTESIAN_POINT( '', ( 8.15631467449021, -22.5460851680137, 16.6078915283909 ) );
#6868 = CARTESIAN_POINT( '', ( 8.28205630018639, -22.3061089579226, 16.9295705342798 ) );
#6869 = CARTESIAN_POINT( '', ( 8.45512039469189, -21.7936275708540, 17.5843866148575 ) );
#6870 = CARTESIAN_POINT( '', ( 8.50000000000000, -21.5271062417950, 17.9099075543961 ) );
#6871 = CARTESIAN_POINT( '', ( 8.50000000000000, -20.9728937582050, 18.5558297890336 ) );
#6872 = COLOUR_RGB( '', 0.752941191200000, 0.752941191200000, 0.752941191200000 );
#6873 = CARTESIAN_POINT( '', ( -8.50000000000000, -21.2500000000000, -0.500000000000000 ) );
#6874 = AXIS2_PLACEMENT_3D( '', #8816, #8817, #8818 );
#6875 = CARTESIAN_POINT( '', ( -1.00000000000000, -27.9955353583388, -0.500000000000000 ) );
#6876 = CARTESIAN_POINT( '', ( -1.00000000000000, -27.9955353583388, -0.500000000000000 ) );
#6877 = CARTESIAN_POINT( '', ( -0.869721905296930, -27.9955353583388, -0.500000000000000 ) );
#6878 = CARTESIAN_POINT( '', ( -0.738478466650771, -27.9696847866392, -0.500000000000000 ) );
#6879 = CARTESIAN_POINT( '', ( -0.495023894376758, -27.8686517872818, -0.500000000000000 ) );
#6880 = CARTESIAN_POINT( '', ( -0.385198046163661, -27.7950527858096, -0.500000000000000 ) );
#6881 = CARTESIAN_POINT( '', ( -0.199535677201749, -27.6090834159953, -0.500000000000000 ) );
#6882 = CARTESIAN_POINT( '', ( -0.125842961934859, -27.4983502997062, -0.500000000000000 ) );
#6883 = CARTESIAN_POINT( '', ( -0.0260130264923432, -27.2569557862018, -0.500000000000000 ) );
#6884 = CARTESIAN_POINT( '', ( -1.31544216708593E-15, -27.1256040715719, -0.500000000000000 ) );
#6885 = CARTESIAN_POINT( '', ( -1.76573778586387E-15, -26.9953699733862, -0.500000000000000 ) );
#6886 = CARTESIAN_POINT( '', ( -13.5000000000000, -11.9895788082818, -0.500000000000000 ) );
#6887 = CARTESIAN_POINT( '', ( 0.000000000000000, -11.9895788082818, -0.500000000000000 ) );
#6888 = VECTOR( '', #8819, 1000.00000000000 );
#6889 = CARTESIAN_POINT( '', ( -13.5000000000000, -27.9955353583388, -0.500000000000000 ) );
#6890 = CARTESIAN_POINT( '', ( -13.5000000000000, -28.0000000000000, -0.500000000000000 ) );
#6891 = VECTOR( '', #8820, 1000.00000000000 );
#6892 = CARTESIAN_POINT( '', ( 0.000000000000000, -27.9955353583388, -0.500000000000000 ) );
#6893 = VECTOR( '', #8821, 1000.00000000000 );
#6894 = COLOUR_RGB( '', 0.752941191200000, 0.752941191200000, 0.752941191200000 );
#6895 = CARTESIAN_POINT( '', ( -6.00000000000000, -18.9405989232415, 6.38750000000000 ) );
#6896 = CARTESIAN_POINT( '', ( -8.00000000000000, -20.0952994616207, 6.38750000000000 ) );
#6897 = CARTESIAN_POINT( '', ( -6.00000000000000, -18.9405989232415, 6.38750000000000 ) );
#6898 = VECTOR( '', #8822, 1000.00000000000 );
#6899 = CARTESIAN_POINT( '', ( -8.00000000000000, -20.0952994616207, 6.38750000000000 ) );
#6900 = VECTOR( '', #8823, 1000.00000000000 );
#6901 = CARTESIAN_POINT( '', ( -4.00000000000000, -22.4047005383793, 6.38750000000000 ) );
#6902 = CARTESIAN_POINT( '', ( -6.00000000000000, -23.5594010767585, 6.38750000000000 ) );
#6903 = VECTOR( '', #8824, 1000.00000000000 );
#6904 = CARTESIAN_POINT( '', ( -4.00000000000000, -20.0952994616207, 6.38750000000000 ) );
#6905 = CARTESIAN_POINT( '', ( -4.00000000000000, -22.4047005383793, 6.38750000000000 ) );
#6906 = VECTOR( '', #8825, 1000.00000000000 );
#6907 = CARTESIAN_POINT( '', ( -4.00000000000000, -20.0952994616207, 6.38750000000000 ) );
#6908 = VECTOR( '', #8826, 1000.00000000000 );
#6909 = COLOUR_RGB( '', 0.752941191200000, 0.752941191200000, 0.752941191200000 );
#6910 = CARTESIAN_POINT( '', ( 0.600000000000000, 0.000000000000000, -14.2500000000000 ) );
#6911 = AXIS2_PLACEMENT_3D( '', #8827, #8828, #8829 );
#6912 = CARTESIAN_POINT( '', ( -0.600000000000000, 0.000000000000000, -14.2500000000000 ) );
#6913 = AXIS2_PLACEMENT_3D( '', #8830, #8831, #8832 );
#6914 = COLOUR_RGB( '', 0.752941191200000, 0.752941191200000, 0.752941191200000 );
#6915 = CARTESIAN_POINT( '', ( -11.2800000000000, -0.420000000000000, 27.4000000000000 ) );
#6916 = CARTESIAN_POINT( '', ( -11.2800000000000, -0.420000000000000, 27.9968498227926 ) );
#6917 = CARTESIAN_POINT( '', ( -11.2800000000000, -0.420000000000000, 27.4000000000000 ) );
#6918 = VECTOR( '', #8833, 1000.00000000000 );
#6919 = CARTESIAN_POINT( '', ( -11.2800000000000, -1.98000000000000, 27.4000000000000 ) );
#6920 = CARTESIAN_POINT( '', ( -11.2800000000000, -1.98000000000000, 27.4000000000000 ) );
#6921 = VECTOR( '', #8834, 1000.00000000000 );
#6922 = CARTESIAN_POINT( '', ( -11.2800000000000, -1.98000000000000, 27.9299051197816 ) );
#6923 = CARTESIAN_POINT( '', ( -11.2800000000000, -1.98000000000000, 27.4000000000000 ) );
#6924 = VECTOR( '', #8835, 1000.00000000000 );
#6925 = AXIS2_PLACEMENT_3D( '', #8836, #8837, #8838 );
#6926 = COLOUR_RGB( '', 0.752941191200000, 0.752941191200000, 0.752941191200000 );
#6927 = CARTESIAN_POINT( '', ( -0.200000000000000, 0.649519052838328, -22.3750000000000 ) );
#6928 = CARTESIAN_POINT( '', ( -0.200000000000000, 1.29903810567666, -21.2500000000000 ) );
#6929 = CARTESIAN_POINT( '', ( -0.200000000000000, 0.974278579257492, -21.8125000000000 ) );
#6930 = VECTOR( '', #8839, 1000.00000000000 );
#6931 = CARTESIAN_POINT( '', ( -1.25000000000000, 1.29903810567666, -21.2500000000000 ) );
#6932 = VECTOR( '', #8840, 1000.00000000000 );
#6933 = CARTESIAN_POINT( '', ( -1.25000000000000, 0.649519052838329, -22.3750000000000 ) );
#6934 = VECTOR( '', #8841, 1000.00000000000 );
#6935 = COLOUR_RGB( '', 0.752941191200000, 0.752941191200000, 0.752941191200000 );
#6936 = CARTESIAN_POINT( '', ( -20.0000000000000, 0.000000000000000, 16.2500000000000 ) );
#6937 = AXIS2_PLACEMENT_3D( '', #8842, #8843, #8844 );
#6938 = CARTESIAN_POINT( '', ( -23.2000000000000, 0.000000000000000, 16.2500000000000 ) );
#6939 = AXIS2_PLACEMENT_3D( '', #8845, #8846, #8847 );
#6940 = COLOUR_RGB( '', 0.752941191200000, 0.752941191200000, 0.752941191200000 );
#6941 = CARTESIAN_POINT( '', ( -7.00000000000000, -21.5000000000000, 5.25000000000000 ) );
#6942 = AXIS2_PLACEMENT_3D( '', #8848, #8849, #8850 );
#6943 = COLOUR_RGB( '', 0.752941191200000, 0.752941191200000, 0.752941191200000 );
#6944 = CARTESIAN_POINT( '', ( -2.05000000000000, 21.2500000000000, -8.00000000000000 ) );
#6945 = AXIS2_PLACEMENT_3D( '', #8851, #8852, #8853 );
#6946 = CARTESIAN_POINT( '', ( -8.00000000000000, 22.4047005383792, -8.00000000000000 ) );
#6947 = CARTESIAN_POINT( '', ( -8.00000000000000, 20.0952994616208, -8.00000000000000 ) );
#6948 = CARTESIAN_POINT( '', ( -8.00000000000000, 22.4047005383792, -8.00000000000000 ) );
#6949 = VECTOR( '', #8854, 1000.00000000000 );
#6950 = CARTESIAN_POINT( '', ( -6.00000000000000, 18.9405989232415, -8.00000000000000 ) );
#6951 = CARTESIAN_POINT( '', ( -8.00000000000000, 20.0952994616208, -8.00000000000000 ) );
#6952 = VECTOR( '', #8855, 1000.00000000000 );
#6953 = CARTESIAN_POINT( '', ( -4.00000000000000, 20.0952994616208, -8.00000000000000 ) );
#6954 = CARTESIAN_POINT( '', ( -6.00000000000000, 18.9405989232415, -8.00000000000000 ) );
#6955 = VECTOR( '', #8856, 1000.00000000000 );
#6956 = CARTESIAN_POINT( '', ( -4.00000000000000, 22.4047005383792, -8.00000000000000 ) );
#6957 = CARTESIAN_POINT( '', ( -4.00000000000000, 21.2500000000000, -8.00000000000000 ) );
#6958 = VECTOR( '', #8857, 1000.00000000000 );
#6959 = CARTESIAN_POINT( '', ( -6.00000000000000, 23.5594010767585, -8.00000000000000 ) );
#6960 = CARTESIAN_POINT( '', ( -4.00000000000000, 22.4047005383792, -8.00000000000000 ) );
#6961 = VECTOR( '', #8858, 1000.00000000000 );
#6962 = CARTESIAN_POINT( '', ( -6.00000000000000, 23.5594010767585, -8.00000000000000 ) );
#6963 = VECTOR( '', #8859, 1000.00000000000 );
#6964 = COLOUR_RGB( '', 0.752941191200000, 0.752941191200000, 0.752941191200000 );
#6965 = CARTESIAN_POINT( '', ( -6.70000000000000, -1.44000000000000, 27.9629469119405 ) );
#6966 = CARTESIAN_POINT( '', ( -7.78000000000000, -1.44000000000000, 27.9629469119405 ) );
#6967 = CARTESIAN_POINT( '', ( 0.000000000000000, -1.44000000000000, 27.9629469119405 ) );
#6968 = VECTOR( '', #8860, 1000.00000000000 );
#6969 = CARTESIAN_POINT( '', ( -7.78000000000000, -1.44000000000000, 27.4000000000000 ) );
#6970 = CARTESIAN_POINT( '', ( -7.78000000000000, -1.44000000000000, 27.4000000000000 ) );
#6971 = VECTOR( '', #8861, 1000.00000000000 );
#6972 = CARTESIAN_POINT( '', ( -6.70000000000000, -1.44000000000000, 27.4000000000000 ) );
#6973 = CARTESIAN_POINT( '', ( -7.78000000000000, -1.44000000000000, 27.4000000000000 ) );
#6974 = VECTOR( '', #8862, 1000.00000000000 );
#6975 = CARTESIAN_POINT( '', ( -6.70000000000000, -1.44000000000000, 27.4000000000000 ) );
#6976 = VECTOR( '', #8863, 1000.00000000000 );
#6977 = COLOUR_RGB( '', 0.752941191200000, 0.752941191200000, 0.752941191200000 );
#6978 = CARTESIAN_POINT( '', ( -13.5000000000000, 24.0500000000000, 14.3386714865778 ) );
#6979 = CARTESIAN_POINT( '', ( -13.5000000000000, 27.9955353583388, 0.500000000000000 ) );
#6980 = AXIS2_PLACEMENT_3D( '', #8864, #8865, #8866 );
#6981 = CARTESIAN_POINT( '', ( -13.5000000000000, 24.0500000000000, 0.500000000000000 ) );
#6982 = CARTESIAN_POINT( '', ( -13.5000000000000, 28.0000000000000, 0.500000000000000 ) );
#6983 = VECTOR( '', #8867, 1000.00000000000 );
#6984 = CARTESIAN_POINT( '', ( -13.5000000000000, 24.0500000000000, 28.0000000000000 ) );
#6985 = VECTOR( '', #8868, 1000.00000000000 );
#6986 = COLOUR_RGB( '', 0.752941191200000, 0.752941191200000, 0.752941191200000 );
#6987 = CARTESIAN_POINT( '', ( 3.50000000000000, 21.2500000000000, 0.500000000000000 ) );
#6988 = AXIS2_PLACEMENT_3D( '', #8869, #8870, #8871 );
#6989 = CARTESIAN_POINT( '', ( 1.00000000000000, 27.9955353583388, 0.500000000000000 ) );
#6990 = CARTESIAN_POINT( '', ( 13.5000000000000, 27.9955353583388, 0.500000000000000 ) );
#6991 = CARTESIAN_POINT( '', ( 20.0000000000000, 27.9955353583388, 0.500000000000000 ) );
#6992 = VECTOR( '', #8872, 1000.00000000000 );
#6993 = CARTESIAN_POINT( '', ( 13.5000000000000, 7.98435971133565, 0.500000000000000 ) );
#6994 = CARTESIAN_POINT( '', ( 13.5000000000000, 28.0000000000000, 0.500000000000000 ) );
#6995 = VECTOR( '', #8873, 1000.00000000000 );
#6996 = CARTESIAN_POINT( '', ( 0.000000000000000, 7.98435971133565, 0.500000000000000 ) );
#6997 = CARTESIAN_POINT( '', ( 20.0000000000000, 7.98435971133565, 0.500000000000000 ) );
#6998 = VECTOR( '', #8874, 1000.00000000000 );
#6999 = CARTESIAN_POINT( '', ( 0.000000000000000, 26.9953699733862, 0.500000000000000 ) );
#7000 = CARTESIAN_POINT( '', ( 0.000000000000000, 28.0000000000000, 0.500000000000000 ) );
#7001 = VECTOR( '', #8875, 1000.00000000000 );
#7002 = CARTESIAN_POINT( '', ( 1.00000000000000, 27.9955353583388, 0.500000000000000 ) );
#7003 = CARTESIAN_POINT( '', ( 0.867914066385195, 27.9955353583388, 0.500000000000000 ) );
#7004 = CARTESIAN_POINT( '', ( 0.738141370940901, 27.9695147674763, 0.500000000000000 ) );
#7005 = CARTESIAN_POINT( '', ( 0.495752399236798, 27.8689841915907, 0.500000000000000 ) );
#7006 = CARTESIAN_POINT( '', ( 0.384863595735049, 27.7946581951991, 0.500000000000000 ) );
#7007 = CARTESIAN_POINT( '', ( 0.200325338294391, 27.6099338231512, 0.500000000000000 ) );
#7008 = CARTESIAN_POINT( '', ( 0.125863868838886, 27.4983079218467, 0.500000000000000 ) );
#7009 = CARTESIAN_POINT( '', ( 0.0262003406546327, 27.2575014605319, 0.500000000000000 ) );
#7010 = CARTESIAN_POINT( '', ( -2.42988341578841E-14, 27.1258280965984, 0.500000000000000 ) );
#7011 = CARTESIAN_POINT( '', ( -2.43015042969014E-14, 26.9953699733862, 0.500000000000000 ) );
#7012 = COLOUR_RGB( '', 0.752941191200000, 0.752941191200000, 0.752941191200000 );
#7013 = CARTESIAN_POINT( '', ( -9.72000000000000, 0.780000000000001, 27.4000000000000 ) );
#7014 = CARTESIAN_POINT( '', ( -9.72000000000000, 0.780000000000001, 27.9891336057406 ) );
#7015 = CARTESIAN_POINT( '', ( -9.72000000000000, 0.780000000000001, 27.4000000000000 ) );
#7016 = VECTOR( '', #8876, 1000.00000000000 );
#7017 = CARTESIAN_POINT( '', ( -9.12000000000000, 0.780000000000001, 27.4000000000000 ) );
#7018 = VECTOR( '', #8877, 1000.00000000000 );
#7019 = CARTESIAN_POINT( '', ( 0.000000000000000, 0.780000000000001, 27.9891336057406 ) );
#7020 = VECTOR( '', #8878, 1000.00000000000 );
#7021 = COLOUR_RGB( '', 0.752941191200000, 0.752941191200000, 0.752941191200000 );
#7022 = CARTESIAN_POINT( '', ( -14.0000000000000, 24.0500000000000, 14.3386714865778 ) );
#7023 = CARTESIAN_POINT( '', ( -14.0000000000000, 23.9995717982930, 14.4232538171088 ) );
#7024 = CARTESIAN_POINT( '', ( -13.9863218471525, 23.9490372780353, 14.5069653030436 ) );
#7025 = CARTESIAN_POINT( '', ( -13.9331958449858, 23.8773018412160, 14.6245192739991 ) );
#7026 = CARTESIAN_POINT( '', ( -13.9099606937979, 23.8541654670844, 14.6622012252148 ) );
#7027 = CARTESIAN_POINT( '', ( -13.8446775557726, 23.8155330550472, 14.7248680878195 ) );
#7028 = CARTESIAN_POINT( '', ( -13.7992243468822, 23.7999918907366, 14.7499283388466 ) );
#7029 = CARTESIAN_POINT( '', ( -13.7006933170971, 23.8000081160426, 14.7499021582024 ) );
#7030 = CARTESIAN_POINT( '', ( -13.6553839696125, 23.8154774577140, 14.7249585389386 ) );
#7031 = CARTESIAN_POINT( '', ( -13.5897911226020, 23.8543315772807, 14.6619315069159 ) );
#7032 = CARTESIAN_POINT( '', ( -13.5667384867148, 23.8773748402619, 14.6244000299709 ) );
#7033 = CARTESIAN_POINT( '', ( -13.5136693261537, 23.9490806029779, 14.5068935430028 ) );
#7034 = CARTESIAN_POINT( '', ( -13.5000000000000, 23.9996183402069, 14.4231757531801 ) );
#7035 = CARTESIAN_POINT( '', ( -13.5000000000000, 24.0500000000000, 14.3386714865778 ) );
#7036 = CARTESIAN_POINT( '', ( -13.5000000000000, 24.0500000000000, -0.500000000000000 ) );
#7037 = CARTESIAN_POINT( '', ( -13.5000000000000, 24.0500000000000, 28.0000000000000 ) );
#7038 = VECTOR( '', #8879, 1000.00000000000 );
#7039 = CARTESIAN_POINT( '', ( -13.5000000000000, 24.0500000000000, -14.3386714865778 ) );
#7040 = CARTESIAN_POINT( '', ( -13.5000000000000, 24.0500000000000, 28.0000000000000 ) );
#7041 = VECTOR( '', #8880, 1000.00000000000 );
#7042 = CARTESIAN_POINT( '', ( -13.5000000000000, 24.0500000000000, -14.3386714865778 ) );
#7043 = CARTESIAN_POINT( '', ( -13.5000000000000, 23.9995717982930, -14.4232538171088 ) );
#7044 = CARTESIAN_POINT( '', ( -13.5136781528475, 23.9490372780353, -14.5069653030436 ) );
#7045 = CARTESIAN_POINT( '', ( -13.5668041550142, 23.8773018412160, -14.6245192739991 ) );
#7046 = CARTESIAN_POINT( '', ( -13.5900393062021, 23.8541654670844, -14.6622012252148 ) );
#7047 = CARTESIAN_POINT( '', ( -13.6553224442274, 23.8155330550472, -14.7248680878195 ) );
#7048 = CARTESIAN_POINT( '', ( -13.7007756531178, 23.7999918907366, -14.7499283388466 ) );
#7049 = CARTESIAN_POINT( '', ( -13.7993066829029, 23.8000081160426, -14.7499021582024 ) );
#7050 = CARTESIAN_POINT( '', ( -13.8446160303875, 23.8154774577140, -14.7249585389386 ) );
#7051 = CARTESIAN_POINT( '', ( -13.9102088773980, 23.8543315772807, -14.6619315069159 ) );
#7052 = CARTESIAN_POINT( '', ( -13.9332615132852, 23.8773748402619, -14.6244000299709 ) );
#7053 = CARTESIAN_POINT( '', ( -13.9863306738463, 23.9490806029779, -14.5068935430028 ) );
#7054 = CARTESIAN_POINT( '', ( -14.0000000000000, 23.9996183402069, -14.4231757531801 ) );
#7055 = CARTESIAN_POINT( '', ( -14.0000000000000, 24.0500000000000, -14.3386714865778 ) );
#7056 = COLOUR_RGB( '', 0.752941191200000, 0.752941191200000, 0.752941191200000 );
#7057 = CARTESIAN_POINT( '', ( 1.25000000000000, 0.649519052838329, -20.1250000000000 ) );
#7058 = CARTESIAN_POINT( '', ( 0.200000000000000, 0.649519052838328, -20.1250000000000 ) );
#7059 = CARTESIAN_POINT( '', ( 1.25000000000000, 0.649519052838329, -20.1250000000000 ) );
#7060 = VECTOR( '', #8881, 1000.00000000000 );
#7061 = CARTESIAN_POINT( '', ( 1.25000000000000, 0.649519052838329, -20.1250000000000 ) );
#7062 = VECTOR( '', #8882, 1000.00000000000 );
#7063 = CARTESIAN_POINT( '', ( 0.200000000000000, 2.25000000000000, -20.1250000000000 ) );
#7064 = VECTOR( '', #8883, 1000.00000000000 );
#7065 = COLOUR_RGB( '', 0.752941191200000, 0.752941191200000, 0.752941191200000 );
#7066 = CARTESIAN_POINT( '', ( 6.00000000000000, 18.9405989232415, 8.00000000000000 ) );
#7067 = CARTESIAN_POINT( '', ( 8.00000000000000, 20.0952994616207, 8.00000000000000 ) );
#7068 = CARTESIAN_POINT( '', ( 6.00000000000000, 18.9405989232415, 8.00000000000000 ) );
#7069 = VECTOR( '', #8884, 1000.00000000000 );
#7070 = CARTESIAN_POINT( '', ( 8.00000000000000, 20.0952994616207, 6.38750000000000 ) );
#7071 = CARTESIAN_POINT( '', ( 8.00000000000000, 20.0952994616207, 6.38750000000000 ) );
#7072 = VECTOR( '', #8885, 1000.00000000000 );
#7073 = CARTESIAN_POINT( '', ( 6.00000000000000, 18.9405989232415, 6.38750000000000 ) );
#7074 = CARTESIAN_POINT( '', ( 6.00000000000000, 18.9405989232415, 6.38750000000000 ) );
#7075 = VECTOR( '', #8886, 1000.00000000000 );
#7076 = CARTESIAN_POINT( '', ( 6.00000000000000, 18.9405989232415, 6.38750000000000 ) );
#7077 = VECTOR( '', #8887, 1000.00000000000 );
#7078 = COLOUR_RGB( '', 0.752941191200000, 0.752941191200000, 0.752941191200000 );
#7079 = CARTESIAN_POINT( '', ( -23.2000000000000, 0.000000000000000, -26.7500000000000 ) );
#7080 = AXIS2_PLACEMENT_3D( '', #8888, #8889, #8890 );
#7081 = COLOUR_RGB( '', 0.752941191200000, 0.752941191200000, 0.752941191200000 );
#7082 = CARTESIAN_POINT( '', ( -6.23345679801478, -0.501474810274264, 27.4000000000000 ) );
#7083 = AXIS2_PLACEMENT_3D( '', #8891, #8892, #8893 );
#7084 = CARTESIAN_POINT( '', ( -6.23345679801478, -0.501474810274264, 27.9955089793820 ) );
#7085 = CARTESIAN_POINT( '', ( -6.23345679801478, -0.501474810274264, 27.4000000000000 ) );
#7086 = VECTOR( '', #8894, 1000.00000000000 );
#7087 = CARTESIAN_POINT( '', ( -7.00000000000000, 0.780000000000001, 27.9891336057406 ) );
#7088 = CARTESIAN_POINT( '', ( -6.92449250824156, 0.780000000000000, 27.9891336057406 ) );
#7089 = CARTESIAN_POINT( '', ( -6.85063214072477, 0.770333488940014, 27.9894077999621 ) );
#7090 = CARTESIAN_POINT( '', ( -6.70610458034763, 0.732259053999114, 27.9904297815271 ) );
#7091 = CARTESIAN_POINT( '', ( -6.63569388803899, 0.703549964852646, 27.9911837148474 ) );
#7092 = CARTESIAN_POINT( '', ( -6.44143506668614, 0.593423130272331, 27.9938072122029 ) );
#7093 = CARTESIAN_POINT( '', ( -6.33067343938674, 0.485812994567719, 27.9960832143382 ) );
#7094 = CARTESIAN_POINT( '', ( -6.17611927831256, 0.227457407989159, 27.9993741490304 ) );
#7095 = CARTESIAN_POINT( '', ( -6.13376079106176, 0.0794426737332746, 28.0002831737140 ) );
#7096 = CARTESIAN_POINT( '', ( -6.12672471644526, -0.218341208955664, 27.9995445688507 ) );
#7097 = CARTESIAN_POINT( '', ( -6.16204203901554, -0.368435079371189, 27.9978920785378 ) );
#7098 = CARTESIAN_POINT( '', ( -6.23345679801478, -0.501474810274264, 27.9955089793820 ) );
#7099 = COLOUR_RGB( '', 0.752941191200000, 0.752941191200000, 0.752941191200000 );
#7100 = CARTESIAN_POINT( '', ( -0.200000000000000, 0.649519052838329, 22.3750000000000 ) );
#7101 = CARTESIAN_POINT( '', ( -0.200000000000000, -0.649519052838329, 22.3750000000000 ) );
#7102 = CARTESIAN_POINT( '', ( -0.200000000000000, 0.000000000000000, 22.3750000000000 ) );
#7103 = VECTOR( '', #8895, 1000.00000000000 );
#7104 = CARTESIAN_POINT( '', ( -1.25000000000000, -0.649519052838329, 22.3750000000000 ) );
#7105 = CARTESIAN_POINT( '', ( -1.25000000000000, -0.649519052838329, 22.3750000000000 ) );
#7106 = VECTOR( '', #8896, 1000.00000000000 );
#7107 = CARTESIAN_POINT( '', ( -1.25000000000000, 0.649519052838329, 22.3750000000000 ) );
#7108 = CARTESIAN_POINT( '', ( -1.25000000000000, 0.649519052838329, 22.3750000000000 ) );
#7109 = VECTOR( '', #8897, 1000.00000000000 );
#7110 = CARTESIAN_POINT( '', ( -1.25000000000000, 0.649519052838329, 22.3750000000000 ) );
#7111 = VECTOR( '', #8898, 1000.00000000000 );
#7112 = COLOUR_RGB( '', 0.752941191200000, 0.752941191200000, 0.752941191200000 );
#7113 = CARTESIAN_POINT( '', ( 10.2000000000000, -21.5000000000000, -5.25000000000000 ) );
#7114 = AXIS2_PLACEMENT_3D( '', #8899, #8900, #8901 );
#7115 = COLOUR_RGB( '', 0.752941191200000, 0.752941191200000, 0.752941191200000 );
#7116 = CARTESIAN_POINT( '', ( -7.78000000000000, -0.960000000000000, 27.9835380179133 ) );
#7117 = AXIS2_PLACEMENT_3D( '', #8902, #8903, #8904 );
#7118 = CARTESIAN_POINT( '', ( -6.70000000000000, -0.960000000000000, 27.9835380179133 ) );
#7119 = CARTESIAN_POINT( '', ( -6.70000000000000, -0.960000000000000, 27.9835380179133 ) );
#7120 = CARTESIAN_POINT( '', ( -6.63655336978195, -0.960000000000000, 27.9835380179133 ) );
#7121 = CARTESIAN_POINT( '', ( -6.57451542568798, -0.986046995300180, 27.9826674261680 ) );
#7122 = CARTESIAN_POINT( '', ( -6.48597239911496, -1.07464269997425, 27.9794050692265 ) );
#7123 = CARTESIAN_POINT( '', ( -6.46003371992209, -1.13729535623712, 27.9769634192710 ) );
#7124 = CARTESIAN_POINT( '', ( -6.45996634962519, -1.26244625378360, 27.9715954558701 ) );
#7125 = CARTESIAN_POINT( '', ( -6.48539153027114, -1.32472094600895, 27.9686812157607 ) );
#7126 = CARTESIAN_POINT( '', ( -6.57488780176343, -1.41438061364113, 27.9642904793488 ) );
#7127 = CARTESIAN_POINT( '', ( -6.63655293691321, -1.44000000000000, 27.9629469119405 ) );
#7128 = CARTESIAN_POINT( '', ( -6.70000000000000, -1.44000000000000, 27.9629469119405 ) );
#7129 = CARTESIAN_POINT( '', ( 0.000000000000000, -0.960000000000000, 27.9835380179133 ) );
#7130 = VECTOR( '', #8905, 1000.00000000000 );
#7131 = COLOUR_RGB( '', 0.752941191200000, 0.752941191200000, 0.752941191200000 );
#7132 = CARTESIAN_POINT( '', ( 10.2000000000000, 21.5000000000000, -5.25000000000000 ) );
#7133 = AXIS2_PLACEMENT_3D( '', #8906, #8907, #8908 );
#7134 = CARTESIAN_POINT( '', ( 7.00000000000000, 21.5000000000000, -5.25000000000000 ) );
#7135 = AXIS2_PLACEMENT_3D( '', #8909, #8910, #8911 );
#7136 = COLOUR_RGB( '', 0.752941191200000, 0.752941191200000, 0.752941191200000 );
#7137 = CARTESIAN_POINT( '', ( 0.600000000000000, -21.5000000000000, -5.25000000000000 ) );
#7138 = AXIS2_PLACEMENT_3D( '', #8912, #8913, #8914 );
#7139 = CARTESIAN_POINT( '', ( -0.600000000000000, -21.5000000000000, -5.25000000000000 ) );
#7140 = AXIS2_PLACEMENT_3D( '', #8915, #8916, #8917 );
#7141 = COLOUR_RGB( '', 0.752941191200000, 0.752941191200000, 0.752941191200000 );
#7142 = CARTESIAN_POINT( '', ( 0.600000000000000, 21.5000000000000, -5.25000000000000 ) );
#7143 = AXIS2_PLACEMENT_3D( '', #8918, #8919, #8920 );
#7144 = CARTESIAN_POINT( '', ( -0.600000000000000, 21.5000000000000, -5.25000000000000 ) );
#7145 = AXIS2_PLACEMENT_3D( '', #8921, #8922, #8923 );
#7146 = COLOUR_RGB( '', 0.752941191200000, 0.752941191200000, 0.752941191200000 );
#7147 = CARTESIAN_POINT( '', ( -0.200000000000000, -1.29903810567666, 21.2500000000000 ) );
#7148 = CARTESIAN_POINT( '', ( -0.200000000000000, -0.974278579257494, 20.6875000000000 ) );
#7149 = VECTOR( '', #8924, 1000.00000000000 );
#7150 = CARTESIAN_POINT( '', ( -1.25000000000000, -1.29903810567666, 21.2500000000000 ) );
#7151 = CARTESIAN_POINT( '', ( -1.25000000000000, -1.29903810567666, 21.2500000000000 ) );
#7152 = VECTOR( '', #8925, 1000.00000000000 );
#7153 = CARTESIAN_POINT( '', ( -1.25000000000000, -1.29903810567666, 21.2500000000000 ) );
#7154 = VECTOR( '', #8926, 1000.00000000000 );
#7155 = COLOUR_RGB( '', 0.752941191200000, 0.752941191200000, 0.752941191200000 );
#7156 = CARTESIAN_POINT( '', ( 1.75000000000000, -21.2500000000000, -3.50000000000000 ) );
#7157 = AXIS2_PLACEMENT_3D( '', #8927, #8928, #8929 );
#7158 = CARTESIAN_POINT( '', ( 10.5000000000000, -21.2500000000000, -3.50000000000000 ) );
#7159 = AXIS2_PLACEMENT_3D( '', #8930, #8931, #8932 );
#7160 = COLOUR_RGB( '', 0.752941191200000, 0.752941191200000, 0.752941191200000 );
#7161 = CARTESIAN_POINT( '', ( -1.75000000000000, 21.2500000000000, -7.70000000000000 ) );
#7162 = AXIS2_PLACEMENT_3D( '', #8933, #8934, #8935 );
#7163 = COLOUR_RGB( '', 0.752941191200000, 0.752941191200000, 0.752941191200000 );
#7164 = CARTESIAN_POINT( '', ( -6.00000000000000, 23.5594010767585, -6.38750000000000 ) );
#7165 = CARTESIAN_POINT( '', ( -8.00000000000000, 22.4047005383792, -6.38750000000000 ) );
#7166 = CARTESIAN_POINT( '', ( -6.00000000000000, 23.5594010767585, -6.38750000000000 ) );
#7167 = VECTOR( '', #8936, 1000.00000000000 );
#7168 = CARTESIAN_POINT( '', ( -4.00000000000000, 22.4047005383792, -6.38750000000000 ) );
#7169 = CARTESIAN_POINT( '', ( -4.00000000000000, 22.4047005383792, -6.38750000000000 ) );
#7170 = VECTOR( '', #8937, 1000.00000000000 );
#7171 = CARTESIAN_POINT( '', ( -4.00000000000000, 20.0952994616208, -6.38750000000000 ) );
#7172 = CARTESIAN_POINT( '', ( -4.00000000000000, 20.0952994616208, -6.38750000000000 ) );
#7173 = VECTOR( '', #8938, 1000.00000000000 );
#7174 = CARTESIAN_POINT( '', ( -6.00000000000000, 18.9405989232415, -6.38750000000000 ) );
#7175 = CARTESIAN_POINT( '', ( -6.00000000000000, 18.9405989232415, -6.38750000000000 ) );
#7176 = VECTOR( '', #8939, 1000.00000000000 );
#7177 = CARTESIAN_POINT( '', ( -8.00000000000000, 20.0952994616208, -6.38750000000000 ) );
#7178 = CARTESIAN_POINT( '', ( -8.00000000000000, 20.0952994616208, -6.38750000000000 ) );
#7179 = VECTOR( '', #8940, 1000.00000000000 );
#7180 = CARTESIAN_POINT( '', ( -8.00000000000000, 22.4047005383792, -6.38750000000000 ) );
#7181 = VECTOR( '', #8941, 1000.00000000000 );
#7182 = COLOUR_RGB( '', 0.752941191200000, 0.752941191200000, 0.752941191200000 );
#7183 = CARTESIAN_POINT( '', ( -10.2000000000000, 21.5000000000000, -5.25000000000000 ) );
#7184 = AXIS2_PLACEMENT_3D( '', #8942, #8943, #8944 );
#7185 = CARTESIAN_POINT( '', ( -7.00000000000000, 21.5000000000000, 5.25000000000000 ) );
#7186 = AXIS2_PLACEMENT_3D( '', #8945, #8946, #8947 );
#7187 = COLOUR_RGB( '', 0.752941191200000, 0.752941191200000, 0.752941191200000 );
#7188 = CARTESIAN_POINT( '', ( -1.75000000000000, -21.2500000000000, 3.50000000000000 ) );
#7189 = AXIS2_PLACEMENT_3D( '', #8948, #8949, #8950 );
#7190 = CARTESIAN_POINT( '', ( -10.5000000000000, -21.2500000000000, 3.50000000000000 ) );
#7191 = AXIS2_PLACEMENT_3D( '', #8951, #8952, #8953 );
#7192 = COLOUR_RGB( '', 0.752941191200000, 0.752941191200000, 0.752941191200000 );
#7193 = CARTESIAN_POINT( '', ( -9.47147186257614, -1.98000000000000, 27.4000000000000 ) );
#7194 = CARTESIAN_POINT( '', ( -9.47147186257614, -1.98000000000000, 27.4000000000000 ) );
#7195 = VECTOR( '', #8954, 1000.00000000000 );
#7196 = CARTESIAN_POINT( '', ( -9.47147186257614, -1.98000000000000, 27.9299051197816 ) );
#7197 = CARTESIAN_POINT( '', ( -9.47147186257614, -1.98000000000000, 27.4000000000000 ) );
#7198 = VECTOR( '', #8955, 1000.00000000000 );
#7199 = CARTESIAN_POINT( '', ( 0.000000000000000, -1.98000000000000, 27.9299051197816 ) );
#7200 = VECTOR( '', #8956, 1000.00000000000 );
#7201 = COLOUR_RGB( '', 0.752941191200000, 0.752941191200000, 0.752941191200000 );
#7202 = CARTESIAN_POINT( '', ( 7.00000000000000, 0.000000000000000, -14.2500000000000 ) );
#7203 = AXIS2_PLACEMENT_3D( '', #8957, #8958, #8959 );
#7204 = CARTESIAN_POINT( '', ( -7.00000000000000, 0.000000000000000, -14.2500000000000 ) );
#7205 = AXIS2_PLACEMENT_3D( '', #8960, #8961, #8962 );
#7206 = COLOUR_RGB( '', 0.752941191200000, 0.752941191200000, 0.752941191200000 );
#7207 = CARTESIAN_POINT( '', ( -8.00000000000000, -20.0952994616207, 8.00000000000000 ) );
#7208 = CARTESIAN_POINT( '', ( -8.00000000000000, -20.0952994616207, 8.00000000000000 ) );
#7209 = VECTOR( '', #8963, 1000.00000000000 );
#7210 = CARTESIAN_POINT( '', ( -8.00000000000000, -20.0952994616207, 6.38750000000000 ) );
#7211 = VECTOR( '', #8964, 1000.00000000000 );
#7212 = COLOUR_RGB( '', 0.752941191200000, 0.752941191200000, 0.752941191200000 );
#7213 = CARTESIAN_POINT( '', ( -13.5000000000000, 11.5000000000000, -25.5293948224395 ) );
#7214 = AXIS2_PLACEMENT_3D( '', #8965, #8966, #8967 );
#7215 = CARTESIAN_POINT( '', ( -13.5000000000000, 11.5000000000000, -3.42782730020052 ) );
#7216 = AXIS2_PLACEMENT_3D( '', #8968, #8969, #8970 );
#7217 = CARTESIAN_POINT( '', ( -13.5000000000000, 11.5000000000000, 28.0000000000000 ) );
#7218 = VECTOR( '', #8971, 1000.00000000000 );
#7219 = COLOUR_RGB( '', 0.752941191200000, 0.752941191200000, 0.752941191200000 );
#7220 = CARTESIAN_POINT( '', ( 20.0000000000000, 0.000000000000000, 16.2500000000000 ) );
#7221 = AXIS2_PLACEMENT_3D( '', #8972, #8973, #8974 );
#7222 = CARTESIAN_POINT( '', ( 23.2000000000000, 0.000000000000000, 16.2500000000000 ) );
#7223 = AXIS2_PLACEMENT_3D( '', #8975, #8976, #8977 );
#7224 = COLOUR_RGB( '', 0.752941191200000, 0.752941191200000, 0.752941191200000 );
#7225 = CARTESIAN_POINT( '', ( -4.00000000000000, 0.000000000000000, -23.8000000000000 ) );
#7226 = AXIS2_PLACEMENT_3D( '', #8978, #8979, #8980 );
#7227 = CARTESIAN_POINT( '', ( -0.500000000000000, 0.000000000000000, -23.8000000000000 ) );
#7228 = AXIS2_PLACEMENT_3D( '', #8981, #8982, #8983 );
#7229 = COLOUR_RGB( '', 0.752941191200000, 0.752941191200000, 0.752941191200000 );
#7230 = CARTESIAN_POINT( '', ( 20.0000000000000, 0.000000000000000, -27.7500000000000 ) );
#7231 = AXIS2_PLACEMENT_3D( '', #8984, #8985, #8986 );
#7232 = CARTESIAN_POINT( '', ( 19.7500000000000, 0.000000000000000, -28.0000000000000 ) );
#7233 = AXIS2_PLACEMENT_3D( '', #8987, #8988, #8989 );
#7234 = COLOUR_RGB( '', 0.752941191200000, 0.752941191200000, 0.752941191200000 );
#7235 = CARTESIAN_POINT( '', ( 1.25000000000000, -0.649519052838329, -22.3750000000000 ) );
#7236 = CARTESIAN_POINT( '', ( 0.200000000000000, -0.649519052838329, -22.3750000000000 ) );
#7237 = CARTESIAN_POINT( '', ( 1.25000000000000, -0.649519052838329, -22.3750000000000 ) );
#7238 = VECTOR( '', #8990, 1000.00000000000 );
#7239 = CARTESIAN_POINT( '', ( 1.25000000000000, 0.649519052838329, -22.3750000000000 ) );
#7240 = CARTESIAN_POINT( '', ( 1.25000000000000, -0.649519052838329, -22.3750000000000 ) );
#7241 = VECTOR( '', #8991, 1000.00000000000 );
#7242 = CARTESIAN_POINT( '', ( 0.200000000000000, 0.649519052838329, -22.3750000000000 ) );
#7243 = CARTESIAN_POINT( '', ( 1.25000000000000, 0.649519052838329, -22.3750000000000 ) );
#7244 = VECTOR( '', #8992, 1000.00000000000 );
#7245 = CARTESIAN_POINT( '', ( 0.200000000000000, 2.25000000000000, -22.3750000000000 ) );
#7246 = VECTOR( '', #8993, 1000.00000000000 );
#7247 = COLOUR_RGB( '', 0.752941191200000, 0.752941191200000, 0.752941191200000 );
#7248 = CARTESIAN_POINT( '', ( -19.7500000000000, 0.000000000000000, -28.0000000000000 ) );
#7249 = AXIS2_PLACEMENT_3D( '', #8994, #8995, #8996 );
#7250 = CARTESIAN_POINT( '', ( -20.0000000000000, 0.000000000000000, -27.7500000000000 ) );
#7251 = AXIS2_PLACEMENT_3D( '', #8997, #8998, #8999 );
#7252 = COLOUR_RGB( '', 0.752941191200000, 0.752941191200000, 0.752941191200000 );
#7253 = CARTESIAN_POINT( '', ( -4.00000000000000, 0.000000000000000, -24.2500000000000 ) );
#7254 = AXIS2_PLACEMENT_3D( '', #9000, #9001, #9002 );
#7255 = COLOUR_RGB( '', 0.752941191200000, 0.752941191200000, 0.752941191200000 );
#7256 = CARTESIAN_POINT( '', ( -11.8800000000000, -1.98000000000000, 27.9299051197816 ) );
#7257 = CARTESIAN_POINT( '', ( -11.8800000000000, 0.780000000000000, 27.9891336057406 ) );
#7258 = AXIS2_PLACEMENT_3D( '', #9003, #9004, #9005 );
#7259 = CARTESIAN_POINT( '', ( -11.8800000000000, -1.98000000000000, 27.4000000000000 ) );
#7260 = CARTESIAN_POINT( '', ( -11.8800000000000, -1.98000000000000, 27.4000000000000 ) );
#7261 = VECTOR( '', #9006, 1000.00000000000 );
#7262 = CARTESIAN_POINT( '', ( -11.8800000000000, 0.780000000000000, 27.4000000000000 ) );
#7263 = CARTESIAN_POINT( '', ( -11.8800000000000, 0.780000000000000, 27.4000000000000 ) );
#7264 = VECTOR( '', #9007, 1000.00000000000 );
#7265 = CARTESIAN_POINT( '', ( -11.8800000000000, 0.780000000000000, 27.4000000000000 ) );
#7266 = VECTOR( '', #9008, 1000.00000000000 );
#7267 = COLOUR_RGB( '', 0.752941191200000, 0.752941191200000, 0.752941191200000 );
#7268 = CARTESIAN_POINT( '', ( 7.00000000000000, -21.5000000000000, -5.25000000000000 ) );
#7269 = AXIS2_PLACEMENT_3D( '', #9009, #9010, #9011 );
#7270 = COLOUR_RGB( '', 0.752941191200000, 0.752941191200000, 0.752941191200000 );
#7271 = CARTESIAN_POINT( '', ( 1.75000000000000, -21.2500000000000, -7.70000000000000 ) );
#7272 = AXIS2_PLACEMENT_3D( '', #9012, #9013, #9014 );
#7273 = COLOUR_RGB( '', 0.752941191200000, 0.752941191200000, 0.752941191200000 );
#7274 = CARTESIAN_POINT( '', ( 8.75000000000000, -21.2500000000000, -1.00000000000000 ) );
#7275 = AXIS2_PLACEMENT_3D( '', #9015, #9016, #9017 );
#7276 = COLOUR_RGB( '', 0.752941191200000, 0.752941191200000, 0.752941191200000 );
#7277 = CARTESIAN_POINT( '', ( -3.99050000000000, 21.2500000000000, 13.5000000000000 ) );
#7278 = AXIS2_PLACEMENT_3D( '', #9018, #9019, #9020 );
#7279 = COLOUR_RGB( '', 0.752941191200000, 0.752941191200000, 0.752941191200000 );
#7280 = CARTESIAN_POINT( '', ( -5.38000000000000, 0.780000000000000, 27.4000000000000 ) );
#7281 = CARTESIAN_POINT( '', ( -5.38000000000000, 0.780000000000000, 27.9891336057406 ) );
#7282 = CARTESIAN_POINT( '', ( -5.38000000000000, 0.780000000000000, 27.4000000000000 ) );
#7283 = VECTOR( '', #9021, 1000.00000000000 );
#7284 = CARTESIAN_POINT( '', ( -4.78000000000000, 0.780000000000000, 27.4000000000000 ) );
#7285 = CARTESIAN_POINT( '', ( -4.78000000000000, 0.780000000000000, 27.4000000000000 ) );
#7286 = VECTOR( '', #9022, 1000.00000000000 );
#7287 = CARTESIAN_POINT( '', ( -4.78000000000000, 0.780000000000000, 27.9891336057406 ) );
#7288 = CARTESIAN_POINT( '', ( -4.78000000000000, 0.780000000000000, 27.4000000000000 ) );
#7289 = VECTOR( '', #9023, 1000.00000000000 );
#7290 = CARTESIAN_POINT( '', ( 0.000000000000000, 0.780000000000000, 27.9891336057406 ) );
#7291 = VECTOR( '', #9024, 1000.00000000000 );
#7292 = COLOUR_RGB( '', 0.752941191200000, 0.752941191200000, 0.752941191200000 );
#7293 = CARTESIAN_POINT( '', ( 8.50000000000000, -21.2500000000000, -1.00000000000000 ) );
#7294 = AXIS2_PLACEMENT_3D( '', #9025, #9026, #9027 );
#7295 = COLOUR_RGB( '', 0.752941191200000, 0.752941191200000, 0.752941191200000 );
#7296 = CARTESIAN_POINT( '', ( -4.00000000000000, 0.000000000000000, 18.7000000000000 ) );
#7297 = AXIS2_PLACEMENT_3D( '', #9028, #9029, #9030 );
#7298 = CARTESIAN_POINT( '', ( -0.500000000000000, 0.000000000000000, 18.7000000000000 ) );
#7299 = AXIS2_PLACEMENT_3D( '', #9031, #9032, #9033 );
#7300 = COLOUR_RGB( '', 0.752941191200000, 0.752941191200000, 0.752941191200000 );
#7301 = CARTESIAN_POINT( '', ( -4.00000000000000, -22.4047005383793, 8.00000000000000 ) );
#7302 = CARTESIAN_POINT( '', ( -4.00000000000000, -22.4047005383793, 6.38750000000000 ) );
#7303 = VECTOR( '', #9034, 1000.00000000000 );
#7304 = CARTESIAN_POINT( '', ( -4.00000000000000, -20.0952994616207, 8.00000000000000 ) );
#7305 = CARTESIAN_POINT( '', ( -4.00000000000000, -21.2500000000000, 8.00000000000000 ) );
#7306 = VECTOR( '', #9035, 1000.00000000000 );
#7307 = CARTESIAN_POINT( '', ( -4.00000000000000, -20.0952994616207, 6.38750000000000 ) );
#7308 = VECTOR( '', #9036, 1000.00000000000 );
#7309 = COLOUR_RGB( '', 0.752941191200000, 0.752941191200000, 0.752941191200000 );
#7310 = CARTESIAN_POINT( '', ( -13.5000000000000, 27.9955353583388, -0.500000000000000 ) );
#7311 = AXIS2_PLACEMENT_3D( '', #9037, #9038, #9039 );
#7312 = CARTESIAN_POINT( '', ( -13.5000000000000, -28.0000000000000, -0.500000000000000 ) );
#7313 = VECTOR( '', #9040, 1000.00000000000 );
#7314 = COLOUR_RGB( '', 0.752941191200000, 0.752941191200000, 0.752941191200000 );
#7315 = CARTESIAN_POINT( '', ( -8.00000000000000, 22.4047005383792, -6.38750000000000 ) );
#7316 = VECTOR( '', #9041, 1000.00000000000 );
#7317 = CARTESIAN_POINT( '', ( -8.00000000000000, 20.0952994616208, -6.38750000000000 ) );
#7318 = VECTOR( '', #9042, 1000.00000000000 );
#7319 = COLOUR_RGB( '', 0.752941191200000, 0.752941191200000, 0.752941191200000 );
#7320 = CARTESIAN_POINT( '', ( 4.00000000000000, 0.000000000000000, -23.8000000000000 ) );
#7321 = AXIS2_PLACEMENT_3D( '', #9043, #9044, #9045 );
#7322 = CARTESIAN_POINT( '', ( 4.00000000000000, 0.000000000000000, -24.2500000000000 ) );
#7323 = AXIS2_PLACEMENT_3D( '', #9046, #9047, #9048 );
#7324 = COLOUR_RGB( '', 0.752941191200000, 0.752941191200000, 0.752941191200000 );
#7325 = CARTESIAN_POINT( '', ( -0.200000000000000, 1.29903810567666, 21.2500000000000 ) );
#7326 = CARTESIAN_POINT( '', ( -0.200000000000000, 0.974278579257492, 21.8125000000000 ) );
#7327 = VECTOR( '', #9049, 1000.00000000000 );
#7328 = CARTESIAN_POINT( '', ( -1.25000000000000, 1.29903810567666, 21.2500000000000 ) );
#7329 = CARTESIAN_POINT( '', ( -1.25000000000000, 1.29903810567666, 21.2500000000000 ) );
#7330 = VECTOR( '', #9050, 1000.00000000000 );
#7331 = CARTESIAN_POINT( '', ( -1.25000000000000, 1.29903810567666, 21.2500000000000 ) );
#7332 = VECTOR( '', #9051, 1000.00000000000 );
#7333 = COLOUR_RGB( '', 0.752941191200000, 0.752941191200000, 0.752941191200000 );
#7334 = CARTESIAN_POINT( '', ( -6.00000000000000, -23.5594010767585, 8.00000000000000 ) );
#7335 = VECTOR( '', #9052, 1000.00000000000 );
#7336 = COLOUR_RGB( '', 0.752941191200000, 0.752941191200000, 0.752941191200000 );
#7337 = CARTESIAN_POINT( '', ( 6.00000000000000, -23.5594010767585, -6.38750000000000 ) );
#7338 = VECTOR( '', #9053, 1000.00000000000 );
#7339 = COLOUR_RGB( '', 0.752941191200000, 0.752941191200000, 0.752941191200000 );
#7340 = CARTESIAN_POINT( '', ( -8.50000000000000, 21.2500000000000, 13.0095000000000 ) );
#7341 = AXIS2_PLACEMENT_3D( '', #9054, #9055, #9056 );
#7342 = CARTESIAN_POINT( '', ( -8.50000000000000, 21.2500000000000, 18.2328686717148 ) );
#7343 = CARTESIAN_POINT( '', ( -8.50000000000000, 21.5271062417950, 17.9099075543961 ) );
#7344 = CARTESIAN_POINT( '', ( -8.50000000000000, 20.9728937582050, 18.5558297890336 ) );
#7345 = CARTESIAN_POINT( '', ( -8.45528740724184, 20.6934613095407, 18.8665790354418 ) );
#7346 = CARTESIAN_POINT( '', ( -8.30627862406667, 20.2737204295348, 19.3136751114999 ) );
#7347 = CARTESIAN_POINT( '', ( -8.24208182340936, 20.1326388916453, 19.4606180586615 ) );
#7348 = CARTESIAN_POINT( '', ( -8.08195299813304, 19.8568386802343, 19.7419543509157 ) );
#7349 = CARTESIAN_POINT( '', ( -7.98690471027333, 19.7231141776252, 19.8753839107467 ) );
#7350 = CARTESIAN_POINT( '', ( -7.76078656532975, 19.4670806766346, 20.1262238980046 ) );
#7351 = CARTESIAN_POINT( '', ( -7.62838202464569, 19.3440950616532, 20.2442239458046 ) );
#7352 = CARTESIAN_POINT( '', ( -7.33067147536559, 19.1255200455517, 20.4508459460571 ) );
#7353 = CARTESIAN_POINT( '', ( -7.16178264921113, 19.0273147690654, 20.5419715635214 ) );
#7354 = CARTESIAN_POINT( '', ( -6.88543138870630, 18.9099084642157, 20.6498955841037 ) );
#7355 = CARTESIAN_POINT( '', ( -6.79004830388946, 18.8758870580426, 20.6809663111367 ) );
#7356 = CARTESIAN_POINT( '', ( -6.59226784072562, 18.8189904589882, 20.7327537460623 ) );
#7357 = CARTESIAN_POINT( '', ( -6.48880259884303, 18.7959811265133, 20.7535917949622 ) );
#7358 = CARTESIAN_POINT( '', ( -6.17597950590117, 18.7472859408711, 20.7976245146384 ) );
#7359 = CARTESIAN_POINT( '', ( -5.96289645615574, 18.7411926800335, 20.8030891483981 ) );
#7360 = CARTESIAN_POINT( '', ( -5.53845148810852, 18.7837348453878, 20.7646845977612 ) );
#7361 = CARTESIAN_POINT( '', ( -5.33461738879139, 18.8315355946137, 20.7215413388371 ) );
#7362 = CARTESIAN_POINT( '', ( -4.95094628725317, 18.9715815996198, 20.5933994259644 ) );
#7363 = CARTESIAN_POINT( '', ( -4.77617264455170, 19.0617806259497, 20.5102231958285 ) );
#7364 = CARTESIAN_POINT( '', ( -4.45970622593579, 19.2717299187190, 20.3130785976544 ) );
#7365 = CARTESIAN_POINT( '', ( -4.32248510142979, 19.3882499181949, 20.2021313746076 ) );
#7366 = CARTESIAN_POINT( '', ( -4.08114542764710, 19.6381170228001, 19.9593263104268 ) );
#7367 = CARTESIAN_POINT( '', ( -3.97711533259059, 19.7722359936789, 19.8266460172370 ) );
#7368 = CARTESIAN_POINT( '', ( -3.80449095144012, 20.0435221287939, 19.5523509879273 ) );
#7369 = CARTESIAN_POINT( '', ( -3.73457313144317, 20.1819720857049, 19.4095241230691 ) );
#7370 = CARTESIAN_POINT( '', ( -3.62240726162298, 20.4626657044752, 19.1133706137632 ) );
#7371 = CARTESIAN_POINT( '', ( -3.58021199784499, 20.6056143296849, 18.9592323927324 ) );
#7372 = CARTESIAN_POINT( '', ( -3.49343037650245, 21.0274327236937, 18.4938479595766 ) );
#7373 = CARTESIAN_POINT( '', ( -3.48588010312088, 21.3027053482869, 18.1761593133566 ) );
#7374 = CARTESIAN_POINT( '', ( -3.53823690919333, 21.7061980514506, 17.6885689581242 ) );
#7375 = CARTESIAN_POINT( '', ( -3.56671733626214, 21.8392256417761, 17.5240207950868 ) );
#7376 = CARTESIAN_POINT( '', ( -3.64388270605049, 22.0966183766762, 17.1983295053498 ) );
#7377 = CARTESIAN_POINT( '', ( -3.69261381568991, 22.2217320299290, 17.0362952860763 ) );
#7378 = CARTESIAN_POINT( '', ( -3.81092119390446, 22.4650012848711, 16.7141990162586 ) );
#7379 = CARTESIAN_POINT( '', ( -3.88046214062600, 22.5831609173845, 16.5541277120260 ) );
#7380 = CARTESIAN_POINT( '', ( -4.04326643637734, 22.8123548028389, 16.2368337330880 ) );
#7381 = CARTESIAN_POINT( '', ( -4.13663666226286, 22.9233009433656, 16.0796756672716 ) );
#7382 = CARTESIAN_POINT( '', ( -4.34786285943321, 23.1321535124030, 15.7777428545205 ) );
#7383 = CARTESIAN_POINT( '', ( -4.46629184723867, 23.2310007916362, 15.6316284851731 ) );
#7384 = CARTESIAN_POINT( '', ( -4.73680039114693, 23.4135506886836, 15.3568502964612 ) );
#7385 = CARTESIAN_POINT( '', ( -4.88581781917119, 23.4954886052277, 15.2308391939959 ) );
#7386 = CARTESIAN_POINT( '', ( -5.22536526175587, 23.6340222378554, 15.0149738665207 ) );
#7387 = CARTESIAN_POINT( '', ( -5.41394530121900, 23.6892911071025, 14.9271916033206 ) );
#7388 = CARTESIAN_POINT( '', ( -5.72352587472844, 23.7368579295656, 14.8513456027203 ) );
#7389 = CARTESIAN_POINT( '', ( -5.82811095748802, 23.7463124275685, 14.8361947314789 ) );
#7390 = CARTESIAN_POINT( '', ( -6.03895419301519, 23.7519200926119, 14.8272155151342 ) );
#7391 = CARTESIAN_POINT( '', ( -6.14691622020092, 23.7478998124427, 14.8336662351525 ) );
#7392 = CARTESIAN_POINT( '', ( -6.46120792315144, 23.7160978582892, 14.8844986575604 ) );
#7393 = CARTESIAN_POINT( '', ( -6.66005645493185, 23.6685707607551, 14.9603601329946 ) );
#7394 = CARTESIAN_POINT( '', ( -7.01344232785577, 23.5430533566813, 15.1571189811991 ) );
#7395 = CARTESIAN_POINT( '', ( -7.17290631838149, 23.4639722149596, 15.2796258280168 ) );
#7396 = CARTESIAN_POINT( '', ( -7.45448217419574, 23.2900646571271, 15.5434180866189 ) );
#7397 = CARTESIAN_POINT( '', ( -7.57819134808877, 23.1947729122415, 15.6855064926762 ) );
#7398 = CARTESIAN_POINT( '', ( -7.80092424402154, 22.9905463161507, 15.9833470983761 ) );
#7399 = CARTESIAN_POINT( '', ( -7.89912396791653, 22.8819346154263, 16.1385895483739 ) );
#7400 = CARTESIAN_POINT( '', ( -8.15631467449022, 22.5460851680136, 16.6078915283909 ) );
#7401 = CARTESIAN_POINT( '', ( -8.28205630018639, 22.3061089579226, 16.9295705342798 ) );
#7402 = CARTESIAN_POINT( '', ( -8.45512039469189, 21.7936275708540, 17.5843866148575 ) );
#7403 = CARTESIAN_POINT( '', ( -8.50000000000000, 21.5271062417950, 17.9099075543961 ) );
#7404 = CARTESIAN_POINT( '', ( -8.50000000000000, 20.9728937582050, 18.5558297890336 ) );
#7405 = COLOUR_RGB( '', 0.752941191200000, 0.752941191200000, 0.752941191200000 );
#7406 = CARTESIAN_POINT( '', ( -0.200000000000000, 0.974278579257494, 20.6875000000000 ) );
#7407 = VECTOR( '', #9057, 1000.00000000000 );
#7408 = CARTESIAN_POINT( '', ( -1.25000000000000, 0.649519052838329, 20.1250000000000 ) );
#7409 = VECTOR( '', #9058, 1000.00000000000 );
#7410 = COLOUR_RGB( '', 0.752941191200000, 0.752941191200000, 0.752941191200000 );
#7411 = CARTESIAN_POINT( '', ( 13.5000000000000, -24.0500000000000, 14.3386714865778 ) );
#7412 = CARTESIAN_POINT( '', ( 13.5000000000000, -27.9955353583388, 0.500000000000000 ) );
#7413 = AXIS2_PLACEMENT_3D( '', #9059, #9060, #9061 );
#7414 = CARTESIAN_POINT( '', ( 13.5000000000000, -24.0500000000000, 0.500000000000000 ) );
#7415 = CARTESIAN_POINT( '', ( 13.5000000000000, 28.0000000000000, 0.500000000000000 ) );
#7416 = VECTOR( '', #9062, 1000.00000000000 );
#7417 = CARTESIAN_POINT( '', ( 13.5000000000000, -24.0500000000000, 28.0000000000000 ) );
#7418 = VECTOR( '', #9063, 1000.00000000000 );
#7419 = COLOUR_RGB( '', 0.752941191200000, 0.752941191200000, 0.752941191200000 );
#7420 = COLOUR_RGB( '', 0.752941191200000, 0.752941191200000, 0.752941191200000 );
#7421 = CARTESIAN_POINT( '', ( -9.89573593128807, -1.80426406871193, 27.4000000000000 ) );
#7422 = AXIS2_PLACEMENT_3D( '', #9064, #9065, #9066 );
#7423 = CARTESIAN_POINT( '', ( -9.89573593128807, -1.80426406871193, 27.9418079438385 ) );
#7424 = CARTESIAN_POINT( '', ( -9.89573593128807, -1.80426406871193, 27.4000000000000 ) );
#7425 = VECTOR( '', #9067, 1000.00000000000 );
#7426 = CARTESIAN_POINT( '', ( -9.47147186257614, -1.98000000000000, 27.9299051197816 ) );
#7427 = CARTESIAN_POINT( '', ( -9.62993298841772, -1.98000000000000, 27.9299051197816 ) );
#7428 = CARTESIAN_POINT( '', ( -9.78380725543730, -1.91619274456271, 27.9345804627642 ) );
#7429 = CARTESIAN_POINT( '', ( -9.89573593128807, -1.80426406871193, 27.9418079438385 ) );
#7430 = COLOUR_RGB( '', 0.752941191200000, 0.752941191200000, 0.752941191200000 );
#7431 = CARTESIAN_POINT( '', ( -4.00000000000000, 20.0952994616208, -6.38750000000000 ) );
#7432 = VECTOR( '', #9068, 1000.00000000000 );
#7433 = CARTESIAN_POINT( '', ( -4.00000000000000, 22.4047005383792, -6.38750000000000 ) );
#7434 = VECTOR( '', #9069, 1000.00000000000 );
#7435 = COLOUR_RGB( '', 0.752941191200000, 0.752941191200000, 0.752941191200000 );
#7436 = CARTESIAN_POINT( '', ( 0.000000000000000, 0.000000000000000, -24.2500000000000 ) );
#7437 = AXIS2_PLACEMENT_3D( '', #9070, #9071, #9072 );
#7438 = COLOUR_RGB( '', 0.752941191200000, 0.752941191200000, 0.752941191200000 );
#7439 = CARTESIAN_POINT( '', ( 10.5000000000000, 21.2500000000000, 18.2328686717148 ) );
#7440 = CARTESIAN_POINT( '', ( 10.5000000000000, 20.9936757298332, 18.5316088666406 ) );
#7441 = CARTESIAN_POINT( '', ( 10.5000000000000, 21.7626485403335, 17.6353882818633 ) );
#7442 = CARTESIAN_POINT( '', ( 10.4149558786379, 22.2401447079238, 17.0281218921851 ) );
#7443 = CARTESIAN_POINT( '', ( 10.1891733795006, 22.9102354907426, 16.1017499890492 ) );
#7444 = CARTESIAN_POINT( '', ( 10.0971137800790, 23.1258409360895, 15.7904149743064 ) );
#7445 = CARTESIAN_POINT( '', ( 9.87966518149874, 23.5420119161751, 15.1629614192209 ) );
#7446 = CARTESIAN_POINT( '', ( 9.75481008317962, 23.7412679166752, 14.8487001038916 ) );
#7447 = CARTESIAN_POINT( '', ( 9.47546414798395, 24.1181289283226, 14.2284065890553 ) );
#7448 = CARTESIAN_POINT( '', ( 9.32062529907520, 24.2965688552504, 13.9211005358755 ) );
#7449 = CARTESIAN_POINT( '', ( 8.97607788217738, 24.6339466020986, 13.3149905397200 ) );
#7450 = CARTESIAN_POINT( '', ( 8.78662505632992, 24.7929236734182, 13.0160652739241 ) );
#7451 = CARTESIAN_POINT( '', ( 8.36008092978001, 25.0902611063730, 12.4332544856532 ) );
#7452 = CARTESIAN_POINT( '', ( 8.12092584258426, 25.2297821041240, 12.1465982743588 ) );
#7453 = CARTESIAN_POINT( '', ( 7.71771994734210, 25.4118729184124, 11.7582802077308 ) );
#7454 = CARTESIAN_POINT( '', ( 7.57553239054378, 25.4682712734424, 11.6354012512261 ) );
#7455 = CARTESIAN_POINT( '', ( 7.26889685237699, 25.5704184551997, 11.4091675402139 ) );
#7456 = CARTESIAN_POINT( '', ( 7.10377604116705, 25.6161747286986, 11.3057523586619 ) );
#7457 = CARTESIAN_POINT( '', ( 6.75479441972612, 25.6898298046807, 11.1373735114319 ) );
#7458 = CARTESIAN_POINT( '', ( 6.56630675358719, 25.7183795539628, 11.0709804019012 ) );
#7459 = CARTESIAN_POINT( '', ( 6.27831319249188, 25.7424182308911, 11.0149133955346 ) );
#7460 = CARTESIAN_POINT( '', ( 6.18122768292477, 25.7474229366780, 11.0031919640355 ) );
#7461 = CARTESIAN_POINT( '', ( 5.98472566126389, 25.7510469047758, 10.9947080263927 ) );
#7462 = CARTESIAN_POINT( '', ( 5.88426843223632, 25.7495909188967, 10.9981230133425 ) );
#7463 = CARTESIAN_POINT( '', ( 5.58895147895430, 25.7355198189423, 11.0310284596399 ) );
#7464 = CARTESIAN_POINT( '', ( 5.39791489842850, 25.7133465746807, 11.0828829825195 ) );
#7465 = CARTESIAN_POINT( '', ( 5.03493197237243, 25.6491604673277, 11.2306301958142 ) );
#7466 = CARTESIAN_POINT( '', ( 4.86685030389881, 25.6081552154846, 11.3241341163475 ) );
#7467 = CARTESIAN_POINT( '', ( 4.54889404311632, 25.5128437243144, 11.5372627656689 ) );
#7468 = CARTESIAN_POINT( '', ( 4.39904221678159, 25.4582944288724, 11.6573798422090 ) );
#7469 = CARTESIAN_POINT( '', ( 4.12049673011883, 25.3414881500785, 11.9091661484812 ) );
#7470 = CARTESIAN_POINT( '', ( 3.99046267185167, 25.2788148704919, 12.0417929293897 ) );
#7471 = CARTESIAN_POINT( '', ( 3.62073001776184, 25.0798084139146, 12.4537642006315 ) );
#7472 = CARTESIAN_POINT( '', ( 3.39993433016008, 24.9315630111167, 12.7487878471553 ) );
#7473 = CARTESIAN_POINT( '', ( 2.80445782657911, 24.4586603103321, 13.6466713457906 ) );
#7474 = CARTESIAN_POINT( '', ( 2.48974499461786, 24.1046415364111, 14.2658150188013 ) );
#7475 = CARTESIAN_POINT( '', ( 2.10418502355322, 23.5144740659470, 15.2054698986677 ) );
#7476 = CARTESIAN_POINT( '', ( 1.99068400149496, 23.3068657489516, 15.5220476618257 ) );
#7477 = CARTESIAN_POINT( '', ( 1.79811598031863, 22.8777230016882, 16.1478712192557 ) );
#7478 = CARTESIAN_POINT( '', ( 1.71851389493738, 22.6555795104258, 16.4581975631319 ) );
#7479 = CARTESIAN_POINT( '', ( 1.59401829012707, 22.1955697754468, 17.0734950236787 ) );
#7480 = CARTESIAN_POINT( '', ( 1.54911104477589, 21.9577075910424, 17.3784666289008 ) );
#7481 = CARTESIAN_POINT( '', ( 1.49834344667852, 21.4652923642231, 17.9831379003767 ) );
#7482 = CARTESIAN_POINT( '', ( 1.49262688136376, 21.2090209162684, 18.2847314814912 ) );
#7483 = CARTESIAN_POINT( '', ( 1.52757448987437, 20.6883045555770, 18.8718845956794 ) );
#7484 = CARTESIAN_POINT( '', ( 1.56786076731213, 20.4241280502612, 19.1573298505664 ) );
#7485 = CARTESIAN_POINT( '', ( 1.70173175183053, 19.8895542193551, 19.7117712692746 ) );
#7486 = CARTESIAN_POINT( '', ( 1.79606472645778, 19.6173039082460, 19.9825146542526 ) );
#7487 = CARTESIAN_POINT( '', ( 2.04801525520085, 19.0773092974296, 20.4986773843122 ) );
#7488 = CARTESIAN_POINT( '', ( 2.20377918683590, 18.8125920158611, 20.7413448726768 ) );
#7489 = CARTESIAN_POINT( '', ( 2.58658329023543, 18.3002819611115, 21.1947324971649 ) );
#7490 = CARTESIAN_POINT( '', ( 2.81664505356730, 18.0506740662501, 21.4069558065106 ) );
#7491 = CARTESIAN_POINT( '', ( 3.21103804927394, 17.7142468944031, 21.6847090077571 ) );
#7492 = CARTESIAN_POINT( '', ( 3.35108444765505, 17.6078081523117, 21.7711152998339 ) );
#7493 = CARTESIAN_POINT( '', ( 3.65005481282475, 17.4081159991361, 21.9311164031359 ) );
#7494 = CARTESIAN_POINT( '', ( 3.81037628972527, 17.3142653324474, 22.0051683533590 ) );
#7495 = CARTESIAN_POINT( '', ( 4.30777452367771, 17.0638071710473, 22.2007062472699 ) );
#7496 = CARTESIAN_POINT( '', ( 4.66312866459009, 16.9354073778139, 22.2980440985339 ) );
#7497 = CARTESIAN_POINT( '', ( 5.23637757916304, 16.8109556868498, 22.3918393016952 ) );
#7498 = CARTESIAN_POINT( '', ( 5.43215516867976, 16.7816834879769, 22.4137348318805 ) );
#7499 = CARTESIAN_POINT( '', ( 5.82221836035274, 16.7492562956018, 22.4379772561773 ) );
#7500 = CARTESIAN_POINT( '', ( 6.01810238959389, 16.7457273372013, 22.4406050216351 ) );
#7501 = CARTESIAN_POINT( '', ( 6.41160699099612, 16.7645368575466, 22.4265566180118 ) );
#7502 = CARTESIAN_POINT( '', ( 6.61008640680048, 16.7872762771596, 22.4095794279179 ) );
#7503 = CARTESIAN_POINT( '', ( 6.99426074916687, 16.8568742320722, 22.3572736724750 ) );
#7504 = CARTESIAN_POINT( '', ( 7.18176296752997, 16.9036972851673, 22.3219708329403 ) );
#7505 = CARTESIAN_POINT( '', ( 7.54790827288708, 17.0202374795841, 22.2332381787667 ) );
#7506 = CARTESIAN_POINT( '', ( 7.72744312547668, 17.0905420053626, 22.1793460100566 ) );
#7507 = CARTESIAN_POINT( '', ( 8.06744928948958, 17.2486497283668, 22.0566112088640 ) );
#7508 = CARTESIAN_POINT( '', ( 8.22918751554073, 17.3367265732353, 21.9875651348169 ) );
#7509 = CARTESIAN_POINT( '', ( 8.53730297716107, 17.5291023268362, 21.8345066454052 ) );
#7510 = CARTESIAN_POINT( '', ( 8.68447015730177, 17.6341294445179, 21.7498914478105 ) );
#7511 = CARTESIAN_POINT( '', ( 8.95835343441531, 17.8545552785343, 21.5693104911426 ) );
#7512 = CARTESIAN_POINT( '', ( 9.08552208070634, 17.9700670211699, 21.4732719388767 ) );
#7513 = CARTESIAN_POINT( '', ( 9.44057938537450, 18.3300614873748, 21.1685547899284 ) );
#7514 = CARTESIAN_POINT( '', ( 9.64293030146213, 18.5900108368266, 20.9412968726275 ) );
#7515 = CARTESIAN_POINT( '', ( 9.97385719555492, 19.1157688693942, 20.4624973586498 ) );
#7516 = CARTESIAN_POINT( '', ( 10.1049822301266, 19.3837676492324, 20.2092504854281 ) );
#7517 = CARTESIAN_POINT( '', ( 10.3101658628965, 19.9247934006245, 19.6760479112202 ) );
#7518 = CARTESIAN_POINT( '', ( 10.3835237951430, 20.1974153318519, 19.3963084133450 ) );
#7519 = CARTESIAN_POINT( '', ( 10.4780671269742, 20.7302595334993, 18.8257458239158 ) );
#7520 = CARTESIAN_POINT( '', ( 10.5000000000000, 20.9936757298332, 18.5316088666406 ) );
#7521 = CARTESIAN_POINT( '', ( 10.5000000000000, 21.7626485403335, 17.6353882818633 ) );
#7522 = CARTESIAN_POINT( '', ( 10.5000000000000, 21.2500000000000, 3.50000000000000 ) );
#7523 = AXIS2_PLACEMENT_3D( '', #9073, #9074, #9075 );
#7524 = COLOUR_RGB( '', 0.752941191200000, 0.752941191200000, 0.752941191200000 );
#7525 = CARTESIAN_POINT( '', ( -6.00000000000000, 18.9405989232415, -6.38750000000000 ) );
#7526 = VECTOR( '', #9076, 1000.00000000000 );
#7527 = COLOUR_RGB( '', 0.752941191200000, 0.752941191200000, 0.752941191200000 );
#7528 = CARTESIAN_POINT( '', ( -7.00000000000000, 0.180000000000000, 27.9994214225937 ) );
#7529 = CARTESIAN_POINT( '', ( -7.00000000000000, -0.360000000000000, 27.9976856186364 ) );
#7530 = CARTESIAN_POINT( '', ( -7.00000000000000, 0.180000000000000, 27.9994214225937 ) );
#7531 = CARTESIAN_POINT( '', ( -6.92865592731616, 0.180000000000000, 27.9994214225937 ) );
#7532 = CARTESIAN_POINT( '', ( -6.85889122173937, 0.150731104322432, 27.9996386021856 ) );
#7533 = CARTESIAN_POINT( '', ( -6.75926260510102, 0.0510980460097098, 27.9999976912232 ) );
#7534 = CARTESIAN_POINT( '', ( -6.73004693142886, -0.0193940956083092, 28.0000818529315 ) );
#7535 = CARTESIAN_POINT( '', ( -6.72995318816673, -0.160246511547767, 27.9996300146510 ) );
#7536 = CARTESIAN_POINT( '', ( -6.75858328447111, -0.230347277108878, 27.9990979102816 ) );
#7537 = CARTESIAN_POINT( '', ( -6.85930045090656, -0.331211578522958, 27.9980864086791 ) );
#7538 = CARTESIAN_POINT( '', ( -6.92865588715950, -0.359999999999999, 27.9976856186364 ) );
#7539 = CARTESIAN_POINT( '', ( -7.00000000000000, -0.360000000000000, 27.9976856186364 ) );
#7540 = CARTESIAN_POINT( '', ( -7.78000000000000, 0.180000000000000, 27.9994214225937 ) );
#7541 = CARTESIAN_POINT( '', ( 0.000000000000000, 0.180000000000000, 27.9994214225937 ) );
#7542 = VECTOR( '', #9077, 1000.00000000000 );
#7543 = CARTESIAN_POINT( '', ( -7.78000000000000, -0.360000000000000, 27.9976856186364 ) );
#7544 = AXIS2_PLACEMENT_3D( '', #9078, #9079, #9080 );
#7545 = CARTESIAN_POINT( '', ( 0.000000000000000, -0.360000000000000, 27.9976856186364 ) );
#7546 = VECTOR( '', #9081, 1000.00000000000 );
#7547 = COLOUR_RGB( '', 0.752941191200000, 0.752941191200000, 0.752941191200000 );
#7548 = CARTESIAN_POINT( '', ( 0.000000000000000, 0.000000000000000, 18.2500000000000 ) );
#7549 = AXIS2_PLACEMENT_3D( '', #9082, #9083, #9084 );
#7550 = CARTESIAN_POINT( '', ( -4.00000000000000, 0.000000000000000, 18.2500000000000 ) );
#7551 = AXIS2_PLACEMENT_3D( '', #9085, #9086, #9087 );
#7552 = COLOUR_RGB( '', 0.752941191200000, 0.752941191200000, 0.752941191200000 );
#7553 = CARTESIAN_POINT( '', ( -0.200000000000000, -1.29903810567666, -21.2500000000000 ) );
#7554 = CARTESIAN_POINT( '', ( -0.200000000000000, -0.649519052838329, -22.3750000000000 ) );
#7555 = CARTESIAN_POINT( '', ( -0.200000000000000, -0.974278579257492, -21.8125000000000 ) );
#7556 = VECTOR( '', #9088, 1000.00000000000 );
#7557 = CARTESIAN_POINT( '', ( -1.25000000000000, -0.649519052838329, -22.3750000000000 ) );
#7558 = VECTOR( '', #9089, 1000.00000000000 );
#7559 = CARTESIAN_POINT( '', ( -1.25000000000000, -1.29903810567666, -21.2500000000000 ) );
#7560 = VECTOR( '', #9090, 1000.00000000000 );
#7561 = COLOUR_RGB( '', 0.752941191200000, 0.752941191200000, 0.752941191200000 );
#7562 = COLOUR_RGB( '', 0.752941191200000, 0.752941191200000, 0.752941191200000 );
#7563 = CARTESIAN_POINT( '', ( -13.5000000000000, 11.5000000000000, 25.5293948224395 ) );
#7564 = CARTESIAN_POINT( '', ( -14.0000000000000, 11.5000000000000, 25.5293948224395 ) );
#7565 = CARTESIAN_POINT( '', ( -13.5000000000000, 11.5000000000000, 25.5293948224395 ) );
#7566 = CARTESIAN_POINT( '', ( -13.5000000000000, 11.5631448492335, 25.5009505223988 ) );
#7567 = CARTESIAN_POINT( '', ( -13.5237424778758, 11.6249194672142, 25.4728085480511 ) );
#7568 = CARTESIAN_POINT( '', ( -13.6141518007726, 11.7198695212474, 25.4292624027874 ) );
#7569 = CARTESIAN_POINT( '', ( -13.6809108915453, 11.7498324595568, 25.4153779670127 ) );
#7570 = CARTESIAN_POINT( '', ( -13.8178712498016, 11.7501660572613, 25.4152237381565 ) );
#7571 = CARTESIAN_POINT( '', ( -13.8851147962828, 11.7203906702833, 25.4290223254955 ) );
#7572 = CARTESIAN_POINT( '', ( -13.9760939147837, 11.6253379328864, 25.4726176872501 ) );
#7573 = CARTESIAN_POINT( '', ( -14.0000000000000, 11.5631950016151, 25.5009279307005 ) );
#7574 = CARTESIAN_POINT( '', ( -14.0000000000000, 11.5000000000000, 25.5293948224395 ) );
#7575 = CARTESIAN_POINT( '', ( -14.0000000000000, 11.5000000000000, 3.42782730020052 ) );
#7576 = CARTESIAN_POINT( '', ( -14.0000000000000, 11.5000000000000, 28.0000000000000 ) );
#7577 = VECTOR( '', #9091, 1000.00000000000 );
#7578 = CARTESIAN_POINT( '', ( -13.5000000000000, 11.5000000000000, 3.42782730020052 ) );
#7579 = CARTESIAN_POINT( '', ( -13.5000000000000, 11.5000000000000, 3.42782730020052 ) );
#7580 = CARTESIAN_POINT( '', ( -13.5000000000000, 11.5519063001424, 3.25368712353436 ) );
#7581 = CARTESIAN_POINT( '', ( -13.5146894681430, 11.5995994022821, 3.07917827663670 ) );
#7582 = CARTESIAN_POINT( '', ( -13.5600000131774, 11.6646140238342, 2.81865055712016 ) );
#7583 = CARTESIAN_POINT( '', ( -13.5787149827555, 11.6851057376712, 2.73236798570432 ) );
#7584 = CARTESIAN_POINT( '', ( -13.6194105855432, 11.7138272144622, 2.60540490465307 ) );
#7585 = CARTESIAN_POINT( '', ( -13.6348682048711, 11.7230399245106, 2.56358192817287 ) );
#7586 = CARTESIAN_POINT( '', ( -13.6659934878137, 11.7357295918083, 2.50460681375059 ) );
#7587 = CARTESIAN_POINT( '', ( -13.6777814507113, 11.7398489427324, 2.48520539128608 ) );
#7588 = CARTESIAN_POINT( '', ( -13.7081381618059, 11.7469627921250, 2.45135966261198 ) );
#7589 = CARTESIAN_POINT( '', ( -13.7285825017159, 11.7501330091208, 2.43605720921104 ) );
#7590 = CARTESIAN_POINT( '', ( -13.7744175352946, 11.7498579905761, 2.43738336333761 ) );
#7591 = CARTESIAN_POINT( '', ( -13.7940286334584, 11.7465702953253, 2.45324174396032 ) );
#7592 = CARTESIAN_POINT( '', ( -13.8238511243185, 11.7393354184778, 2.48763194419963 ) );
#7593 = CARTESIAN_POINT( '', ( -13.8352948893855, 11.7352638604048, 2.50678920582559 ) );
#7594 = CARTESIAN_POINT( '', ( -13.8662002418244, 11.7224740714586, 2.56617256377058 ) );
#7595 = CARTESIAN_POINT( '', ( -13.8816098126735, 11.7131866086906, 2.60827891628991 ) );
#7596 = CARTESIAN_POINT( '', ( -13.9217437390674, 11.6846152208214, 2.73444782031691 ) );
#7597 = CARTESIAN_POINT( '', ( -13.9403459159011, 11.6641977194285, 2.82036404909917 ) );
#7598 = CARTESIAN_POINT( '', ( -13.9853699475378, 11.5993520147787, 3.08007793192604 ) );
#7599 = CARTESIAN_POINT( '', ( -14.0000000000000, 11.5517623876151, 3.25416993492447 ) );
#7600 = CARTESIAN_POINT( '', ( -14.0000000000000, 11.5000000000000, 3.42782730020053 ) );
#7601 = CARTESIAN_POINT( '', ( -13.5000000000000, 11.5000000000000, 28.0000000000000 ) );
#7602 = VECTOR( '', #9092, 1000.00000000000 );
#7603 = COLOUR_RGB( '', 0.752941191200000, 0.752941191200000, 0.752941191200000 );
#7604 = CARTESIAN_POINT( '', ( -11.5285281374239, 0.780000000000001, 27.4000000000000 ) );
#7605 = CARTESIAN_POINT( '', ( -11.5285281374239, 0.780000000000000, 27.9891336057406 ) );
#7606 = CARTESIAN_POINT( '', ( -11.5285281374239, 0.780000000000001, 27.4000000000000 ) );
#7607 = VECTOR( '', #9093, 1000.00000000000 );
#7608 = AXIS2_PLACEMENT_3D( '', #9094, #9095, #9096 );
#7609 = CARTESIAN_POINT( '', ( -11.5285281374239, 0.780000000000001, 27.9891336057406 ) );
#7610 = CARTESIAN_POINT( '', ( -11.3701228101148, 0.780000000000001, 27.9891336057406 ) );
#7611 = CARTESIAN_POINT( '', ( -11.2162598891315, 0.716259889131485, 27.9910614425295 ) );
#7612 = CARTESIAN_POINT( '', ( -11.1042640687119, 0.604264068711929, 27.9934789716331 ) );
#7613 = COLOUR_RGB( '', 0.752941191200000, 0.752941191200000, 0.752941191200000 );
#7614 = CARTESIAN_POINT( '', ( -11.2800000000000, -0.420000000000000, 27.4000000000000 ) );
#7615 = VECTOR( '', #9097, 1000.00000000000 );
#7616 = AXIS2_PLACEMENT_3D( '', #9098, #9099, #9100 );
#7617 = COLOUR_RGB( '', 0.752941191200000, 0.752941191200000, 0.752941191200000 );
#7618 = CARTESIAN_POINT( '', ( -3.50000000000000, -21.2500000000000, 0.500000000000000 ) );
#7619 = AXIS2_PLACEMENT_3D( '', #9101, #9102, #9103 );
#7620 = CARTESIAN_POINT( '', ( -13.5000000000000, -11.9895788082818, 0.500000000000000 ) );
#7621 = CARTESIAN_POINT( '', ( -13.5000000000000, -27.9955353583388, 0.500000000000000 ) );
#7622 = CARTESIAN_POINT( '', ( -13.5000000000000, 28.0000000000000, 0.500000000000000 ) );
#7623 = VECTOR( '', #9104, 1000.00000000000 );
#7624 = CARTESIAN_POINT( '', ( 0.000000000000000, -11.9895788082818, 0.500000000000000 ) );
#7625 = CARTESIAN_POINT( '', ( 0.000000000000000, -11.9895788082818, 0.500000000000000 ) );
#7626 = VECTOR( '', #9105, 1000.00000000000 );
#7627 = CARTESIAN_POINT( '', ( 0.000000000000000, -26.9953699733862, 0.500000000000000 ) );
#7628 = CARTESIAN_POINT( '', ( 0.000000000000000, 28.0000000000000, 0.500000000000000 ) );
#7629 = VECTOR( '', #9106, 1000.00000000000 );
#7630 = CARTESIAN_POINT( '', ( -0.999999999999981, -27.9955353583391, 0.500000000000000 ) );
#7631 = CARTESIAN_POINT( '', ( 8.21357653951445E-15, -26.9953699733862, 0.500000000000000 ) );
#7632 = CARTESIAN_POINT( '', ( 8.20838453360461E-15, -27.1262298403160, 0.500000000000000 ) );
#7633 = CARTESIAN_POINT( '', ( -0.0261371025296127, -27.2572770598232, 0.500000000000000 ) );
#7634 = CARTESIAN_POINT( '', ( -0.125766540752373, -27.4981442480911, 0.500000000000000 ) );
#7635 = CARTESIAN_POINT( '', ( -0.200223707133184, -27.6097248634871, 0.500000000000000 ) );
#7636 = CARTESIAN_POINT( '', ( -0.384144470062547, -27.7940450929632, 0.500000000000000 ) );
#7637 = CARTESIAN_POINT( '', ( -0.495872942695882, -27.8691114622709, 0.500000000000000 ) );
#7638 = CARTESIAN_POINT( '', ( -0.739025044296153, -27.9698036748401, 0.500000000000000 ) );
#7639 = CARTESIAN_POINT( '', ( -0.869273299295689, -27.9955353583388, 0.500000000000000 ) );
#7640 = CARTESIAN_POINT( '', ( -0.999999999999958, -27.9955353583388, 0.500000000000000 ) );
#7641 = CARTESIAN_POINT( '', ( 0.000000000000000, -27.9955353583388, 0.500000000000000 ) );
#7642 = VECTOR( '', #9107, 1000.00000000000 );
#7643 = COLOUR_RGB( '', 0.752941191200000, 0.752941191200000, 0.752941191200000 );
#7644 = CARTESIAN_POINT( '', ( 7.00000000000000, 0.000000000000000, -27.5000000000000 ) );
#7645 = AXIS2_PLACEMENT_3D( '', #9108, #9109, #9110 );
#7646 = COLOUR_RGB( '', 0.752941191200000, 0.752941191200000, 0.752941191200000 );
#7647 = CARTESIAN_POINT( '', ( 3.99050000000000, 21.2500000000000, -13.5000000000000 ) );
#7648 = AXIS2_PLACEMENT_3D( '', #9111, #9112, #9113 );
#7649 = COLOUR_RGB( '', 0.752941191200000, 0.752941191200000, 0.752941191200000 );
#7650 = CARTESIAN_POINT( '', ( 1.00000000000000, -27.9955353583388, -0.500000000000000 ) );
#7651 = CARTESIAN_POINT( '', ( 1.00000000000000, 27.9955353583388, -0.500000000000000 ) );
#7652 = AXIS2_PLACEMENT_3D( '', #9114, #9115, #9116 );
#7653 = CARTESIAN_POINT( '', ( 0.000000000000000, -26.9953699733862, -0.500000000000000 ) );
#7654 = CARTESIAN_POINT( '', ( 1.00000000000000, -27.9955353583388, -0.500000000000000 ) );
#7655 = CARTESIAN_POINT( '', ( 0.737404500981664, -27.9955353583388, -0.500000000000000 ) );
#7656 = CARTESIAN_POINT( '', ( 0.478586064631185, -27.8883672600278, -0.500000000000000 ) );
#7657 = CARTESIAN_POINT( '', ( 0.199906269918720, -27.6095682063806, -0.500000000000000 ) );
#7658 = CARTESIAN_POINT( '', ( 0.125993578082169, -27.4986271229786, -0.500000000000000 ) );
#7659 = CARTESIAN_POINT( '', ( 0.0260576487207247, -27.2571508899421, -0.500000000000000 ) );
#7660 = CARTESIAN_POINT( '', ( -6.20875150337402E-16, -27.1268636298261, -0.500000000000000 ) );
#7661 = CARTESIAN_POINT( '', ( -6.12816550014757E-16, -26.9953699733862, -0.500000000000000 ) );
#7662 = CARTESIAN_POINT( '', ( 0.000000000000000, 26.9953699733862, -0.500000000000000 ) );
#7663 = AXIS2_PLACEMENT_3D( '', #9117, #9118, #9119 );
#7664 = CARTESIAN_POINT( '', ( 8.29023512796659E-17, 26.9953699733862, -0.500000000000000 ) );
#7665 = CARTESIAN_POINT( '', ( 8.19504376468535E-17, 27.1274067861138, -0.500000000000000 ) );
#7666 = CARTESIAN_POINT( '', ( 0.0259954072333734, 27.2572039774465, -0.500000000000000 ) );
#7667 = CARTESIAN_POINT( '', ( 0.126510742921216, 27.4996723478398, -0.500000000000000 ) );
#7668 = CARTESIAN_POINT( '', ( 0.200786902252408, 27.6105379130918, -0.500000000000000 ) );
#7669 = CARTESIAN_POINT( '', ( 0.385492647127640, 27.7951449789198, -0.500000000000000 ) );
#7670 = CARTESIAN_POINT( '', ( 0.497087335037987, 27.8696194505547, -0.500000000000000 ) );
#7671 = CARTESIAN_POINT( '', ( 0.737877391907177, 27.9693233229624, -0.500000000000000 ) );
#7672 = CARTESIAN_POINT( '', ( 0.869558780868060, 27.9955353583389, -0.500000000000000 ) );
#7673 = CARTESIAN_POINT( '', ( 1.00000000000000, 27.9955353583389, -0.500000000000000 ) );
#7674 = COLOUR_RGB( '', 0.752941191200000, 0.752941191200000, 0.752941191200000 );
#7675 = CARTESIAN_POINT( '', ( 0.600000000000000, 0.000000000000000, -26.7500000000000 ) );
#7676 = AXIS2_PLACEMENT_3D( '', #9120, #9121, #9122 );
#7677 = CARTESIAN_POINT( '', ( -0.600000000000000, 0.000000000000000, -26.7500000000000 ) );
#7678 = AXIS2_PLACEMENT_3D( '', #9123, #9124, #9125 );
#7679 = COLOUR_RGB( '', 0.752941191200000, 0.752941191200000, 0.752941191200000 );
#7680 = CARTESIAN_POINT( '', ( -6.00000000000000, -18.9405989232415, 8.00000000000000 ) );
#7681 = CARTESIAN_POINT( '', ( -6.00000000000000, -18.9405989232415, 8.00000000000000 ) );
#7682 = VECTOR( '', #9126, 1000.00000000000 );
#7683 = CARTESIAN_POINT( '', ( -6.00000000000000, -18.9405989232415, 6.38750000000000 ) );
#7684 = VECTOR( '', #9127, 1000.00000000000 );
#7685 = COLOUR_RGB( '', 0.752941191200000, 0.752941191200000, 0.752941191200000 );
#7686 = CARTESIAN_POINT( '', ( 4.00000000000000, 22.4047005383793, 6.38750000000000 ) );
#7687 = CARTESIAN_POINT( '', ( 4.00000000000000, 22.4047005383793, 8.00000000000000 ) );
#7688 = CARTESIAN_POINT( '', ( 4.00000000000000, 22.4047005383793, 6.38750000000000 ) );
#7689 = VECTOR( '', #9128, 1000.00000000000 );
#7690 = CARTESIAN_POINT( '', ( 4.00000000000000, 20.0952994616207, 8.00000000000000 ) );
#7691 = CARTESIAN_POINT( '', ( 4.00000000000000, 21.2500000000000, 8.00000000000000 ) );
#7692 = VECTOR( '', #9129, 1000.00000000000 );
#7693 = CARTESIAN_POINT( '', ( 4.00000000000000, 20.0952994616207, 6.38750000000000 ) );
#7694 = CARTESIAN_POINT( '', ( 4.00000000000000, 20.0952994616207, 6.38750000000000 ) );
#7695 = VECTOR( '', #9130, 1000.00000000000 );
#7696 = CARTESIAN_POINT( '', ( 4.00000000000000, 22.4047005383793, 6.38750000000000 ) );
#7697 = VECTOR( '', #9131, 1000.00000000000 );
#7698 = COLOUR_RGB( '', 0.752941191200000, 0.752941191200000, 0.752941191200000 );
#7699 = CARTESIAN_POINT( '', ( 0.000000000000000, 7.98435971133565, -0.500000000000000 ) );
#7700 = CARTESIAN_POINT( '', ( 0.000000000000000, -28.0000000000000, -0.500000000000000 ) );
#7701 = VECTOR( '', #9132, 1000.00000000000 );
#7702 = CARTESIAN_POINT( '', ( 0.000000000000000, -7.98435971133565, -0.500000000000000 ) );
#7703 = CARTESIAN_POINT( '', ( 0.000000000000000, -28.0000000000000, -0.500000000000000 ) );
#7704 = VECTOR( '', #9133, 1000.00000000000 );
#7705 = AXIS2_PLACEMENT_3D( '', #9134, #9135, #9136 );
#7706 = COLOUR_RGB( '', 0.752941191200000, 0.752941191200000, 0.752941191200000 );
#7707 = CARTESIAN_POINT( '', ( 20.0000000000000, 0.000000000000000, -26.7500000000000 ) );
#7708 = AXIS2_PLACEMENT_3D( '', #9137, #9138, #9139 );
#7709 = COLOUR_RGB( '', 0.752941191200000, 0.752941191200000, 0.752941191200000 );
#7710 = CARTESIAN_POINT( '', ( 1.25000000000000, 1.29903810567666, 21.2500000000000 ) );
#7711 = CARTESIAN_POINT( '', ( 1.25000000000000, 1.29903810567666, 21.2500000000000 ) );
#7712 = VECTOR( '', #9140, 1000.00000000000 );
#7713 = CARTESIAN_POINT( '', ( 1.25000000000000, 0.649519052838329, 22.3750000000000 ) );
#7714 = CARTESIAN_POINT( '', ( 1.25000000000000, 1.29903810567666, 21.2500000000000 ) );
#7715 = VECTOR( '', #9141, 1000.00000000000 );
#7716 = CARTESIAN_POINT( '', ( 1.25000000000000, 0.649519052838329, 22.3750000000000 ) );
#7717 = VECTOR( '', #9142, 1000.00000000000 );
#7718 = COLOUR_RGB( '', 0.752941191200000, 0.752941191200000, 0.752941191200000 );
#7719 = CARTESIAN_POINT( '', ( 8.75000000000000, 21.2500000000000, 3.00000000000000 ) );
#7720 = AXIS2_PLACEMENT_3D( '', #9143, #9144, #9145 );
#7721 = COLOUR_RGB( '', 0.752941191200000, 0.752941191200000, 0.752941191200000 );
#7722 = CARTESIAN_POINT( '', ( 23.2000000000000, 0.000000000000000, -26.7500000000000 ) );
#7723 = AXIS2_PLACEMENT_3D( '', #9146, #9147, #9148 );
#7724 = COLOUR_RGB( '', 0.752941191200000, 0.752941191200000, 0.752941191200000 );
#7725 = CARTESIAN_POINT( '', ( -7.00000000000000, 0.180000000000000, 27.4000000000000 ) );
#7726 = CARTESIAN_POINT( '', ( -7.00000000000000, 0.180000000000000, 27.4000000000000 ) );
#7727 = VECTOR( '', #9149, 1000.00000000000 );
#7728 = CARTESIAN_POINT( '', ( -7.78000000000000, 0.180000000000000, 27.4000000000000 ) );
#7729 = CARTESIAN_POINT( '', ( -7.00000000000000, 0.180000000000000, 27.4000000000000 ) );
#7730 = VECTOR( '', #9150, 1000.00000000000 );
#7731 = CARTESIAN_POINT( '', ( -7.78000000000000, 0.180000000000000, 27.4000000000000 ) );
#7732 = VECTOR( '', #9151, 1000.00000000000 );
#7733 = COLOUR_RGB( '', 0.752941191200000, 0.752941191200000, 0.752941191200000 );
#7734 = CARTESIAN_POINT( '', ( -4.78000000000000, -1.06000000000000, 27.4000000000000 ) );
#7735 = CARTESIAN_POINT( '', ( -4.78000000000000, -1.06000000000000, 27.9799285202804 ) );
#7736 = CARTESIAN_POINT( '', ( -4.78000000000000, -1.06000000000000, 27.4000000000000 ) );
#7737 = VECTOR( '', #9152, 1000.00000000000 );
#7738 = CARTESIAN_POINT( '', ( -4.78000000000000, -1.98000000000000, 27.4000000000000 ) );
#7739 = CARTESIAN_POINT( '', ( -4.78000000000000, -1.98000000000000, 27.4000000000000 ) );
#7740 = VECTOR( '', #9153, 1000.00000000000 );
#7741 = CARTESIAN_POINT( '', ( -4.78000000000000, -1.98000000000000, 27.9299051197816 ) );
#7742 = CARTESIAN_POINT( '', ( -4.78000000000000, -1.98000000000000, 27.4000000000000 ) );
#7743 = VECTOR( '', #9154, 1000.00000000000 );
#7744 = AXIS2_PLACEMENT_3D( '', #9155, #9156, #9157 );
#7745 = COLOUR_RGB( '', 0.752941191200000, 0.752941191200000, 0.752941191200000 );
#7746 = CARTESIAN_POINT( '', ( -0.200000000000000, 0.000000000000000, -23.5000000000000 ) );
#7747 = AXIS2_PLACEMENT_3D( '', #9158, #9159, #9160 );
#7748 = CARTESIAN_POINT( '', ( -0.200000000000000, 0.974278579257494, -20.6875000000000 ) );
#7749 = VECTOR( '', #9161, 1000.00000000000 );
#7750 = CARTESIAN_POINT( '', ( -0.200000000000000, 0.000000000000000, -22.3750000000000 ) );
#7751 = VECTOR( '', #9162, 1000.00000000000 );
#7752 = CARTESIAN_POINT( '', ( -0.200000000000000, -0.974278579257494, -20.6875000000000 ) );
#7753 = VECTOR( '', #9163, 1000.00000000000 );
#7754 = COLOUR_RGB( '', 0.752941191200000, 0.752941191200000, 0.752941191200000 );
#7755 = CARTESIAN_POINT( '', ( 4.00000000000000, 20.0952994616207, 6.38750000000000 ) );
#7756 = VECTOR( '', #9164, 1000.00000000000 );
#7757 = CARTESIAN_POINT( '', ( 8.00000000000000, 22.4047005383793, 6.38750000000000 ) );
#7758 = CARTESIAN_POINT( '', ( 8.00000000000000, 20.0952994616207, 6.38750000000000 ) );
#7759 = VECTOR( '', #9165, 1000.00000000000 );
#7760 = CARTESIAN_POINT( '', ( 6.00000000000000, 23.5594010767585, 6.38750000000000 ) );
#7761 = CARTESIAN_POINT( '', ( 8.00000000000000, 22.4047005383793, 6.38750000000000 ) );
#7762 = VECTOR( '', #9166, 1000.00000000000 );
#7763 = CARTESIAN_POINT( '', ( 6.00000000000000, 23.5594010767585, 6.38750000000000 ) );
#7764 = VECTOR( '', #9167, 1000.00000000000 );
#7765 = COLOUR_RGB( '', 0.752941191200000, 0.752941191200000, 0.752941191200000 );
#7766 = CARTESIAN_POINT( '', ( -5.38000000000000, -1.98000000000000, 27.4000000000000 ) );
#7767 = CARTESIAN_POINT( '', ( -5.38000000000000, 0.780000000000000, 27.4000000000000 ) );
#7768 = VECTOR( '', #9168, 1000.00000000000 );
#7769 = CARTESIAN_POINT( '', ( -5.38000000000000, -1.98000000000000, 27.4000000000000 ) );
#7770 = VECTOR( '', #9169, 1000.00000000000 );
#7771 = CARTESIAN_POINT( '', ( -4.78000000000000, -1.06000000000000, 27.4000000000000 ) );
#7772 = VECTOR( '', #9170, 1000.00000000000 );
#7773 = CARTESIAN_POINT( '', ( -3.16000000000000, -1.98000000000000, 27.4000000000000 ) );
#7774 = CARTESIAN_POINT( '', ( -3.37646653018596, -1.98000000000000, 27.4000000000000 ) );
#7775 = VECTOR( '', #9171, 1000.00000000000 );
#7776 = CARTESIAN_POINT( '', ( -3.16000000000000, -1.98000000000000, 27.4000000000000 ) );
#7777 = VECTOR( '', #9172, 1000.00000000000 );
#7778 = CARTESIAN_POINT( '', ( -3.16000000000000, 0.180000000000000, 27.4000000000000 ) );
#7779 = CARTESIAN_POINT( '', ( -4.17739130434783, -0.600000000000000, 27.4000000000000 ) );
#7780 = VECTOR( '', #9173, 1000.00000000000 );
#7781 = CARTESIAN_POINT( '', ( -3.16000000000000, 0.780000000000000, 27.4000000000000 ) );
#7782 = CARTESIAN_POINT( '', ( -3.16000000000000, 0.180000000000000, 27.4000000000000 ) );
#7783 = VECTOR( '', #9174, 1000.00000000000 );
#7784 = CARTESIAN_POINT( '', ( -3.37646653018596, 0.780000000000000, 27.4000000000000 ) );
#7785 = CARTESIAN_POINT( '', ( -3.16000000000000, 0.780000000000000, 27.4000000000000 ) );
#7786 = VECTOR( '', #9175, 1000.00000000000 );
#7787 = CARTESIAN_POINT( '', ( -3.74152545638024, 0.656163816775150, 27.4000000000000 ) );
#7788 = AXIS2_PLACEMENT_3D( '', #9176, #9177, #9178 );
#7789 = CARTESIAN_POINT( '', ( -4.78000000000000, -0.139999999999999, 27.4000000000000 ) );
#7790 = CARTESIAN_POINT( '', ( -3.74152545638024, 0.656163816775150, 27.4000000000000 ) );
#7791 = VECTOR( '', #9179, 1000.00000000000 );
#7792 = CARTESIAN_POINT( '', ( -4.78000000000000, -0.139999999999999, 27.4000000000000 ) );
#7793 = VECTOR( '', #9180, 1000.00000000000 );
#7794 = COLOUR_RGB( '', 0.752941191200000, 0.752941191200000, 0.752941191200000 );
#7795 = CARTESIAN_POINT( '', ( 0.200000000000000, 0.000000000000000, -23.5000000000000 ) );
#7796 = AXIS2_PLACEMENT_3D( '', #9181, #9182, #9183 );
#7797 = CARTESIAN_POINT( '', ( 0.500000000000000, 0.000000000000000, -23.8000000000000 ) );
#7798 = AXIS2_PLACEMENT_3D( '', #9184, #9185, #9186 );
#7799 = COLOUR_RGB( '', 0.752941191200000, 0.752941191200000, 0.752941191200000 );
#7800 = CARTESIAN_POINT( '', ( 0.000000000000000, 0.000000000000000, 18.2500000000000 ) );
#7801 = AXIS2_PLACEMENT_3D( '', #9187, #9188, #9189 );
#7802 = CARTESIAN_POINT( '', ( 0.000000000000000, -7.98435971133565, 0.500000000000000 ) );
#7803 = CARTESIAN_POINT( '', ( 0.000000000000000, -26.9953699733862, 0.500000000000000 ) );
#7804 = CARTESIAN_POINT( '', ( 0.000000000000000, 28.0000000000000, 0.500000000000000 ) );
#7805 = VECTOR( '', #9190, 1000.00000000000 );
#7806 = AXIS2_PLACEMENT_3D( '', #9191, #9192, #9193 );
#7807 = AXIS2_PLACEMENT_3D( '', #9194, #9195, #9196 );
#7808 = COLOUR_RGB( '', 0.752941191200000, 0.752941191200000, 0.752941191200000 );
#7809 = CARTESIAN_POINT( '', ( 0.000000000000000, 26.9953699733862, 0.500000000000000 ) );
#7810 = AXIS2_PLACEMENT_3D( '', #9197, #9198, #9199 );
#7811 = CARTESIAN_POINT( '', ( -1.00000000000000, 27.9955353583388, 0.500000000000000 ) );
#7812 = CARTESIAN_POINT( '', ( -1.00000000000000, 27.9955353583388, 0.500000000000000 ) );
#7813 = CARTESIAN_POINT( '', ( -0.868332685422063, 27.9955353583388, 0.500000000000000 ) );
#7814 = CARTESIAN_POINT( '', ( -0.738404368605034, 27.9696269200642, 0.500000000000000 ) );
#7815 = CARTESIAN_POINT( '', ( -0.495449507406476, 27.8688554924336, 0.500000000000000 ) );
#7816 = CARTESIAN_POINT( '', ( -0.384919689766170, 27.7947280268802, 0.500000000000000 ) );
#7817 = CARTESIAN_POINT( '', ( -0.200164654220594, 27.6097592881972, 0.500000000000000 ) );
#7818 = CARTESIAN_POINT( '', ( -0.125839235042760, 27.4982710442492, 0.500000000000000 ) );
#7819 = CARTESIAN_POINT( '', ( -0.0261741392592190, 27.2574154988719, 0.500000000000000 ) );
#7820 = CARTESIAN_POINT( '', ( -1.26207909140891E-15, 27.1257114688591, 0.500000000000000 ) );
#7821 = CARTESIAN_POINT( '', ( -1.71049204711267E-15, 26.9953699733862, 0.500000000000000 ) );
#7822 = AXIS2_PLACEMENT_3D( '', #9200, #9201, #9202 );
#7823 = COLOUR_RGB( '', 0.752941191200000, 0.752941191200000, 0.752941191200000 );
#7824 = CARTESIAN_POINT( '', ( -14.0000000000000, 11.5000000000000, -25.5293948224395 ) );
#7825 = AXIS2_PLACEMENT_3D( '', #9203, #9204, #9205 );
#7826 = CARTESIAN_POINT( '', ( -14.0000000000000, 11.5000000000000, -3.42782730020052 ) );
#7827 = CARTESIAN_POINT( '', ( -14.0000000000000, 11.5000000000000, 28.0000000000000 ) );
#7828 = VECTOR( '', #9206, 1000.00000000000 );
#7829 = AXIS2_PLACEMENT_3D( '', #9207, #9208, #9209 );
#7830 = COLOUR_RGB( '', 0.752941191200000, 0.752941191200000, 0.752941191200000 );
#7831 = CARTESIAN_POINT( '', ( -4.00000000000000, -20.0952994616207, 8.00000000000000 ) );
#7832 = VECTOR( '', #9210, 1000.00000000000 );
#7833 = COLOUR_RGB( '', 0.752941191200000, 0.752941191200000, 0.752941191200000 );
#7834 = CARTESIAN_POINT( '', ( 1.25000000000000, 1.29903810567666, -21.2500000000000 ) );
#7835 = CARTESIAN_POINT( '', ( 1.25000000000000, 1.29903810567666, -21.2500000000000 ) );
#7836 = VECTOR( '', #9211, 1000.00000000000 );
#7837 = CARTESIAN_POINT( '', ( 1.25000000000000, 0.649519052838329, -22.3750000000000 ) );
#7838 = VECTOR( '', #9212, 1000.00000000000 );
#7839 = CARTESIAN_POINT( '', ( 1.25000000000000, -1.29903810567666, -21.2500000000000 ) );
#7840 = VECTOR( '', #9213, 1000.00000000000 );
#7841 = COLOUR_RGB( '', 0.752941191200000, 0.752941191200000, 0.752941191200000 );
#7842 = CARTESIAN_POINT( '', ( -20.0000000000000, 0.000000000000000, -12.0000000000000 ) );
#7843 = AXIS2_PLACEMENT_3D( '', #9214, #9215, #9216 );
#7844 = CARTESIAN_POINT( '', ( -20.0000000000000, 0.000000000000000, -26.7500000000000 ) );
#7845 = AXIS2_PLACEMENT_3D( '', #9217, #9218, #9219 );
#7846 = COLOUR_RGB( '', 0.752941191200000, 0.752941191200000, 0.752941191200000 );
#7847 = CARTESIAN_POINT( '', ( 1.25000000000000, -1.29903810567666, 21.2500000000000 ) );
#7848 = CARTESIAN_POINT( '', ( 1.25000000000000, -1.29903810567666, 21.2500000000000 ) );
#7849 = VECTOR( '', #9220, 1000.00000000000 );
#7850 = CARTESIAN_POINT( '', ( 1.25000000000000, -0.649519052838329, 20.1250000000000 ) );
#7851 = CARTESIAN_POINT( '', ( 1.25000000000000, -1.29903810567666, 21.2500000000000 ) );
#7852 = VECTOR( '', #9221, 1000.00000000000 );
#7853 = CARTESIAN_POINT( '', ( 1.25000000000000, -0.649519052838329, 20.1250000000000 ) );
#7854 = VECTOR( '', #9222, 1000.00000000000 );
#7855 = COLOUR_RGB( '', 0.752941191200000, 0.752941191200000, 0.752941191200000 );
#7856 = CARTESIAN_POINT( '', ( -2.05000000000000, -21.2500000000000, 8.00000000000000 ) );
#7857 = AXIS2_PLACEMENT_3D( '', #9223, #9224, #9225 );
#7858 = CARTESIAN_POINT( '', ( -1.75000000000000, -21.2500000000000, 7.70000000000000 ) );
#7859 = AXIS2_PLACEMENT_3D( '', #9226, #9227, #9228 );
#7860 = COLOUR_RGB( '', 0.752941191200000, 0.752941191200000, 0.752941191200000 );
#7861 = CARTESIAN_POINT( '', ( -3.16000000000000, -1.98000000000000, 27.9299051197816 ) );
#7862 = CARTESIAN_POINT( '', ( -3.16000000000000, -1.98000000000000, 27.4000000000000 ) );
#7863 = VECTOR( '', #9229, 1000.00000000000 );
#7864 = AXIS2_PLACEMENT_3D( '', #9230, #9231, #9232 );
#7865 = COLOUR_RGB( '', 0.752941191200000, 0.752941191200000, 0.752941191200000 );
#7866 = CARTESIAN_POINT( '', ( -0.200000000000000, -0.974278579257492, 21.8125000000000 ) );
#7867 = VECTOR( '', #9233, 1000.00000000000 );
#7868 = CARTESIAN_POINT( '', ( -1.25000000000000, -0.649519052838329, 22.3750000000000 ) );
#7869 = VECTOR( '', #9234, 1000.00000000000 );
#7870 = COLOUR_RGB( '', 0.752941191200000, 0.752941191200000, 0.752941191200000 );
#7871 = COLOUR_RGB( '', 0.752941191200000, 0.752941191200000, 0.752941191200000 );
#7872 = CARTESIAN_POINT( '', ( 6.00000000000000, -18.9405989232415, -6.38750000000000 ) );
#7873 = VECTOR( '', #9235, 1000.00000000000 );
#7874 = CARTESIAN_POINT( '', ( 4.00000000000000, -20.0952994616207, -6.38750000000000 ) );
#7875 = VECTOR( '', #9236, 1000.00000000000 );
#7876 = COLOUR_RGB( '', 0.752941191200000, 0.752941191200000, 0.752941191200000 );
#7877 = CARTESIAN_POINT( '', ( 14.0000000000000, -24.0500000000000, 14.3386714865778 ) );
#7878 = CARTESIAN_POINT( '', ( 14.0000000000000, -24.0500000000000, 14.3386714865778 ) );
#7879 = CARTESIAN_POINT( '', ( 14.0000000000000, -23.9995717982930, 14.4232538171088 ) );
#7880 = CARTESIAN_POINT( '', ( 13.9863218471525, -23.9490372780353, 14.5069653030436 ) );
#7881 = CARTESIAN_POINT( '', ( 13.9331958449858, -23.8773018412160, 14.6245192739991 ) );
#7882 = CARTESIAN_POINT( '', ( 13.9099606937979, -23.8541654670844, 14.6622012252148 ) );
#7883 = CARTESIAN_POINT( '', ( 13.8446775557726, -23.8155330550472, 14.7248680878195 ) );
#7884 = CARTESIAN_POINT( '', ( 13.7992243468822, -23.7999918907366, 14.7499283388466 ) );
#7885 = CARTESIAN_POINT( '', ( 13.7006933170971, -23.8000081160426, 14.7499021582024 ) );
#7886 = CARTESIAN_POINT( '', ( 13.6553839696125, -23.8154774577140, 14.7249585389386 ) );
#7887 = CARTESIAN_POINT( '', ( 13.5897911226020, -23.8543315772807, 14.6619315069159 ) );
#7888 = CARTESIAN_POINT( '', ( 13.5667384867148, -23.8773748402619, 14.6244000299709 ) );
#7889 = CARTESIAN_POINT( '', ( 13.5136693261537, -23.9490806029779, 14.5068935430028 ) );
#7890 = CARTESIAN_POINT( '', ( 13.5000000000000, -23.9996183402069, 14.4231757531801 ) );
#7891 = CARTESIAN_POINT( '', ( 13.5000000000000, -24.0500000000000, 14.3386714865778 ) );
#7892 = CARTESIAN_POINT( '', ( 14.0000000000000, -24.0500000000000, -14.3386714865778 ) );
#7893 = AXIS2_PLACEMENT_3D( '', #9237, #9238, #9239 );
#7894 = CARTESIAN_POINT( '', ( 13.5000000000000, -24.0500000000000, -14.3386714865778 ) );
#7895 = CARTESIAN_POINT( '', ( 13.5000000000000, -24.0500000000000, -14.3386714865778 ) );
#7896 = CARTESIAN_POINT( '', ( 13.5000000000000, -23.9995717982930, -14.4232538171088 ) );
#7897 = CARTESIAN_POINT( '', ( 13.5136781528475, -23.9490372780353, -14.5069653030436 ) );
#7898 = CARTESIAN_POINT( '', ( 13.5668041550142, -23.8773018412160, -14.6245192739991 ) );
#7899 = CARTESIAN_POINT( '', ( 13.5900393062021, -23.8541654670844, -14.6622012252148 ) );
#7900 = CARTESIAN_POINT( '', ( 13.6553224442274, -23.8155330550472, -14.7248680878195 ) );
#7901 = CARTESIAN_POINT( '', ( 13.7007756531178, -23.7999918907366, -14.7499283388466 ) );
#7902 = CARTESIAN_POINT( '', ( 13.7993066829029, -23.8000081160426, -14.7499021582024 ) );
#7903 = CARTESIAN_POINT( '', ( 13.8446160303875, -23.8154774577140, -14.7249585389386 ) );
#7904 = CARTESIAN_POINT( '', ( 13.9102088773980, -23.8543315772807, -14.6619315069159 ) );
#7905 = CARTESIAN_POINT( '', ( 13.9332615132852, -23.8773748402619, -14.6244000299709 ) );
#7906 = CARTESIAN_POINT( '', ( 13.9863306738463, -23.9490806029779, -14.5068935430028 ) );
#7907 = CARTESIAN_POINT( '', ( 14.0000000000000, -23.9996183402069, -14.4231757531801 ) );
#7908 = CARTESIAN_POINT( '', ( 14.0000000000000, -24.0500000000000, -14.3386714865778 ) );
#7909 = CARTESIAN_POINT( '', ( 13.5000000000000, -27.9955353583388, -0.500000000000000 ) );
#7910 = AXIS2_PLACEMENT_3D( '', #9240, #9241, #9242 );
#7911 = CARTESIAN_POINT( '', ( 20.0000000000000, -27.9955353583388, -0.500000000000000 ) );
#7912 = VECTOR( '', #9243, 1000.00000000000 );
#7913 = CARTESIAN_POINT( '', ( 13.5000000000000, 27.9955353583388, -0.500000000000000 ) );
#7914 = CARTESIAN_POINT( '', ( 20.0000000000000, 27.9955353583388, -0.500000000000000 ) );
#7915 = VECTOR( '', #9244, 1000.00000000000 );
#7916 = CARTESIAN_POINT( '', ( 13.5000000000000, -11.5000000000000, -25.5293948224395 ) );
#7917 = AXIS2_PLACEMENT_3D( '', #9245, #9246, #9247 );
#7918 = CARTESIAN_POINT( '', ( 14.0000000000000, -11.5000000000000, -25.5293948224395 ) );
#7919 = CARTESIAN_POINT( '', ( 14.0000000000000, -11.5631448492335, -25.5009505223988 ) );
#7920 = CARTESIAN_POINT( '', ( 13.9762575221242, -11.6249194672142, -25.4728085480511 ) );
#7921 = CARTESIAN_POINT( '', ( 13.8858481992274, -11.7198695212474, -25.4292624027874 ) );
#7922 = CARTESIAN_POINT( '', ( 13.8190891084547, -11.7498324595568, -25.4153779670127 ) );
#7923 = CARTESIAN_POINT( '', ( 13.6821287501984, -11.7501660572613, -25.4152237381565 ) );
#7924 = CARTESIAN_POINT( '', ( 13.6148852037172, -11.7203906702833, -25.4290223254955 ) );
#7925 = CARTESIAN_POINT( '', ( 13.5239060852163, -11.6253379328864, -25.4726176872501 ) );
#7926 = CARTESIAN_POINT( '', ( 13.5000000000000, -11.5631950016151, -25.5009279307005 ) );
#7927 = CARTESIAN_POINT( '', ( 13.5000000000000, -11.5000000000000, -25.5293948224395 ) );
#7928 = CARTESIAN_POINT( '', ( 13.5000000000000, -11.5000000000000, 25.5293948224395 ) );
#7929 = CARTESIAN_POINT( '', ( 13.5000000000000, -11.5000000000000, 25.5293948224395 ) );
#7930 = CARTESIAN_POINT( '', ( 13.5000000000000, -11.5631448492335, 25.5009505223988 ) );
#7931 = CARTESIAN_POINT( '', ( 13.5237424778758, -11.6249194672142, 25.4728085480511 ) );
#7932 = CARTESIAN_POINT( '', ( 13.6141518007726, -11.7198695212474, 25.4292624027874 ) );
#7933 = CARTESIAN_POINT( '', ( 13.6809108915453, -11.7498324595568, 25.4153779670127 ) );
#7934 = CARTESIAN_POINT( '', ( 13.8178712498016, -11.7501660572613, 25.4152237381565 ) );
#7935 = CARTESIAN_POINT( '', ( 13.8851147962828, -11.7203906702833, 25.4290223254955 ) );
#7936 = CARTESIAN_POINT( '', ( 13.9760939147837, -11.6253379328864, 25.4726176872501 ) );
#7937 = CARTESIAN_POINT( '', ( 14.0000000000000, -11.5631950016151, 25.5009279307005 ) );
#7938 = CARTESIAN_POINT( '', ( 14.0000000000000, -11.5000000000000, 25.5293948224395 ) );
#7939 = AXIS2_PLACEMENT_3D( '', #9248, #9249, #9250 );
#7940 = CARTESIAN_POINT( '', ( 1.00000000000000, -27.9955353583388, 0.500000000000000 ) );
#7941 = AXIS2_PLACEMENT_3D( '', #9251, #9252, #9253 );
#7942 = CARTESIAN_POINT( '', ( 20.0000000000000, -27.9955353583388, 0.500000000000000 ) );
#7943 = VECTOR( '', #9254, 1000.00000000000 );
#7944 = CARTESIAN_POINT( '', ( 8.50000000000000, 21.2500000000000, -18.2328686717148 ) );
#7945 = CARTESIAN_POINT( '', ( 8.50000000000000, 21.5271062417950, -17.9099075543961 ) );
#7946 = CARTESIAN_POINT( '', ( 8.50000000000000, 20.9728937582050, -18.5558297890336 ) );
#7947 = CARTESIAN_POINT( '', ( 8.45528740724183, 20.6934613095407, -18.8665790354418 ) );
#7948 = CARTESIAN_POINT( '', ( 8.30627862406667, 20.2737204295348, -19.3136751114999 ) );
#7949 = CARTESIAN_POINT( '', ( 8.24208182340936, 20.1326388916453, -19.4606180586616 ) );
#7950 = CARTESIAN_POINT( '', ( 8.08195299813304, 19.8568386802343, -19.7419543509157 ) );
#7951 = CARTESIAN_POINT( '', ( 7.98690471027333, 19.7231141776252, -19.8753839107467 ) );
#7952 = CARTESIAN_POINT( '', ( 7.76078656532975, 19.4670806766346, -20.1262238980046 ) );
#7953 = CARTESIAN_POINT( '', ( 7.62838202464568, 19.3440950616531, -20.2442239458046 ) );
#7954 = CARTESIAN_POINT( '', ( 7.33067147536560, 19.1255200455517, -20.4508459460571 ) );
#7955 = CARTESIAN_POINT( '', ( 7.16178264921113, 19.0273147690654, -20.5419715635214 ) );
#7956 = CARTESIAN_POINT( '', ( 6.88543138870630, 18.9099084642157, -20.6498955841037 ) );
#7957 = CARTESIAN_POINT( '', ( 6.79004830388946, 18.8758870580426, -20.6809663111367 ) );
#7958 = CARTESIAN_POINT( '', ( 6.59226784072563, 18.8189904589882, -20.7327537460623 ) );
#7959 = CARTESIAN_POINT( '', ( 6.48880259884303, 18.7959811265133, -20.7535917949622 ) );
#7960 = CARTESIAN_POINT( '', ( 6.17597950590117, 18.7472859408711, -20.7976245146384 ) );
#7961 = CARTESIAN_POINT( '', ( 5.96289645615575, 18.7411926800335, -20.8030891483981 ) );
#7962 = CARTESIAN_POINT( '', ( 5.53845148810852, 18.7837348453878, -20.7646845977612 ) );
#7963 = CARTESIAN_POINT( '', ( 5.33461738879139, 18.8315355946138, -20.7215413388372 ) );
#7964 = CARTESIAN_POINT( '', ( 4.95094628725317, 18.9715815996198, -20.5933994259644 ) );
#7965 = CARTESIAN_POINT( '', ( 4.77617264455171, 19.0617806259497, -20.5102231958285 ) );
#7966 = CARTESIAN_POINT( '', ( 4.45970622593579, 19.2717299187190, -20.3130785976544 ) );
#7967 = CARTESIAN_POINT( '', ( 4.32248510142979, 19.3882499181949, -20.2021313746076 ) );
#7968 = CARTESIAN_POINT( '', ( 4.08114542764710, 19.6381170228001, -19.9593263104268 ) );
#7969 = CARTESIAN_POINT( '', ( 3.97711533259059, 19.7722359936789, -19.8266460172371 ) );
#7970 = CARTESIAN_POINT( '', ( 3.80449095144011, 20.0435221287939, -19.5523509879273 ) );
#7971 = CARTESIAN_POINT( '', ( 3.73457313144317, 20.1819720857049, -19.4095241230691 ) );
#7972 = CARTESIAN_POINT( '', ( 3.62240726162298, 20.4626657044752, -19.1133706137632 ) );
#7973 = CARTESIAN_POINT( '', ( 3.58021199784499, 20.6056143296849, -18.9592323927324 ) );
#7974 = CARTESIAN_POINT( '', ( 3.49343037650244, 21.0274327236937, -18.4938479595766 ) );
#7975 = CARTESIAN_POINT( '', ( 3.48588010312088, 21.3027053482869, -18.1761593133567 ) );
#7976 = CARTESIAN_POINT( '', ( 3.53823690919332, 21.7061980514506, -17.6885689581242 ) );
#7977 = CARTESIAN_POINT( '', ( 3.56671733626214, 21.8392256417761, -17.5240207950868 ) );
#7978 = CARTESIAN_POINT( '', ( 3.64388270605049, 22.0966183766762, -17.1983295053498 ) );
#7979 = CARTESIAN_POINT( '', ( 3.69261381568991, 22.2217320299290, -17.0362952860763 ) );
#7980 = CARTESIAN_POINT( '', ( 3.81092119390445, 22.4650012848711, -16.7141990162586 ) );
#7981 = CARTESIAN_POINT( '', ( 3.88046214062599, 22.5831609173845, -16.5541277120260 ) );
#7982 = CARTESIAN_POINT( '', ( 4.04326643637733, 22.8123548028389, -16.2368337330880 ) );
#7983 = CARTESIAN_POINT( '', ( 4.13663666226285, 22.9233009433656, -16.0796756672716 ) );
#7984 = CARTESIAN_POINT( '', ( 4.34786285943320, 23.1321535124030, -15.7777428545205 ) );
#7985 = CARTESIAN_POINT( '', ( 4.46629184723866, 23.2310007916362, -15.6316284851731 ) );
#7986 = CARTESIAN_POINT( '', ( 4.73680039114692, 23.4135506886836, -15.3568502964612 ) );
#7987 = CARTESIAN_POINT( '', ( 4.88581781917118, 23.4954886052277, -15.2308391939959 ) );
#7988 = CARTESIAN_POINT( '', ( 5.22536526175586, 23.6340222378554, -15.0149738665207 ) );
#7989 = CARTESIAN_POINT( '', ( 5.41394530121899, 23.6892911071025, -14.9271916033206 ) );
#7990 = CARTESIAN_POINT( '', ( 5.72352587472843, 23.7368579295656, -14.8513456027203 ) );
#7991 = CARTESIAN_POINT( '', ( 5.82811095748801, 23.7463124275685, -14.8361947314789 ) );
#7992 = CARTESIAN_POINT( '', ( 6.03895419301518, 23.7519200926119, -14.8272155151342 ) );
#7993 = CARTESIAN_POINT( '', ( 6.14691622020091, 23.7478998124427, -14.8336662351525 ) );
#7994 = CARTESIAN_POINT( '', ( 6.46120792315143, 23.7160978582892, -14.8844986575605 ) );
#7995 = CARTESIAN_POINT( '', ( 6.66005645493184, 23.6685707607551, -14.9603601329946 ) );
#7996 = CARTESIAN_POINT( '', ( 7.01344232785577, 23.5430533566813, -15.1571189811991 ) );
#7997 = CARTESIAN_POINT( '', ( 7.17290631838149, 23.4639722149596, -15.2796258280168 ) );
#7998 = CARTESIAN_POINT( '', ( 7.45448217419573, 23.2900646571271, -15.5434180866189 ) );
#7999 = CARTESIAN_POINT( '', ( 7.57819134808877, 23.1947729122415, -15.6855064926762 ) );
#8000 = CARTESIAN_POINT( '', ( 7.80092424402153, 22.9905463161507, -15.9833470983761 ) );
#8001 = CARTESIAN_POINT( '', ( 7.89912396791652, 22.8819346154263, -16.1385895483739 ) );
#8002 = CARTESIAN_POINT( '', ( 8.15631467449021, 22.5460851680137, -16.6078915283909 ) );
#8003 = CARTESIAN_POINT( '', ( 8.28205630018639, 22.3061089579226, -16.9295705342798 ) );
#8004 = CARTESIAN_POINT( '', ( 8.45512039469189, 21.7936275708540, -17.5843866148575 ) );
#8005 = CARTESIAN_POINT( '', ( 8.50000000000000, 21.5271062417950, -17.9099075543961 ) );
#8006 = CARTESIAN_POINT( '', ( 8.50000000000000, 20.9728937582050, -18.5558297890336 ) );
#8007 = CARTESIAN_POINT( '', ( 10.5000000000000, -21.2500000000000, -18.2328686717148 ) );
#8008 = CARTESIAN_POINT( '', ( 10.5000000000000, -20.9936757298332, -18.5316088666406 ) );
#8009 = CARTESIAN_POINT( '', ( 10.5000000000000, -21.7626485403335, -17.6353882818633 ) );
#8010 = CARTESIAN_POINT( '', ( 10.4149558786379, -22.2401447079238, -17.0281218921851 ) );
#8011 = CARTESIAN_POINT( '', ( 10.1891733795006, -22.9102354907426, -16.1017499890492 ) );
#8012 = CARTESIAN_POINT( '', ( 10.0971137800790, -23.1258409360895, -15.7904149743064 ) );
#8013 = CARTESIAN_POINT( '', ( 9.87966518149874, -23.5420119161751, -15.1629614192209 ) );
#8014 = CARTESIAN_POINT( '', ( 9.75481008317962, -23.7412679166752, -14.8487001038916 ) );
#8015 = CARTESIAN_POINT( '', ( 9.47546414798395, -24.1181289283226, -14.2284065890553 ) );
#8016 = CARTESIAN_POINT( '', ( 9.32062529907520, -24.2965688552504, -13.9211005358755 ) );
#8017 = CARTESIAN_POINT( '', ( 8.97607788217738, -24.6339466020986, -13.3149905397200 ) );
#8018 = CARTESIAN_POINT( '', ( 8.78662505632992, -24.7929236734182, -13.0160652739241 ) );
#8019 = CARTESIAN_POINT( '', ( 8.36008092978001, -25.0902611063730, -12.4332544856532 ) );
#8020 = CARTESIAN_POINT( '', ( 8.12092584258426, -25.2297821041240, -12.1465982743588 ) );
#8021 = CARTESIAN_POINT( '', ( 7.71771994734210, -25.4118729184124, -11.7582802077308 ) );
#8022 = CARTESIAN_POINT( '', ( 7.57553239054378, -25.4682712734424, -11.6354012512261 ) );
#8023 = CARTESIAN_POINT( '', ( 7.26889685237699, -25.5704184551997, -11.4091675402139 ) );
#8024 = CARTESIAN_POINT( '', ( 7.10377604116705, -25.6161747286986, -11.3057523586619 ) );
#8025 = CARTESIAN_POINT( '', ( 6.75479441972612, -25.6898298046807, -11.1373735114319 ) );
#8026 = CARTESIAN_POINT( '', ( 6.56630675358719, -25.7183795539628, -11.0709804019012 ) );
#8027 = CARTESIAN_POINT( '', ( 6.27831319249188, -25.7424182308911, -11.0149133955346 ) );
#8028 = CARTESIAN_POINT( '', ( 6.18122768292477, -25.7474229366780, -11.0031919640355 ) );
#8029 = CARTESIAN_POINT( '', ( 5.98472566126389, -25.7510469047758, -10.9947080263927 ) );
#8030 = CARTESIAN_POINT( '', ( 5.88426843223632, -25.7495909188967, -10.9981230133425 ) );
#8031 = CARTESIAN_POINT( '', ( 5.58895147895430, -25.7355198189423, -11.0310284596399 ) );
#8032 = CARTESIAN_POINT( '', ( 5.39791489842850, -25.7133465746807, -11.0828829825195 ) );
#8033 = CARTESIAN_POINT( '', ( 5.03493197237243, -25.6491604673277, -11.2306301958142 ) );
#8034 = CARTESIAN_POINT( '', ( 4.86685030389881, -25.6081552154846, -11.3241341163475 ) );
#8035 = CARTESIAN_POINT( '', ( 4.54889404311632, -25.5128437243144, -11.5372627656689 ) );
#8036 = CARTESIAN_POINT( '', ( 4.39904221678159, -25.4582944288724, -11.6573798422090 ) );
#8037 = CARTESIAN_POINT( '', ( 4.12049673011883, -25.3414881500785, -11.9091661484812 ) );
#8038 = CARTESIAN_POINT( '', ( 3.99046267185167, -25.2788148704919, -12.0417929293897 ) );
#8039 = CARTESIAN_POINT( '', ( 3.62073001776184, -25.0798084139146, -12.4537642006315 ) );
#8040 = CARTESIAN_POINT( '', ( 3.39993433016008, -24.9315630111167, -12.7487878471553 ) );
#8041 = CARTESIAN_POINT( '', ( 2.80445782657911, -24.4586603103321, -13.6466713457906 ) );
#8042 = CARTESIAN_POINT( '', ( 2.48974499461786, -24.1046415364111, -14.2658150188013 ) );
#8043 = CARTESIAN_POINT( '', ( 2.10418502355322, -23.5144740659470, -15.2054698986677 ) );
#8044 = CARTESIAN_POINT( '', ( 1.99068400149496, -23.3068657489516, -15.5220476618257 ) );
#8045 = CARTESIAN_POINT( '', ( 1.79811598031863, -22.8777230016882, -16.1478712192557 ) );
#8046 = CARTESIAN_POINT( '', ( 1.71851389493738, -22.6555795104258, -16.4581975631319 ) );
#8047 = CARTESIAN_POINT( '', ( 1.59401829012707, -22.1955697754468, -17.0734950236787 ) );
#8048 = CARTESIAN_POINT( '', ( 1.54911104477589, -21.9577075910424, -17.3784666289008 ) );
#8049 = CARTESIAN_POINT( '', ( 1.49834344667852, -21.4652923642231, -17.9831379003767 ) );
#8050 = CARTESIAN_POINT( '', ( 1.49262688136376, -21.2090209162684, -18.2847314814912 ) );
#8051 = CARTESIAN_POINT( '', ( 1.52757448987437, -20.6883045555770, -18.8718845956794 ) );
#8052 = CARTESIAN_POINT( '', ( 1.56786076731213, -20.4241280502612, -19.1573298505664 ) );
#8053 = CARTESIAN_POINT( '', ( 1.70173175183053, -19.8895542193551, -19.7117712692746 ) );
#8054 = CARTESIAN_POINT( '', ( 1.79606472645778, -19.6173039082460, -19.9825146542526 ) );
#8055 = CARTESIAN_POINT( '', ( 2.04801525520085, -19.0773092974296, -20.4986773843122 ) );
#8056 = CARTESIAN_POINT( '', ( 2.20377918683590, -18.8125920158611, -20.7413448726768 ) );
#8057 = CARTESIAN_POINT( '', ( 2.58658329023543, -18.3002819611115, -21.1947324971649 ) );
#8058 = CARTESIAN_POINT( '', ( 2.81664505356730, -18.0506740662501, -21.4069558065106 ) );
#8059 = CARTESIAN_POINT( '', ( 3.21103804927394, -17.7142468944031, -21.6847090077571 ) );
#8060 = CARTESIAN_POINT( '', ( 3.35108444765505, -17.6078081523117, -21.7711152998339 ) );
#8061 = CARTESIAN_POINT( '', ( 3.65005481282475, -17.4081159991361, -21.9311164031359 ) );
#8062 = CARTESIAN_POINT( '', ( 3.81037628972527, -17.3142653324474, -22.0051683533590 ) );
#8063 = CARTESIAN_POINT( '', ( 4.30777452367771, -17.0638071710473, -22.2007062472699 ) );
#8064 = CARTESIAN_POINT( '', ( 4.66312866459009, -16.9354073778139, -22.2980440985339 ) );
#8065 = CARTESIAN_POINT( '', ( 5.23637757916304, -16.8109556868498, -22.3918393016952 ) );
#8066 = CARTESIAN_POINT( '', ( 5.43215516867976, -16.7816834879769, -22.4137348318805 ) );
#8067 = CARTESIAN_POINT( '', ( 5.82221836035274, -16.7492562956018, -22.4379772561773 ) );
#8068 = CARTESIAN_POINT( '', ( 6.01810238959389, -16.7457273372013, -22.4406050216351 ) );
#8069 = CARTESIAN_POINT( '', ( 6.41160699099612, -16.7645368575466, -22.4265566180118 ) );
#8070 = CARTESIAN_POINT( '', ( 6.61008640680048, -16.7872762771596, -22.4095794279179 ) );
#8071 = CARTESIAN_POINT( '', ( 6.99426074916687, -16.8568742320722, -22.3572736724750 ) );
#8072 = CARTESIAN_POINT( '', ( 7.18176296752997, -16.9036972851673, -22.3219708329403 ) );
#8073 = CARTESIAN_POINT( '', ( 7.54790827288708, -17.0202374795841, -22.2332381787667 ) );
#8074 = CARTESIAN_POINT( '', ( 7.72744312547668, -17.0905420053626, -22.1793460100566 ) );
#8075 = CARTESIAN_POINT( '', ( 8.06744928948958, -17.2486497283668, -22.0566112088640 ) );
#8076 = CARTESIAN_POINT( '', ( 8.22918751554073, -17.3367265732353, -21.9875651348169 ) );
#8077 = CARTESIAN_POINT( '', ( 8.53730297716107, -17.5291023268362, -21.8345066454052 ) );
#8078 = CARTESIAN_POINT( '', ( 8.68447015730177, -17.6341294445179, -21.7498914478105 ) );
#8079 = CARTESIAN_POINT( '', ( 8.95835343441531, -17.8545552785343, -21.5693104911426 ) );
#8080 = CARTESIAN_POINT( '', ( 9.08552208070634, -17.9700670211699, -21.4732719388767 ) );
#8081 = CARTESIAN_POINT( '', ( 9.44057938537450, -18.3300614873748, -21.1685547899284 ) );
#8082 = CARTESIAN_POINT( '', ( 9.64293030146213, -18.5900108368266, -20.9412968726275 ) );
#8083 = CARTESIAN_POINT( '', ( 9.97385719555492, -19.1157688693942, -20.4624973586498 ) );
#8084 = CARTESIAN_POINT( '', ( 10.1049822301266, -19.3837676492324, -20.2092504854281 ) );
#8085 = CARTESIAN_POINT( '', ( 10.3101658628965, -19.9247934006245, -19.6760479112202 ) );
#8086 = CARTESIAN_POINT( '', ( 10.3835237951430, -20.1974153318519, -19.3963084133450 ) );
#8087 = CARTESIAN_POINT( '', ( 10.4780671269742, -20.7302595334993, -18.8257458239158 ) );
#8088 = CARTESIAN_POINT( '', ( 10.5000000000000, -20.9936757298332, -18.5316088666406 ) );
#8089 = CARTESIAN_POINT( '', ( 10.5000000000000, -21.7626485403335, -17.6353882818633 ) );
#8090 = COLOUR_RGB( '', 0.752941191200000, 0.752941191200000, 0.752941191200000 );
#8091 = CARTESIAN_POINT( '', ( -3.50000000000000, 21.2500000000000, 0.500000000000000 ) );
#8092 = AXIS2_PLACEMENT_3D( '', #9255, #9256, #9257 );
#8093 = CARTESIAN_POINT( '', ( -8.50000000000000, 21.2500000000000, -0.500000000000000 ) );
#8094 = AXIS2_PLACEMENT_3D( '', #9258, #9259, #9260 );
#8095 = COLOUR_RGB( '', 0.752941191200000, 0.752941191200000, 0.752941191200000 );
#8096 = CARTESIAN_POINT( '', ( 4.00000000000000, 0.000000000000000, 18.7000000000000 ) );
#8097 = AXIS2_PLACEMENT_3D( '', #9261, #9262, #9263 );
#8098 = CARTESIAN_POINT( '', ( 4.00000000000000, 0.000000000000000, 18.2500000000000 ) );
#8099 = AXIS2_PLACEMENT_3D( '', #9264, #9265, #9266 );
#8100 = COLOUR_RGB( '', 0.752941191200000, 0.752941191200000, 0.752941191200000 );
#8101 = CARTESIAN_POINT( '', ( -0.600000000000000, 0.000000000000000, -27.0000000000000 ) );
#8102 = AXIS2_PLACEMENT_3D( '', #9267, #9268, #9269 );
#8103 = COLOUR_RGB( '', 0.752941191200000, 0.752941191200000, 0.752941191200000 );
#8104 = CARTESIAN_POINT( '', ( 1.25000000000000, -0.649519052838329, 22.3750000000000 ) );
#8105 = CARTESIAN_POINT( '', ( 1.25000000000000, -0.649519052838329, 22.3750000000000 ) );
#8106 = VECTOR( '', #9270, 1000.00000000000 );
#8107 = CARTESIAN_POINT( '', ( 1.25000000000000, -0.649519052838329, 22.3750000000000 ) );
#8108 = VECTOR( '', #9271, 1000.00000000000 );
#8109 = COLOUR_RGB( '', 0.752941191200000, 0.752941191200000, 0.752941191200000 );
#8110 = CARTESIAN_POINT( '', ( -6.00000000000000, 23.5594010767585, -6.38750000000000 ) );
#8111 = VECTOR( '', #9272, 1000.00000000000 );
#8112 = COLOUR_RGB( '', 0.752941191200000, 0.752941191200000, 0.752941191200000 );
#8113 = COLOUR_RGB( '', 0.752941191200000, 0.752941191200000, 0.752941191200000 );
#8114 = CARTESIAN_POINT( '', ( -8.75000000000000, 21.2500000000000, -1.00000000000000 ) );
#8115 = AXIS2_PLACEMENT_3D( '', #9273, #9274, #9275 );
#8116 = CARTESIAN_POINT( '', ( -8.50000000000000, 21.2500000000000, -0.999999999999998 ) );
#8117 = AXIS2_PLACEMENT_3D( '', #9276, #9277, #9278 );
#8118 = COLOUR_RGB( '', 0.752941191200000, 0.752941191200000, 0.752941191200000 );
#8119 = CARTESIAN_POINT( '', ( -7.00000000000000, 0.000000000000000, -27.5000000000000 ) );
#8120 = AXIS2_PLACEMENT_3D( '', #9279, #9280, #9281 );
#8121 = CARTESIAN_POINT( '', ( -6.50000000000000, 0.000000000000000, -28.0000000000000 ) );
#8122 = AXIS2_PLACEMENT_3D( '', #9282, #9283, #9284 );
#8123 = COLOUR_RGB( '', 0.752941191200000, 0.752941191200000, 0.752941191200000 );
#8124 = CARTESIAN_POINT( '', ( 1.75000000000000, 21.2500000000000, 7.70000000000000 ) );
#8125 = AXIS2_PLACEMENT_3D( '', #9285, #9286, #9287 );
#8126 = CARTESIAN_POINT( '', ( 2.05000000000000, 21.2500000000000, 8.00000000000000 ) );
#8127 = AXIS2_PLACEMENT_3D( '', #9288, #9289, #9290 );
#8128 = COLOUR_RGB( '', 0.752941191200000, 0.752941191200000, 0.752941191200000 );
#8129 = CARTESIAN_POINT( '', ( 0.000000000000000, -1.98000000000000, 27.9299051197816 ) );
#8130 = VECTOR( '', #9291, 1000.00000000000 );
#8131 = COLOUR_RGB( '', 0.752941191200000, 0.752941191200000, 0.752941191200000 );
#8132 = COLOUR_RGB( '', 0.752941191200000, 0.752941191200000, 0.752941191200000 );
#8133 = CARTESIAN_POINT( '', ( 0.600000000000000, 0.000000000000000, -27.0000000000000 ) );
#8134 = AXIS2_PLACEMENT_3D( '', #9292, #9293, #9294 );
#8135 = COLOUR_RGB( '', 0.752941191200000, 0.752941191200000, 0.752941191200000 );
#8136 = COLOUR_RGB( '', 0.752941191200000, 0.752941191200000, 0.752941191200000 );
#8137 = CARTESIAN_POINT( '', ( -3.99049999999998, -21.2500000000000, -13.5000000000000 ) );
#8138 = AXIS2_PLACEMENT_3D( '', #9295, #9296, #9297 );
#8139 = COLOUR_RGB( '', 0.752941191200000, 0.752941191200000, 0.752941191200000 );
#8140 = COLOUR_RGB( '', 0.752941191200000, 0.752941191200000, 0.752941191200000 );
#8141 = CARTESIAN_POINT( '', ( 3.50000000000000, 21.2500000000000, -13.0095000000000 ) );
#8142 = AXIS2_PLACEMENT_3D( '', #9298, #9299, #9300 );
#8143 = COLOUR_RGB( '', 0.752941191200000, 0.752941191200000, 0.752941191200000 );
#8144 = CARTESIAN_POINT( '', ( -7.78000000000000, -0.960000000000000, 27.4000000000000 ) );
#8145 = CARTESIAN_POINT( '', ( -7.78000000000000, -0.960000000000000, 27.4000000000000 ) );
#8146 = VECTOR( '', #9301, 1000.00000000000 );
#8147 = CARTESIAN_POINT( '', ( -7.78000000000000, -0.960000000000000, 27.4000000000000 ) );
#8148 = VECTOR( '', #9302, 1000.00000000000 );
#8149 = COLOUR_RGB( '', 0.752941191200000, 0.752941191200000, 0.752941191200000 );
#8150 = CARTESIAN_POINT( '', ( 13.5000000000000, -7.98435971133565, 0.500000000000000 ) );
#8151 = AXIS2_PLACEMENT_3D( '', #9303, #9304, #9305 );
#8152 = CARTESIAN_POINT( '', ( 13.5000000000000, -11.5000000000000, 0.500000000000000 ) );
#8153 = CARTESIAN_POINT( '', ( 13.5000000000000, -11.5000000000000, 28.0000000000000 ) );
#8154 = VECTOR( '', #9306, 1000.00000000000 );
#8155 = CARTESIAN_POINT( '', ( 13.5000000000000, 28.0000000000000, 0.500000000000000 ) );
#8156 = VECTOR( '', #9307, 1000.00000000000 );
#8157 = COLOUR_RGB( '', 0.752941191200000, 0.752941191200000, 0.752941191200000 );
#8158 = CARTESIAN_POINT( '', ( -0.200000000000000, 0.000000000000000, 19.0000000000000 ) );
#8159 = AXIS2_PLACEMENT_3D( '', #9308, #9309, #9310 );
#8160 = COLOUR_RGB( '', 0.752941191200000, 0.752941191200000, 0.752941191200000 );
#8161 = CARTESIAN_POINT( '', ( -3.74152545638024, 0.656163816775150, 27.9923105342441 ) );
#8162 = CARTESIAN_POINT( '', ( -3.74152545638024, 0.656163816775150, 27.4000000000000 ) );
#8163 = VECTOR( '', #9311, 1000.00000000000 );
#8164 = CARTESIAN_POINT( '', ( -3.37646653018596, 0.780000000000000, 27.9891336057406 ) );
#8165 = CARTESIAN_POINT( '', ( -3.37646653018596, 0.780000000000000, 27.4000000000000 ) );
#8166 = VECTOR( '', #9312, 1000.00000000000 );
#8167 = CARTESIAN_POINT( '', ( -3.74152545638024, 0.656163816775150, 27.9923105342441 ) );
#8168 = CARTESIAN_POINT( '', ( -3.63677666317414, 0.736471224899829, 27.9904280595779 ) );
#8169 = CARTESIAN_POINT( '', ( -3.50847149000254, 0.780000000000001, 27.9891336057406 ) );
#8170 = CARTESIAN_POINT( '', ( -3.37646653018596, 0.780000000000000, 27.9891336057406 ) );
#8171 = COLOUR_RGB( '', 0.752941191200000, 0.752941191200000, 0.752941191200000 );
#8172 = COLOUR_RGB( '', 0.752941191200000, 0.752941191200000, 0.752941191200000 );
#8173 = COLOUR_RGB( '', 0.752941191200000, 0.752941191200000, 0.752941191200000 );
#8174 = COLOUR_RGB( '', 0.752941191200000, 0.752941191200000, 0.752941191200000 );
#8175 = CARTESIAN_POINT( '', ( 0.200000000000000, 1.29903810567666, -21.2500000000000 ) );
#8176 = CARTESIAN_POINT( '', ( 1.25000000000000, 1.29903810567666, -21.2500000000000 ) );
#8177 = VECTOR( '', #9313, 1000.00000000000 );
#8178 = CARTESIAN_POINT( '', ( 0.200000000000000, 1.53677857925749, -20.8382214207425 ) );
#8179 = VECTOR( '', #9314, 1000.00000000000 );
#8180 = COLOUR_RGB( '', 0.752941191200000, 0.752941191200000, 0.752941191200000 );
#8181 = CARTESIAN_POINT( '', ( -3.16000000000000, 0.780000000000000, 27.9891336057406 ) );
#8182 = CARTESIAN_POINT( '', ( -3.16000000000000, 0.780000000000000, 27.4000000000000 ) );
#8183 = VECTOR( '', #9315, 1000.00000000000 );
#8184 = CARTESIAN_POINT( '', ( -3.16000000000000, 0.180000000000000, 27.9994214225937 ) );
#8185 = CARTESIAN_POINT( '', ( -3.16000000000000, 0.180000000000000, 27.4000000000000 ) );
#8186 = VECTOR( '', #9316, 1000.00000000000 );
#8187 = AXIS2_PLACEMENT_3D( '', #9317, #9318, #9319 );
#8188 = COLOUR_RGB( '', 0.752941191200000, 0.752941191200000, 0.752941191200000 );
#8189 = CARTESIAN_POINT( '', ( 1.25000000000000, 0.649519052838329, 22.3750000000000 ) );
#8190 = VECTOR( '', #9320, 1000.00000000000 );
#8191 = COLOUR_RGB( '', 0.752941191200000, 0.752941191200000, 0.752941191200000 );
#8192 = CARTESIAN_POINT( '', ( 8.50000000000000, -21.2500000000000, -0.500000000000000 ) );
#8193 = AXIS2_PLACEMENT_3D( '', #9321, #9322, #9323 );
#8194 = CARTESIAN_POINT( '', ( 13.5000000000000, -24.0500000000000, -0.500000000000000 ) );
#8195 = CARTESIAN_POINT( '', ( 13.5000000000000, -28.0000000000000, -0.500000000000000 ) );
#8196 = VECTOR( '', #9324, 1000.00000000000 );
#8197 = CARTESIAN_POINT( '', ( 13.5000000000000, -11.5000000000000, -0.500000000000000 ) );
#8198 = CARTESIAN_POINT( '', ( 13.5000000000000, -28.0000000000000, -0.500000000000000 ) );
#8199 = VECTOR( '', #9325, 1000.00000000000 );
#8200 = CARTESIAN_POINT( '', ( 13.5000000000000, -7.98435971133565, -0.500000000000000 ) );
#8201 = CARTESIAN_POINT( '', ( 13.5000000000000, -28.0000000000000, -0.500000000000000 ) );
#8202 = VECTOR( '', #9326, 1000.00000000000 );
#8203 = CARTESIAN_POINT( '', ( 20.0000000000000, -7.98435971133565, -0.500000000000000 ) );
#8204 = VECTOR( '', #9327, 1000.00000000000 );
#8205 = COLOUR_RGB( '', 0.752941191200000, 0.752941191200000, 0.752941191200000 );
#8206 = CARTESIAN_POINT( '', ( -5.38000000000000, -1.98000000000000, 27.9299051197816 ) );
#8207 = AXIS2_PLACEMENT_3D( '', #9328, #9329, #9330 );
#8208 = CARTESIAN_POINT( '', ( -5.38000000000000, -1.98000000000000, 27.4000000000000 ) );
#8209 = VECTOR( '', #9331, 1000.00000000000 );
#8210 = COLOUR_RGB( '', 0.752941191200000, 0.752941191200000, 0.752941191200000 );
#8211 = CARTESIAN_POINT( '', ( 6.00000000000000, 23.5594010767585, 8.00000000000000 ) );
#8212 = CARTESIAN_POINT( '', ( 6.00000000000000, 23.5594010767585, 8.00000000000000 ) );
#8213 = VECTOR( '', #9332, 1000.00000000000 );
#8214 = CARTESIAN_POINT( '', ( 6.00000000000000, 23.5594010767585, 6.38750000000000 ) );
#8215 = VECTOR( '', #9333, 1000.00000000000 );
#8216 = COLOUR_RGB( '', 0.752941191200000, 0.752941191200000, 0.752941191200000 );
#8217 = CARTESIAN_POINT( '', ( 8.50000000000000, 21.2500000000000, -0.500000000000000 ) );
#8218 = AXIS2_PLACEMENT_3D( '', #9334, #9335, #9336 );
#8219 = COLOUR_RGB( '', 0.752941191200000, 0.752941191200000, 0.752941191200000 );
#8220 = COLOUR_RGB( '', 0.752941191200000, 0.752941191200000, 0.752941191200000 );
#8221 = CARTESIAN_POINT( '', ( -14.0000000000000, 11.5000000000000, -25.5293948224395 ) );
#8222 = CARTESIAN_POINT( '', ( -14.0000000000000, 11.5631448492335, -25.5009505223988 ) );
#8223 = CARTESIAN_POINT( '', ( -13.9762575221242, 11.6249194672142, -25.4728085480511 ) );
#8224 = CARTESIAN_POINT( '', ( -13.8858481992274, 11.7198695212474, -25.4292624027874 ) );
#8225 = CARTESIAN_POINT( '', ( -13.8190891084547, 11.7498324595568, -25.4153779670127 ) );
#8226 = CARTESIAN_POINT( '', ( -13.6821287501984, 11.7501660572613, -25.4152237381565 ) );
#8227 = CARTESIAN_POINT( '', ( -13.6148852037172, 11.7203906702833, -25.4290223254955 ) );
#8228 = CARTESIAN_POINT( '', ( -13.5239060852163, 11.6253379328864, -25.4726176872501 ) );
#8229 = CARTESIAN_POINT( '', ( -13.5000000000000, 11.5631950016151, -25.5009279307005 ) );
#8230 = CARTESIAN_POINT( '', ( -13.5000000000000, 11.5000000000000, -25.5293948224395 ) );
#8231 = CARTESIAN_POINT( '', ( -14.0000000000000, 11.5000000000000, -3.42782730020052 ) );
#8232 = CARTESIAN_POINT( '', ( -14.0000000000000, 11.5519063001424, -3.25368712353436 ) );
#8233 = CARTESIAN_POINT( '', ( -13.9853105318570, 11.5995994022821, -3.07917827663670 ) );
#8234 = CARTESIAN_POINT( '', ( -13.9399999868226, 11.6646140238342, -2.81865055712016 ) );
#8235 = CARTESIAN_POINT( '', ( -13.9212850172445, 11.6851057376712, -2.73236798570432 ) );
#8236 = CARTESIAN_POINT( '', ( -13.8805894144568, 11.7138272144622, -2.60540490465307 ) );
#8237 = CARTESIAN_POINT( '', ( -13.8651317951289, 11.7230399245106, -2.56358192817287 ) );
#8238 = CARTESIAN_POINT( '', ( -13.8340065121864, 11.7357295918083, -2.50460681375059 ) );
#8239 = CARTESIAN_POINT( '', ( -13.8222185492887, 11.7398489427324, -2.48520539128608 ) );
#8240 = CARTESIAN_POINT( '', ( -13.7918618381941, 11.7469627921250, -2.45135966261198 ) );
#8241 = CARTESIAN_POINT( '', ( -13.7714174982841, 11.7501330091208, -2.43605720921104 ) );
#8242 = CARTESIAN_POINT( '', ( -13.7255824647054, 11.7498579905761, -2.43738336333761 ) );
#8243 = CARTESIAN_POINT( '', ( -13.7059713665416, 11.7465702953253, -2.45324174396032 ) );
#8244 = CARTESIAN_POINT( '', ( -13.6761488756815, 11.7393354184778, -2.48763194419963 ) );
#8245 = CARTESIAN_POINT( '', ( -13.6647051106145, 11.7352638604048, -2.50678920582559 ) );
#8246 = CARTESIAN_POINT( '', ( -13.6337997581756, 11.7224740714586, -2.56617256377058 ) );
#8247 = CARTESIAN_POINT( '', ( -13.6183901873265, 11.7131866086906, -2.60827891628991 ) );
#8248 = CARTESIAN_POINT( '', ( -13.5782562609326, 11.6846152208214, -2.73444782031691 ) );
#8249 = CARTESIAN_POINT( '', ( -13.5596540840989, 11.6641977194285, -2.82036404909917 ) );
#8250 = CARTESIAN_POINT( '', ( -13.5146300524622, 11.5993520147787, -3.08007793192604 ) );
#8251 = CARTESIAN_POINT( '', ( -13.5000000000000, 11.5517623876151, -3.25416993492447 ) );
#8252 = CARTESIAN_POINT( '', ( -13.5000000000000, 11.5000000000000, -3.42782730020053 ) );
#8253 = COLOUR_RGB( '', 0.752941191200000, 0.752941191200000, 0.752941191200000 );
#8254 = COLOUR_RGB( '', 0.752941191200000, 0.752941191200000, 0.752941191200000 );
#8255 = COLOUR_RGB( '', 0.752941191200000, 0.752941191200000, 0.752941191200000 );
#8256 = CARTESIAN_POINT( '', ( 13.5000000000000, 7.98435971133566, -0.500000000000000 ) );
#8257 = CARTESIAN_POINT( '', ( 20.0000000000000, 7.98435971133565, -0.500000000000000 ) );
#8258 = VECTOR( '', #9337, 1000.00000000000 );
#8259 = CARTESIAN_POINT( '', ( 13.5000000000000, -28.0000000000000, -0.500000000000000 ) );
#8260 = VECTOR( '', #9338, 1000.00000000000 );
#8261 = COLOUR_RGB( '', 0.752941191200000, 0.752941191200000, 0.752941191200000 );
#8262 = CARTESIAN_POINT( '', ( -1.00000000000043, 27.9955353583430, -0.500000000000000 ) );
#8263 = CARTESIAN_POINT( '', ( 0.000000000000000, 27.9955353583388, -0.500000000000000 ) );
#8264 = VECTOR( '', #9339, 1000.00000000000 );
#8265 = AXIS2_PLACEMENT_3D( '', #9340, #9341, #9342 );
#8266 = AXIS2_PLACEMENT_3D( '', #9343, #9344, #9345 );
#8267 = CARTESIAN_POINT( '', ( 0.000000000000000, 27.9955353583388, 0.500000000000000 ) );
#8268 = VECTOR( '', #9346, 1000.00000000000 );
#8269 = CARTESIAN_POINT( '', ( -10.5000000000000, -21.2500000000000, 18.2328686717148 ) );
#8270 = CARTESIAN_POINT( '', ( -10.5000000000000, -20.9936757298332, 18.5316088666406 ) );
#8271 = CARTESIAN_POINT( '', ( -10.5000000000000, -21.7626485403335, 17.6353882818633 ) );
#8272 = CARTESIAN_POINT( '', ( -10.4149558786379, -22.2401447079239, 17.0281218921851 ) );
#8273 = CARTESIAN_POINT( '', ( -10.1891733795005, -22.9102354907426, 16.1017499890492 ) );
#8274 = CARTESIAN_POINT( '', ( -10.0971137800790, -23.1258409360895, 15.7904149743064 ) );
#8275 = CARTESIAN_POINT( '', ( -9.87966518149875, -23.5420119161752, 15.1629614192209 ) );
#8276 = CARTESIAN_POINT( '', ( -9.75481008317962, -23.7412679166752, 14.8487001038916 ) );
#8277 = CARTESIAN_POINT( '', ( -9.47546414798395, -24.1181289283226, 14.2284065890553 ) );
#8278 = CARTESIAN_POINT( '', ( -9.32062529907520, -24.2965688552504, 13.9211005358755 ) );
#8279 = CARTESIAN_POINT( '', ( -8.97607788217738, -24.6339466020986, 13.3149905397200 ) );
#8280 = CARTESIAN_POINT( '', ( -8.78662505632993, -24.7929236734182, 13.0160652739240 ) );
#8281 = CARTESIAN_POINT( '', ( -8.36008092978001, -25.0902611063730, 12.4332544856532 ) );
#8282 = CARTESIAN_POINT( '', ( -8.12092584258426, -25.2297821041240, 12.1465982743588 ) );
#8283 = CARTESIAN_POINT( '', ( -7.71771994734210, -25.4118729184124, 11.7582802077308 ) );
#8284 = CARTESIAN_POINT( '', ( -7.57553239054378, -25.4682712734424, 11.6354012512261 ) );
#8285 = CARTESIAN_POINT( '', ( -7.26889685237698, -25.5704184551997, 11.4091675402139 ) );
#8286 = CARTESIAN_POINT( '', ( -7.10377604116705, -25.6161747286986, 11.3057523586619 ) );
#8287 = CARTESIAN_POINT( '', ( -6.75479441972611, -25.6898298046807, 11.1373735114319 ) );
#8288 = CARTESIAN_POINT( '', ( -6.56630675358719, -25.7183795539628, 11.0709804019012 ) );
#8289 = CARTESIAN_POINT( '', ( -6.27831319249188, -25.7424182308911, 11.0149133955346 ) );
#8290 = CARTESIAN_POINT( '', ( -6.18122768292476, -25.7474229366780, 11.0031919640355 ) );
#8291 = CARTESIAN_POINT( '', ( -5.98472566126389, -25.7510469047758, 10.9947080263927 ) );
#8292 = CARTESIAN_POINT( '', ( -5.88426843223632, -25.7495909188967, 10.9981230133425 ) );
#8293 = CARTESIAN_POINT( '', ( -5.58895147895430, -25.7355198189423, 11.0310284596399 ) );
#8294 = CARTESIAN_POINT( '', ( -5.39791489842849, -25.7133465746807, 11.0828829825194 ) );
#8295 = CARTESIAN_POINT( '', ( -5.03493197237242, -25.6491604673277, 11.2306301958142 ) );
#8296 = CARTESIAN_POINT( '', ( -4.86685030389880, -25.6081552154846, 11.3241341163475 ) );
#8297 = CARTESIAN_POINT( '', ( -4.54889404311632, -25.5128437243144, 11.5372627656689 ) );
#8298 = CARTESIAN_POINT( '', ( -4.39904221678159, -25.4582944288724, 11.6573798422090 ) );
#8299 = CARTESIAN_POINT( '', ( -4.12049673011882, -25.3414881500785, 11.9091661484812 ) );
#8300 = CARTESIAN_POINT( '', ( -3.99046267185167, -25.2788148704918, 12.0417929293897 ) );
#8301 = CARTESIAN_POINT( '', ( -3.62073001776184, -25.0798084139146, 12.4537642006315 ) );
#8302 = CARTESIAN_POINT( '', ( -3.39993433016007, -24.9315630111167, 12.7487878471553 ) );
#8303 = CARTESIAN_POINT( '', ( -2.80445782657911, -24.4586603103320, 13.6466713457906 ) );
#8304 = CARTESIAN_POINT( '', ( -2.48974499461786, -24.1046415364111, 14.2658150188013 ) );
#8305 = CARTESIAN_POINT( '', ( -2.10418502355322, -23.5144740659470, 15.2054698986677 ) );
#8306 = CARTESIAN_POINT( '', ( -1.99068400149496, -23.3068657489516, 15.5220476618257 ) );
#8307 = CARTESIAN_POINT( '', ( -1.79811598031863, -22.8777230016882, 16.1478712192557 ) );
#8308 = CARTESIAN_POINT( '', ( -1.71851389493738, -22.6555795104258, 16.4581975631319 ) );
#8309 = CARTESIAN_POINT( '', ( -1.59401829012708, -22.1955697754467, 17.0734950236787 ) );
#8310 = CARTESIAN_POINT( '', ( -1.54911104477589, -21.9577075910424, 17.3784666289008 ) );
#8311 = CARTESIAN_POINT( '', ( -1.49834344667852, -21.4652923642231, 17.9831379003767 ) );
#8312 = CARTESIAN_POINT( '', ( -1.49262688136376, -21.2090209162684, 18.2847314814912 ) );
#8313 = CARTESIAN_POINT( '', ( -1.52757448987437, -20.6883045555770, 18.8718845956793 ) );
#8314 = CARTESIAN_POINT( '', ( -1.56786076731214, -20.4241280502612, 19.1573298505664 ) );
#8315 = CARTESIAN_POINT( '', ( -1.70173175183053, -19.8895542193551, 19.7117712692746 ) );
#8316 = CARTESIAN_POINT( '', ( -1.79606472645778, -19.6173039082460, 19.9825146542525 ) );
#8317 = CARTESIAN_POINT( '', ( -2.04801525520085, -19.0773092974296, 20.4986773843121 ) );
#8318 = CARTESIAN_POINT( '', ( -2.20377918683590, -18.8125920158611, 20.7413448726768 ) );
#8319 = CARTESIAN_POINT( '', ( -2.58658329023543, -18.3002819611115, 21.1947324971649 ) );
#8320 = CARTESIAN_POINT( '', ( -2.81664505356731, -18.0506740662501, 21.4069558065106 ) );
#8321 = CARTESIAN_POINT( '', ( -3.21103804927394, -17.7142468944032, 21.6847090077571 ) );
#8322 = CARTESIAN_POINT( '', ( -3.35108444765506, -17.6078081523116, 21.7711152998339 ) );
#8323 = CARTESIAN_POINT( '', ( -3.65005481282476, -17.4081159991361, 21.9311164031359 ) );
#8324 = CARTESIAN_POINT( '', ( -3.81037628972527, -17.3142653324474, 22.0051683533590 ) );
#8325 = CARTESIAN_POINT( '', ( -4.30777452367771, -17.0638071710473, 22.2007062472699 ) );
#8326 = CARTESIAN_POINT( '', ( -4.66312866459010, -16.9354073778139, 22.2980440985339 ) );
#8327 = CARTESIAN_POINT( '', ( -5.23637757916304, -16.8109556868498, 22.3918393016952 ) );
#8328 = CARTESIAN_POINT( '', ( -5.43215516867975, -16.7816834879769, 22.4137348318804 ) );
#8329 = CARTESIAN_POINT( '', ( -5.82221836035274, -16.7492562956018, 22.4379772561773 ) );
#8330 = CARTESIAN_POINT( '', ( -6.01810238959389, -16.7457273372013, 22.4406050216351 ) );
#8331 = CARTESIAN_POINT( '', ( -6.41160699099612, -16.7645368575466, 22.4265566180118 ) );
#8332 = CARTESIAN_POINT( '', ( -6.61008640680047, -16.7872762771596, 22.4095794279179 ) );
#8333 = CARTESIAN_POINT( '', ( -6.99426074916687, -16.8568742320722, 22.3572736724750 ) );
#8334 = CARTESIAN_POINT( '', ( -7.18176296752996, -16.9036972851673, 22.3219708329403 ) );
#8335 = CARTESIAN_POINT( '', ( -7.54790827288708, -17.0202374795841, 22.2332381787667 ) );
#8336 = CARTESIAN_POINT( '', ( -7.72744312547667, -17.0905420053625, 22.1793460100566 ) );
#8337 = CARTESIAN_POINT( '', ( -8.06744928948958, -17.2486497283668, 22.0566112088640 ) );
#8338 = CARTESIAN_POINT( '', ( -8.22918751554074, -17.3367265732353, 21.9875651348169 ) );
#8339 = CARTESIAN_POINT( '', ( -8.53730297716107, -17.5291023268363, 21.8345066454052 ) );
#8340 = CARTESIAN_POINT( '', ( -8.68447015730177, -17.6341294445179, 21.7498914478105 ) );
#8341 = CARTESIAN_POINT( '', ( -8.95835343441532, -17.8545552785343, 21.5693104911426 ) );
#8342 = CARTESIAN_POINT( '', ( -9.08552208070635, -17.9700670211699, 21.4732719388767 ) );
#8343 = CARTESIAN_POINT( '', ( -9.44057938537452, -18.3300614873748, 21.1685547899284 ) );
#8344 = CARTESIAN_POINT( '', ( -9.64293030146213, -18.5900108368266, 20.9412968726275 ) );
#8345 = CARTESIAN_POINT( '', ( -9.97385719555493, -19.1157688693942, 20.4624973586498 ) );
#8346 = CARTESIAN_POINT( '', ( -10.1049822301266, -19.3837676492324, 20.2092504854281 ) );
#8347 = CARTESIAN_POINT( '', ( -10.3101658628965, -19.9247934006245, 19.6760479112202 ) );
#8348 = CARTESIAN_POINT( '', ( -10.3835237951431, -20.1974153318519, 19.3963084133449 ) );
#8349 = CARTESIAN_POINT( '', ( -10.4780671269742, -20.7302595334993, 18.8257458239158 ) );
#8350 = CARTESIAN_POINT( '', ( -10.5000000000000, -20.9936757298332, 18.5316088666406 ) );
#8351 = CARTESIAN_POINT( '', ( -10.5000000000000, -21.7626485403335, 17.6353882818633 ) );
#8352 = CARTESIAN_POINT( '', ( -10.5000000000000, 21.2500000000000, -18.2328686717148 ) );
#8353 = CARTESIAN_POINT( '', ( -10.5000000000000, 20.9936757298332, -18.5316088666406 ) );
#8354 = CARTESIAN_POINT( '', ( -10.5000000000000, 21.7626485403335, -17.6353882818633 ) );
#8355 = CARTESIAN_POINT( '', ( -10.4149558786379, 22.2401447079239, -17.0281218921851 ) );
#8356 = CARTESIAN_POINT( '', ( -10.1891733795006, 22.9102354907426, -16.1017499890492 ) );
#8357 = CARTESIAN_POINT( '', ( -10.0971137800790, 23.1258409360895, -15.7904149743065 ) );
#8358 = CARTESIAN_POINT( '', ( -9.87966518149874, 23.5420119161751, -15.1629614192209 ) );
#8359 = CARTESIAN_POINT( '', ( -9.75481008317962, 23.7412679166752, -14.8487001038916 ) );
#8360 = CARTESIAN_POINT( '', ( -9.47546414798395, 24.1181289283226, -14.2284065890553 ) );
#8361 = CARTESIAN_POINT( '', ( -9.32062529907519, 24.2965688552504, -13.9211005358755 ) );
#8362 = CARTESIAN_POINT( '', ( -8.97607788217738, 24.6339466020986, -13.3149905397200 ) );
#8363 = CARTESIAN_POINT( '', ( -8.78662505632992, 24.7929236734182, -13.0160652739241 ) );
#8364 = CARTESIAN_POINT( '', ( -8.36008092978002, 25.0902611063730, -12.4332544856532 ) );
#8365 = CARTESIAN_POINT( '', ( -8.12092584258426, 25.2297821041240, -12.1465982743588 ) );
#8366 = CARTESIAN_POINT( '', ( -7.71771994734210, 25.4118729184124, -11.7582802077308 ) );
#8367 = CARTESIAN_POINT( '', ( -7.57553239054378, 25.4682712734424, -11.6354012512261 ) );
#8368 = CARTESIAN_POINT( '', ( -7.26889685237699, 25.5704184551996, -11.4091675402139 ) );
#8369 = CARTESIAN_POINT( '', ( -7.10377604116706, 25.6161747286986, -11.3057523586619 ) );
#8370 = CARTESIAN_POINT( '', ( -6.75479441972612, 25.6898298046807, -11.1373735114319 ) );
#8371 = CARTESIAN_POINT( '', ( -6.56630675358720, 25.7183795539628, -11.0709804019012 ) );
#8372 = CARTESIAN_POINT( '', ( -6.27831319249189, 25.7424182308911, -11.0149133955346 ) );
#8373 = CARTESIAN_POINT( '', ( -6.18122768292477, 25.7474229366780, -11.0031919640355 ) );
#8374 = CARTESIAN_POINT( '', ( -5.98472566126390, 25.7510469047758, -10.9947080263927 ) );
#8375 = CARTESIAN_POINT( '', ( -5.88426843223633, 25.7495909188967, -10.9981230133425 ) );
#8376 = CARTESIAN_POINT( '', ( -5.58895147895431, 25.7355198189423, -11.0310284596399 ) );
#8377 = CARTESIAN_POINT( '', ( -5.39791489842851, 25.7133465746807, -11.0828829825195 ) );
#8378 = CARTESIAN_POINT( '', ( -5.03493197237243, 25.6491604673277, -11.2306301958142 ) );
#8379 = CARTESIAN_POINT( '', ( -4.86685030389882, 25.6081552154846, -11.3241341163475 ) );
#8380 = CARTESIAN_POINT( '', ( -4.54889404311633, 25.5128437243144, -11.5372627656688 ) );
#8381 = CARTESIAN_POINT( '', ( -4.39904221678160, 25.4582944288725, -11.6573798422090 ) );
#8382 = CARTESIAN_POINT( '', ( -4.12049673011883, 25.3414881500784, -11.9091661484812 ) );
#8383 = CARTESIAN_POINT( '', ( -3.99046267185168, 25.2788148704919, -12.0417929293897 ) );
#8384 = CARTESIAN_POINT( '', ( -3.62073001776185, 25.0798084139147, -12.4537642006315 ) );
#8385 = CARTESIAN_POINT( '', ( -3.39993433016008, 24.9315630111167, -12.7487878471553 ) );
#8386 = CARTESIAN_POINT( '', ( -2.80445782657911, 24.4586603103321, -13.6466713457906 ) );
#8387 = CARTESIAN_POINT( '', ( -2.48974499461786, 24.1046415364111, -14.2658150188013 ) );
#8388 = CARTESIAN_POINT( '', ( -2.10418502355322, 23.5144740659470, -15.2054698986677 ) );
#8389 = CARTESIAN_POINT( '', ( -1.99068400149496, 23.3068657489516, -15.5220476618257 ) );
#8390 = CARTESIAN_POINT( '', ( -1.79811598031863, 22.8777230016882, -16.1478712192557 ) );
#8391 = CARTESIAN_POINT( '', ( -1.71851389493738, 22.6555795104258, -16.4581975631319 ) );
#8392 = CARTESIAN_POINT( '', ( -1.59401829012708, 22.1955697754468, -17.0734950236787 ) );
#8393 = CARTESIAN_POINT( '', ( -1.54911104477588, 21.9577075910424, -17.3784666289008 ) );
#8394 = CARTESIAN_POINT( '', ( -1.49834344667851, 21.4652923642231, -17.9831379003767 ) );
#8395 = CARTESIAN_POINT( '', ( -1.49262688136376, 21.2090209162684, -18.2847314814912 ) );
#8396 = CARTESIAN_POINT( '', ( -1.52757448987436, 20.6883045555770, -18.8718845956794 ) );
#8397 = CARTESIAN_POINT( '', ( -1.56786076731213, 20.4241280502612, -19.1573298505664 ) );
#8398 = CARTESIAN_POINT( '', ( -1.70173175183052, 19.8895542193551, -19.7117712692746 ) );
#8399 = CARTESIAN_POINT( '', ( -1.79606472645777, 19.6173039082461, -19.9825146542525 ) );
#8400 = CARTESIAN_POINT( '', ( -2.04801525520084, 19.0773092974296, -20.4986773843121 ) );
#8401 = CARTESIAN_POINT( '', ( -2.20377918683589, 18.8125920158611, -20.7413448726768 ) );
#8402 = CARTESIAN_POINT( '', ( -2.58658329023542, 18.3002819611115, -21.1947324971649 ) );
#8403 = CARTESIAN_POINT( '', ( -2.81664505356730, 18.0506740662501, -21.4069558065106 ) );
#8404 = CARTESIAN_POINT( '', ( -3.21103804927393, 17.7142468944032, -21.6847090077571 ) );
#8405 = CARTESIAN_POINT( '', ( -3.35108444765505, 17.6078081523116, -21.7711152998339 ) );
#8406 = CARTESIAN_POINT( '', ( -3.65005481282475, 17.4081159991361, -21.9311164031359 ) );
#8407 = CARTESIAN_POINT( '', ( -3.81037628972526, 17.3142653324474, -22.0051683533590 ) );
#8408 = CARTESIAN_POINT( '', ( -4.30777452367770, 17.0638071710473, -22.2007062472699 ) );
#8409 = CARTESIAN_POINT( '', ( -4.66312866459010, 16.9354073778139, -22.2980440985339 ) );
#8410 = CARTESIAN_POINT( '', ( -5.23637757916303, 16.8109556868498, -22.3918393016952 ) );
#8411 = CARTESIAN_POINT( '', ( -5.43215516867974, 16.7816834879769, -22.4137348318804 ) );
#8412 = CARTESIAN_POINT( '', ( -5.82221836035273, 16.7492562956018, -22.4379772561773 ) );
#8413 = CARTESIAN_POINT( '', ( -6.01810238959388, 16.7457273372013, -22.4406050216351 ) );
#8414 = CARTESIAN_POINT( '', ( -6.41160699099611, 16.7645368575466, -22.4265566180118 ) );
#8415 = CARTESIAN_POINT( '', ( -6.61008640680046, 16.7872762771596, -22.4095794279179 ) );
#8416 = CARTESIAN_POINT( '', ( -6.99426074916686, 16.8568742320722, -22.3572736724750 ) );
#8417 = CARTESIAN_POINT( '', ( -7.18176296752996, 16.9036972851673, -22.3219708329403 ) );
#8418 = CARTESIAN_POINT( '', ( -7.54790827288707, 17.0202374795841, -22.2332381787667 ) );
#8419 = CARTESIAN_POINT( '', ( -7.72744312547667, 17.0905420053625, -22.1793460100566 ) );
#8420 = CARTESIAN_POINT( '', ( -8.06744928948958, 17.2486497283668, -22.0566112088640 ) );
#8421 = CARTESIAN_POINT( '', ( -8.22918751554073, 17.3367265732353, -21.9875651348169 ) );
#8422 = CARTESIAN_POINT( '', ( -8.53730297716106, 17.5291023268363, -21.8345066454052 ) );
#8423 = CARTESIAN_POINT( '', ( -8.68447015730176, 17.6341294445179, -21.7498914478105 ) );
#8424 = CARTESIAN_POINT( '', ( -8.95835343441531, 17.8545552785343, -21.5693104911426 ) );
#8425 = CARTESIAN_POINT( '', ( -9.08552208070634, 17.9700670211699, -21.4732719388767 ) );
#8426 = CARTESIAN_POINT( '', ( -9.44057938537451, 18.3300614873748, -21.1685547899284 ) );
#8427 = CARTESIAN_POINT( '', ( -9.64293030146212, 18.5900108368266, -20.9412968726275 ) );
#8428 = CARTESIAN_POINT( '', ( -9.97385719555493, 19.1157688693942, -20.4624973586498 ) );
#8429 = CARTESIAN_POINT( '', ( -10.1049822301266, 19.3837676492323, -20.2092504854281 ) );
#8430 = CARTESIAN_POINT( '', ( -10.3101658628965, 19.9247934006245, -19.6760479112202 ) );
#8431 = CARTESIAN_POINT( '', ( -10.3835237951430, 20.1974153318519, -19.3963084133449 ) );
#8432 = CARTESIAN_POINT( '', ( -10.4780671269742, 20.7302595334993, -18.8257458239158 ) );
#8433 = CARTESIAN_POINT( '', ( -10.5000000000000, 20.9936757298332, -18.5316088666406 ) );
#8434 = CARTESIAN_POINT( '', ( -10.5000000000000, 21.7626485403335, -17.6353882818633 ) );
#8435 = CARTESIAN_POINT( '', ( 0.000000000000000, -1.98000000000000, 27.9299051197816 ) );
#8436 = VECTOR( '', #9347, 1000.00000000000 );
#8437 = CARTESIAN_POINT( '', ( 0.000000000000000, 0.780000000000000, 27.9891336057406 ) );
#8438 = VECTOR( '', #9348, 1000.00000000000 );
#8439 = AXIS2_PLACEMENT_3D( '', #9349, #9350, #9351 );
#8440 = CARTESIAN_POINT( '', ( -6.70000000000000, -2.04000000000000, 27.9255868335833 ) );
#8441 = CARTESIAN_POINT( '', ( -6.23345679801478, -0.501474810274264, 27.9955089793820 ) );
#8442 = CARTESIAN_POINT( '', ( -6.08341882630770, -0.601684790915149, 27.9937139492911 ) );
#8443 = CARTESIAN_POINT( '', ( -5.96971546862958, -0.747836944085280, 27.9905212173950 ) );
#8444 = CARTESIAN_POINT( '', ( -5.84872956892568, -1.08552039888435, 27.9794600301718 ) );
#8445 = CARTESIAN_POINT( '', ( -5.84429860795001, -1.27229198704861, 27.9716022720658 ) );
#8446 = CARTESIAN_POINT( '', ( -5.94760715440753, -1.61395169965708, 27.9539696729841 ) );
#8447 = CARTESIAN_POINT( '', ( -6.05581901410928, -1.76773360225364, 27.9443457157995 ) );
#8448 = CARTESIAN_POINT( '', ( -6.34148880219934, -1.98023093168790, 27.9300917476088 ) );
#8449 = CARTESIAN_POINT( '', ( -6.51956146312928, -2.04000000000000, 27.9255868335833 ) );
#8450 = CARTESIAN_POINT( '', ( -6.70000000000000, -2.04000000000000, 27.9255868335833 ) );
#8451 = CARTESIAN_POINT( '', ( -8.38000000000000, -2.04000000000000, 27.9255868335833 ) );
#8452 = CARTESIAN_POINT( '', ( -5.26612483778674E-16, -2.04000000000000, 27.9255868335833 ) );
#8453 = VECTOR( '', #9352, 1000.00000000000 );
#8454 = AXIS2_PLACEMENT_3D( '', #9353, #9354, #9355 );
#8455 = CARTESIAN_POINT( '', ( -4.78000000000000, -0.139999999999999, 27.9996499978125 ) );
#8456 = AXIS2_PLACEMENT_3D( '', #9356, #9357, #9358 );
#8457 = AXIS2_PLACEMENT_3D( '', #9359, #9360, #9361 );
#8458 = CARTESIAN_POINT( '', ( 0.000000000000000, 0.780000000000000, 27.9891336057406 ) );
#8459 = VECTOR( '', #9362, 1000.00000000000 );
#8460 = AXIS2_PLACEMENT_3D( '', #9363, #9364, #9365 );
#8461 = AXIS2_PLACEMENT_3D( '', #9366, #9367, #9368 );
#8462 = CARTESIAN_POINT( '', ( 0.000000000000000, -1.98000000000000, 27.9299051197816 ) );
#8463 = VECTOR( '', #9369, 1000.00000000000 );
#8464 = COLOUR_RGB( '', 0.752941191200000, 0.752941191200000, 0.752941191200000 );
#8465 = CARTESIAN_POINT( '', ( -7.78000000000000, -0.360000000000000, 27.4000000000000 ) );
#8466 = CARTESIAN_POINT( '', ( -7.78000000000000, -0.360000000000000, 27.4000000000000 ) );
#8467 = VECTOR( '', #9370, 1000.00000000000 );
#8468 = CARTESIAN_POINT( '', ( -7.00000000000000, -0.360000000000000, 27.4000000000000 ) );
#8469 = CARTESIAN_POINT( '', ( -7.78000000000000, -0.360000000000000, 27.4000000000000 ) );
#8470 = VECTOR( '', #9371, 1000.00000000000 );
#8471 = CARTESIAN_POINT( '', ( -7.00000000000000, -0.360000000000000, 27.4000000000000 ) );
#8472 = VECTOR( '', #9372, 1000.00000000000 );
#8473 = COLOUR_RGB( '', 0.752941191200000, 0.752941191200000, 0.752941191200000 );
#8474 = CARTESIAN_POINT( '', ( -13.5000000000000, 11.9895788082818, -0.500000000000000 ) );
#8475 = CARTESIAN_POINT( '', ( 0.000000000000000, 11.9895788082818, -0.500000000000000 ) );
#8476 = VECTOR( '', #9373, 1000.00000000000 );
#8477 = CARTESIAN_POINT( '', ( -13.5000000000000, 11.9895788082818, 0.500000000000000 ) );
#8478 = AXIS2_PLACEMENT_3D( '', #9374, #9375, #9376 );
#8479 = CARTESIAN_POINT( '', ( 0.000000000000000, 11.9895788082818, 0.500000000000000 ) );
#8480 = CARTESIAN_POINT( '', ( 0.000000000000000, 11.9895788082818, 0.500000000000000 ) );
#8481 = VECTOR( '', #9377, 1000.00000000000 );
#8482 = AXIS2_PLACEMENT_3D( '', #9378, #9379, #9380 );
#8483 = AXIS2_PLACEMENT_3D( '', #9381, #9382, #9383 );
#8484 = COLOUR_RGB( '', 0.752941191200000, 0.752941191200000, 0.752941191200000 );
#8485 = CARTESIAN_POINT( '', ( 20.0000000000000, -7.98435971133565, 0.500000000000000 ) );
#8486 = VECTOR( '', #9384, 1000.00000000000 );
#8487 = COLOUR_RGB( '', 0.752941191200000, 0.752941191200000, 0.752941191200000 );
#8488 = CARTESIAN_POINT( '', ( -6.70000000000000, -2.04000000000000, 27.4000000000000 ) );
#8489 = CARTESIAN_POINT( '', ( -6.70000000000000, -2.04000000000000, 27.4000000000000 ) );
#8490 = VECTOR( '', #9385, 1000.00000000000 );
#8491 = CARTESIAN_POINT( '', ( -8.38000000000000, -2.04000000000000, 27.4000000000000 ) );
#8492 = CARTESIAN_POINT( '', ( -8.38000000000000, -2.04000000000000, 27.4000000000000 ) );
#8493 = VECTOR( '', #9386, 1000.00000000000 );
#8494 = CARTESIAN_POINT( '', ( -8.38000000000000, -2.04000000000000, 27.4000000000000 ) );
#8495 = VECTOR( '', #9387, 1000.00000000000 );
#8496 = COLOUR_RGB( '', 0.752941191200000, 0.752941191200000, 0.752941191200000 );
#8497 = CARTESIAN_POINT( '', ( -8.38000000000000, 0.780000000000000, 27.4000000000000 ) );
#8498 = VECTOR( '', #9388, 1000.00000000000 );
#8499 = COLOUR_RGB( '', 0.752941191200000, 0.752941191200000, 0.752941191200000 );
#8500 = CARTESIAN_POINT( '', ( 0.500000000000000, 0.000000000000000, 18.7000000000000 ) );
#8501 = AXIS2_PLACEMENT_3D( '', #9389, #9390, #9391 );
#8502 = COLOUR_RGB( '', 0.752941191200000, 0.752941191200000, 0.752941191200000 );
#8503 = CARTESIAN_POINT( '', ( -3.50000000000000, 21.2500000000000, -3.00000000000000 ) );
#8504 = AXIS2_PLACEMENT_3D( '', #9392, #9393, #9394 );
#8505 = COLOUR_RGB( '', 0.752941191200000, 0.752941191200000, 0.752941191200000 );
#8506 = CARTESIAN_POINT( '', ( 0.200000000000000, -0.411778579257491, -22.7867785792575 ) );
#8507 = VECTOR( '', #9395, 1000.00000000000 );
#8508 = COLOUR_RGB( '', 0.752941191200000, 0.752941191200000, 0.752941191200000 );
#8509 = CARTESIAN_POINT( '', ( 0.200000000000000, 1.53677857925749, -21.6617785792575 ) );
#8510 = VECTOR( '', #9396, 1000.00000000000 );
#8511 = COLOUR_RGB( '', 0.752941191200000, 0.752941191200000, 0.752941191200000 );
#8512 = COLOUR_RGB( '', 0.752941191200000, 0.752941191200000, 0.752941191200000 );
#8513 = CARTESIAN_POINT( '', ( -6.70000000000000, -0.960000000000000, 27.4000000000000 ) );
#8514 = AXIS2_PLACEMENT_3D( '', #9397, #9398, #9399 );
#8515 = CARTESIAN_POINT( '', ( -6.70000000000000, -0.960000000000000, 27.4000000000000 ) );
#8516 = VECTOR( '', #9400, 1000.00000000000 );
#8517 = COLOUR_RGB( '', 0.752941191200000, 0.752941191200000, 0.752941191200000 );
#8518 = COLOUR_RGB( '', 0.752941191200000, 0.752941191200000, 0.752941191200000 );
#8519 = CARTESIAN_POINT( '', ( 13.5000000000000, -11.5000000000000, 28.0000000000000 ) );
#8520 = VECTOR( '', #9401, 1000.00000000000 );
#8521 = AXIS2_PLACEMENT_3D( '', #9402, #9403, #9404 );
#8522 = COLOUR_RGB( '', 0.752941191200000, 0.752941191200000, 0.752941191200000 );
#8523 = CARTESIAN_POINT( '', ( -3.25000000000000, -21.2500000000000, 3.00000000000000 ) );
#8524 = AXIS2_PLACEMENT_3D( '', #9405, #9406, #9407 );
#8525 = COLOUR_RGB( '', 0.752941191200000, 0.752941191200000, 0.752941191200000 );
#8526 = CARTESIAN_POINT( '', ( -4.78000000000000, -0.139999999999999, 27.4000000000000 ) );
#8527 = VECTOR( '', #9408, 1000.00000000000 );
#8528 = COLOUR_RGB( '', 0.752941191200000, 0.752941191200000, 0.752941191200000 );
#8529 = CARTESIAN_POINT( '', ( 13.5000000000000, -24.0500000000000, 28.0000000000000 ) );
#8530 = VECTOR( '', #9409, 1000.00000000000 );
#8531 = COLOUR_RGB( '', 0.752941191200000, 0.752941191200000, 0.752941191200000 );
#8532 = AXIS2_PLACEMENT_3D( '', #9410, #9411, #9412 );
#8533 = COLOUR_RGB( '', 0.752941191200000, 0.752941191200000, 0.752941191200000 );
#8534 = CARTESIAN_POINT( '', ( -11.5285281374239, 0.780000000000000, 27.4000000000000 ) );
#8535 = VECTOR( '', #9413, 1000.00000000000 );
#8536 = COLOUR_RGB( '', 0.752941191200000, 0.752941191200000, 0.752941191200000 );
#8537 = CARTESIAN_POINT( '', ( 13.5000000000000, -24.0500000000000, 28.0000000000000 ) );
#8538 = VECTOR( '', #9414, 1000.00000000000 );
#8539 = CARTESIAN_POINT( '', ( 13.5000000000000, 28.0000000000000, 0.500000000000000 ) );
#8540 = VECTOR( '', #9415, 1000.00000000000 );
#8541 = CARTESIAN_POINT( '', ( 13.5000000000000, -11.5000000000000, 28.0000000000000 ) );
#8542 = VECTOR( '', #9416, 1000.00000000000 );
#8543 = COLOUR_RGB( '', 0.752941191200000, 0.752941191200000, 0.752941191200000 );
#8544 = COLOUR_RGB( '', 0.752941191200000, 0.752941191200000, 0.752941191200000 );
#8545 = CARTESIAN_POINT( '', ( 4.00000000000000, 20.0952994616207, 8.00000000000000 ) );
#8546 = VECTOR( '', #9417, 1000.00000000000 );
#8547 = COLOUR_RGB( '', 0.752941191200000, 0.752941191200000, 0.752941191200000 );
#8548 = CARTESIAN_POINT( '', ( 0.000000000000000, 28.0000000000000, 0.500000000000000 ) );
#8549 = VECTOR( '', #9418, 1000.00000000000 );
#8550 = COLOUR_RGB( '', 0.752941191200000, 0.752941191200000, 0.752941191200000 );
#8551 = COLOUR_RGB( '', 0.752941191200000, 0.752941191200000, 0.752941191200000 );
#8552 = CARTESIAN_POINT( '', ( -9.72000000000000, 0.780000000000001, 27.4000000000000 ) );
#8553 = VECTOR( '', #9419, 1000.00000000000 );
#8554 = COLOUR_RGB( '', 0.752941191200000, 0.752941191200000, 0.752941191200000 );
#8555 = COLOUR_RGB( '', 0.752941191200000, 0.752941191200000, 0.752941191200000 );
#8556 = COLOUR_RGB( '', 0.752941191200000, 0.752941191200000, 0.752941191200000 );
#8557 = COLOUR_RGB( '', 0.752941191200000, 0.752941191200000, 0.752941191200000 );
#8558 = CARTESIAN_POINT( '', ( 14.0000000000000, -24.0500000000000, 28.0000000000000 ) );
#8559 = VECTOR( '', #9420, 1000.00000000000 );
#8560 = COLOUR_RGB( '', 0.752941191200000, 0.752941191200000, 0.752941191200000 );
#8561 = COLOUR_RGB( '', 0.752941191200000, 0.752941191200000, 0.752941191200000 );
#8562 = CARTESIAN_POINT( '', ( -7.78000000000000, 0.180000000000000, 27.4000000000000 ) );
#8563 = VECTOR( '', #9421, 1000.00000000000 );
#8564 = COLOUR_RGB( '', 0.752941191200000, 0.752941191200000, 0.752941191200000 );
#8565 = CARTESIAN_POINT( '', ( -1.55553903007420E-15, 26.9953699733862, -0.500000000000000 ) );
#8566 = CARTESIAN_POINT( '', ( -1.56277578768418E-15, 27.1272850402893, -0.500000000000000 ) );
#8567 = CARTESIAN_POINT( '', ( -0.0260733945677467, 27.2573629812786, -0.500000000000000 ) );
#8568 = CARTESIAN_POINT( '', ( -0.126367554597797, 27.4993560438349, -0.500000000000000 ) );
#8569 = CARTESIAN_POINT( '', ( -0.200799849593426, 27.6105294304326, -0.500000000000000 ) );
#8570 = CARTESIAN_POINT( '', ( -0.385315460684804, 27.7949892911626, -0.500000000000000 ) );
#8571 = CARTESIAN_POINT( '', ( -0.496991652616239, 27.8695674549278, -0.500000000000000 ) );
#8572 = CARTESIAN_POINT( '', ( -0.737811017673380, 27.9693082075090, -0.500000000000000 ) );
#8573 = CARTESIAN_POINT( '', ( -0.869397232441440, 27.9955353583389, -0.500000000000000 ) );
#8574 = CARTESIAN_POINT( '', ( -1.00000000000070, 27.9955353583389, -0.500000000000000 ) );
#8575 = COLOUR_RGB( '', 0.752941191200000, 0.752941191200000, 0.752941191200000 );
#8576 = CARTESIAN_POINT( '', ( 1.25000000000000, 0.649519052838329, 20.1250000000000 ) );
#8577 = CARTESIAN_POINT( '', ( 1.25000000000000, 0.649519052838329, 20.1250000000000 ) );
#8578 = VECTOR( '', #9422, 1000.00000000000 );
#8579 = CARTESIAN_POINT( '', ( 1.25000000000000, 0.649519052838329, 20.1250000000000 ) );
#8580 = VECTOR( '', #9423, 1000.00000000000 );
#8581 = COLOUR_RGB( '', 0.752941191200000, 0.752941191200000, 0.752941191200000 );
#8582 = CARTESIAN_POINT( '', ( 6.50000000000000, 0.000000000000000, -28.0000000000000 ) );
#8583 = AXIS2_PLACEMENT_3D( '', #9424, #9425, #9426 );
#8584 = COLOUR_RGB( '', 0.752941191200000, 0.752941191200000, 0.752941191200000 );
#8585 = CARTESIAN_POINT( '', ( -11.8800000000000, -1.98000000000000, 27.4000000000000 ) );
#8586 = VECTOR( '', #9427, 1000.00000000000 );
#8587 = COLOUR_RGB( '', 0.752941191200000, 0.752941191200000, 0.752941191200000 );
#8588 = CARTESIAN_POINT( '', ( -13.5000000000000, 28.0000000000000, 0.500000000000000 ) );
#8589 = VECTOR( '', #9428, 1000.00000000000 );
#8590 = COLOUR_RGB( '', 0.752941191200000, 0.752941191200000, 0.752941191200000 );
#8591 = COLOUR_RGB( '', 0.752941191200000, 0.752941191200000, 0.752941191200000 );
#8592 = COLOUR_RGB( '', 0.752941191200000, 0.752941191200000, 0.752941191200000 );
#8593 = CARTESIAN_POINT( '', ( -6.70000000000000, -0.960000000000000, 27.4000000000000 ) );
#8594 = VECTOR( '', #9429, 1000.00000000000 );
#8595 = COLOUR_RGB( '', 0.752941191200000, 0.752941191200000, 0.752941191200000 );
#8596 = COLOUR_RGB( '', 0.752941191200000, 0.752941191200000, 0.752941191200000 );
#8597 = AXIS2_PLACEMENT_3D( '', #9430, #9431, #9432 );
#8598 = COLOUR_RGB( '', 0.752941191200000, 0.752941191200000, 0.752941191200000 );
#8599 = COLOUR_RGB( '', 0.752941191200000, 0.752941191200000, 0.752941191200000 );
#8600 = COLOUR_RGB( '', 0.752941191200000, 0.752941191200000, 0.752941191200000 );
#8601 = CARTESIAN_POINT( '', ( 1.25000000000000, -0.649519052838329, 20.1250000000000 ) );
#8602 = VECTOR( '', #9433, 1000.00000000000 );
#8603 = COLOUR_RGB( '', 0.752941191200000, 0.752941191200000, 0.752941191200000 );
#8604 = COLOUR_RGB( '', 0.752941191200000, 0.752941191200000, 0.752941191200000 );
#8605 = CARTESIAN_POINT( '', ( 3.50000000000000, -21.2500000000000, 0.500000000000000 ) );
#8606 = AXIS2_PLACEMENT_3D( '', #9434, #9435, #9436 );
#8607 = COLOUR_RGB( '', 0.752941191200000, 0.752941191200000, 0.752941191200000 );
#8608 = COLOUR_RGB( '', 0.752941191200000, 0.752941191200000, 0.752941191200000 );
#8609 = COLOUR_RGB( '', 0.752941191200000, 0.752941191200000, 0.752941191200000 );
#8610 = COLOUR_RGB( '', 0.752941191200000, 0.752941191200000, 0.752941191200000 );
#8611 = CARTESIAN_POINT( '', ( 8.00000000000000, 22.4047005383793, 8.00000000000000 ) );
#8612 = CARTESIAN_POINT( '', ( 8.00000000000000, 20.0952994616207, 8.00000000000000 ) );
#8613 = VECTOR( '', #9437, 1000.00000000000 );
#8614 = CARTESIAN_POINT( '', ( 8.00000000000000, 22.4047005383793, 6.38750000000000 ) );
#8615 = VECTOR( '', #9438, 1000.00000000000 );
#8616 = COLOUR_RGB( '', 0.752941191200000, 0.752941191200000, 0.752941191200000 );
#8617 = CARTESIAN_POINT( '', ( -13.5000000000000, -28.0000000000000, -0.500000000000000 ) );
#8618 = VECTOR( '', #9439, 1000.00000000000 );
#8619 = COLOUR_RGB( '', 0.752941191200000, 0.752941191200000, 0.752941191200000 );
#8620 = COLOUR_RGB( '', 0.752941191200000, 0.752941191200000, 0.752941191200000 );
#8621 = COLOUR_RGB( '', 0.752941191200000, 0.752941191200000, 0.752941191200000 );
#8622 = COLOUR_RGB( '', 0.752941191200000, 0.752941191200000, 0.752941191200000 );
#8623 = COLOUR_RGB( '', 0.752941191200000, 0.752941191200000, 0.752941191200000 );
#8624 = COLOUR_RGB( '', 0.752941191200000, 0.752941191200000, 0.752941191200000 );
#8625 = CARTESIAN_POINT( '', ( -2.16495388512284E-14, -26.9953699733862, 0.500000000000000 ) );
#8626 = CARTESIAN_POINT( '', ( -2.16406330111633E-14, -27.1258750739022, 0.500000000000000 ) );
#8627 = CARTESIAN_POINT( '', ( 0.0258322599258177, -27.2565787117432, 0.500000000000000 ) );
#8628 = CARTESIAN_POINT( '', ( 0.126157523611877, -27.4990508182945, 0.500000000000000 ) );
#8629 = CARTESIAN_POINT( '', ( 0.201411821748532, -27.6112806529056, 0.500000000000000 ) );
#8630 = CARTESIAN_POINT( '', ( 0.385777969302384, -27.7953114095044, 0.500000000000000 ) );
#8631 = CARTESIAN_POINT( '', ( 0.497394070155012, -27.8697845124076, 0.500000000000000 ) );
#8632 = CARTESIAN_POINT( '', ( 0.738070003816608, -27.9693649465591, 0.500000000000000 ) );
#8633 = CARTESIAN_POINT( '', ( 0.869390901977484, -27.9955353583389, 0.500000000000000 ) );
#8634 = CARTESIAN_POINT( '', ( 1.00000000000000, -27.9955353583389, 0.500000000000000 ) );
#8635 = COLOUR_RGB( '', 0.752941191200000, 0.752941191200000, 0.752941191200000 );
#8636 = COLOUR_RGB( '', 0.752941191200000, 0.752941191200000, 0.752941191200000 );
#8637 = COLOUR_RGB( '', 0.752941191200000, 0.752941191200000, 0.752941191200000 );
#8638 = COLOUR_RGB( '', 0.752941191200000, 0.752941191200000, 0.752941191200000 );
#8639 = COLOUR_RGB( '', 0.752941191200000, 0.752941191200000, 0.752941191200000 );
#8640 = CARTESIAN_POINT( '', ( -8.75000000000000, 21.2500000000000, -3.00000000000000 ) );
#8641 = AXIS2_PLACEMENT_3D( '', #9440, #9441, #9442 );
#8642 = COLOUR_RGB( '', 0.752941191200000, 0.752941191200000, 0.752941191200000 );
#8643 = CARTESIAN_POINT( '', ( 10.2500000000000, 21.2500000000000, 3.50000000000000 ) );
#8644 = AXIS2_PLACEMENT_3D( '', #9443, #9444, #9445 );
#8645 = COLOUR_RGB( '', 0.752941191200000, 0.752941191200000, 0.752941191200000 );
#8646 = CARTESIAN_POINT( '', ( 4.00000000000000, -22.4047005383793, -6.38750000000000 ) );
#8647 = VECTOR( '', #9446, 1000.00000000000 );
#8648 = COLOUR_RGB( '', 0.752941191200000, 0.752941191200000, 0.752941191200000 );
#8649 = COLOUR_RGB( '', 0.752941191200000, 0.752941191200000, 0.752941191200000 );
#8650 = COLOUR_RGB( '', 0.752941191200000, 0.752941191200000, 0.752941191200000 );
#8651 = CARTESIAN_POINT( '', ( 8.00000000000000, 22.4047005383793, 8.00000000000000 ) );
#8652 = VECTOR( '', #9447, 1000.00000000000 );
#8653 = COLOUR_RGB( '', 0.752941191200000, 0.752941191200000, 0.752941191200000 );
#8654 = COLOUR_RGB( '', 0.752941191200000, 0.752941191200000, 0.752941191200000 );
#8655 = COLOUR_RGB( '', 0.752941191200000, 0.752941191200000, 0.752941191200000 );
#8656 = COLOUR_RGB( '', 0.752941191200000, 0.752941191200000, 0.752941191200000 );
#8657 = COLOUR_RGB( '', 0.752941191200000, 0.752941191200000, 0.752941191200000 );
#8658 = COLOUR_RGB( '', 0.752941191200000, 0.752941191200000, 0.752941191200000 );
#8659 = COLOUR_RGB( '', 0.752941191200000, 0.752941191200000, 0.752941191200000 );
#8660 = COLOUR_RGB( '', 0.752941191200000, 0.752941191200000, 0.752941191200000 );
#8661 = COLOUR_RGB( '', 0.752941191200000, 0.752941191200000, 0.752941191200000 );
#8662 = COLOUR_RGB( '', 0.752941191200000, 0.752941191200000, 0.752941191200000 );
#8663 = COLOUR_RGB( '', 0.752941191200000, 0.752941191200000, 0.752941191200000 );
#8664 = COLOUR_RGB( '', 0.752941191200000, 0.752941191200000, 0.752941191200000 );
#8665 = COLOUR_RGB( '', 0.752941191200000, 0.752941191200000, 0.752941191200000 );
#8666 = COLOUR_RGB( '', 0.752941191200000, 0.752941191200000, 0.752941191200000 );
#8667 = COLOUR_RGB( '', 0.752941191200000, 0.752941191200000, 0.752941191200000 );
#8668 = COLOUR_RGB( '', 0.752941191200000, 0.752941191200000, 0.752941191200000 );
#8669 = DIRECTION( '', ( 0.000000000000000, 0.000000000000000, 1.00000000000000 ) );
#8670 = DIRECTION( '', ( -0.707106781186548, 0.707106781186547, 0.000000000000000 ) );
#8671 = DIRECTION( '', ( 0.000000000000000, 0.000000000000000, 1.00000000000000 ) );
#8672 = CARTESIAN_POINT( '', ( -10.5000000000000, 0.000000000000000, 0.000000000000000 ) );
#8673 = DIRECTION( '', ( 0.707106781186547, 0.707106781186548, 0.000000000000000 ) );
#8674 = DIRECTION( '', ( 0.707106781186548, -0.707106781186547, 0.000000000000000 ) );
#8675 = DIRECTION( '', ( 0.000000000000000, 1.00000000000000, 0.000000000000000 ) );
#8676 = DIRECTION( '', ( 1.00000000000000, 0.000000000000000, 0.000000000000000 ) );
#8677 = DIRECTION( '', ( 0.000000000000000, 1.00000000000000, 0.000000000000000 ) );
#8678 = DIRECTION( '', ( 1.00000000000000, 0.000000000000000, 0.000000000000000 ) );
#8679 = CARTESIAN_POINT( '', ( 0.600000000000000, 0.000000000000000, 21.5000000000000 ) );
#8680 = DIRECTION( '', ( 1.00000000000000, 0.000000000000000, 0.000000000000000 ) );
#8681 = DIRECTION( '', ( 0.000000000000000, 0.000000000000000, -1.00000000000000 ) );
#8682 = CARTESIAN_POINT( '', ( -0.600000000000000, 0.000000000000000, 21.5000000000000 ) );
#8683 = DIRECTION( '', ( 1.00000000000000, 0.000000000000000, 0.000000000000000 ) );
#8684 = DIRECTION( '', ( 0.000000000000000, 0.000000000000000, -1.00000000000000 ) );
#8685 = DIRECTION( '', ( 0.000000000000000, 1.00000000000000, 0.000000000000000 ) );
#8686 = DIRECTION( '', ( -0.000000000000000, -0.000000000000000, -1.00000000000000 ) );
#8687 = DIRECTION( '', ( 0.000000000000000, 1.00000000000000, 0.000000000000000 ) );
#8688 = DIRECTION( '', ( -0.000000000000000, -0.000000000000000, -1.00000000000000 ) );
#8689 = DIRECTION( '', ( -1.00000000000000, -0.000000000000000, -0.000000000000000 ) );
#8690 = DIRECTION( '', ( 0.000000000000000, -0.500000000000000, -0.866025403784439 ) );
#8691 = DIRECTION( '', ( -1.00000000000000, -0.000000000000000, -0.000000000000000 ) );
#8692 = DIRECTION( '', ( 0.000000000000000, -0.500000000000000, -0.866025403784439 ) );
#8693 = CARTESIAN_POINT( '', ( 14.0000000000000, 0.000000000000000, 0.000000000000000 ) );
#8694 = DIRECTION( '', ( -1.00000000000000, 0.000000000000000, 0.000000000000000 ) );
#8695 = DIRECTION( '', ( 0.000000000000000, 0.000000000000000, 1.00000000000000 ) );
#8696 = CARTESIAN_POINT( '', ( 14.0000000000000, 0.000000000000000, 0.000000000000000 ) );
#8697 = DIRECTION( '', ( -1.00000000000000, 0.000000000000000, 0.000000000000000 ) );
#8698 = DIRECTION( '', ( 0.000000000000000, 0.000000000000000, 1.00000000000000 ) );
#8699 = DIRECTION( '', ( -0.000000000000000, -0.000000000000000, -1.00000000000000 ) );
#8700 = CARTESIAN_POINT( '', ( 6.00000000000000, -21.2500000000000, -3.00000000000000 ) );
#8701 = DIRECTION( '', ( -0.000000000000000, 0.000000000000000, -1.00000000000000 ) );
#8702 = DIRECTION( '', ( -1.00000000000000, 0.000000000000000, 0.000000000000000 ) );
#8703 = CARTESIAN_POINT( '', ( 6.00000000000000, -21.2500000000000, -3.00000000000000 ) );
#8704 = DIRECTION( '', ( -0.000000000000000, 0.000000000000000, -1.00000000000000 ) );
#8705 = DIRECTION( '', ( -1.00000000000000, 0.000000000000000, 0.000000000000000 ) );
#8706 = CARTESIAN_POINT( '', ( -6.00000000000000, 21.2500000000000, -3.50000000000000 ) );
#8707 = DIRECTION( '', ( 1.23908819712629E-16, 0.000000000000000, -1.00000000000000 ) );
#8708 = DIRECTION( '', ( -1.00000000000000, 0.000000000000000, -1.23908819712629E-16 ) );
#8709 = CARTESIAN_POINT( '', ( -6.00000000000000, 21.2500000000000, -3.50000000000000 ) );
#8710 = DIRECTION( '', ( 1.23908819712629E-16, 0.000000000000000, -1.00000000000000 ) );
#8711 = DIRECTION( '', ( -1.00000000000000, 0.000000000000000, -1.23908819712629E-16 ) );
#8712 = CARTESIAN_POINT( '', ( -10.2000000000000, -21.5000000000000, 0.000000000000000 ) );
#8713 = DIRECTION( '', ( 1.00000000000000, 0.000000000000000, 0.000000000000000 ) );
#8714 = DIRECTION( '', ( 0.000000000000000, 0.000000000000000, -1.00000000000000 ) );
#8715 = CARTESIAN_POINT( '', ( -6.00000000000000, -21.2500000000000, 0.999999999999997 ) );
#8716 = DIRECTION( '', ( 1.23908819712629E-16, 0.000000000000000, -1.00000000000000 ) );
#8717 = DIRECTION( '', ( -1.00000000000000, 0.000000000000000, -1.23908819712629E-16 ) );
#8718 = CARTESIAN_POINT( '', ( -6.00000000000000, -21.2500000000000, 0.999999999999997 ) );
#8719 = DIRECTION( '', ( 1.23908819712629E-16, 0.000000000000000, -1.00000000000000 ) );
#8720 = DIRECTION( '', ( -1.00000000000000, 0.000000000000000, -1.23908819712629E-16 ) );
#8721 = DIRECTION( '', ( 0.000000000000000, 0.000000000000000, 1.00000000000000 ) );
#8722 = DIRECTION( '', ( -1.00000000000000, 0.000000000000000, 0.000000000000000 ) );
#8723 = DIRECTION( '', ( 0.000000000000000, 0.000000000000000, 1.00000000000000 ) );
#8724 = DIRECTION( '', ( 1.00000000000000, -0.000000000000000, -0.000000000000000 ) );
#8725 = DIRECTION( '', ( -0.866025403784438, -0.500000000000000, 0.000000000000000 ) );
#8726 = DIRECTION( '', ( -0.000000000000000, 1.00000000000000, 0.000000000000000 ) );
#8727 = DIRECTION( '', ( 0.866025403784438, -0.500000000000000, 0.000000000000000 ) );
#8728 = DIRECTION( '', ( 0.866025403784438, 0.500000000000000, 0.000000000000000 ) );
#8729 = DIRECTION( '', ( -0.866025403784438, 0.500000000000000, 0.000000000000000 ) );
#8730 = CARTESIAN_POINT( '', ( 6.00000000000000, -21.2500000000000, -8.00000000000000 ) );
#8731 = DIRECTION( '', ( -0.000000000000000, 0.000000000000000, -1.00000000000000 ) );
#8732 = DIRECTION( '', ( -1.00000000000000, 0.000000000000000, 0.000000000000000 ) );
#8733 = DIRECTION( '', ( 0.000000000000000, 0.000000000000000, 1.00000000000000 ) );
#8734 = CARTESIAN_POINT( '', ( -3.37646653018596, -1.38000000000000, 27.4000000000000 ) );
#8735 = DIRECTION( '', ( 0.000000000000000, 0.000000000000000, 1.00000000000000 ) );
#8736 = DIRECTION( '', ( 1.00000000000000, 0.000000000000000, 0.000000000000000 ) );
#8737 = DIRECTION( '', ( 0.000000000000000, 0.000000000000000, 1.00000000000000 ) );
#8738 = CARTESIAN_POINT( '', ( 6.00000000000000, 21.2500000000000, 0.999999999999997 ) );
#8739 = DIRECTION( '', ( 0.000000000000000, -0.000000000000000, 1.00000000000000 ) );
#8740 = DIRECTION( '', ( 1.00000000000000, 0.000000000000000, 0.000000000000000 ) );
#8741 = CARTESIAN_POINT( '', ( 6.00000000000000, 21.2500000000000, 3.00000000000000 ) );
#8742 = DIRECTION( '', ( -0.000000000000000, 0.000000000000000, -1.00000000000000 ) );
#8743 = DIRECTION( '', ( -1.00000000000000, 0.000000000000000, 0.000000000000000 ) );
#8744 = CARTESIAN_POINT( '', ( 6.00000000000000, 21.2500000000000, 1.00000000000000 ) );
#8745 = DIRECTION( '', ( 0.000000000000000, -0.000000000000000, 1.00000000000000 ) );
#8746 = DIRECTION( '', ( 1.00000000000000, 0.000000000000000, 0.000000000000000 ) );
#8747 = CARTESIAN_POINT( '', ( 6.00000000000000, -21.2500000000000, 13.0095000000000 ) );
#8748 = DIRECTION( '', ( -0.000000000000000, 0.000000000000000, -1.00000000000000 ) );
#8749 = DIRECTION( '', ( -1.00000000000000, 0.000000000000000, 0.000000000000000 ) );
#8750 = CARTESIAN_POINT( '', ( 6.00000000000000, -21.2500000000000, 13.5000000000000 ) );
#8751 = DIRECTION( '', ( -0.000000000000000, 0.000000000000000, -1.00000000000000 ) );
#8752 = DIRECTION( '', ( -1.00000000000000, 0.000000000000000, 0.000000000000000 ) );
#8753 = DIRECTION( '', ( 0.000000000000000, 0.000000000000000, 1.00000000000000 ) );
#8754 = DIRECTION( '', ( 0.000000000000000, 1.00000000000000, 0.000000000000000 ) );
#8755 = DIRECTION( '', ( 0.000000000000000, 0.000000000000000, 1.00000000000000 ) );
#8756 = CARTESIAN_POINT( '', ( -9.12000000000000, 0.000000000000000, 0.000000000000000 ) );
#8757 = DIRECTION( '', ( 1.00000000000000, 0.000000000000000, 0.000000000000000 ) );
#8758 = DIRECTION( '', ( 0.000000000000000, 0.000000000000000, -1.00000000000000 ) );
#8759 = DIRECTION( '', ( 0.000000000000000, 0.500000000000000, 0.866025403784439 ) );
#8760 = DIRECTION( '', ( 0.000000000000000, -0.500000000000001, 0.866025403784438 ) );
#8761 = DIRECTION( '', ( 0.000000000000000, -1.00000000000000, 0.000000000000000 ) );
#8762 = DIRECTION( '', ( 0.000000000000000, -0.500000000000001, -0.866025403784438 ) );
#8763 = DIRECTION( '', ( 0.000000000000000, 0.500000000000000, -0.866025403784439 ) );
#8764 = DIRECTION( '', ( 0.000000000000000, 1.00000000000000, -0.000000000000000 ) );
#8765 = CARTESIAN_POINT( '', ( 0.200000000000000, 0.000000000000000, 21.2500000000000 ) );
#8766 = DIRECTION( '', ( 1.00000000000000, 0.000000000000000, -0.000000000000000 ) );
#8767 = DIRECTION( '', ( -0.000000000000000, 0.000000000000000, -1.00000000000000 ) );
#8768 = DIRECTION( '', ( 0.000000000000000, -0.500000000000000, 0.866025403784439 ) );
#8769 = DIRECTION( '', ( 0.000000000000000, -1.00000000000000, 0.000000000000000 ) );
#8770 = DIRECTION( '', ( 0.000000000000000, -0.500000000000000, -0.866025403784439 ) );
#8771 = DIRECTION( '', ( 0.000000000000000, 0.500000000000001, -0.866025403784438 ) );
#8772 = DIRECTION( '', ( 0.000000000000000, 1.00000000000000, 0.000000000000000 ) );
#8773 = DIRECTION( '', ( 0.000000000000000, 0.500000000000001, 0.866025403784438 ) );
#8774 = DIRECTION( '', ( 0.866025403784440, -0.499999999999998, 0.000000000000000 ) );
#8775 = DIRECTION( '', ( 0.000000000000000, 0.000000000000000, 1.00000000000000 ) );
#8776 = DIRECTION( '', ( 0.866025403784440, -0.499999999999998, 0.000000000000000 ) );
#8777 = DIRECTION( '', ( 0.000000000000000, 0.000000000000000, 1.00000000000000 ) );
#8778 = DIRECTION( '', ( 0.000000000000000, -1.00000000000000, 0.000000000000000 ) );
#8779 = DIRECTION( '', ( 1.00000000000000, 0.000000000000000, 0.000000000000000 ) );
#8780 = DIRECTION( '', ( 1.00000000000000, 0.000000000000000, 0.000000000000000 ) );
#8781 = DIRECTION( '', ( 0.000000000000000, 0.000000000000000, 1.00000000000000 ) );
#8782 = DIRECTION( '', ( -0.793606361291916, 0.608431543657136, 0.000000000000000 ) );
#8783 = DIRECTION( '', ( 0.000000000000000, 0.000000000000000, 1.00000000000000 ) );
#8784 = CARTESIAN_POINT( '', ( -4.96000000000000, 0.000000000000000, 0.000000000000000 ) );
#8785 = DIRECTION( '', ( 0.608431543657135, 0.793606361291916, 0.000000000000000 ) );
#8786 = DIRECTION( '', ( 0.793606361291916, -0.608431543657135, 0.000000000000000 ) );
#8787 = CARTESIAN_POINT( '', ( -14.0000000000000, 0.000000000000000, 0.000000000000000 ) );
#8788 = DIRECTION( '', ( 1.00000000000000, 0.000000000000000, -0.000000000000000 ) );
#8789 = DIRECTION( '', ( -0.000000000000000, 0.000000000000000, -1.00000000000000 ) );
#8790 = DIRECTION( '', ( -0.000000000000000, -0.000000000000000, -1.00000000000000 ) );
#8791 = CARTESIAN_POINT( '', ( 0.000000000000000, 0.000000000000000, -21.2500000000000 ) );
#8792 = DIRECTION( '', ( 1.00000000000000, 0.000000000000000, -0.000000000000000 ) );
#8793 = DIRECTION( '', ( -0.000000000000000, 0.000000000000000, -1.00000000000000 ) );
#8794 = CARTESIAN_POINT( '', ( -1.73472347597681E-15, 0.000000000000000, 0.000000000000000 ) );
#8795 = DIRECTION( '', ( 1.00000000000000, 0.000000000000000, -0.000000000000000 ) );
#8796 = DIRECTION( '', ( -0.000000000000000, 0.000000000000000, -1.00000000000000 ) );
#8797 = DIRECTION( '', ( 0.000000000000000, 1.00000000000000, 0.000000000000000 ) );
#8798 = CARTESIAN_POINT( '', ( 0.000000000000000, 0.000000000000000, 0.000000000000000 ) );
#8799 = DIRECTION( '', ( 1.00000000000000, 0.000000000000000, -0.000000000000000 ) );
#8800 = DIRECTION( '', ( -0.000000000000000, 0.000000000000000, -1.00000000000000 ) );
#8801 = DIRECTION( '', ( 0.000000000000000, 1.00000000000000, 0.000000000000000 ) );
#8802 = DIRECTION( '', ( 0.000000000000000, -1.00000000000000, 0.000000000000000 ) );
#8803 = DIRECTION( '', ( -0.866025403784438, -0.500000000000000, 0.000000000000000 ) );
#8804 = DIRECTION( '', ( -0.866025403784438, 0.500000000000000, 0.000000000000000 ) );
#8805 = DIRECTION( '', ( 0.866025403784438, 0.500000000000000, 0.000000000000000 ) );
#8806 = DIRECTION( '', ( 0.866025403784438, -0.500000000000000, 0.000000000000000 ) );
#8807 = CARTESIAN_POINT( '', ( -6.00000000000000, -21.2500000000000, -13.0095000000000 ) );
#8808 = DIRECTION( '', ( -1.21027219254196E-16, -0.000000000000000, 1.00000000000000 ) );
#8809 = DIRECTION( '', ( 1.00000000000000, 0.000000000000000, 1.21027219254196E-16 ) );
#8810 = CARTESIAN_POINT( '', ( -6.00000000000000, -21.2500000000000, 3.00000000000000 ) );
#8811 = DIRECTION( '', ( -1.21027219254196E-16, -0.000000000000000, 1.00000000000000 ) );
#8812 = DIRECTION( '', ( 1.00000000000000, 0.000000000000000, 1.21027219254196E-16 ) );
#8813 = CARTESIAN_POINT( '', ( 20.0000000000000, 0.000000000000000, 0.000000000000000 ) );
#8814 = DIRECTION( '', ( 1.00000000000000, 0.000000000000000, -0.000000000000000 ) );
#8815 = DIRECTION( '', ( -0.000000000000000, 0.000000000000000, -1.00000000000000 ) );
#8816 = CARTESIAN_POINT( '', ( -6.00000000000000, -21.2500000000000, -0.500000000000000 ) );
#8817 = DIRECTION( '', ( 0.000000000000000, 0.000000000000000, -1.00000000000000 ) );
#8818 = DIRECTION( '', ( -1.00000000000000, 0.000000000000000, 0.000000000000000 ) );
#8819 = DIRECTION( '', ( 1.00000000000000, -0.000000000000000, -0.000000000000000 ) );
#8820 = DIRECTION( '', ( 0.000000000000000, 1.00000000000000, 0.000000000000000 ) );
#8821 = DIRECTION( '', ( 1.00000000000000, -0.000000000000000, -0.000000000000000 ) );
#8822 = DIRECTION( '', ( -0.866025403784440, -0.499999999999998, 0.000000000000000 ) );
#8823 = DIRECTION( '', ( 0.000000000000000, -1.00000000000000, 0.000000000000000 ) );
#8824 = DIRECTION( '', ( 0.866025403784440, 0.499999999999998, 0.000000000000000 ) );
#8825 = DIRECTION( '', ( 0.000000000000000, 1.00000000000000, 0.000000000000000 ) );
#8826 = DIRECTION( '', ( -0.866025403784440, 0.499999999999998, 0.000000000000000 ) );
#8827 = CARTESIAN_POINT( '', ( 0.600000000000000, 0.000000000000000, 0.000000000000000 ) );
#8828 = DIRECTION( '', ( 1.00000000000000, 0.000000000000000, 0.000000000000000 ) );
#8829 = DIRECTION( '', ( 0.000000000000000, 0.000000000000000, -1.00000000000000 ) );
#8830 = CARTESIAN_POINT( '', ( -0.600000000000000, 0.000000000000000, 0.000000000000000 ) );
#8831 = DIRECTION( '', ( 1.00000000000000, 0.000000000000000, 0.000000000000000 ) );
#8832 = DIRECTION( '', ( 0.000000000000000, 0.000000000000000, -1.00000000000000 ) );
#8833 = DIRECTION( '', ( 0.000000000000000, 0.000000000000000, 1.00000000000000 ) );
#8834 = DIRECTION( '', ( 0.000000000000000, 1.00000000000000, 0.000000000000000 ) );
#8835 = DIRECTION( '', ( 0.000000000000000, 0.000000000000000, 1.00000000000000 ) );
#8836 = CARTESIAN_POINT( '', ( -11.2800000000000, 0.000000000000000, 0.000000000000000 ) );
#8837 = DIRECTION( '', ( 1.00000000000000, 0.000000000000000, 0.000000000000000 ) );
#8838 = DIRECTION( '', ( 0.000000000000000, 0.000000000000000, -1.00000000000000 ) );
#8839 = DIRECTION( '', ( 0.000000000000000, 0.500000000000001, 0.866025403784438 ) );
#8840 = DIRECTION( '', ( 1.00000000000000, 0.000000000000000, 0.000000000000000 ) );
#8841 = DIRECTION( '', ( 1.00000000000000, 0.000000000000000, 0.000000000000000 ) );
#8842 = CARTESIAN_POINT( '', ( -20.0000000000000, 0.000000000000000, 21.5000000000000 ) );
#8843 = DIRECTION( '', ( 1.00000000000000, 0.000000000000000, -0.000000000000000 ) );
#8844 = DIRECTION( '', ( -0.000000000000000, 0.000000000000000, -1.00000000000000 ) );
#8845 = CARTESIAN_POINT( '', ( -23.2000000000000, 0.000000000000000, 21.5000000000000 ) );
#8846 = DIRECTION( '', ( 1.00000000000000, 0.000000000000000, 0.000000000000000 ) );
#8847 = DIRECTION( '', ( 0.000000000000000, 0.000000000000000, -1.00000000000000 ) );
#8848 = CARTESIAN_POINT( '', ( -7.00000000000000, -21.5000000000000, 0.000000000000000 ) );
#8849 = DIRECTION( '', ( -1.00000000000000, 0.000000000000000, 0.000000000000000 ) );
#8850 = DIRECTION( '', ( 0.000000000000000, 0.000000000000000, 1.00000000000000 ) );
#8851 = CARTESIAN_POINT( '', ( -6.00000000000000, 21.2500000000000, -8.00000000000000 ) );
#8852 = DIRECTION( '', ( -1.21027219254196E-16, -0.000000000000000, 1.00000000000000 ) );
#8853 = DIRECTION( '', ( 1.00000000000000, 0.000000000000000, 1.21027219254196E-16 ) );
#8854 = DIRECTION( '', ( 0.000000000000000, -1.00000000000000, 0.000000000000000 ) );
#8855 = DIRECTION( '', ( 0.866025403784436, -0.500000000000005, 0.000000000000000 ) );
#8856 = DIRECTION( '', ( 0.866025403784436, 0.500000000000005, 0.000000000000000 ) );
#8857 = DIRECTION( '', ( 0.000000000000000, -1.00000000000000, 0.000000000000000 ) );
#8858 = DIRECTION( '', ( -0.866025403784436, 0.500000000000005, 0.000000000000000 ) );
#8859 = DIRECTION( '', ( -0.866025403784436, -0.500000000000005, 0.000000000000000 ) );
#8860 = DIRECTION( '', ( 1.00000000000000, -0.000000000000000, -0.000000000000000 ) );
#8861 = DIRECTION( '', ( 0.000000000000000, 0.000000000000000, 1.00000000000000 ) );
#8862 = DIRECTION( '', ( 1.00000000000000, 0.000000000000000, 0.000000000000000 ) );
#8863 = DIRECTION( '', ( 0.000000000000000, 0.000000000000000, 1.00000000000000 ) );
#8864 = CARTESIAN_POINT( '', ( -13.5000000000000, 0.000000000000000, 0.000000000000000 ) );
#8865 = DIRECTION( '', ( -1.00000000000000, 0.000000000000000, 0.000000000000000 ) );
#8866 = DIRECTION( '', ( 0.000000000000000, 0.000000000000000, 1.00000000000000 ) );
#8867 = DIRECTION( '', ( 0.000000000000000, -1.00000000000000, 0.000000000000000 ) );
#8868 = DIRECTION( '', ( -0.000000000000000, -0.000000000000000, -1.00000000000000 ) );
#8869 = CARTESIAN_POINT( '', ( 6.00000000000000, 21.2500000000000, 0.500000000000000 ) );
#8870 = DIRECTION( '', ( 0.000000000000000, 0.000000000000000, -1.00000000000000 ) );
#8871 = DIRECTION( '', ( -1.00000000000000, 0.000000000000000, 0.000000000000000 ) );
#8872 = DIRECTION( '', ( 1.00000000000000, -0.000000000000000, -0.000000000000000 ) );
#8873 = DIRECTION( '', ( 0.000000000000000, -1.00000000000000, 0.000000000000000 ) );
#8874 = DIRECTION( '', ( 1.00000000000000, -0.000000000000000, -0.000000000000000 ) );
#8875 = DIRECTION( '', ( 0.000000000000000, -1.00000000000000, 0.000000000000000 ) );
#8876 = DIRECTION( '', ( 0.000000000000000, 0.000000000000000, 1.00000000000000 ) );
#8877 = DIRECTION( '', ( -1.00000000000000, 0.000000000000000, 0.000000000000000 ) );
#8878 = DIRECTION( '', ( 1.00000000000000, -0.000000000000000, -0.000000000000000 ) );
#8879 = DIRECTION( '', ( -0.000000000000000, -0.000000000000000, -1.00000000000000 ) );
#8880 = DIRECTION( '', ( -0.000000000000000, -0.000000000000000, -1.00000000000000 ) );
#8881 = DIRECTION( '', ( -1.00000000000000, -0.000000000000000, -0.000000000000000 ) );
#8882 = DIRECTION( '', ( 0.000000000000000, -1.00000000000000, 0.000000000000000 ) );
#8883 = DIRECTION( '', ( 0.000000000000000, -1.00000000000000, 0.000000000000000 ) );
#8884 = DIRECTION( '', ( 0.866025403784438, 0.500000000000000, 0.000000000000000 ) );
#8885 = DIRECTION( '', ( 0.000000000000000, 0.000000000000000, 1.00000000000000 ) );
#8886 = DIRECTION( '', ( 0.866025403784438, 0.500000000000000, 0.000000000000000 ) );
#8887 = DIRECTION( '', ( 0.000000000000000, 0.000000000000000, 1.00000000000000 ) );
#8888 = CARTESIAN_POINT( '', ( -23.2000000000000, 0.000000000000000, -21.5000000000000 ) );
#8889 = DIRECTION( '', ( 1.00000000000000, 0.000000000000000, 0.000000000000000 ) );
#8890 = DIRECTION( '', ( 0.000000000000000, 0.000000000000000, -1.00000000000000 ) );
#8891 = CARTESIAN_POINT( '', ( -7.00000000000000, -0.0900000000000003, 27.4000000000000 ) );
#8892 = DIRECTION( '', ( 0.000000000000000, 0.000000000000000, 1.00000000000000 ) );
#8893 = DIRECTION( '', ( 1.00000000000000, 0.000000000000000, 0.000000000000000 ) );
#8894 = DIRECTION( '', ( 0.000000000000000, 0.000000000000000, 1.00000000000000 ) );
#8895 = DIRECTION( '', ( 0.000000000000000, -1.00000000000000, 0.000000000000000 ) );
#8896 = DIRECTION( '', ( 1.00000000000000, 0.000000000000000, 0.000000000000000 ) );
#8897 = DIRECTION( '', ( 0.000000000000000, -1.00000000000000, 0.000000000000000 ) );
#8898 = DIRECTION( '', ( 1.00000000000000, 0.000000000000000, 0.000000000000000 ) );
#8899 = CARTESIAN_POINT( '', ( 10.2000000000000, -21.5000000000000, 0.000000000000000 ) );
#8900 = DIRECTION( '', ( 1.00000000000000, 0.000000000000000, 0.000000000000000 ) );
#8901 = DIRECTION( '', ( 0.000000000000000, 0.000000000000000, -1.00000000000000 ) );
#8902 = CARTESIAN_POINT( '', ( -7.78000000000000, 0.000000000000000, 0.000000000000000 ) );
#8903 = DIRECTION( '', ( -1.00000000000000, 0.000000000000000, 0.000000000000000 ) );
#8904 = DIRECTION( '', ( 0.000000000000000, 0.000000000000000, 1.00000000000000 ) );
#8905 = DIRECTION( '', ( 1.00000000000000, -0.000000000000000, -0.000000000000000 ) );
#8906 = CARTESIAN_POINT( '', ( 10.2000000000000, 21.5000000000000, 0.000000000000000 ) );
#8907 = DIRECTION( '', ( 1.00000000000000, 0.000000000000000, 0.000000000000000 ) );
#8908 = DIRECTION( '', ( 0.000000000000000, 0.000000000000000, -1.00000000000000 ) );
#8909 = CARTESIAN_POINT( '', ( 7.00000000000000, 21.5000000000000, 0.000000000000000 ) );
#8910 = DIRECTION( '', ( 1.00000000000000, 0.000000000000000, -0.000000000000000 ) );
#8911 = DIRECTION( '', ( -0.000000000000000, 0.000000000000000, -1.00000000000000 ) );
#8912 = CARTESIAN_POINT( '', ( 0.600000000000000, -21.5000000000000, 0.000000000000000 ) );
#8913 = DIRECTION( '', ( 1.00000000000000, 0.000000000000000, 0.000000000000000 ) );
#8914 = DIRECTION( '', ( 0.000000000000000, 0.000000000000000, -1.00000000000000 ) );
#8915 = CARTESIAN_POINT( '', ( -0.600000000000000, -21.5000000000000, 0.000000000000000 ) );
#8916 = DIRECTION( '', ( 1.00000000000000, 0.000000000000000, 0.000000000000000 ) );
#8917 = DIRECTION( '', ( 0.000000000000000, 0.000000000000000, -1.00000000000000 ) );
#8918 = CARTESIAN_POINT( '', ( 0.600000000000000, 21.5000000000000, 0.000000000000000 ) );
#8919 = DIRECTION( '', ( 1.00000000000000, 0.000000000000000, 0.000000000000000 ) );
#8920 = DIRECTION( '', ( 0.000000000000000, 0.000000000000000, -1.00000000000000 ) );
#8921 = CARTESIAN_POINT( '', ( -0.600000000000000, 21.5000000000000, 0.000000000000000 ) );
#8922 = DIRECTION( '', ( 1.00000000000000, 0.000000000000000, 0.000000000000000 ) );
#8923 = DIRECTION( '', ( 0.000000000000000, 0.000000000000000, -1.00000000000000 ) );
#8924 = DIRECTION( '', ( 0.000000000000000, 0.500000000000000, -0.866025403784439 ) );
#8925 = DIRECTION( '', ( 0.000000000000000, 0.500000000000000, -0.866025403784439 ) );
#8926 = DIRECTION( '', ( 1.00000000000000, 0.000000000000000, 0.000000000000000 ) );
#8927 = CARTESIAN_POINT( '', ( 6.00000000000000, -21.2500000000000, -3.50000000000000 ) );
#8928 = DIRECTION( '', ( 0.000000000000000, 0.000000000000000, -1.00000000000000 ) );
#8929 = DIRECTION( '', ( -1.00000000000000, 0.000000000000000, 0.000000000000000 ) );
#8930 = CARTESIAN_POINT( '', ( 6.00000000000000, -21.2500000000000, -3.50000000000000 ) );
#8931 = DIRECTION( '', ( 0.000000000000000, -0.000000000000000, 1.00000000000000 ) );
#8932 = DIRECTION( '', ( 1.00000000000000, 0.000000000000000, 0.000000000000000 ) );
#8933 = CARTESIAN_POINT( '', ( -6.00000000000000, 21.2500000000000, -7.70000000000000 ) );
#8934 = DIRECTION( '', ( -1.21027219254196E-16, -0.000000000000000, 1.00000000000000 ) );
#8935 = DIRECTION( '', ( 1.00000000000000, 0.000000000000000, 1.21027219254196E-16 ) );
#8936 = DIRECTION( '', ( -0.866025403784436, -0.500000000000005, 0.000000000000000 ) );
#8937 = DIRECTION( '', ( -0.866025403784436, 0.500000000000005, 0.000000000000000 ) );
#8938 = DIRECTION( '', ( 0.000000000000000, 1.00000000000000, 0.000000000000000 ) );
#8939 = DIRECTION( '', ( 0.866025403784436, 0.500000000000005, 0.000000000000000 ) );
#8940 = DIRECTION( '', ( 0.866025403784436, -0.500000000000005, 0.000000000000000 ) );
#8941 = DIRECTION( '', ( 0.000000000000000, -1.00000000000000, 0.000000000000000 ) );
#8942 = CARTESIAN_POINT( '', ( -10.2000000000000, 21.5000000000000, 0.000000000000000 ) );
#8943 = DIRECTION( '', ( 1.00000000000000, 0.000000000000000, 0.000000000000000 ) );
#8944 = DIRECTION( '', ( 0.000000000000000, 0.000000000000000, -1.00000000000000 ) );
#8945 = CARTESIAN_POINT( '', ( -7.00000000000000, 21.5000000000000, 0.000000000000000 ) );
#8946 = DIRECTION( '', ( -1.00000000000000, 0.000000000000000, 0.000000000000000 ) );
#8947 = DIRECTION( '', ( 0.000000000000000, 0.000000000000000, 1.00000000000000 ) );
#8948 = CARTESIAN_POINT( '', ( -6.00000000000000, -21.2500000000000, 3.50000000000000 ) );
#8949 = DIRECTION( '', ( -1.23908819712629E-16, 0.000000000000000, 1.00000000000000 ) );
#8950 = DIRECTION( '', ( 1.00000000000000, 0.000000000000000, 1.23908819712629E-16 ) );
#8951 = CARTESIAN_POINT( '', ( -6.00000000000000, -21.2500000000000, 3.50000000000000 ) );
#8952 = DIRECTION( '', ( 1.23908819712629E-16, 0.000000000000000, -1.00000000000000 ) );
#8953 = DIRECTION( '', ( -1.00000000000000, 0.000000000000000, -1.23908819712629E-16 ) );
#8954 = DIRECTION( '', ( 1.00000000000000, 0.000000000000000, 0.000000000000000 ) );
#8955 = DIRECTION( '', ( 0.000000000000000, 0.000000000000000, 1.00000000000000 ) );
#8956 = DIRECTION( '', ( 1.00000000000000, -0.000000000000000, -0.000000000000000 ) );
#8957 = CARTESIAN_POINT( '', ( 7.00000000000000, 0.000000000000000, 0.000000000000000 ) );
#8958 = DIRECTION( '', ( 1.00000000000000, 0.000000000000000, -0.000000000000000 ) );
#8959 = DIRECTION( '', ( -0.000000000000000, 0.000000000000000, -1.00000000000000 ) );
#8960 = CARTESIAN_POINT( '', ( -7.00000000000000, 0.000000000000000, 0.000000000000000 ) );
#8961 = DIRECTION( '', ( 1.00000000000000, 0.000000000000000, -0.000000000000000 ) );
#8962 = DIRECTION( '', ( -0.000000000000000, 0.000000000000000, -1.00000000000000 ) );
#8963 = DIRECTION( '', ( 0.000000000000000, -1.00000000000000, 0.000000000000000 ) );
#8964 = DIRECTION( '', ( 0.000000000000000, 0.000000000000000, 1.00000000000000 ) );
#8965 = CARTESIAN_POINT( '', ( -13.5000000000000, 0.000000000000000, 0.000000000000000 ) );
#8966 = DIRECTION( '', ( -1.00000000000000, 0.000000000000000, 0.000000000000000 ) );
#8967 = DIRECTION( '', ( 0.000000000000000, 0.000000000000000, 1.00000000000000 ) );
#8968 = CARTESIAN_POINT( '', ( -13.5000000000000, 0.000000000000000, 0.000000000000000 ) );
#8969 = DIRECTION( '', ( -1.00000000000000, 0.000000000000000, 0.000000000000000 ) );
#8970 = DIRECTION( '', ( 0.000000000000000, 0.000000000000000, 1.00000000000000 ) );
#8971 = DIRECTION( '', ( -0.000000000000000, -0.000000000000000, -1.00000000000000 ) );
#8972 = CARTESIAN_POINT( '', ( 20.0000000000000, 0.000000000000000, 21.5000000000000 ) );
#8973 = DIRECTION( '', ( 1.00000000000000, 0.000000000000000, 0.000000000000000 ) );
#8974 = DIRECTION( '', ( 0.000000000000000, 0.000000000000000, -1.00000000000000 ) );
#8975 = CARTESIAN_POINT( '', ( 23.2000000000000, 0.000000000000000, 21.5000000000000 ) );
#8976 = DIRECTION( '', ( 1.00000000000000, 0.000000000000000, 0.000000000000000 ) );
#8977 = DIRECTION( '', ( 0.000000000000000, 0.000000000000000, -1.00000000000000 ) );
#8978 = CARTESIAN_POINT( '', ( -4.00000000000000, 0.000000000000000, -21.2500000000000 ) );
#8979 = DIRECTION( '', ( 1.00000000000000, 0.000000000000000, -0.000000000000000 ) );
#8980 = DIRECTION( '', ( -0.000000000000000, 0.000000000000000, -1.00000000000000 ) );
#8981 = CARTESIAN_POINT( '', ( -0.500000000000000, 0.000000000000000, -21.2500000000000 ) );
#8982 = DIRECTION( '', ( 1.00000000000000, 0.000000000000000, -0.000000000000000 ) );
#8983 = DIRECTION( '', ( -0.000000000000000, 0.000000000000000, -1.00000000000000 ) );
#8984 = CARTESIAN_POINT( '', ( 20.0000000000000, 0.000000000000000, 0.000000000000000 ) );
#8985 = DIRECTION( '', ( 1.00000000000000, 0.000000000000000, -0.000000000000000 ) );
#8986 = DIRECTION( '', ( -0.000000000000000, 0.000000000000000, -1.00000000000000 ) );
#8987 = CARTESIAN_POINT( '', ( 19.7500000000000, 0.000000000000000, 0.000000000000000 ) );
#8988 = DIRECTION( '', ( 1.00000000000000, 0.000000000000000, -0.000000000000000 ) );
#8989 = DIRECTION( '', ( -0.000000000000000, 0.000000000000000, -1.00000000000000 ) );
#8990 = DIRECTION( '', ( -1.00000000000000, -0.000000000000000, -0.000000000000000 ) );
#8991 = DIRECTION( '', ( 0.000000000000000, 1.00000000000000, 0.000000000000000 ) );
#8992 = DIRECTION( '', ( -1.00000000000000, -0.000000000000000, -0.000000000000000 ) );
#8993 = DIRECTION( '', ( 0.000000000000000, 1.00000000000000, -0.000000000000000 ) );
#8994 = CARTESIAN_POINT( '', ( -19.7500000000000, 0.000000000000000, 0.000000000000000 ) );
#8995 = DIRECTION( '', ( 1.00000000000000, 0.000000000000000, -0.000000000000000 ) );
#8996 = DIRECTION( '', ( -0.000000000000000, 0.000000000000000, -1.00000000000000 ) );
#8997 = CARTESIAN_POINT( '', ( -20.0000000000000, 0.000000000000000, 0.000000000000000 ) );
#8998 = DIRECTION( '', ( 1.00000000000000, 0.000000000000000, -0.000000000000000 ) );
#8999 = DIRECTION( '', ( -0.000000000000000, 0.000000000000000, -1.00000000000000 ) );
#9000 = CARTESIAN_POINT( '', ( -4.00000000000000, 0.000000000000000, -21.2500000000000 ) );
#9001 = DIRECTION( '', ( 1.00000000000000, 0.000000000000000, -0.000000000000000 ) );
#9002 = DIRECTION( '', ( -0.000000000000000, 0.000000000000000, -1.00000000000000 ) );
#9003 = CARTESIAN_POINT( '', ( -11.8800000000000, 0.000000000000000, 0.000000000000000 ) );
#9004 = DIRECTION( '', ( -1.00000000000000, 0.000000000000000, 0.000000000000000 ) );
#9005 = DIRECTION( '', ( 0.000000000000000, 0.000000000000000, 1.00000000000000 ) );
#9006 = DIRECTION( '', ( 0.000000000000000, 0.000000000000000, 1.00000000000000 ) );
#9007 = DIRECTION( '', ( 0.000000000000000, -1.00000000000000, 0.000000000000000 ) );
#9008 = DIRECTION( '', ( 0.000000000000000, 0.000000000000000, 1.00000000000000 ) );
#9009 = CARTESIAN_POINT( '', ( 7.00000000000000, -21.5000000000000, 0.000000000000000 ) );
#9010 = DIRECTION( '', ( 1.00000000000000, 0.000000000000000, 0.000000000000000 ) );
#9011 = DIRECTION( '', ( 0.000000000000000, 0.000000000000000, -1.00000000000000 ) );
#9012 = CARTESIAN_POINT( '', ( 6.00000000000000, -21.2500000000000, -7.70000000000000 ) );
#9013 = DIRECTION( '', ( -0.000000000000000, 0.000000000000000, -1.00000000000000 ) );
#9014 = DIRECTION( '', ( -1.00000000000000, 0.000000000000000, 0.000000000000000 ) );
#9015 = CARTESIAN_POINT( '', ( 6.00000000000000, -21.2500000000000, -1.00000000000000 ) );
#9016 = DIRECTION( '', ( 0.000000000000000, -0.000000000000000, 1.00000000000000 ) );
#9017 = DIRECTION( '', ( 1.00000000000000, 0.000000000000000, 0.000000000000000 ) );
#9018 = CARTESIAN_POINT( '', ( -6.00000000000000, 21.2500000000000, 13.5000000000000 ) );
#9019 = DIRECTION( '', ( -1.21027219254196E-16, -0.000000000000000, 1.00000000000000 ) );
#9020 = DIRECTION( '', ( 1.00000000000000, 0.000000000000000, 1.21027219254196E-16 ) );
#9021 = DIRECTION( '', ( 0.000000000000000, 0.000000000000000, 1.00000000000000 ) );
#9022 = DIRECTION( '', ( -1.00000000000000, 0.000000000000000, 0.000000000000000 ) );
#9023 = DIRECTION( '', ( 0.000000000000000, 0.000000000000000, 1.00000000000000 ) );
#9024 = DIRECTION( '', ( 1.00000000000000, -0.000000000000000, -0.000000000000000 ) );
#9025 = CARTESIAN_POINT( '', ( 6.00000000000000, -21.2500000000000, -1.00000000000000 ) );
#9026 = DIRECTION( '', ( 0.000000000000000, -0.000000000000000, 1.00000000000000 ) );
#9027 = DIRECTION( '', ( 1.00000000000000, 0.000000000000000, 0.000000000000000 ) );
#9028 = CARTESIAN_POINT( '', ( -4.00000000000000, 0.000000000000000, 21.2500000000000 ) );
#9029 = DIRECTION( '', ( 1.00000000000000, 0.000000000000000, -0.000000000000000 ) );
#9030 = DIRECTION( '', ( -0.000000000000000, 0.000000000000000, -1.00000000000000 ) );
#9031 = CARTESIAN_POINT( '', ( -0.500000000000000, 0.000000000000000, 21.2500000000000 ) );
#9032 = DIRECTION( '', ( 1.00000000000000, 0.000000000000000, -0.000000000000000 ) );
#9033 = DIRECTION( '', ( -0.000000000000000, 0.000000000000000, -1.00000000000000 ) );
#9034 = DIRECTION( '', ( 0.000000000000000, 0.000000000000000, 1.00000000000000 ) );
#9035 = DIRECTION( '', ( 0.000000000000000, -1.00000000000000, 0.000000000000000 ) );
#9036 = DIRECTION( '', ( 0.000000000000000, 0.000000000000000, 1.00000000000000 ) );
#9037 = CARTESIAN_POINT( '', ( -13.5000000000000, 0.000000000000000, 0.000000000000000 ) );
#9038 = DIRECTION( '', ( -1.00000000000000, 0.000000000000000, 0.000000000000000 ) );
#9039 = DIRECTION( '', ( 0.000000000000000, 0.000000000000000, 1.00000000000000 ) );
#9040 = DIRECTION( '', ( 0.000000000000000, 1.00000000000000, 0.000000000000000 ) );
#9041 = DIRECTION( '', ( -0.000000000000000, -0.000000000000000, -1.00000000000000 ) );
#9042 = DIRECTION( '', ( -0.000000000000000, -0.000000000000000, -1.00000000000000 ) );
#9043 = CARTESIAN_POINT( '', ( 4.00000000000000, 0.000000000000000, -21.2500000000000 ) );
#9044 = DIRECTION( '', ( 1.00000000000000, 0.000000000000000, -0.000000000000000 ) );
#9045 = DIRECTION( '', ( -0.000000000000000, 0.000000000000000, -1.00000000000000 ) );
#9046 = CARTESIAN_POINT( '', ( 4.00000000000000, 0.000000000000000, -21.2500000000000 ) );
#9047 = DIRECTION( '', ( 1.00000000000000, 0.000000000000000, -0.000000000000000 ) );
#9048 = DIRECTION( '', ( -0.000000000000000, 0.000000000000000, -1.00000000000000 ) );
#9049 = DIRECTION( '', ( 0.000000000000000, -0.500000000000001, 0.866025403784438 ) );
#9050 = DIRECTION( '', ( 0.000000000000000, -0.500000000000001, 0.866025403784438 ) );
#9051 = DIRECTION( '', ( 1.00000000000000, 0.000000000000000, 0.000000000000000 ) );
#9052 = DIRECTION( '', ( 0.866025403784440, 0.499999999999998, 0.000000000000000 ) );
#9053 = DIRECTION( '', ( -0.000000000000000, -0.000000000000000, -1.00000000000000 ) );
#9054 = CARTESIAN_POINT( '', ( -6.00000000000000, 21.2500000000000, 13.0095000000000 ) );
#9055 = DIRECTION( '', ( 1.21027219254196E-16, 0.000000000000000, -1.00000000000000 ) );
#9056 = DIRECTION( '', ( -1.00000000000000, 0.000000000000000, -1.21027219254196E-16 ) );
#9057 = DIRECTION( '', ( 0.000000000000000, 0.500000000000000, 0.866025403784439 ) );
#9058 = DIRECTION( '', ( 0.000000000000000, 0.500000000000000, 0.866025403784439 ) );
#9059 = CARTESIAN_POINT( '', ( 13.5000000000000, 0.000000000000000, 0.000000000000000 ) );
#9060 = DIRECTION( '', ( 1.00000000000000, 0.000000000000000, -0.000000000000000 ) );
#9061 = DIRECTION( '', ( -0.000000000000000, 0.000000000000000, -1.00000000000000 ) );
#9062 = DIRECTION( '', ( 0.000000000000000, -1.00000000000000, 0.000000000000000 ) );
#9063 = DIRECTION( '', ( -0.000000000000000, -0.000000000000000, -1.00000000000000 ) );
#9064 = CARTESIAN_POINT( '', ( -9.47147186257615, -1.38000000000001, 27.4000000000000 ) );
#9065 = DIRECTION( '', ( 0.000000000000000, 0.000000000000000, 1.00000000000000 ) );
#9066 = DIRECTION( '', ( 1.00000000000000, 0.000000000000000, 0.000000000000000 ) );
#9067 = DIRECTION( '', ( 0.000000000000000, 0.000000000000000, 1.00000000000000 ) );
#9068 = DIRECTION( '', ( -0.000000000000000, -0.000000000000000, -1.00000000000000 ) );
#9069 = DIRECTION( '', ( -0.000000000000000, -0.000000000000000, -1.00000000000000 ) );
#9070 = CARTESIAN_POINT( '', ( 0.000000000000000, 0.000000000000000, -21.2500000000000 ) );
#9071 = DIRECTION( '', ( 1.00000000000000, 0.000000000000000, -0.000000000000000 ) );
#9072 = DIRECTION( '', ( -0.000000000000000, 0.000000000000000, -1.00000000000000 ) );
#9073 = CARTESIAN_POINT( '', ( 6.00000000000000, 21.2500000000000, 3.50000000000000 ) );
#9074 = DIRECTION( '', ( 0.000000000000000, -0.000000000000000, 1.00000000000000 ) );
#9075 = DIRECTION( '', ( 1.00000000000000, 0.000000000000000, 0.000000000000000 ) );
#9076 = DIRECTION( '', ( -0.000000000000000, -0.000000000000000, -1.00000000000000 ) );
#9077 = DIRECTION( '', ( 1.00000000000000, -0.000000000000000, -0.000000000000000 ) );
#9078 = CARTESIAN_POINT( '', ( -7.78000000000000, 0.000000000000000, 0.000000000000000 ) );
#9079 = DIRECTION( '', ( -1.00000000000000, 0.000000000000000, 0.000000000000000 ) );
#9080 = DIRECTION( '', ( 0.000000000000000, 0.000000000000000, 1.00000000000000 ) );
#9081 = DIRECTION( '', ( 1.00000000000000, -0.000000000000000, -0.000000000000000 ) );
#9082 = CARTESIAN_POINT( '', ( 0.000000000000000, 0.000000000000000, 21.2500000000000 ) );
#9083 = DIRECTION( '', ( 1.00000000000000, 0.000000000000000, -0.000000000000000 ) );
#9084 = DIRECTION( '', ( -0.000000000000000, 0.000000000000000, -1.00000000000000 ) );
#9085 = CARTESIAN_POINT( '', ( -4.00000000000000, 0.000000000000000, 21.2500000000000 ) );
#9086 = DIRECTION( '', ( 1.00000000000000, 0.000000000000000, -0.000000000000000 ) );
#9087 = DIRECTION( '', ( -0.000000000000000, 0.000000000000000, -1.00000000000000 ) );
#9088 = DIRECTION( '', ( 0.000000000000000, 0.500000000000001, -0.866025403784438 ) );
#9089 = DIRECTION( '', ( 1.00000000000000, 0.000000000000000, 0.000000000000000 ) );
#9090 = DIRECTION( '', ( 1.00000000000000, 0.000000000000000, 0.000000000000000 ) );
#9091 = DIRECTION( '', ( -0.000000000000000, -0.000000000000000, -1.00000000000000 ) );
#9092 = DIRECTION( '', ( -0.000000000000000, -0.000000000000000, -1.00000000000000 ) );
#9093 = DIRECTION( '', ( 0.000000000000000, 0.000000000000000, 1.00000000000000 ) );
#9094 = CARTESIAN_POINT( '', ( -11.5285281374239, 0.180000000000003, 27.4000000000000 ) );
#9095 = DIRECTION( '', ( 0.000000000000000, 0.000000000000000, 1.00000000000000 ) );
#9096 = DIRECTION( '', ( 1.00000000000000, 0.000000000000000, 0.000000000000000 ) );
#9097 = DIRECTION( '', ( 0.707106781186548, -0.707106781186547, 0.000000000000000 ) );
#9098 = CARTESIAN_POINT( '', ( -11.7000000000000, 0.000000000000000, 0.000000000000000 ) );
#9099 = DIRECTION( '', ( -0.707106781186547, -0.707106781186548, 0.000000000000000 ) );
#9100 = DIRECTION( '', ( 0.707106781186548, -0.707106781186547, 0.000000000000000 ) );
#9101 = CARTESIAN_POINT( '', ( -6.00000000000000, -21.2500000000000, 0.500000000000000 ) );
#9102 = DIRECTION( '', ( -0.000000000000000, 0.000000000000000, 1.00000000000000 ) );
#9103 = DIRECTION( '', ( 1.00000000000000, 0.000000000000000, 0.000000000000000 ) );
#9104 = DIRECTION( '', ( 0.000000000000000, -1.00000000000000, 0.000000000000000 ) );
#9105 = DIRECTION( '', ( 1.00000000000000, -0.000000000000000, -0.000000000000000 ) );
#9106 = DIRECTION( '', ( 0.000000000000000, -1.00000000000000, 0.000000000000000 ) );
#9107 = DIRECTION( '', ( 1.00000000000000, -0.000000000000000, -0.000000000000000 ) );
#9108 = CARTESIAN_POINT( '', ( 7.00000000000000, 0.000000000000000, 0.000000000000000 ) );
#9109 = DIRECTION( '', ( 1.00000000000000, 0.000000000000000, -0.000000000000000 ) );
#9110 = DIRECTION( '', ( -0.000000000000000, 0.000000000000000, -1.00000000000000 ) );
#9111 = CARTESIAN_POINT( '', ( 6.00000000000000, 21.2500000000000, -13.5000000000000 ) );
#9112 = DIRECTION( '', ( -0.000000000000000, 0.000000000000000, -1.00000000000000 ) );
#9113 = DIRECTION( '', ( -1.00000000000000, 0.000000000000000, 0.000000000000000 ) );
#9114 = CARTESIAN_POINT( '', ( 1.00000000000000, 0.000000000000000, 0.000000000000000 ) );
#9115 = DIRECTION( '', ( 1.00000000000000, 0.000000000000000, -0.000000000000000 ) );
#9116 = DIRECTION( '', ( -0.000000000000000, 0.000000000000000, -1.00000000000000 ) );
#9117 = CARTESIAN_POINT( '', ( 0.000000000000000, 0.000000000000000, 0.000000000000000 ) );
#9118 = DIRECTION( '', ( 1.00000000000000, 0.000000000000000, -0.000000000000000 ) );
#9119 = DIRECTION( '', ( -0.000000000000000, 0.000000000000000, -1.00000000000000 ) );
#9120 = CARTESIAN_POINT( '', ( 0.600000000000000, 0.000000000000000, -21.5000000000000 ) );
#9121 = DIRECTION( '', ( 1.00000000000000, 0.000000000000000, 0.000000000000000 ) );
#9122 = DIRECTION( '', ( 0.000000000000000, 0.000000000000000, -1.00000000000000 ) );
#9123 = CARTESIAN_POINT( '', ( -0.600000000000000, 0.000000000000000, -21.5000000000000 ) );
#9124 = DIRECTION( '', ( 1.00000000000000, 0.000000000000000, 0.000000000000000 ) );
#9125 = DIRECTION( '', ( 0.000000000000000, 0.000000000000000, -1.00000000000000 ) );
#9126 = DIRECTION( '', ( -0.866025403784440, -0.499999999999998, 0.000000000000000 ) );
#9127 = DIRECTION( '', ( 0.000000000000000, 0.000000000000000, 1.00000000000000 ) );
#9128 = DIRECTION( '', ( 0.000000000000000, 0.000000000000000, 1.00000000000000 ) );
#9129 = DIRECTION( '', ( 0.000000000000000, 1.00000000000000, 0.000000000000000 ) );
#9130 = DIRECTION( '', ( 0.000000000000000, 0.000000000000000, 1.00000000000000 ) );
#9131 = DIRECTION( '', ( 0.000000000000000, -1.00000000000000, 0.000000000000000 ) );
#9132 = DIRECTION( '', ( 0.000000000000000, 1.00000000000000, 0.000000000000000 ) );
#9133 = DIRECTION( '', ( 0.000000000000000, 1.00000000000000, 0.000000000000000 ) );
#9134 = CARTESIAN_POINT( '', ( 0.000000000000000, 0.000000000000000, 0.000000000000000 ) );
#9135 = DIRECTION( '', ( 1.00000000000000, 0.000000000000000, -0.000000000000000 ) );
#9136 = DIRECTION( '', ( -0.000000000000000, 0.000000000000000, -1.00000000000000 ) );
#9137 = CARTESIAN_POINT( '', ( 20.0000000000000, 0.000000000000000, -21.5000000000000 ) );
#9138 = DIRECTION( '', ( 1.00000000000000, 0.000000000000000, 0.000000000000000 ) );
#9139 = DIRECTION( '', ( 0.000000000000000, 0.000000000000000, -1.00000000000000 ) );
#9140 = DIRECTION( '', ( -1.00000000000000, -0.000000000000000, -0.000000000000000 ) );
#9141 = DIRECTION( '', ( 0.000000000000000, -0.500000000000001, 0.866025403784438 ) );
#9142 = DIRECTION( '', ( -1.00000000000000, -0.000000000000000, -0.000000000000000 ) );
#9143 = CARTESIAN_POINT( '', ( 6.00000000000000, 21.2500000000000, 3.00000000000000 ) );
#9144 = DIRECTION( '', ( 0.000000000000000, 0.000000000000000, 1.00000000000000 ) );
#9145 = DIRECTION( '', ( 1.00000000000000, 0.000000000000000, -0.000000000000000 ) );
#9146 = CARTESIAN_POINT( '', ( 23.2000000000000, 0.000000000000000, -21.5000000000000 ) );
#9147 = DIRECTION( '', ( 1.00000000000000, 0.000000000000000, 0.000000000000000 ) );
#9148 = DIRECTION( '', ( 0.000000000000000, 0.000000000000000, -1.00000000000000 ) );
#9149 = DIRECTION( '', ( 0.000000000000000, 0.000000000000000, 1.00000000000000 ) );
#9150 = DIRECTION( '', ( -1.00000000000000, 0.000000000000000, 0.000000000000000 ) );
#9151 = DIRECTION( '', ( 0.000000000000000, 0.000000000000000, 1.00000000000000 ) );
#9152 = DIRECTION( '', ( 0.000000000000000, 0.000000000000000, 1.00000000000000 ) );
#9153 = DIRECTION( '', ( 0.000000000000000, 1.00000000000000, 0.000000000000000 ) );
#9154 = DIRECTION( '', ( 0.000000000000000, 0.000000000000000, 1.00000000000000 ) );
#9155 = CARTESIAN_POINT( '', ( -4.78000000000000, 0.000000000000000, 0.000000000000000 ) );
#9156 = DIRECTION( '', ( 1.00000000000000, 0.000000000000000, 0.000000000000000 ) );
#9157 = DIRECTION( '', ( 0.000000000000000, 0.000000000000000, -1.00000000000000 ) );
#9158 = CARTESIAN_POINT( '', ( -0.200000000000000, 0.000000000000000, -21.2500000000000 ) );
#9159 = DIRECTION( '', ( 1.00000000000000, 0.000000000000000, -0.000000000000000 ) );
#9160 = DIRECTION( '', ( -0.000000000000000, 0.000000000000000, -1.00000000000000 ) );
#9161 = DIRECTION( '', ( 0.000000000000000, -0.500000000000000, 0.866025403784439 ) );
#9162 = DIRECTION( '', ( 0.000000000000000, 1.00000000000000, 0.000000000000000 ) );
#9163 = DIRECTION( '', ( -0.000000000000000, -0.500000000000000, -0.866025403784439 ) );
#9164 = DIRECTION( '', ( 0.866025403784438, -0.500000000000000, 0.000000000000000 ) );
#9165 = DIRECTION( '', ( 0.000000000000000, 1.00000000000000, 0.000000000000000 ) );
#9166 = DIRECTION( '', ( -0.866025403784438, 0.500000000000000, 0.000000000000000 ) );
#9167 = DIRECTION( '', ( -0.866025403784438, -0.500000000000000, 0.000000000000000 ) );
#9168 = DIRECTION( '', ( 0.000000000000000, -1.00000000000000, 0.000000000000000 ) );
#9169 = DIRECTION( '', ( 1.00000000000000, 0.000000000000000, 0.000000000000000 ) );
#9170 = DIRECTION( '', ( 0.793606361291916, -0.608431543657135, 0.000000000000000 ) );
#9171 = DIRECTION( '', ( 1.00000000000000, 0.000000000000000, 0.000000000000000 ) );
#9172 = DIRECTION( '', ( 0.000000000000000, 1.00000000000000, 0.000000000000000 ) );
#9173 = DIRECTION( '', ( 0.793606361291916, 0.608431543657135, 0.000000000000000 ) );
#9174 = DIRECTION( '', ( 0.000000000000000, 1.00000000000000, 0.000000000000000 ) );
#9175 = DIRECTION( '', ( -1.00000000000000, 0.000000000000000, 0.000000000000000 ) );
#9176 = CARTESIAN_POINT( '', ( -3.37646653018596, 0.180000000000002, 27.4000000000000 ) );
#9177 = DIRECTION( '', ( 0.000000000000000, 0.000000000000000, 1.00000000000000 ) );
#9178 = DIRECTION( '', ( 1.00000000000000, 0.000000000000000, 0.000000000000000 ) );
#9179 = DIRECTION( '', ( -0.793606361291916, -0.608431543657135, 0.000000000000000 ) );
#9180 = DIRECTION( '', ( 0.000000000000000, 1.00000000000000, 0.000000000000000 ) );
#9181 = CARTESIAN_POINT( '', ( 0.200000000000000, 0.000000000000000, -21.2500000000000 ) );
#9182 = DIRECTION( '', ( 1.00000000000000, 0.000000000000000, -0.000000000000000 ) );
#9183 = DIRECTION( '', ( -0.000000000000000, 0.000000000000000, -1.00000000000000 ) );
#9184 = CARTESIAN_POINT( '', ( 0.500000000000000, 0.000000000000000, -21.2500000000000 ) );
#9185 = DIRECTION( '', ( 1.00000000000000, 0.000000000000000, -0.000000000000000 ) );
#9186 = DIRECTION( '', ( -0.000000000000000, 0.000000000000000, -1.00000000000000 ) );
#9187 = CARTESIAN_POINT( '', ( 0.000000000000000, 0.000000000000000, 21.2500000000000 ) );
#9188 = DIRECTION( '', ( 1.00000000000000, 0.000000000000000, -0.000000000000000 ) );
#9189 = DIRECTION( '', ( -0.000000000000000, 0.000000000000000, -1.00000000000000 ) );
#9190 = DIRECTION( '', ( 0.000000000000000, -1.00000000000000, 0.000000000000000 ) );
#9191 = CARTESIAN_POINT( '', ( 0.000000000000000, 0.000000000000000, 0.000000000000000 ) );
#9192 = DIRECTION( '', ( 1.00000000000000, 0.000000000000000, -0.000000000000000 ) );
#9193 = DIRECTION( '', ( -0.000000000000000, 0.000000000000000, -1.00000000000000 ) );
#9194 = CARTESIAN_POINT( '', ( 0.000000000000000, 0.000000000000000, 0.000000000000000 ) );
#9195 = DIRECTION( '', ( 1.00000000000000, 0.000000000000000, -0.000000000000000 ) );
#9196 = DIRECTION( '', ( -0.000000000000000, 0.000000000000000, -1.00000000000000 ) );
#9197 = CARTESIAN_POINT( '', ( -1.73472347597681E-15, 0.000000000000000, 0.000000000000000 ) );
#9198 = DIRECTION( '', ( 1.00000000000000, 0.000000000000000, -0.000000000000000 ) );
#9199 = DIRECTION( '', ( -0.000000000000000, 0.000000000000000, -1.00000000000000 ) );
#9200 = CARTESIAN_POINT( '', ( -1.00000000000000, 0.000000000000000, 0.000000000000000 ) );
#9201 = DIRECTION( '', ( 1.00000000000000, 0.000000000000000, -0.000000000000000 ) );
#9202 = DIRECTION( '', ( -0.000000000000000, 0.000000000000000, -1.00000000000000 ) );
#9203 = CARTESIAN_POINT( '', ( -14.0000000000000, 0.000000000000000, 0.000000000000000 ) );
#9204 = DIRECTION( '', ( 1.00000000000000, 0.000000000000000, -0.000000000000000 ) );
#9205 = DIRECTION( '', ( -0.000000000000000, 0.000000000000000, -1.00000000000000 ) );
#9206 = DIRECTION( '', ( -0.000000000000000, -0.000000000000000, -1.00000000000000 ) );
#9207 = CARTESIAN_POINT( '', ( -14.0000000000000, 0.000000000000000, 0.000000000000000 ) );
#9208 = DIRECTION( '', ( 1.00000000000000, 0.000000000000000, -0.000000000000000 ) );
#9209 = DIRECTION( '', ( -0.000000000000000, 0.000000000000000, -1.00000000000000 ) );
#9210 = DIRECTION( '', ( -0.866025403784440, 0.499999999999998, 0.000000000000000 ) );
#9211 = DIRECTION( '', ( 0.000000000000000, -0.500000000000000, 0.866025403784439 ) );
#9212 = DIRECTION( '', ( 0.000000000000000, 0.500000000000001, 0.866025403784438 ) );
#9213 = DIRECTION( '', ( 0.000000000000000, 0.500000000000001, -0.866025403784438 ) );
#9214 = CARTESIAN_POINT( '', ( -20.0000000000000, 0.000000000000000, 0.000000000000000 ) );
#9215 = DIRECTION( '', ( 1.00000000000000, 0.000000000000000, -0.000000000000000 ) );
#9216 = DIRECTION( '', ( -0.000000000000000, 0.000000000000000, -1.00000000000000 ) );
#9217 = CARTESIAN_POINT( '', ( -20.0000000000000, 0.000000000000000, -21.5000000000000 ) );
#9218 = DIRECTION( '', ( 1.00000000000000, 0.000000000000000, -0.000000000000000 ) );
#9219 = DIRECTION( '', ( -0.000000000000000, 0.000000000000000, -1.00000000000000 ) );
#9220 = DIRECTION( '', ( -1.00000000000000, -0.000000000000000, -0.000000000000000 ) );
#9221 = DIRECTION( '', ( 0.000000000000000, 0.500000000000000, -0.866025403784439 ) );
#9222 = DIRECTION( '', ( -1.00000000000000, -0.000000000000000, -0.000000000000000 ) );
#9223 = CARTESIAN_POINT( '', ( -6.00000000000000, -21.2500000000000, 8.00000000000000 ) );
#9224 = DIRECTION( '', ( -1.21027219254196E-16, -0.000000000000000, 1.00000000000000 ) );
#9225 = DIRECTION( '', ( 1.00000000000000, 0.000000000000000, 1.21027219254196E-16 ) );
#9226 = CARTESIAN_POINT( '', ( -6.00000000000000, -21.2500000000000, 7.70000000000000 ) );
#9227 = DIRECTION( '', ( -1.21027219254196E-16, -0.000000000000000, 1.00000000000000 ) );
#9228 = DIRECTION( '', ( 1.00000000000000, 0.000000000000000, 1.21027219254196E-16 ) );
#9229 = DIRECTION( '', ( 0.000000000000000, 0.000000000000000, 1.00000000000000 ) );
#9230 = CARTESIAN_POINT( '', ( -3.16000000000000, 0.000000000000000, 0.000000000000000 ) );
#9231 = DIRECTION( '', ( 1.00000000000000, 0.000000000000000, 0.000000000000000 ) );
#9232 = DIRECTION( '', ( 0.000000000000000, 0.000000000000000, -1.00000000000000 ) );
#9233 = DIRECTION( '', ( -0.000000000000000, -0.500000000000001, -0.866025403784438 ) );
#9234 = DIRECTION( '', ( 0.000000000000000, -0.500000000000001, -0.866025403784438 ) );
#9235 = DIRECTION( '', ( -0.000000000000000, -0.000000000000000, -1.00000000000000 ) );
#9236 = DIRECTION( '', ( -0.000000000000000, -0.000000000000000, -1.00000000000000 ) );
#9237 = CARTESIAN_POINT( '', ( 14.0000000000000, 0.000000000000000, 0.000000000000000 ) );
#9238 = DIRECTION( '', ( -1.00000000000000, 0.000000000000000, 0.000000000000000 ) );
#9239 = DIRECTION( '', ( 0.000000000000000, 0.000000000000000, 1.00000000000000 ) );
#9240 = CARTESIAN_POINT( '', ( 13.5000000000000, 0.000000000000000, 0.000000000000000 ) );
#9241 = DIRECTION( '', ( 1.00000000000000, 0.000000000000000, -0.000000000000000 ) );
#9242 = DIRECTION( '', ( -0.000000000000000, 0.000000000000000, -1.00000000000000 ) );
#9243 = DIRECTION( '', ( 1.00000000000000, -0.000000000000000, -0.000000000000000 ) );
#9244 = DIRECTION( '', ( 1.00000000000000, -0.000000000000000, -0.000000000000000 ) );
#9245 = CARTESIAN_POINT( '', ( 13.5000000000000, 0.000000000000000, 0.000000000000000 ) );
#9246 = DIRECTION( '', ( 1.00000000000000, 0.000000000000000, -0.000000000000000 ) );
#9247 = DIRECTION( '', ( -0.000000000000000, 0.000000000000000, -1.00000000000000 ) );
#9248 = CARTESIAN_POINT( '', ( 13.5000000000000, 0.000000000000000, 0.000000000000000 ) );
#9249 = DIRECTION( '', ( 1.00000000000000, 0.000000000000000, -0.000000000000000 ) );
#9250 = DIRECTION( '', ( -0.000000000000000, 0.000000000000000, -1.00000000000000 ) );
#9251 = CARTESIAN_POINT( '', ( 1.00000000000000, 0.000000000000000, 0.000000000000000 ) );
#9252 = DIRECTION( '', ( 1.00000000000000, 0.000000000000000, -0.000000000000000 ) );
#9253 = DIRECTION( '', ( -0.000000000000000, 0.000000000000000, -1.00000000000000 ) );
#9254 = DIRECTION( '', ( 1.00000000000000, -0.000000000000000, -0.000000000000000 ) );
#9255 = CARTESIAN_POINT( '', ( -6.00000000000000, 21.2500000000000, 0.500000000000000 ) );
#9256 = DIRECTION( '', ( -0.000000000000000, 0.000000000000000, 1.00000000000000 ) );
#9257 = DIRECTION( '', ( 1.00000000000000, 0.000000000000000, 0.000000000000000 ) );
#9258 = CARTESIAN_POINT( '', ( -6.00000000000000, 21.2500000000000, -0.500000000000000 ) );
#9259 = DIRECTION( '', ( 0.000000000000000, 0.000000000000000, -1.00000000000000 ) );
#9260 = DIRECTION( '', ( -1.00000000000000, 0.000000000000000, 0.000000000000000 ) );
#9261 = CARTESIAN_POINT( '', ( 4.00000000000000, 0.000000000000000, 21.2500000000000 ) );
#9262 = DIRECTION( '', ( 1.00000000000000, 0.000000000000000, -0.000000000000000 ) );
#9263 = DIRECTION( '', ( -0.000000000000000, 0.000000000000000, -1.00000000000000 ) );
#9264 = CARTESIAN_POINT( '', ( 4.00000000000000, 0.000000000000000, 21.2500000000000 ) );
#9265 = DIRECTION( '', ( 1.00000000000000, 0.000000000000000, -0.000000000000000 ) );
#9266 = DIRECTION( '', ( -0.000000000000000, 0.000000000000000, -1.00000000000000 ) );
#9267 = CARTESIAN_POINT( '', ( -0.600000000000000, 0.000000000000000, 0.000000000000000 ) );
#9268 = DIRECTION( '', ( 1.00000000000000, 0.000000000000000, 0.000000000000000 ) );
#9269 = DIRECTION( '', ( 0.000000000000000, 0.000000000000000, -1.00000000000000 ) );
#9270 = DIRECTION( '', ( -1.00000000000000, -0.000000000000000, -0.000000000000000 ) );
#9271 = DIRECTION( '', ( 0.000000000000000, -0.500000000000001, -0.866025403784438 ) );
#9272 = DIRECTION( '', ( -0.000000000000000, -0.000000000000000, -1.00000000000000 ) );
#9273 = CARTESIAN_POINT( '', ( -6.00000000000000, 21.2500000000000, -1.00000000000000 ) );
#9274 = DIRECTION( '', ( 1.23908819712629E-16, 0.000000000000000, -1.00000000000000 ) );
#9275 = DIRECTION( '', ( -1.00000000000000, 0.000000000000000, -1.23908819712629E-16 ) );
#9276 = CARTESIAN_POINT( '', ( -6.00000000000000, 21.2500000000000, -0.999999999999997 ) );
#9277 = DIRECTION( '', ( 1.23908819712629E-16, 0.000000000000000, -1.00000000000000 ) );
#9278 = DIRECTION( '', ( -1.00000000000000, 0.000000000000000, -1.23908819712629E-16 ) );
#9279 = CARTESIAN_POINT( '', ( -7.00000000000000, 0.000000000000000, 0.000000000000000 ) );
#9280 = DIRECTION( '', ( 1.00000000000000, 0.000000000000000, -0.000000000000000 ) );
#9281 = DIRECTION( '', ( -0.000000000000000, 0.000000000000000, -1.00000000000000 ) );
#9282 = CARTESIAN_POINT( '', ( -6.50000000000000, 0.000000000000000, 0.000000000000000 ) );
#9283 = DIRECTION( '', ( 1.00000000000000, 0.000000000000000, -0.000000000000000 ) );
#9284 = DIRECTION( '', ( -0.000000000000000, 0.000000000000000, -1.00000000000000 ) );
#9285 = CARTESIAN_POINT( '', ( 6.00000000000000, 21.2500000000000, 7.70000000000000 ) );
#9286 = DIRECTION( '', ( -0.000000000000000, 0.000000000000000, -1.00000000000000 ) );
#9287 = DIRECTION( '', ( -1.00000000000000, 0.000000000000000, 0.000000000000000 ) );
#9288 = CARTESIAN_POINT( '', ( 6.00000000000000, 21.2500000000000, 8.00000000000000 ) );
#9289 = DIRECTION( '', ( -0.000000000000000, 0.000000000000000, -1.00000000000000 ) );
#9290 = DIRECTION( '', ( -1.00000000000000, 0.000000000000000, 0.000000000000000 ) );
#9291 = DIRECTION( '', ( 1.00000000000000, -0.000000000000000, -0.000000000000000 ) );
#9292 = CARTESIAN_POINT( '', ( 0.600000000000000, 0.000000000000000, 0.000000000000000 ) );
#9293 = DIRECTION( '', ( 1.00000000000000, 0.000000000000000, 0.000000000000000 ) );
#9294 = DIRECTION( '', ( 0.000000000000000, 0.000000000000000, -1.00000000000000 ) );
#9295 = CARTESIAN_POINT( '', ( -6.00000000000000, -21.2500000000000, -13.5000000000000 ) );
#9296 = DIRECTION( '', ( -1.21027219254196E-16, -0.000000000000000, 1.00000000000000 ) );
#9297 = DIRECTION( '', ( 1.00000000000000, 0.000000000000000, 1.21027219254196E-16 ) );
#9298 = CARTESIAN_POINT( '', ( 6.00000000000000, 21.2500000000000, -13.0095000000000 ) );
#9299 = DIRECTION( '', ( -0.000000000000000, 0.000000000000000, -1.00000000000000 ) );
#9300 = DIRECTION( '', ( -1.00000000000000, 0.000000000000000, 0.000000000000000 ) );
#9301 = DIRECTION( '', ( 0.000000000000000, 0.000000000000000, 1.00000000000000 ) );
#9302 = DIRECTION( '', ( 0.000000000000000, -1.00000000000000, 0.000000000000000 ) );
#9303 = CARTESIAN_POINT( '', ( 13.5000000000000, 0.000000000000000, 0.000000000000000 ) );
#9304 = DIRECTION( '', ( 1.00000000000000, 0.000000000000000, -0.000000000000000 ) );
#9305 = DIRECTION( '', ( -0.000000000000000, 0.000000000000000, -1.00000000000000 ) );
#9306 = DIRECTION( '', ( -0.000000000000000, -0.000000000000000, -1.00000000000000 ) );
#9307 = DIRECTION( '', ( 0.000000000000000, -1.00000000000000, 0.000000000000000 ) );
#9308 = CARTESIAN_POINT( '', ( -0.200000000000000, 0.000000000000000, 21.2500000000000 ) );
#9309 = DIRECTION( '', ( 1.00000000000000, 0.000000000000000, -0.000000000000000 ) );
#9310 = DIRECTION( '', ( -0.000000000000000, 0.000000000000000, -1.00000000000000 ) );
#9311 = DIRECTION( '', ( 0.000000000000000, 0.000000000000000, 1.00000000000000 ) );
#9312 = DIRECTION( '', ( 0.000000000000000, 0.000000000000000, 1.00000000000000 ) );
#9313 = DIRECTION( '', ( -1.00000000000000, -0.000000000000000, -0.000000000000000 ) );
#9314 = DIRECTION( '', ( 0.000000000000000, 0.500000000000001, 0.866025403784438 ) );
#9315 = DIRECTION( '', ( 0.000000000000000, 0.000000000000000, 1.00000000000000 ) );
#9316 = DIRECTION( '', ( 0.000000000000000, 0.000000000000000, 1.00000000000000 ) );
#9317 = CARTESIAN_POINT( '', ( -3.16000000000000, 0.000000000000000, 0.000000000000000 ) );
#9318 = DIRECTION( '', ( 1.00000000000000, 0.000000000000000, 0.000000000000000 ) );
#9319 = DIRECTION( '', ( 0.000000000000000, 0.000000000000000, -1.00000000000000 ) );
#9320 = DIRECTION( '', ( 0.000000000000000, -1.00000000000000, 0.000000000000000 ) );
#9321 = CARTESIAN_POINT( '', ( 6.00000000000000, -21.2500000000000, -0.500000000000000 ) );
#9322 = DIRECTION( '', ( 0.000000000000000, 0.000000000000000, 1.00000000000000 ) );
#9323 = DIRECTION( '', ( 1.00000000000000, 0.000000000000000, -0.000000000000000 ) );
#9324 = DIRECTION( '', ( 0.000000000000000, 1.00000000000000, 0.000000000000000 ) );
#9325 = DIRECTION( '', ( 0.000000000000000, 1.00000000000000, 0.000000000000000 ) );
#9326 = DIRECTION( '', ( -0.000000000000000, 1.00000000000000, 0.000000000000000 ) );
#9327 = DIRECTION( '', ( 1.00000000000000, -0.000000000000000, -0.000000000000000 ) );
#9328 = CARTESIAN_POINT( '', ( -5.38000000000000, 0.000000000000000, 0.000000000000000 ) );
#9329 = DIRECTION( '', ( -1.00000000000000, 0.000000000000000, 0.000000000000000 ) );
#9330 = DIRECTION( '', ( 0.000000000000000, 0.000000000000000, 1.00000000000000 ) );
#9331 = DIRECTION( '', ( 0.000000000000000, 0.000000000000000, 1.00000000000000 ) );
#9332 = DIRECTION( '', ( -0.866025403784438, -0.500000000000000, 0.000000000000000 ) );
#9333 = DIRECTION( '', ( 0.000000000000000, 0.000000000000000, 1.00000000000000 ) );
#9334 = CARTESIAN_POINT( '', ( 6.00000000000000, 21.2500000000000, -0.500000000000000 ) );
#9335 = DIRECTION( '', ( 0.000000000000000, 0.000000000000000, 1.00000000000000 ) );
#9336 = DIRECTION( '', ( 1.00000000000000, 0.000000000000000, -0.000000000000000 ) );
#9337 = DIRECTION( '', ( 1.00000000000000, -0.000000000000000, -0.000000000000000 ) );
#9338 = DIRECTION( '', ( 0.000000000000000, 1.00000000000000, 0.000000000000000 ) );
#9339 = DIRECTION( '', ( 1.00000000000000, -0.000000000000000, -0.000000000000000 ) );
#9340 = CARTESIAN_POINT( '', ( -1.00000000000000, 0.000000000000000, 0.000000000000000 ) );
#9341 = DIRECTION( '', ( 1.00000000000000, 0.000000000000000, -0.000000000000000 ) );
#9342 = DIRECTION( '', ( -0.000000000000000, 0.000000000000000, -1.00000000000000 ) );
#9343 = CARTESIAN_POINT( '', ( -13.5000000000000, 0.000000000000000, 0.000000000000000 ) );
#9344 = DIRECTION( '', ( -1.00000000000000, 0.000000000000000, 0.000000000000000 ) );
#9345 = DIRECTION( '', ( 0.000000000000000, 0.000000000000000, 1.00000000000000 ) );
#9346 = DIRECTION( '', ( 1.00000000000000, -0.000000000000000, -0.000000000000000 ) );
#9347 = DIRECTION( '', ( 1.00000000000000, -0.000000000000000, -0.000000000000000 ) );
#9348 = DIRECTION( '', ( 1.00000000000000, -0.000000000000000, -0.000000000000000 ) );
#9349 = CARTESIAN_POINT( '', ( -9.72000000000000, 0.000000000000000, 0.000000000000000 ) );
#9350 = DIRECTION( '', ( -1.00000000000000, 0.000000000000000, 0.000000000000000 ) );
#9351 = DIRECTION( '', ( 0.000000000000000, 0.000000000000000, 1.00000000000000 ) );
#9352 = DIRECTION( '', ( 1.00000000000000, -0.000000000000000, -0.000000000000000 ) );
#9353 = CARTESIAN_POINT( '', ( -8.38000000000000, 0.000000000000000, 0.000000000000000 ) );
#9354 = DIRECTION( '', ( -1.00000000000000, 0.000000000000000, 0.000000000000000 ) );
#9355 = DIRECTION( '', ( 0.000000000000000, 0.000000000000000, 1.00000000000000 ) );
#9356 = CARTESIAN_POINT( '', ( -4.78000000000000, 0.000000000000000, 0.000000000000000 ) );
#9357 = DIRECTION( '', ( 1.00000000000000, 0.000000000000000, 0.000000000000000 ) );
#9358 = DIRECTION( '', ( 0.000000000000000, 0.000000000000000, -1.00000000000000 ) );
#9359 = CARTESIAN_POINT( '', ( -4.59739130434783, 0.000000000000000, 0.000000000000000 ) );
#9360 = DIRECTION( '', ( -0.608431543657135, 0.793606361291916, 0.000000000000000 ) );
#9361 = DIRECTION( '', ( 0.793606361291916, 0.608431543657135, 0.000000000000000 ) );
#9362 = DIRECTION( '', ( 1.00000000000000, -0.000000000000000, -0.000000000000000 ) );
#9363 = CARTESIAN_POINT( '', ( -3.39478260869565, 0.000000000000000, 0.000000000000000 ) );
#9364 = DIRECTION( '', ( 0.608431543657135, -0.793606361291916, 0.000000000000000 ) );
#9365 = DIRECTION( '', ( 0.793606361291916, 0.608431543657135, -0.000000000000000 ) );
#9366 = CARTESIAN_POINT( '', ( -6.16260869565217, 0.000000000000000, 0.000000000000000 ) );
#9367 = DIRECTION( '', ( -0.608431543657135, -0.793606361291916, 0.000000000000000 ) );
#9368 = DIRECTION( '', ( 0.793606361291916, -0.608431543657135, 0.000000000000000 ) );
#9369 = DIRECTION( '', ( 1.00000000000000, -0.000000000000000, -0.000000000000000 ) );
#9370 = DIRECTION( '', ( 0.000000000000000, 0.000000000000000, 1.00000000000000 ) );
#9371 = DIRECTION( '', ( 1.00000000000000, 0.000000000000000, 0.000000000000000 ) );
#9372 = DIRECTION( '', ( 0.000000000000000, 0.000000000000000, 1.00000000000000 ) );
#9373 = DIRECTION( '', ( 1.00000000000000, -0.000000000000000, -0.000000000000000 ) );
#9374 = CARTESIAN_POINT( '', ( -13.5000000000000, 0.000000000000000, 0.000000000000000 ) );
#9375 = DIRECTION( '', ( 1.00000000000000, 0.000000000000000, -0.000000000000000 ) );
#9376 = DIRECTION( '', ( -0.000000000000000, 0.000000000000000, -1.00000000000000 ) );
#9377 = DIRECTION( '', ( 1.00000000000000, -0.000000000000000, -0.000000000000000 ) );
#9378 = CARTESIAN_POINT( '', ( 0.000000000000000, 0.000000000000000, 0.000000000000000 ) );
#9379 = DIRECTION( '', ( 1.00000000000000, 0.000000000000000, -0.000000000000000 ) );
#9380 = DIRECTION( '', ( -0.000000000000000, 0.000000000000000, -1.00000000000000 ) );
#9381 = CARTESIAN_POINT( '', ( -13.5000000000000, 0.000000000000000, 0.000000000000000 ) );
#9382 = DIRECTION( '', ( -1.00000000000000, 0.000000000000000, 0.000000000000000 ) );
#9383 = DIRECTION( '', ( 0.000000000000000, 0.000000000000000, 1.00000000000000 ) );
#9384 = DIRECTION( '', ( 1.00000000000000, -0.000000000000000, -0.000000000000000 ) );
#9385 = DIRECTION( '', ( 0.000000000000000, 0.000000000000000, 1.00000000000000 ) );
#9386 = DIRECTION( '', ( 1.00000000000000, -2.58143374401311E-16, 0.000000000000000 ) );
#9387 = DIRECTION( '', ( 0.000000000000000, 0.000000000000000, 1.00000000000000 ) );
#9388 = DIRECTION( '', ( 0.000000000000000, -1.00000000000000, 0.000000000000000 ) );
#9389 = CARTESIAN_POINT( '', ( 0.500000000000000, 0.000000000000000, 21.2500000000000 ) );
#9390 = DIRECTION( '', ( 1.00000000000000, 0.000000000000000, -0.000000000000000 ) );
#9391 = DIRECTION( '', ( -0.000000000000000, 0.000000000000000, -1.00000000000000 ) );
#9392 = CARTESIAN_POINT( '', ( -6.00000000000000, 21.2500000000000, -3.00000000000000 ) );
#9393 = DIRECTION( '', ( -1.21027219254196E-16, -0.000000000000000, 1.00000000000000 ) );
#9394 = DIRECTION( '', ( 1.00000000000000, 0.000000000000000, 1.21027219254196E-16 ) );
#9395 = DIRECTION( '', ( 0.000000000000000, 0.500000000000001, -0.866025403784438 ) );
#9396 = DIRECTION( '', ( 0.000000000000000, -0.500000000000000, 0.866025403784439 ) );
#9397 = CARTESIAN_POINT( '', ( -6.70000000000000, -1.20000000000000, 27.4000000000000 ) );
#9398 = DIRECTION( '', ( 0.000000000000000, 0.000000000000000, 1.00000000000000 ) );
#9399 = DIRECTION( '', ( 1.00000000000000, 0.000000000000000, 0.000000000000000 ) );
#9400 = DIRECTION( '', ( 0.000000000000000, 0.000000000000000, 1.00000000000000 ) );
#9401 = DIRECTION( '', ( -0.000000000000000, -0.000000000000000, -1.00000000000000 ) );
#9402 = CARTESIAN_POINT( '', ( 13.5000000000000, 0.000000000000000, 0.000000000000000 ) );
#9403 = DIRECTION( '', ( 1.00000000000000, 0.000000000000000, -0.000000000000000 ) );
#9404 = DIRECTION( '', ( -0.000000000000000, 0.000000000000000, -1.00000000000000 ) );
#9405 = CARTESIAN_POINT( '', ( -6.00000000000000, -21.2500000000000, 3.00000000000000 ) );
#9406 = DIRECTION( '', ( -1.21027219254196E-16, -0.000000000000000, 1.00000000000000 ) );
#9407 = DIRECTION( '', ( 1.00000000000000, 0.000000000000000, 1.21027219254196E-16 ) );
#9408 = DIRECTION( '', ( 0.000000000000000, 0.000000000000000, 1.00000000000000 ) );
#9409 = DIRECTION( '', ( -0.000000000000000, -0.000000000000000, -1.00000000000000 ) );
#9410 = CARTESIAN_POINT( '', ( -7.00000000000000, -0.0899999999999997, 27.4000000000000 ) );
#9411 = DIRECTION( '', ( 0.000000000000000, 0.000000000000000, 1.00000000000000 ) );
#9412 = DIRECTION( '', ( 1.00000000000000, 0.000000000000000, 0.000000000000000 ) );
#9413 = DIRECTION( '', ( -1.00000000000000, 0.000000000000000, 0.000000000000000 ) );
#9414 = DIRECTION( '', ( -0.000000000000000, -0.000000000000000, -1.00000000000000 ) );
#9415 = DIRECTION( '', ( 0.000000000000000, -1.00000000000000, 0.000000000000000 ) );
#9416 = DIRECTION( '', ( -0.000000000000000, -0.000000000000000, -1.00000000000000 ) );
#9417 = DIRECTION( '', ( 0.866025403784438, -0.500000000000000, 0.000000000000000 ) );
#9418 = DIRECTION( '', ( 0.000000000000000, -1.00000000000000, 0.000000000000000 ) );
#9419 = DIRECTION( '', ( 0.000000000000000, -1.00000000000000, 0.000000000000000 ) );
#9420 = DIRECTION( '', ( -0.000000000000000, -0.000000000000000, -1.00000000000000 ) );
#9421 = DIRECTION( '', ( 0.000000000000000, -1.00000000000000, 0.000000000000000 ) );
#9422 = DIRECTION( '', ( -1.00000000000000, -0.000000000000000, -0.000000000000000 ) );
#9423 = DIRECTION( '', ( 0.000000000000000, 0.500000000000000, 0.866025403784439 ) );
#9424 = CARTESIAN_POINT( '', ( 6.50000000000000, 0.000000000000000, 0.000000000000000 ) );
#9425 = DIRECTION( '', ( 1.00000000000000, 0.000000000000000, -0.000000000000000 ) );
#9426 = DIRECTION( '', ( -0.000000000000000, 0.000000000000000, -1.00000000000000 ) );
#9427 = DIRECTION( '', ( 1.00000000000000, 0.000000000000000, 0.000000000000000 ) );
#9428 = DIRECTION( '', ( 0.000000000000000, -1.00000000000000, 0.000000000000000 ) );
#9429 = DIRECTION( '', ( -1.00000000000000, 0.000000000000000, 0.000000000000000 ) );
#9430 = CARTESIAN_POINT( '', ( -6.70000000000000, -1.20000000000000, 27.4000000000000 ) );
#9431 = DIRECTION( '', ( 0.000000000000000, 0.000000000000000, 1.00000000000000 ) );
#9432 = DIRECTION( '', ( 1.00000000000000, 0.000000000000000, 0.000000000000000 ) );
#9433 = DIRECTION( '', ( 0.000000000000000, 1.00000000000000, 0.000000000000000 ) );
#9434 = CARTESIAN_POINT( '', ( 6.00000000000000, -21.2500000000000, 0.500000000000000 ) );
#9435 = DIRECTION( '', ( 0.000000000000000, 0.000000000000000, -1.00000000000000 ) );
#9436 = DIRECTION( '', ( -1.00000000000000, 0.000000000000000, 0.000000000000000 ) );
#9437 = DIRECTION( '', ( 0.000000000000000, 1.00000000000000, 0.000000000000000 ) );
#9438 = DIRECTION( '', ( 0.000000000000000, 0.000000000000000, 1.00000000000000 ) );
#9439 = DIRECTION( '', ( 0.000000000000000, 1.00000000000000, 0.000000000000000 ) );
#9440 = CARTESIAN_POINT( '', ( -6.00000000000000, 21.2500000000000, -3.00000000000000 ) );
#9441 = DIRECTION( '', ( 1.21027219254196E-16, 0.000000000000000, -1.00000000000000 ) );
#9442 = DIRECTION( '', ( -1.00000000000000, 0.000000000000000, -1.21027219254196E-16 ) );
#9443 = CARTESIAN_POINT( '', ( 6.00000000000000, 21.2500000000000, 3.50000000000000 ) );
#9444 = DIRECTION( '', ( 0.000000000000000, -0.000000000000000, 1.00000000000000 ) );
#9445 = DIRECTION( '', ( 1.00000000000000, 0.000000000000000, 0.000000000000000 ) );
#9446 = DIRECTION( '', ( -0.000000000000000, -0.000000000000000, -1.00000000000000 ) );
#9447 = DIRECTION( '', ( -0.866025403784438, 0.500000000000000, 0.000000000000000 ) );
ENDSEC;
END-ISO-10303-21;
