                                                                        S      1
,,20HCAA-100LC-C1-S03.ipt,27HNo Iges File Name specified,23HAutoDesk InvG      1
entor R12.0,37HAutoDesk Inventor Iges Exporter R12.0,32,38,6,99,15,20HCAG      2
A-100LC-C1-S03.ipt,1.0D0,2,2HMM,1,.08D0,15H20100414.154941,.01D0,       G      3
10000.0D0,19HNo Author specified,25HNo Organization specified,11,0,,33HNG      4
o Application Protocol specified;                                       G      5
     406       1       0       0       1       0       0       000000000D      1
     406       0       0       1       3                               0D      2
     128       2       0       0       0       0       0       000010000D      3
     128       0       0      24       0                               0D      4
     502      26       0       0       0       0       0       000010000D      5
     502       0       0       6       1                               0D      6
     110      32       0       0       0       0       0       000010000D      7
     110       0       0       2       0                               0D      8
     504      34       0       0       0       0       0       000010001D      9
     504       0       0       3       1                               0D     10
     100      37       0       0       0       0      13       000010000D     11
     100       0       0       1       0                               0D     12
     124      38       0       0       0       0       0       000000000D     13
     124       0       0       2       0                               0D     14
     110      40       0       0       0       0       0       000010000D     15
     110       0       0       2       0                               0D     16
     508      42       0       0       0       0       0       000010000D     17
     508       0       0       1       1                               0D     18
     510      43       0       0       0       0       0       000010001D     19
     510       0       0       1       1                               0D     20
     128      44       0       0       0       0       0       000010000D     21
     128       0       0      22       0                               0D     22
     110      66       0       0       0       0       0       000010000D     23
     110       0       0       2       0                               0D     24
     100      68       0       0       0       0      27       000010000D     25
     100       0       0       2       0                               0D     26
     124      70       0       0       0       0       0       000000000D     27
     124       0       0       2       0                               0D     28
     100      72       0       0       0       0      27       000010000D     29
     100       0       0       2       0                               0D     30
     110      74       0       0       0       0       0       000010000D     31
     110       0       0       2       0                               0D     32
     508      76       0       0       0       0       0       000010000D     33
     508       0       0       1       1                               0D     34
     510      77       0       0       0       0       0       000010001D     35
     510       0       0       1       1                               0D     36
     116      78       0       0       0       0       0       000010000D     37
     116       0       0       1       0                               0D     38
     123      79       0       0       0       0       0       000010200D     39
     123       0       0       1       0                               0D     40
     194      80       0       0       0       0       0       000010000D     41
     194       0       0       1       1                               0D     42
     123      81       0       0       0       0       0       000010200D     43
     123       0       0       1       0                               0D     44
     110      82       0       0       0       0       0       000010000D     45
     110       0       0       2       0                               0D     46
     100      84       0       0       0       0      49       000010000D     47
     100       0       0       2       0                               0D     48
     124      86       0       0       0       0       0       000000000D     49
     124       0       0       2       0                               0D     50
     110      88       0       0       0       0       0       000010000D     51
     110       0       0       2       0                               0D     52
     100      90       0       0       0       0      27       000010000D     53
     100       0       0       2       0                               0D     54
     508      92       0       0       0       0       0       000010000D     55
     508       0       0       1       1                               0D     56
     510      93       0       0       0       0       0       000010001D     57
     510       0       0       1       1                               0D     58
     116      94       0       0       0       0       0       000010000D     59
     116       0       0       1       0                               0D     60
     123      95       0       0       0       0       0       000010200D     61
     123       0       0       1       0                               0D     62
     194      96       0       0       0       0       0       000010000D     63
     194       0       0       1       1                               0D     64
     123      97       0       0       0       0       0       000010200D     65
     123       0       0       1       0                               0D     66
     100      98       0       0       0       0      27       000010000D     67
     100       0       0       2       0                               0D     68
     100     100       0       0       0       0      49       000010000D     69
     100       0       0       2       0                               0D     70
     508     102       0       0       0       0       0       000010000D     71
     508       0       0       1       1                               0D     72
     510     103       0       0       0       0       0       000010001D     73
     510       0       0       1       1                               0D     74
     116     104       0       0       0       0       0       000010000D     75
     116       0       0       1       0                               0D     76
     123     105       0       0       0       0       0       000010200D     77
     123       0       0       1       0                               0D     78
     190     106       0       0       0       0       0       000010000D     79
     190       0       0       1       1                               0D     80
     123     107       0       0       0       0       0       000010200D     81
     123       0       0       1       0                               0D     82
     508     108       0       0       0       0       0       000010000D     83
     508       0       0       1       1                               0D     84
     510     109       0       0       0       0       0       000010001D     85
     510       0       0       1       1                               0D     86
     128     110       0       0       0       0       0       000010000D     87
     128       0       0      22       0                               0D     88
     100     132       0       0       0       0      13       000010000D     89
     100       0       0       2       0                               0D     90
     508     134       0       0       0       0       0       000010000D     91
     508       0       0       1       1                               0D     92
     510     135       0       0       0       0       0       000010001D     93
     510       0       0       1       1                               0D     94
     128     136       0       0       0       0       0       000010000D     95
     128       0       0      24       0                               0D     96
     508     160       0       0       0       0       0       000010000D     97
     508       0       0       1       1                               0D     98
     510     161       0       0       0       0       0       000010001D     99
     510       0       0       1       1                               0D    100
     514     162       0       0       0       0       0       000010000D    101
     514       0       0       1       1                               0D    102
     186     163       0       0       1       0       0       000000000D    103
     186       0   -3621       1       0                               0D    104
     116     164       0       0       0       0       0       000010000D    105
     116       0       0       1       0                               0D    106
     123     165       0       0       0       0       0       000010200D    107
     123       0       0       1       0                               0D    108
     192     166       0       0       0       0       0       000010000D    109
     192       0       0       1       1                               0D    110
     123     167       0       0       0       0       0       000010200D    111
     123       0       0       1       0                               0D    112
     502     168       0       0       0       0       0       000010000D    113
     502       0       0      10       1                               0D    114
     110     178       0       0       0       0       0       000010000D    115
     110       0       0       2       0                               0D    116
     504     180       0       0       0       0       0       000010001D    117
     504       0       0       5       1                               0D    118
     100     185       0       0       0       0     121       000010000D    119
     100       0       0       2       0                               0D    120
     124     187       0       0       0       0       0       000000000D    121
     124       0       0       3       0                               0D    122
     110     190       0       0       0       0       0       000010000D    123
     110       0       0       2       0                               0D    124
     100     192       0       0       0       0     127       000010000D    125
     100       0       0       2       0                               0D    126
     124     194       0       0       0       0       0       000000000D    127
     124       0       0       3       0                               0D    128
     508     197       0       0       0       0       0       000010000D    129
     508       0       0       1       1                               0D    130
     510     198       0       0       0       0       0       000010001D    131
     510       0       0       1       1                               0D    132
     116     199       0       0       0       0       0       000010000D    133
     116       0       0       1       0                               0D    134
     123     200       0       0       0       0       0       000010200D    135
     123       0       0       1       0                               0D    136
     192     201       0       0       0       0       0       000010000D    137
     192       0       0       1       1                               0D    138
     123     202       0       0       0       0       0       000010200D    139
     123       0       0       1       0                               0D    140
     110     203       0       0       0       0       0       000010000D    141
     110       0       0       2       0                               0D    142
     100     205       0       0       0       0     127       000010000D    143
     100       0       0       2       0                               0D    144
     110     207       0       0       0       0       0       000010000D    145
     110       0       0       2       0                               0D    146
     100     209       0       0       0       0     149       000010000D    147
     100       0       0       2       0                               0D    148
     124     211       0       0       0       0       0       000000000D    149
     124       0       0       3       0                               0D    150
     508     214       0       0       0       0       0       000010000D    151
     508       0       0       1       1                               0D    152
     510     215       0       0       0       0       0       000010001D    153
     510       0       0       1       1                               0D    154
     116     216       0       0       0       0       0       000010000D    155
     116       0       0       1       0                               0D    156
     123     217       0       0       0       0       0       000010200D    157
     123       0       0       1       0                               0D    158
     194     218       0       0       0       0       0       000010000D    159
     194       0       0       1       1                               0D    160
     123     219       0       0       0       0       0       000010200D    161
     123       0       0       2       0                               0D    162
     110     221       0       0       0       0       0       000010000D    163
     110       0       0       2       0                               0D    164
     100     223       0       0       0       0     149       000010000D    165
     100       0       0       1       0                               0D    166
     110     224       0       0       0       0       0       000010000D    167
     110       0       0       2       0                               0D    168
     100     226       0       0       0       0     171       000010000D    169
     100       0       0       2       0                               0D    170
     124     228       0       0       0       0       0       000000000D    171
     124       0       0       3       0                               0D    172
     508     231       0       0       0       0       0       000010000D    173
     508       0       0       1       1                               0D    174
     510     232       0       0       0       0       0       000010001D    175
     510       0       0       1       1                               0D    176
     116     233       0       0       0       0       0       000010000D    177
     116       0       0       1       0                               0D    178
     123     234       0       0       0       0       0       000010200D    179
     123       0       0       1       0                               0D    180
     194     235       0       0       0       0       0       000010000D    181
     194       0       0       1       1                               0D    182
     123     236       0       0       0       0       0       000010200D    183
     123       0       0       2       0                               0D    184
     100     238       0       0       0       0     171       000010000D    185
     100       0       0       2       0                               0D    186
     508     240       0       0       0       0       0       000010000D    187
     508       0       0       1       1                               0D    188
     510     241       0       0       0       0       0       000010001D    189
     510       0       0       1       1                               0D    190
     116     242       0       0       0       0       0       000010000D    191
     116       0       0       1       0                               0D    192
     123     243       0       0       0       0       0       000010200D    193
     123       0       0       1       0                               0D    194
     192     244       0       0       0       0       0       000010000D    195
     192       0       0       1       1                               0D    196
     123     245       0       0       0       0       0       000010200D    197
     123       0       0       1       0                               0D    198
     100     246       0       0       0       0     127       000010000D    199
     100       0       0       2       0                               0D    200
     508     248       0       0       0       0       0       000010000D    201
     508       0       0       1       1                               0D    202
     510     249       0       0       0       0       0       000010001D    203
     510       0       0       1       1                               0D    204
     116     250       0       0       0       0       0       000010000D    205
     116       0       0       1       0                               0D    206
     123     251       0       0       0       0       0       000010200D    207
     123       0       0       1       0                               0D    208
     190     252       0       0       0       0       0       000010000D    209
     190       0       0       1       1                               0D    210
     123     253       0       0       0       0       0       000010200D    211
     123       0       0       1       0                               0D    212
     508     254       0       0       0       0       0       000010000D    213
     508       0       0       1       1                               0D    214
     510     255       0       0       0       0       0       000010001D    215
     510       0       0       1       1                               0D    216
     116     256       0       0       0       0       0       000010000D    217
     116       0       0       1       0                               0D    218
     123     257       0       0       0       0       0       000010200D    219
     123       0       0       1       0                               0D    220
     190     258       0       0       0       0       0       000010000D    221
     190       0       0       1       1                               0D    222
     123     259       0       0       0       0       0       000010200D    223
     123       0       0       1       0                               0D    224
     508     260       0       0       0       0       0       000010000D    225
     508       0       0       1       1                               0D    226
     100     261       0       0       0       0     127       000010000D    227
     100       0       0       2       0                               0D    228
     508     263       0       0       0       0       0       000010000D    229
     508       0       0       1       1                               0D    230
     510     264       0       0       0       0       0       000010001D    231
     510       0       0       1       1                               0D    232
     116     265       0       0       0       0       0       000010000D    233
     116       0       0       1       0                               0D    234
     123     266       0       0       0       0       0       000010200D    235
     123       0       0       1       0                               0D    236
     192     267       0       0       0       0       0       000010000D    237
     192       0       0       1       1                               0D    238
     123     268       0       0       0       0       0       000010200D    239
     123       0       0       1       0                               0D    240
     100     269       0       0       0       0     121       000010000D    241
     100       0       0       2       0                               0D    242
     508     271       0       0       0       0       0       000010000D    243
     508       0       0       1       1                               0D    244
     510     272       0       0       0       0       0       000010001D    245
     510       0       0       1       1                               0D    246
     116     273       0       0       0       0       0       000010000D    247
     116       0       0       1       0                               0D    248
     123     274       0       0       0       0       0       000010200D    249
     123       0       0       1       0                               0D    250
     190     275       0       0       0       0       0       000010000D    251
     190       0       0       1       1                               0D    252
     123     276       0       0       0       0       0       000010200D    253
     123       0       0       1       0                               0D    254
     508     277       0       0       0       0       0       000010000D    255
     508       0       0       1       1                               0D    256
     510     278       0       0       0       0       0       000010001D    257
     510       0       0       1       1                               0D    258
     514     279       0       0       0       0       0       000010000D    259
     514       0       0       1       1                               0D    260
     186     280       0       0       1       0       0       000000000D    261
     186       0   -3621       1       0                               0D    262
     120     281       0       0       0       0       0       000010000D    263
     120       0       0       1       0                               0D    264
     110     282       0       0       0       0       0       000010000D    265
     110       0       0       2       0                               0D    266
     110     284       0       0       0       0       0       001010000D    267
     110       0       0       2       0                               0D    268
     502     286       0       0       0       0       0       000010000D    269
     502       0       0      14       1                               0D    270
     110     300       0       0       0       0       0       000010000D    271
     110       0       0       2       0                               0D    272
     504     302       0       0       0       0       0       000010001D    273
     504       0       0       9       1                               0D    274
     100     311       0       0       0       0     277       000010000D    275
     100       0       0       2       0                               0D    276
     124     313       0       0       0       0       0       000000000D    277
     124       0       0       2       0                               0D    278
     110     315       0       0       0       0       0       000010000D    279
     110       0       0       2       0                               0D    280
     100     317       0       0       0       0     283       000010000D    281
     100       0       0       2       0                               0D    282
     124     319       0       0       0       0       0       000000000D    283
     124       0       0       2       0                               0D    284
     508     321       0       0       0       0       0       000010000D    285
     508       0       0       1       1                               0D    286
     510     322       0       0       0       0       0       000010001D    287
     510       0       0       1       1                               0D    288
     128     323       0       0       0       0       0       000010000D    289
     128       0       0      20       0                               0D    290
     110     343       0       0       0       0       0       000010000D    291
     110       0       0       2       0                               0D    292
     100     345       0       0       0       0     283       000010000D    293
     100       0       0       2       0                               0D    294
     110     347       0       0       0       0       0       000010000D    295
     110       0       0       2       0                               0D    296
     100     349       0       0       0       0     299       000010000D    297
     100       0       0       2       0                               0D    298
     124     351       0       0       0       0       0       000000000D    299
     124       0       0       2       0                               0D    300
     508     353       0       0       0       0       0       000010000D    301
     508       0       0       1       1                               0D    302
     510     354       0       0       0       0       0       000010001D    303
     510       0       0       1       1                               0D    304
     128     355       0       0       0       0       0       000010000D    305
     128       0       0      23       0                               0D    306
     110     378       0       0       0       0       0       000010000D    307
     110       0       0       2       0                               0D    308
     110     380       0       0       0       0       0       000010000D    309
     110       0       0       2       0                               0D    310
     100     382       0       0       0       0     313       000010000D    311
     100       0       0       1       0                               0D    312
     124     383       0       0       0       0       0       000000000D    313
     124       0       0       2       0                               0D    314
     100     385       0       0       0       0     313       000010000D    315
     100       0       0       2       0                               0D    316
     508     387       0       0       0       0       0       000010000D    317
     508       0       0       2       1                               0D    318
     510     389       0       0       0       0       0       000010001D    319
     510       0       0       1       1                               0D    320
     128     390       0       0       0       0       0       000010000D    321
     128       0       0      24       0                               0D    322
     110     414       0       0       0       0       0       000010000D    323
     110       0       0       2       0                               0D    324
     100     416       0       0       0       0     327       000010000D    325
     100       0       0       1       0                               0D    326
     124     417       0       0       0       0       0       000000000D    327
     124       0       0       2       0                               0D    328
     110     419       0       0       0       0       0       000010000D    329
     110       0       0       2       0                               0D    330
     508     421       0       0       0       0       0       000010000D    331
     508       0       0       1       1                               0D    332
     510     422       0       0       0       0       0       000010001D    333
     510       0       0       1       1                               0D    334
     128     423       0       0       0       0       0       000010000D    335
     128       0       0      24       0                               0D    336
     110     447       0       0       0       0       0       000010000D    337
     110       0       0       2       0                               0D    338
     100     449       0       0       0       0     313       000010000D    339
     100       0       0       2       0                               0D    340
     110     451       0       0       0       0       0       000010000D    341
     110       0       0       2       0                               0D    342
     508     453       0       0       0       0       0       000010000D    343
     508       0       0       2       1                               0D    344
     510     455       0       0       0       0       0       000010001D    345
     510       0       0       1       1                               0D    346
     128     456       0       0       0       0       0       000010000D    347
     128       0       0      23       0                               0D    348
     110     479       0       0       0       0       0       000010000D    349
     110       0       0       2       0                               0D    350
     100     481       0       0       0       0     353       000010000D    351
     100       0       0       1       0                               0D    352
     124     482       0       0       0       0       0       000000000D    353
     124       0       0       2       0                               0D    354
     110     484       0       0       0       0       0       000010000D    355
     110       0       0       2       0                               0D    356
     508     486       0       0       0       0       0       000010000D    357
     508       0       0       1       1                               0D    358
     510     487       0       0       0       0       0       000010001D    359
     510       0       0       1       1                               0D    360
     128     488       0       0       0       0       0       000010000D    361
     128       0       0      22       0                               0D    362
     110     510       0       0       0       0       0       000010000D    363
     110       0       0       2       0                               0D    364
     100     512       0       0       0       0     367       000010000D    365
     100       0       0       2       0                               0D    366
     124     514       0       0       0       0       0       000000000D    367
     124       0       0       2       0                               0D    368
     110     516       0       0       0       0       0       000010000D    369
     110       0       0       2       0                               0D    370
     508     518       0       0       0       0       0       000010000D    371
     508       0       0       1       1                               0D    372
     510     519       0       0       0       0       0       000010001D    373
     510       0       0       1       1                               0D    374
     116     520       0       0       0       0       0       000010000D    375
     116       0       0       1       0                               0D    376
     123     521       0       0       0       0       0       000010200D    377
     123       0       0       1       0                               0D    378
     190     522       0       0       0       0       0       000010000D    379
     190       0       0       1       1                               0D    380
     123     523       0       0       0       0       0       000010200D    381
     123       0       0       1       0                               0D    382
     100     524       0       0       0       0     277       000010000D    383
     100       0       0       2       0                               0D    384
     508     526       0       0       0       0       0       000010000D    385
     508       0       0       1       1                               0D    386
     100     527       0       0       0       0     367       000010000D    387
     100       0       0       1       0                               0D    388
     508     528       0       0       0       0       0       000010000D    389
     508       0       0       1       1                               0D    390
     510     529       0       0       0       0       0       000010001D    391
     510       0       0       1       1                               0D    392
     128     530       0       0       0       0       0       000010000D    393
     128       0       0      22       0                               0D    394
     100     552       0       0       0       0     353       000010000D    395
     100       0       0       2       0                               0D    396
     508     554       0       0       0       0       0       000010000D    397
     508       0       0       1       1                               0D    398
     510     555       0       0       0       0       0       000010001D    399
     510       0       0       1       1                               0D    400
     128     556       0       0       0       0       0       000010000D    401
     128       0       0      24       0                               0D    402
     508     580       0       0       0       0       0       000010000D    403
     508       0       0       1       1                               0D    404
     510     581       0       0       0       0       0       000010001D    405
     510       0       0       1       1                               0D    406
     128     582       0       0       0       0       0       000010000D    407
     128       0       0      24       0                               0D    408
     100     606       0       0       0       0     327       000010000D    409
     100       0       0       2       0                               0D    410
     100     608       0       0       0       0     313       000010000D    411
     100       0       0       2       0                               0D    412
     508     610       0       0       0       0       0       000010000D    413
     508       0       0       2       1                               0D    414
     510     612       0       0       0       0       0       000010001D    415
     510       0       0       1       1                               0D    416
     128     613       0       0       0       0       0       000010000D    417
     128       0       0      24       0                               0D    418
     508     637       0       0       0       0       0       000010000D    419
     508       0       0       1       1                               0D    420
     510     638       0       0       0       0       0       000010001D    421
     510       0       0       1       1                               0D    422
     128     639       0       0       0       0       0       000010000D    423
     128       0       0      23       0                               0D    424
     100     662       0       0       0       0     299       000010000D    425
     100       0       0       2       0                               0D    426
     508     664       0       0       0       0       0       000010000D    427
     508       0       0       2       1                               0D    428
     510     666       0       0       0       0       0       000010001D    429
     510       0       0       1       1                               0D    430
     128     667       0       0       0       0       0       000010000D    431
     128       0       0      20       0                               0D    432
     508     687       0       0       0       0       0       000010000D    433
     508       0       0       1       1                               0D    434
     510     688       0       0       0       0       0       000010001D    435
     510       0       0       1       1                               0D    436
     120     689       0       0       0       0       0       000010000D    437
     120       0       0       1       0                               0D    438
     110     690       0       0       0       0       0       000010000D    439
     110       0       0       2       0                               0D    440
     110     692       0       0       0       0       0       001010000D    441
     110       0       0       2       0                               0D    442
     508     694       0       0       0       0       0       000010000D    443
     508       0       0       1       1                               0D    444
     510     695       0       0       0       0       0       000010001D    445
     510       0       0       1       1                               0D    446
     514     696       0       0       0       0       0       000010000D    447
     514       0       0       2       1                               0D    448
     186     698       0       0       1       0       0       000000000D    449
     186       0   -3621       1       0                               0D    450
     128     699       0       0       0       0       0       000010000D    451
     128       0       0      29       0                               0D    452
     502     728       0       0       0       0       0       000010000D    453
     502       0       0     209       1                               0D    454
     110     937       0       0       0       0       0       000010000D    455
     110       0       0       2       0                               0D    456
     504     939       0       0       0       0       0       000010001D    457
     504       0       0     150       1                               0D    458
     100    1089       0       0       0       0     461       000010000D    459
     100       0       0       1       0                               0D    460
     124    1090       0       0       0       0       0       000000000D    461
     124       0       0       2       0                               0D    462
     110    1092       0       0       0       0       0       000010000D    463
     110       0       0       2       0                               0D    464
     100    1094       0       0       0       0     467       000010000D    465
     100       0       0       2       0                               0D    466
     124    1096       0       0       0       0       0       000000000D    467
     124       0       0       2       0                               0D    468
     508    1098       0       0       0       0       0       000010000D    469
     508       0       0       1       1                               0D    470
     510    1099       0       0       0       0       0       000010001D    471
     510       0       0       1       1                               0D    472
     128    1100       0       0       0       0       0       000010000D    473
     128       0       0      28       0                               0D    474
     110    1128       0       0       0       0       0       000010000D    475
     110       0       0       2       0                               0D    476
     100    1130       0       0       0       0     479       000010000D    477
     100       0       0       2       0                               0D    478
     124    1132       0       0       0       0       0       000000000D    479
     124       0       0       2       0                               0D    480
     110    1134       0       0       0       0       0       000010000D    481
     110       0       0       2       0                               0D    482
     100    1136       0       0       0       0     461       000010000D    483
     100       0       0       2       0                               0D    484
     508    1138       0       0       0       0       0       000010000D    485
     508       0       0       1       1                               0D    486
     510    1139       0       0       0       0       0       000010001D    487
     510       0       0       1       1                               0D    488
     128    1140       0       0       0       0       0       000010000D    489
     128       0       0      28       0                               0D    490
     110    1168       0       0       0       0       0       000010000D    491
     110       0       0       2       0                               0D    492
     100    1170       0       0       0       0     495       000010000D    493
     100       0       0       1       0                               0D    494
     124    1171       0       0       0       0       0       000000000D    495
     124       0       0       2       0                               0D    496
     110    1173       0       0       0       0       0       000010000D    497
     110       0       0       2       0                               0D    498
     100    1175       0       0       0       0     501       000010000D    499
     100       0       0       2       0                               0D    500
     124    1177       0       0       0       0       0       000000000D    501
     124       0       0       2       0                               0D    502
     508    1179       0       0       0       0       0       000010000D    503
     508       0       0       1       1                               0D    504
     510    1180       0       0       0       0       0       000010001D    505
     510       0       0       1       1                               0D    506
     128    1181       0       0       0       0       0       000010000D    507
     128       0       0      28       0                               0D    508
     110    1209       0       0       0       0       0       000010000D    509
     110       0       0       2       0                               0D    510
     100    1211       0       0       0       0     513       000010000D    511
     100       0       0       2       0                               0D    512
     124    1213       0       0       0       0       0       000000000D    513
     124       0       0       2       0                               0D    514
     110    1215       0       0       0       0       0       000010000D    515
     110       0       0       2       0                               0D    516
     100    1217       0       0       0       0     495       000010000D    517
     100       0       0       2       0                               0D    518
     508    1219       0       0       0       0       0       000010000D    519
     508       0       0       1       1                               0D    520
     510    1220       0       0       0       0       0       000010001D    521
     510       0       0       1       1                               0D    522
     128    1221       0       0       0       0       0       000010000D    523
     128       0       0      29       0                               0D    524
     110    1250       0       0       0       0       0       000010000D    525
     110       0       0       2       0                               0D    526
     100    1252       0       0       0       0     529       000010000D    527
     100       0       0       1       0                               0D    528
     124    1253       0       0       0       0       0       000000000D    529
     124       0       0       2       0                               0D    530
     110    1255       0       0       0       0       0       000010000D    531
     110       0       0       2       0                               0D    532
     100    1257       0       0       0       0     535       000010000D    533
     100       0       0       2       0                               0D    534
     124    1259       0       0       0       0       0       000000000D    535
     124       0       0       2       0                               0D    536
     508    1261       0       0       0       0       0       000010000D    537
     508       0       0       1       1                               0D    538
     510    1262       0       0       0       0       0       000010001D    539
     510       0       0       1       1                               0D    540
     128    1263       0       0       0       0       0       000010000D    541
     128       0       0      28       0                               0D    542
     110    1291       0       0       0       0       0       000010000D    543
     110       0       0       2       0                               0D    544
     100    1293       0       0       0       0     547       000010000D    545
     100       0       0       2       0                               0D    546
     124    1295       0       0       0       0       0       000000000D    547
     124       0       0       2       0                               0D    548
     110    1297       0       0       0       0       0       000010000D    549
     110       0       0       2       0                               0D    550
     100    1299       0       0       0       0     529       000010000D    551
     100       0       0       2       0                               0D    552
     508    1301       0       0       0       0       0       000010000D    553
     508       0       0       1       1                               0D    554
     510    1302       0       0       0       0       0       000010001D    555
     510       0       0       1       1                               0D    556
     128    1303       0       0       0       0       0       000010000D    557
     128       0       0      29       0                               0D    558
     110    1332       0       0       0       0       0       000010000D    559
     110       0       0       2       0                               0D    560
     100    1334       0       0       0       0     563       000010000D    561
     100       0       0       2       0                               0D    562
     124    1336       0       0       0       0       0       000000000D    563
     124       0       0       2       0                               0D    564
     110    1338       0       0       0       0       0       000010000D    565
     110       0       0       2       0                               0D    566
     100    1340       0       0       0       0     569       000010000D    567
     100       0       0       2       0                               0D    568
     124    1342       0       0       0       0       0       000000000D    569
     124       0       0       2       0                               0D    570
     508    1344       0       0       0       0       0       000010000D    571
     508       0       0       1       1                               0D    572
     510    1345       0       0       0       0       0       000010001D    573
     510       0       0       1       1                               0D    574
     128    1346       0       0       0       0       0       000010000D    575
     128       0       0      28       0                               0D    576
     110    1374       0       0       0       0       0       000010000D    577
     110       0       0       2       0                               0D    578
     100    1376       0       0       0       0     581       000010000D    579
     100       0       0       2       0                               0D    580
     124    1378       0       0       0       0       0       000000000D    581
     124       0       0       2       0                               0D    582
     110    1380       0       0       0       0       0       000010000D    583
     110       0       0       2       0                               0D    584
     100    1382       0       0       0       0     563       000010000D    585
     100       0       0       2       0                               0D    586
     508    1384       0       0       0       0       0       000010000D    587
     508       0       0       1       1                               0D    588
     510    1385       0       0       0       0       0       000010001D    589
     510       0       0       1       1                               0D    590
     128    1386       0       0       0       0       0       000010000D    591
     128       0       0      24       0                               0D    592
     110    1410       0       0       0       0       0       000010000D    593
     110       0       0       2       0                               0D    594
     100    1412       0       0       0       0     597       000010000D    595
     100       0       0       2       0                               0D    596
     124    1414       0       0       0       0       0       000000000D    597
     124       0       0       2       0                               0D    598
     126    1416       0       0       0       0       0       000010000D    599
     126       0       0      21       0                               0D    600
     100    1437       0       0       0       0     597       000010000D    601
     100       0       0       2       0                               0D    602
     110    1439       0       0       0       0       0       000010000D    603
     110       0       0       2       0                               0D    604
     100    1441       0       0       0       0     607       000010000D    605
     100       0       0       2       0                               0D    606
     124    1443       0       0       0       0       0       000000000D    607
     124       0       0       2       0                               0D    608
     508    1445       0       0       0       0       0       000010000D    609
     508       0       0       2       1                               0D    610
     510    1447       0       0       0       0       0       000010001D    611
     510       0       0       1       1                               0D    612
     128    1448       0       0       0       0       0       000010000D    613
     128       0       0      24       0                               0D    614
     110    1472       0       0       0       0       0       000010000D    615
     110       0       0       2       0                               0D    616
     100    1474       0       0       0       0     619       000010000D    617
     100       0       0       2       0                               0D    618
     124    1476       0       0       0       0       0       000000000D    619
     124       0       0       2       0                               0D    620
     110    1478       0       0       0       0       0       000010000D    621
     110       0       0       2       0                               0D    622
     100    1480       0       0       0       0     625       000010000D    623
     100       0       0       2       0                               0D    624
     124    1482       0       0       0       0       0       000000000D    625
     124       0       0       2       0                               0D    626
     100    1484       0       0       0       0     625       000010000D    627
     100       0       0       2       0                               0D    628
     508    1486       0       0       0       0       0       000010000D    629
     508       0       0       2       1                               0D    630
     510    1488       0       0       0       0       0       000010001D    631
     510       0       0       1       1                               0D    632
     116    1489       0       0       0       0       0       000010000D    633
     116       0       0       1       0                               0D    634
     123    1490       0       0       0       0       0       000010200D    635
     123       0       0       1       0                               0D    636
     194    1491       0       0       0       0       0       000010000D    637
     194       0       0       1       1                               0D    638
     123    1492       0       0       0       0       0       000010200D    639
     123       0       0       1       0                               0D    640
     110    1493       0       0       0       0       0       000010000D    641
     110       0       0       2       0                               0D    642
     100    1495       0       0       0       0     645       000010000D    643
     100       0       0       2       0                               0D    644
     124    1497       0       0       0       0       0       000000000D    645
     124       0       0       2       0                               0D    646
     110    1499       0       0       0       0       0       000010000D    647
     110       0       0       2       0                               0D    648
     100    1501       0       0       0       0     651       000010000D    649
     100       0       0       2       0                               0D    650
     124    1503       0       0       0       0       0       000000000D    651
     124       0       0       2       0                               0D    652
     508    1505       0       0       0       0       0       000010000D    653
     508       0       0       1       1                               0D    654
     510    1506       0       0       0       0       0       000010001D    655
     510       0       0       1       1                               0D    656
     116    1507       0       0       0       0       0       000010000D    657
     116       0       0       1       0                               0D    658
     123    1508       0       0       0       0       0       000010200D    659
     123       0       0       1       0                               0D    660
     194    1509       0       0       0       0       0       000010000D    661
     194       0       0       1       1                               0D    662
     123    1510       0       0       0       0       0       000010200D    663
     123       0       0       1       0                               0D    664
     110    1511       0       0       0       0       0       000010000D    665
     110       0       0       2       0                               0D    666
     100    1513       0       0       0       0     669       000010000D    667
     100       0       0       2       0                               0D    668
     124    1515       0       0       0       0       0       000000000D    669
     124       0       0       2       0                               0D    670
     110    1517       0       0       0       0       0       000010000D    671
     110       0       0       2       0                               0D    672
     100    1519       0       0       0       0     675       000010000D    673
     100       0       0       2       0                               0D    674
     124    1521       0       0       0       0       0       000000000D    675
     124       0       0       2       0                               0D    676
     508    1523       0       0       0       0       0       000010000D    677
     508       0       0       1       1                               0D    678
     510    1524       0       0       0       0       0       000010001D    679
     510       0       0       1       1                               0D    680
     116    1525       0       0       0       0       0       000010000D    681
     116       0       0       1       0                               0D    682
     123    1526       0       0       0       0       0       000010200D    683
     123       0       0       1       0                               0D    684
     192    1527       0       0       0       0       0       000010000D    685
     192       0       0       1       1                               0D    686
     123    1528       0       0       0       0       0       000010200D    687
     123       0       0       1       0                               0D    688
     110    1529       0       0       0       0       0       000010000D    689
     110       0       0       2       0                               0D    690
     100    1531       0       0       0       0     675       000010000D    691
     100       0       0       2       0                               0D    692
     110    1533       0       0       0       0       0       000010000D    693
     110       0       0       2       0                               0D    694
     126    1535       0       0       0       0       0       000010000D    695
     126       0       0      42       0                               0D    696
     110    1577       0       0       0       0       0       000010000D    697
     110       0       0       2       0                               0D    698
     100    1579       0       0       0       0     645       000010000D    699
     100       0       0       2       0                               0D    700
     508    1581       0       0       0       0       0       000010000D    701
     508       0       0       2       1                               0D    702
     126    1583       0       0       0       0       0       000010000D    703
     126       0       0      42       0                               0D    704
     126    1625       0       0       0       0       0       000010000D    705
     126       0       0      42       0                               0D    706
     508    1667       0       0       0       0       0       000010000D    707
     508       0       0       1       1                               0D    708
     510    1668       0       0       0       0       0       000010001D    709
     510       0       0       1       1                               0D    710
     120    1669       0       0       0       0       0       000010000D    711
     120       0       0       1       0                               0D    712
     110    1670       0       0       0       0       0       000010000D    713
     110       0       0       2       0                               0D    714
     110    1672       0       0       0       0       0       001010000D    715
     110       0       0       2       0                               0D    716
     110    1674       0       0       0       0       0       000010000D    717
     110       0       0       2       0                               0D    718
     110    1676       0       0       0       0       0       000010000D    719
     110       0       0       2       0                               0D    720
     126    1678       0       0       0       0       0       000010000D    721
     126       0       0      42       0                               0D    722
     508    1720       0       0       0       0       0       000010000D    723
     508       0       0       1       1                               0D    724
     510    1721       0       0       0       0       0       000010001D    725
     510       0       0       1       1                               0D    726
     120    1722       0       0       0       0       0       000010000D    727
     120       0       0       1       0                               0D    728
     110    1723       0       0       0       0       0       000010000D    729
     110       0       0       2       0                               0D    730
     110    1725       0       0       0       0       0       001010000D    731
     110       0       0       2       0                               0D    732
     110    1727       0       0       0       0       0       000010000D    733
     110       0       0       2       0                               0D    734
     110    1729       0       0       0       0       0       000010000D    735
     110       0       0       2       0                               0D    736
     126    1731       0       0       0       0       0       000010000D    737
     126       0       0      42       0                               0D    738
     508    1773       0       0       0       0       0       000010000D    739
     508       0       0       1       1                               0D    740
     510    1774       0       0       0       0       0       000010001D    741
     510       0       0       1       1                               0D    742
     116    1775       0       0       0       0       0       000010000D    743
     116       0       0       1       0                               0D    744
     123    1776       0       0       0       0       0       000010200D    745
     123       0       0       1       0                               0D    746
     192    1777       0       0       0       0       0       000010000D    747
     192       0       0       1       1                               0D    748
     123    1778       0       0       0       0       0       000010200D    749
     123       0       0       1       0                               0D    750
     110    1779       0       0       0       0       0       000010000D    751
     110       0       0       2       0                               0D    752
     100    1781       0       0       0       0     755       000010000D    753
     100       0       0       2       0                               0D    754
     124    1783       0       0       0       0       0       000000000D    755
     124       0       0       2       0                               0D    756
     110    1785       0       0       0       0       0       000010000D    757
     110       0       0       2       0                               0D    758
     100    1787       0       0       0       0     761       000010000D    759
     100       0       0       2       0                               0D    760
     124    1789       0       0       0       0       0       000000000D    761
     124       0       0       2       0                               0D    762
     508    1791       0       0       0       0       0       000010000D    763
     508       0       0       1       1                               0D    764
     510    1792       0       0       0       0       0       000010001D    765
     510       0       0       1       1                               0D    766
     116    1793       0       0       0       0       0       000010000D    767
     116       0       0       1       0                               0D    768
     123    1794       0       0       0       0       0       000010200D    769
     123       0       0       1       0                               0D    770
     192    1795       0       0       0       0       0       000010000D    771
     192       0       0       1       1                               0D    772
     123    1796       0       0       0       0       0       000010200D    773
     123       0       0       1       0                               0D    774
     110    1797       0       0       0       0       0       000010000D    775
     110       0       0       2       0                               0D    776
     100    1799       0       0       0       0     761       000010000D    777
     100       0       0       2       0                               0D    778
     110    1801       0       0       0       0       0       000010000D    779
     110       0       0       2       0                               0D    780
     110    1803       0       0       0       0       0       000010000D    781
     110       0       0       2       0                               0D    782
     110    1805       0       0       0       0       0       000010000D    783
     110       0       0       2       0                               0D    784
     100    1807       0       0       0       0     787       000010000D    785
     100       0       0       2       0                               0D    786
     124    1809       0       0       0       0       0       000000000D    787
     124       0       0       2       0                               0D    788
     508    1811       0       0       0       0       0       000010000D    789
     508       0       0       2       1                               0D    790
     510    1813       0       0       0       0       0       000010001D    791
     510       0       0       1       1                               0D    792
     116    1814       0       0       0       0       0       000010000D    793
     116       0       0       1       0                               0D    794
     123    1815       0       0       0       0       0       000010200D    795
     123       0       0       1       0                               0D    796
     194    1816       0       0       0       0       0       000010000D    797
     194       0       0       1       1                               0D    798
     123    1817       0       0       0       0       0       000010200D    799
     123       0       0       1       0                               0D    800
     110    1818       0       0       0       0       0       000010000D    801
     110       0       0       2       0                               0D    802
     100    1820       0       0       0       0     805       000010000D    803
     100       0       0       2       0                               0D    804
     124    1822       0       0       0       0       0       000000000D    805
     124       0       0       2       0                               0D    806
     110    1824       0       0       0       0       0       000010000D    807
     110       0       0       2       0                               0D    808
     100    1826       0       0       0       0     811       000010000D    809
     100       0       0       2       0                               0D    810
     124    1828       0       0       0       0       0       000000000D    811
     124       0       0       2       0                               0D    812
     508    1830       0       0       0       0       0       000010000D    813
     508       0       0       1       1                               0D    814
     510    1831       0       0       0       0       0       000010001D    815
     510       0       0       1       1                               0D    816
     116    1832       0       0       0       0       0       000010000D    817
     116       0       0       1       0                               0D    818
     123    1833       0       0       0       0       0       000010200D    819
     123       0       0       1       0                               0D    820
     192    1834       0       0       0       0       0       000010000D    821
     192       0       0       1       1                               0D    822
     123    1835       0       0       0       0       0       000010200D    823
     123       0       0       1       0                               0D    824
     110    1836       0       0       0       0       0       000010000D    825
     110       0       0       2       0                               0D    826
     100    1838       0       0       0       0     829       000010000D    827
     100       0       0       2       0                               0D    828
     124    1840       0       0       0       0       0       000000000D    829
     124       0       0       2       0                               0D    830
     126    1842       0       0       0       0       0       000010000D    831
     126       0       0       8       0                               0D    832
     110    1850       0       0       0       0       0       000010000D    833
     110       0       0       2       0                               0D    834
     100    1852       0       0       0       0     805       000010000D    835
     100       0       0       2       0                               0D    836
     508    1854       0       0       0       0       0       000010000D    837
     508       0       0       2       1                               0D    838
     510    1856       0       0       0       0       0       000010001D    839
     510       0       0       1       1                               0D    840
     116    1857       0       0       0       0       0       000010000D    841
     116       0       0       1       0                               0D    842
     123    1858       0       0       0       0       0       000010200D    843
     123       0       0       1       0                               0D    844
     192    1859       0       0       0       0       0       000010000D    845
     192       0       0       1       1                               0D    846
     123    1860       0       0       0       0       0       000010200D    847
     123       0       0       1       0                               0D    848
     110    1861       0       0       0       0       0       000010000D    849
     110       0       0       2       0                               0D    850
     100    1863       0       0       0       0     787       000010000D    851
     100       0       0       2       0                               0D    852
     110    1865       0       0       0       0       0       000010000D    853
     110       0       0       2       0                               0D    854
     126    1867       0       0       0       0       0       000010000D    855
     126       0       0       8       0                               0D    856
     100    1875       0       0       0       0     859       000010000D    857
     100       0       0       2       0                               0D    858
     124    1877       0       0       0       0       0       000000000D    859
     124       0       0       2       0                               0D    860
     508    1879       0       0       0       0       0       000010000D    861
     508       0       0       2       1                               0D    862
     510    1881       0       0       0       0       0       000010001D    863
     510       0       0       1       1                               0D    864
     116    1882       0       0       0       0       0       000010000D    865
     116       0       0       1       0                               0D    866
     123    1883       0       0       0       0       0       000010200D    867
     123       0       0       1       0                               0D    868
     194    1884       0       0       0       0       0       000010000D    869
     194       0       0       1       1                               0D    870
     123    1885       0       0       0       0       0       000010200D    871
     123       0       0       2       0                               0D    872
     110    1887       0       0       0       0       0       000010000D    873
     110       0       0       2       0                               0D    874
     100    1889       0       0       0       0     877       000010000D    875
     100       0       0       2       0                               0D    876
     124    1891       0       0       0       0       0       000000000D    877
     124       0       0       4       0                               0D    878
     110    1895       0       0       0       0       0       000010000D    879
     110       0       0       2       0                               0D    880
     100    1897       0       0       0       0     883       000010000D    881
     100       0       0       2       0                               0D    882
     124    1899       0       0       0       0       0       000000000D    883
     124       0       0       3       0                               0D    884
     508    1902       0       0       0       0       0       000010000D    885
     508       0       0       1       1                               0D    886
     510    1903       0       0       0       0       0       000010001D    887
     510       0       0       1       1                               0D    888
     116    1904       0       0       0       0       0       000010000D    889
     116       0       0       1       0                               0D    890
     123    1905       0       0       0       0       0       000010200D    891
     123       0       0       1       0                               0D    892
     192    1906       0       0       0       0       0       000010000D    893
     192       0       0       1       1                               0D    894
     123    1907       0       0       0       0       0       000010200D    895
     123       0       0       2       0                               0D    896
     110    1909       0       0       0       0       0       000010000D    897
     110       0       0       2       0                               0D    898
     100    1911       0       0       0       0     901       000010000D    899
     100       0       0       2       0                               0D    900
     124    1913       0       0       0       0       0       000000000D    901
     124       0       0       3       0                               0D    902
     110    1916       0       0       0       0       0       000010000D    903
     110       0       0       2       0                               0D    904
     508    1918       0       0       0       0       0       000010000D    905
     508       0       0       1       1                               0D    906
     510    1919       0       0       0       0       0       000010001D    907
     510       0       0       1       1                               0D    908
     116    1920       0       0       0       0       0       000010000D    909
     116       0       0       1       0                               0D    910
     123    1921       0       0       0       0       0       000010200D    911
     123       0       0       1       0                               0D    912
     194    1922       0       0       0       0       0       000010000D    913
     194       0       0       1       1                               0D    914
     123    1923       0       0       0       0       0       000010200D    915
     123       0       0       2       0                               0D    916
     110    1925       0       0       0       0       0       000010000D    917
     110       0       0       2       0                               0D    918
     100    1927       0       0       0       0     901       000010000D    919
     100       0       0       2       0                               0D    920
     110    1929       0       0       0       0       0       000010000D    921
     110       0       0       2       0                               0D    922
     100    1931       0       0       0       0     925       000010000D    923
     100       0       0       2       0                               0D    924
     124    1933       0       0       0       0       0       000000000D    925
     124       0       0       3       0                               0D    926
     100    1936       0       0       0       0     925       000010000D    927
     100       0       0       2       0                               0D    928
     508    1938       0       0       0       0       0       000010000D    929
     508       0       0       2       1                               0D    930
     510    1940       0       0       0       0       0       000010001D    931
     510       0       0       1       1                               0D    932
     116    1941       0       0       0       0       0       000010000D    933
     116       0       0       1       0                               0D    934
     123    1942       0       0       0       0       0       000010200D    935
     123       0       0       1       0                               0D    936
     194    1943       0       0       0       0       0       000010000D    937
     194       0       0       1       1                               0D    938
     123    1944       0       0       0       0       0       000010200D    939
     123       0       0       1       0                               0D    940
     110    1945       0       0       0       0       0       000010000D    941
     110       0       0       2       0                               0D    942
     100    1947       0       0       0       0     945       000010000D    943
     100       0       0       2       0                               0D    944
     124    1949       0       0       0       0       0       000000000D    945
     124       0       0       3       0                               0D    946
     110    1952       0       0       0       0       0       000010000D    947
     110       0       0       2       0                               0D    948
     100    1954       0       0       0       0     951       000010000D    949
     100       0       0       2       0                               0D    950
     124    1956       0       0       0       0       0       000000000D    951
     124       0       0       3       0                               0D    952
     508    1959       0       0       0       0       0       000010000D    953
     508       0       0       1       1                               0D    954
     510    1960       0       0       0       0       0       000010001D    955
     510       0       0       1       1                               0D    956
     116    1961       0       0       0       0       0       000010000D    957
     116       0       0       1       0                               0D    958
     123    1962       0       0       0       0       0       000010200D    959
     123       0       0       1       0                               0D    960
     192    1963       0       0       0       0       0       000010000D    961
     192       0       0       1       1                               0D    962
     123    1964       0       0       0       0       0       000010200D    963
     123       0       0       1       0                               0D    964
     110    1965       0       0       0       0       0       000010000D    965
     110       0       0       2       0                               0D    966
     100    1967       0       0       0       0     969       000010000D    967
     100       0       0       2       0                               0D    968
     124    1969       0       0       0       0       0       000000000D    969
     124       0       0       3       0                               0D    970
     110    1972       0       0       0       0       0       000010000D    971
     110       0       0       2       0                               0D    972
     508    1974       0       0       0       0       0       000010000D    973
     508       0       0       1       1                               0D    974
     510    1975       0       0       0       0       0       000010001D    975
     510       0       0       1       1                               0D    976
     116    1976       0       0       0       0       0       000010000D    977
     116       0       0       1       0                               0D    978
     123    1977       0       0       0       0       0       000010200D    979
     123       0       0       1       0                               0D    980
     194    1978       0       0       0       0       0       000010000D    981
     194       0       0       1       1                               0D    982
     123    1979       0       0       0       0       0       000010200D    983
     123       0       0       1       0                               0D    984
     110    1980       0       0       0       0       0       000010000D    985
     110       0       0       2       0                               0D    986
     100    1982       0       0       0       0     969       000010000D    987
     100       0       0       2       0                               0D    988
     110    1984       0       0       0       0       0       000010000D    989
     110       0       0       2       0                               0D    990
     100    1986       0       0       0       0     993       000010000D    991
     100       0       0       2       0                               0D    992
     124    1988       0       0       0       0       0       000000000D    993
     124       0       0       3       0                               0D    994
     100    1991       0       0       0       0     993       000010000D    995
     100       0       0       2       0                               0D    996
     508    1993       0       0       0       0       0       000010000D    997
     508       0       0       2       1                               0D    998
     510    1995       0       0       0       0       0       000010001D    999
     510       0       0       1       1                               0D   1000
     116    1996       0       0       0       0       0       000010000D   1001
     116       0       0       1       0                               0D   1002
     123    1997       0       0       0       0       0       000010200D   1003
     123       0       0       1       0                               0D   1004
     194    1998       0       0       0       0       0       000010000D   1005
     194       0       0       1       1                               0D   1006
     123    1999       0       0       0       0       0       000010200D   1007
     123       0       0       1       0                               0D   1008
     110    2000       0       0       0       0       0       000010000D   1009
     110       0       0       2       0                               0D   1010
     100    2002       0       0       0       0    1013       000010000D   1011
     100       0       0       2       0                               0D   1012
     124    2004       0       0       0       0       0       000000000D   1013
     124       0       0       3       0                               0D   1014
     110    2007       0       0       0       0       0       000010000D   1015
     110       0       0       2       0                               0D   1016
     100    2009       0       0       0       0    1019       000010000D   1017
     100       0       0       2       0                               0D   1018
     124    2011       0       0       0       0       0       000000000D   1019
     124       0       0       3       0                               0D   1020
     508    2014       0       0       0       0       0       000010000D   1021
     508       0       0       1       1                               0D   1022
     510    2015       0       0       0       0       0       000010001D   1023
     510       0       0       1       1                               0D   1024
     116    2016       0       0       0       0       0       000010000D   1025
     116       0       0       1       0                               0D   1026
     123    2017       0       0       0       0       0       000010200D   1027
     123       0       0       1       0                               0D   1028
     194    2018       0       0       0       0       0       000010000D   1029
     194       0       0       1       1                               0D   1030
     123    2019       0       0       0       0       0       000010200D   1031
     123       0       0       1       0                               0D   1032
     110    2020       0       0       0       0       0       000010000D   1033
     110       0       0       2       0                               0D   1034
     100    2022       0       0       0       0     625       000010000D   1035
     100       0       0       2       0                               0D   1036
     110    2024       0       0       0       0       0       000010000D   1037
     110       0       0       2       0                               0D   1038
     100    2026       0       0       0       0    1041       000010000D   1039
     100       0       0       2       0                               0D   1040
     124    2028       0       0       0       0       0       000000000D   1041
     124       0       0       3       0                               0D   1042
     508    2031       0       0       0       0       0       000010000D   1043
     508       0       0       2       1                               0D   1044
     510    2033       0       0       0       0       0       000010001D   1045
     510       0       0       1       1                               0D   1046
     116    2034       0       0       0       0       0       000010000D   1047
     116       0       0       1       0                               0D   1048
     123    2035       0       0       0       0       0       000010200D   1049
     123       0       0       1       0                               0D   1050
     192    2036       0       0       0       0       0       000010000D   1051
     192       0       0       1       1                               0D   1052
     123    2037       0       0       0       0       0       000010200D   1053
     123       0       0       1       0                               0D   1054
     110    2038       0       0       0       0       0       000010000D   1055
     110       0       0       2       0                               0D   1056
     100    2040       0       0       0       0    1013       000010000D   1057
     100       0       0       2       0                               0D   1058
     110    2042       0       0       0       0       0       000010000D   1059
     110       0       0       2       0                               0D   1060
     126    2044       0       0       0       0       0       000010000D   1061
     126       0       0      24       0                               0D   1062
     126    2068       0       0       0       0       0       000010000D   1063
     126       0       0      25       0                               0D   1064
     508    2093       0       0       0       0       0       000010000D   1065
     508       0       0       2       1                               0D   1066
     510    2095       0       0       0       0       0       000010001D   1067
     510       0       0       1       1                               0D   1068
     116    2096       0       0       0       0       0       000010000D   1069
     116       0       0       1       0                               0D   1070
     123    2097       0       0       0       0       0       000010200D   1071
     123       0       0       1       0                               0D   1072
     190    2098       0       0       0       0       0       000010000D   1073
     190       0       0       1       1                               0D   1074
     123    2099       0       0       0       0       0       000010200D   1075
     123       0       0       1       0                               0D   1076
     110    2100       0       0       0       0       0       000010000D   1077
     110       0       0       2       0                               0D   1078
     100    2102       0       0       0       0    1019       000010000D   1079
     100       0       0       2       0                               0D   1080
     508    2104       0       0       0       0       0       000010000D   1081
     508       0       0       1       1                               0D   1082
     510    2105       0       0       0       0       0       000010001D   1083
     510       0       0       1       1                               0D   1084
     116    2106       0       0       0       0       0       000010000D   1085
     116       0       0       1       0                               0D   1086
     123    2107       0       0       0       0       0       000010200D   1087
     123       0       0       1       0                               0D   1088
     192    2108       0       0       0       0       0       000010000D   1089
     192       0       0       1       1                               0D   1090
     123    2109       0       0       0       0       0       000010200D   1091
     123       0       0       1       0                               0D   1092
     126    2110       0       0       0       0       0       000010000D   1093
     126       0       0      42       0                               0D   1094
     508    2152       0       0       0       0       0       000010000D   1095
     508       0       0       1       1                               0D   1096
     510    2153       0       0       0       0       0       000010001D   1097
     510       0       0       1       1                               0D   1098
     116    2154       0       0       0       0       0       000010000D   1099
     116       0       0       1       0                               0D   1100
     123    2155       0       0       0       0       0       000010200D   1101
     123       0       0       1       0                               0D   1102
     194    2156       0       0       0       0       0       000010000D   1103
     194       0       0       1       1                               0D   1104
     123    2157       0       0       0       0       0       000010200D   1105
     123       0       0       1       0                               0D   1106
     100    2158       0       0       0       0    1041       000010000D   1107
     100       0       0       2       0                               0D   1108
     100    2160       0       0       0       0     625       000010000D   1109
     100       0       0       2       0                               0D   1110
     508    2162       0       0       0       0       0       000010000D   1111
     508       0       0       2       1                               0D   1112
     510    2164       0       0       0       0       0       000010001D   1113
     510       0       0       1       1                               0D   1114
     116    2165       0       0       0       0       0       000010000D   1115
     116       0       0       1       0                               0D   1116
     123    2166       0       0       0       0       0       000010200D   1117
     123       0       0       1       0                               0D   1118
     194    2167       0       0       0       0       0       000010000D   1119
     194       0       0       1       1                               0D   1120
     123    2168       0       0       0       0       0       000010200D   1121
     123       0       0       1       0                               0D   1122
     508    2169       0       0       0       0       0       000010000D   1123
     508       0       0       1       1                               0D   1124
     510    2170       0       0       0       0       0       000010001D   1125
     510       0       0       1       1                               0D   1126
     116    2171       0       0       0       0       0       000010000D   1127
     116       0       0       1       0                               0D   1128
     123    2172       0       0       0       0       0       000010200D   1129
     123       0       0       1       0                               0D   1130
     190    2173       0       0       0       0       0       000010000D   1131
     190       0       0       1       1                               0D   1132
     123    2174       0       0       0       0       0       000010200D   1133
     123       0       0       1       0                               0D   1134
     508    2175       0       0       0       0       0       000010000D   1135
     508       0       0       1       1                               0D   1136
     510    2176       0       0       0       0       0       000010001D   1137
     510       0       0       1       1                               0D   1138
     116    2177       0       0       0       0       0       000010000D   1139
     116       0       0       1       0                               0D   1140
     123    2178       0       0       0       0       0       000010200D   1141
     123       0       0       1       0                               0D   1142
     190    2179       0       0       0       0       0       000010000D   1143
     190       0       0       1       1                               0D   1144
     123    2180       0       0       0       0       0       000010200D   1145
     123       0       0       1       0                               0D   1146
     508    2181       0       0       0       0       0       000010000D   1147
     508       0       0       1       1                               0D   1148
     110    2182       0       0       0       0       0       000010000D   1149
     110       0       0       2       0                               0D   1150
     110    2184       0       0       0       0       0       000010000D   1151
     110       0       0       2       0                               0D   1152
     110    2186       0       0       0       0       0       000010000D   1153
     110       0       0       2       0                               0D   1154
     110    2188       0       0       0       0       0       000010000D   1155
     110       0       0       2       0                               0D   1156
     110    2190       0       0       0       0       0       000010000D   1157
     110       0       0       2       0                               0D   1158
     110    2192       0       0       0       0       0       000010000D   1159
     110       0       0       2       0                               0D   1160
     508    2194       0       0       0       0       0       000010000D   1161
     508       0       0       2       1                               0D   1162
     510    2196       0       0       0       0       0       000010001D   1163
     510       0       0       1       1                               0D   1164
     116    2197       0       0       0       0       0       000010000D   1165
     116       0       0       1       0                               0D   1166
     123    2198       0       0       0       0       0       000010200D   1167
     123       0       0       1       0                               0D   1168
     190    2199       0       0       0       0       0       000010000D   1169
     190       0       0       1       1                               0D   1170
     123    2200       0       0       0       0       0       000010200D   1171
     123       0       0       1       0                               0D   1172
     110    2201       0       0       0       0       0       000010000D   1173
     110       0       0       2       0                               0D   1174
     110    2203       0       0       0       0       0       000010000D   1175
     110       0       0       2       0                               0D   1176
     110    2205       0       0       0       0       0       000010000D   1177
     110       0       0       2       0                               0D   1178
     508    2207       0       0       0       0       0       000010000D   1179
     508       0       0       1       1                               0D   1180
     510    2208       0       0       0       0       0       000010001D   1181
     510       0       0       1       1                               0D   1182
     116    2209       0       0       0       0       0       000010000D   1183
     116       0       0       1       0                               0D   1184
     123    2210       0       0       0       0       0       000010200D   1185
     123       0       0       2       0                               0D   1186
     190    2212       0       0       0       0       0       000010000D   1187
     190       0       0       1       1                               0D   1188
     123    2213       0       0       0       0       0       000010200D   1189
     123       0       0       1       0                               0D   1190
     110    2214       0       0       0       0       0       000010000D   1191
     110       0       0       2       0                               0D   1192
     110    2216       0       0       0       0       0       000010000D   1193
     110       0       0       2       0                               0D   1194
     508    2218       0       0       0       0       0       000010000D   1195
     508       0       0       1       1                               0D   1196
     510    2219       0       0       0       0       0       000010001D   1197
     510       0       0       1       1                               0D   1198
     116    2220       0       0       0       0       0       000010000D   1199
     116       0       0       1       0                               0D   1200
     123    2221       0       0       0       0       0       000010200D   1201
     123       0       0       2       0                               0D   1202
     190    2223       0       0       0       0       0       000010000D   1203
     190       0       0       1       1                               0D   1204
     123    2224       0       0       0       0       0       000010200D   1205
     123       0       0       1       0                               0D   1206
     110    2225       0       0       0       0       0       000010000D   1207
     110       0       0       2       0                               0D   1208
     110    2227       0       0       0       0       0       000010000D   1209
     110       0       0       2       0                               0D   1210
     508    2229       0       0       0       0       0       000010000D   1211
     508       0       0       1       1                               0D   1212
     510    2230       0       0       0       0       0       000010001D   1213
     510       0       0       1       1                               0D   1214
     116    2231       0       0       0       0       0       000010000D   1215
     116       0       0       1       0                               0D   1216
     123    2232       0       0       0       0       0       000010200D   1217
     123       0       0       1       0                               0D   1218
     190    2233       0       0       0       0       0       000010000D   1219
     190       0       0       1       1                               0D   1220
     123    2234       0       0       0       0       0       000010200D   1221
     123       0       0       1       0                               0D   1222
     110    2235       0       0       0       0       0       000010000D   1223
     110       0       0       2       0                               0D   1224
     110    2237       0       0       0       0       0       000010000D   1225
     110       0       0       2       0                               0D   1226
     508    2239       0       0       0       0       0       000010000D   1227
     508       0       0       1       1                               0D   1228
     510    2240       0       0       0       0       0       000010001D   1229
     510       0       0       1       1                               0D   1230
     116    2241       0       0       0       0       0       000010000D   1231
     116       0       0       1       0                               0D   1232
     123    2242       0       0       0       0       0       000010200D   1233
     123       0       0       1       0                               0D   1234
     190    2243       0       0       0       0       0       000010000D   1235
     190       0       0       1       1                               0D   1236
     123    2244       0       0       0       0       0       000010200D   1237
     123       0       0       1       0                               0D   1238
     110    2245       0       0       0       0       0       000010000D   1239
     110       0       0       2       0                               0D   1240
     110    2247       0       0       0       0       0       000010000D   1241
     110       0       0       2       0                               0D   1242
     508    2249       0       0       0       0       0       000010000D   1243
     508       0       0       1       1                               0D   1244
     510    2250       0       0       0       0       0       000010001D   1245
     510       0       0       1       1                               0D   1246
     116    2251       0       0       0       0       0       000010000D   1247
     116       0       0       1       0                               0D   1248
     123    2252       0       0       0       0       0       000010200D   1249
     123       0       0       1       0                               0D   1250
     190    2253       0       0       0       0       0       000010000D   1251
     190       0       0       1       1                               0D   1252
     123    2254       0       0       0       0       0       000010200D   1253
     123       0       0       1       0                               0D   1254
     110    2255       0       0       0       0       0       000010000D   1255
     110       0       0       2       0                               0D   1256
     508    2257       0       0       0       0       0       000010000D   1257
     508       0       0       1       1                               0D   1258
     510    2258       0       0       0       0       0       000010001D   1259
     510       0       0       1       1                               0D   1260
     116    2259       0       0       0       0       0       000010000D   1261
     116       0       0       1       0                               0D   1262
     123    2260       0       0       0       0       0       000010200D   1263
     123       0       0       1       0                               0D   1264
     190    2261       0       0       0       0       0       000010000D   1265
     190       0       0       1       1                               0D   1266
     123    2262       0       0       0       0       0       000010200D   1267
     123       0       0       1       0                               0D   1268
     508    2263       0       0       0       0       0       000010000D   1269
     508       0       0       2       1                               0D   1270
     510    2265       0       0       0       0       0       000010001D   1271
     510       0       0       1       1                               0D   1272
     116    2266       0       0       0       0       0       000010000D   1273
     116       0       0       1       0                               0D   1274
     123    2267       0       0       0       0       0       000010200D   1275
     123       0       0       1       0                               0D   1276
     190    2268       0       0       0       0       0       000010000D   1277
     190       0       0       1       1                               0D   1278
     123    2269       0       0       0       0       0       000010200D   1279
     123       0       0       1       0                               0D   1280
     110    2270       0       0       0       0       0       000010000D   1281
     110       0       0       2       0                               0D   1282
     100    2272       0       0       0       0     993       000010000D   1283
     100       0       0       2       0                               0D   1284
     508    2274       0       0       0       0       0       000010000D   1285
     508       0       0       1       1                               0D   1286
     510    2275       0       0       0       0       0       000010001D   1287
     510       0       0       1       1                               0D   1288
     116    2276       0       0       0       0       0       000010000D   1289
     116       0       0       1       0                               0D   1290
     123    2277       0       0       0       0       0       000010200D   1291
     123       0       0       1       0                               0D   1292
     194    2278       0       0       0       0       0       000010000D   1293
     194       0       0       1       1                               0D   1294
     123    2279       0       0       0       0       0       000010200D   1295
     123       0       0       1       0                               0D   1296
     100    2280       0       0       0       0     993       000010000D   1297
     100       0       0       2       0                               0D   1298
     508    2282       0       0       0       0       0       000010000D   1299
     508       0       0       2       1                               0D   1300
     510    2284       0       0       0       0       0       000010001D   1301
     510       0       0       1       1                               0D   1302
     116    2285       0       0       0       0       0       000010000D   1303
     116       0       0       1       0                               0D   1304
     123    2286       0       0       0       0       0       000010200D   1305
     123       0       0       1       0                               0D   1306
     192    2287       0       0       0       0       0       000010000D   1307
     192       0       0       1       1                               0D   1308
     123    2288       0       0       0       0       0       000010200D   1309
     123       0       0       1       0                               0D   1310
     100    2289       0       0       0       0     945       000010000D   1311
     100       0       0       2       0                               0D   1312
     508    2291       0       0       0       0       0       000010000D   1313
     508       0       0       1       1                               0D   1314
     510    2292       0       0       0       0       0       000010001D   1315
     510       0       0       1       1                               0D   1316
     116    2293       0       0       0       0       0       000010000D   1317
     116       0       0       1       0                               0D   1318
     123    2294       0       0       0       0       0       000010200D   1319
     123       0       0       1       0                               0D   1320
     190    2295       0       0       0       0       0       000010000D   1321
     190       0       0       1       1                               0D   1322
     123    2296       0       0       0       0       0       000010200D   1323
     123       0       0       1       0                               0D   1324
     508    2297       0       0       0       0       0       000010000D   1325
     508       0       0       1       1                               0D   1326
     510    2298       0       0       0       0       0       000010001D   1327
     510       0       0       1       1                               0D   1328
     116    2299       0       0       0       0       0       000010000D   1329
     116       0       0       1       0                               0D   1330
     123    2300       0       0       0       0       0       000010200D   1331
     123       0       0       1       0                               0D   1332
     194    2301       0       0       0       0       0       000010000D   1333
     194       0       0       1       1                               0D   1334
     123    2302       0       0       0       0       0       000010200D   1335
     123       0       0       1       0                               0D   1336
     100    2303       0       0       0       0     951       000010000D   1337
     100       0       0       2       0                               0D   1338
     508    2305       0       0       0       0       0       000010000D   1339
     508       0       0       1       1                               0D   1340
     510    2306       0       0       0       0       0       000010001D   1341
     510       0       0       1       1                               0D   1342
     116    2307       0       0       0       0       0       000010000D   1343
     116       0       0       1       0                               0D   1344
     123    2308       0       0       0       0       0       000010200D   1345
     123       0       0       1       0                               0D   1346
     190    2309       0       0       0       0       0       000010000D   1347
     190       0       0       1       1                               0D   1348
     123    2310       0       0       0       0       0       000010200D   1349
     123       0       0       1       0                               0D   1350
     508    2311       0       0       0       0       0       000010000D   1351
     508       0       0       1       1                               0D   1352
     110    2312       0       0       0       0       0       000010000D   1353
     110       0       0       2       0                               0D   1354
     110    2314       0       0       0       0       0       000010000D   1355
     110       0       0       2       0                               0D   1356
     110    2316       0       0       0       0       0       000010000D   1357
     110       0       0       2       0                               0D   1358
     110    2318       0       0       0       0       0       000010000D   1359
     110       0       0       2       0                               0D   1360
     110    2320       0       0       0       0       0       000010000D   1361
     110       0       0       2       0                               0D   1362
     110    2322       0       0       0       0       0       000010000D   1363
     110       0       0       2       0                               0D   1364
     508    2324       0       0       0       0       0       000010000D   1365
     508       0       0       2       1                               0D   1366
     510    2326       0       0       0       0       0       000010001D   1367
     510       0       0       1       1                               0D   1368
     116    2327       0       0       0       0       0       000010000D   1369
     116       0       0       2       0                               0D   1370
     123    2329       0       0       0       0       0       000010200D   1371
     123       0       0       2       0                               0D   1372
     190    2331       0       0       0       0       0       000010000D   1373
     190       0       0       1       1                               0D   1374
     123    2332       0       0       0       0       0       000010200D   1375
     123       0       0       1       0                               0D   1376
     110    2333       0       0       0       0       0       000010000D   1377
     110       0       0       2       0                               0D   1378
     110    2335       0       0       0       0       0       000010000D   1379
     110       0       0       2       0                               0D   1380
     110    2337       0       0       0       0       0       000010000D   1381
     110       0       0       2       0                               0D   1382
     508    2339       0       0       0       0       0       000010000D   1383
     508       0       0       1       1                               0D   1384
     510    2340       0       0       0       0       0       000010001D   1385
     510       0       0       1       1                               0D   1386
     116    2341       0       0       0       0       0       000010000D   1387
     116       0       0       2       0                               0D   1388
     123    2343       0       0       0       0       0       000010200D   1389
     123       0       0       2       0                               0D   1390
     190    2345       0       0       0       0       0       000010000D   1391
     190       0       0       1       1                               0D   1392
     123    2346       0       0       0       0       0       000010200D   1393
     123       0       0       1       0                               0D   1394
     110    2347       0       0       0       0       0       000010000D   1395
     110       0       0       2       0                               0D   1396
     110    2349       0       0       0       0       0       000010000D   1397
     110       0       0       2       0                               0D   1398
     508    2351       0       0       0       0       0       000010000D   1399
     508       0       0       1       1                               0D   1400
     510    2352       0       0       0       0       0       000010001D   1401
     510       0       0       1       1                               0D   1402
     116    2353       0       0       0       0       0       000010000D   1403
     116       0       0       2       0                               0D   1404
     123    2355       0       0       0       0       0       000010200D   1405
     123       0       0       1       0                               0D   1406
     190    2356       0       0       0       0       0       000010000D   1407
     190       0       0       1       1                               0D   1408
     123    2357       0       0       0       0       0       000010200D   1409
     123       0       0       1       0                               0D   1410
     110    2358       0       0       0       0       0       000010000D   1411
     110       0       0       2       0                               0D   1412
     110    2360       0       0       0       0       0       000010000D   1413
     110       0       0       2       0                               0D   1414
     508    2362       0       0       0       0       0       000010000D   1415
     508       0       0       1       1                               0D   1416
     510    2363       0       0       0       0       0       000010001D   1417
     510       0       0       1       1                               0D   1418
     116    2364       0       0       0       0       0       000010000D   1419
     116       0       0       2       0                               0D   1420
     123    2366       0       0       0       0       0       000010200D   1421
     123       0       0       1       0                               0D   1422
     190    2367       0       0       0       0       0       000010000D   1423
     190       0       0       1       1                               0D   1424
     123    2368       0       0       0       0       0       000010200D   1425
     123       0       0       1       0                               0D   1426
     110    2369       0       0       0       0       0       000010000D   1427
     110       0       0       2       0                               0D   1428
     110    2371       0       0       0       0       0       000010000D   1429
     110       0       0       2       0                               0D   1430
     508    2373       0       0       0       0       0       000010000D   1431
     508       0       0       1       1                               0D   1432
     510    2374       0       0       0       0       0       000010001D   1433
     510       0       0       1       1                               0D   1434
     116    2375       0       0       0       0       0       000010000D   1435
     116       0       0       2       0                               0D   1436
     123    2377       0       0       0       0       0       000010200D   1437
     123       0       0       1       0                               0D   1438
     190    2378       0       0       0       0       0       000010000D   1439
     190       0       0       1       1                               0D   1440
     123    2379       0       0       0       0       0       000010200D   1441
     123       0       0       1       0                               0D   1442
     110    2380       0       0       0       0       0       000010000D   1443
     110       0       0       2       0                               0D   1444
     110    2382       0       0       0       0       0       000010000D   1445
     110       0       0       2       0                               0D   1446
     508    2384       0       0       0       0       0       000010000D   1447
     508       0       0       1       1                               0D   1448
     510    2385       0       0       0       0       0       000010001D   1449
     510       0       0       1       1                               0D   1450
     116    2386       0       0       0       0       0       000010000D   1451
     116       0       0       2       0                               0D   1452
     123    2388       0       0       0       0       0       000010200D   1453
     123       0       0       2       0                               0D   1454
     190    2390       0       0       0       0       0       000010000D   1455
     190       0       0       1       1                               0D   1456
     123    2391       0       0       0       0       0       000010200D   1457
     123       0       0       1       0                               0D   1458
     110    2392       0       0       0       0       0       000010000D   1459
     110       0       0       2       0                               0D   1460
     508    2394       0       0       0       0       0       000010000D   1461
     508       0       0       1       1                               0D   1462
     510    2395       0       0       0       0       0       000010001D   1463
     510       0       0       1       1                               0D   1464
     116    2396       0       0       0       0       0       000010000D   1465
     116       0       0       1       0                               0D   1466
     123    2397       0       0       0       0       0       000010200D   1467
     123       0       0       1       0                               0D   1468
     190    2398       0       0       0       0       0       000010000D   1469
     190       0       0       1       1                               0D   1470
     123    2399       0       0       0       0       0       000010200D   1471
     123       0       0       1       0                               0D   1472
     508    2400       0       0       0       0       0       000010000D   1473
     508       0       0       2       1                               0D   1474
     510    2402       0       0       0       0       0       000010001D   1475
     510       0       0       1       1                               0D   1476
     116    2403       0       0       0       0       0       000010000D   1477
     116       0       0       1       0                               0D   1478
     123    2404       0       0       0       0       0       000010200D   1479
     123       0       0       1       0                               0D   1480
     190    2405       0       0       0       0       0       000010000D   1481
     190       0       0       1       1                               0D   1482
     123    2406       0       0       0       0       0       000010200D   1483
     123       0       0       1       0                               0D   1484
     110    2407       0       0       0       0       0       000010000D   1485
     110       0       0       2       0                               0D   1486
     100    2409       0       0       0       0     925       000010000D   1487
     100       0       0       2       0                               0D   1488
     508    2411       0       0       0       0       0       000010000D   1489
     508       0       0       1       1                               0D   1490
     510    2412       0       0       0       0       0       000010001D   1491
     510       0       0       1       1                               0D   1492
     116    2413       0       0       0       0       0       000010000D   1493
     116       0       0       1       0                               0D   1494
     123    2414       0       0       0       0       0       000010200D   1495
     123       0       0       1       0                               0D   1496
     194    2415       0       0       0       0       0       000010000D   1497
     194       0       0       1       1                               0D   1498
     123    2416       0       0       0       0       0       000010200D   1499
     123       0       0       2       0                               0D   1500
     100    2418       0       0       0       0     925       000010000D   1501
     100       0       0       2       0                               0D   1502
     508    2420       0       0       0       0       0       000010000D   1503
     508       0       0       2       1                               0D   1504
     510    2422       0       0       0       0       0       000010001D   1505
     510       0       0       1       1                               0D   1506
     116    2423       0       0       0       0       0       000010000D   1507
     116       0       0       1       0                               0D   1508
     123    2424       0       0       0       0       0       000010200D   1509
     123       0       0       1       0                               0D   1510
     192    2425       0       0       0       0       0       000010000D   1511
     192       0       0       1       1                               0D   1512
     123    2426       0       0       0       0       0       000010200D   1513
     123       0       0       2       0                               0D   1514
     100    2428       0       0       0       0     877       000010000D   1515
     100       0       0       2       0                               0D   1516
     508    2430       0       0       0       0       0       000010000D   1517
     508       0       0       1       1                               0D   1518
     510    2431       0       0       0       0       0       000010001D   1519
     510       0       0       1       1                               0D   1520
     116    2432       0       0       0       0       0       000010000D   1521
     116       0       0       1       0                               0D   1522
     123    2433       0       0       0       0       0       000010200D   1523
     123       0       0       1       0                               0D   1524
     190    2434       0       0       0       0       0       000010000D   1525
     190       0       0       1       1                               0D   1526
     123    2435       0       0       0       0       0       000010200D   1527
     123       0       0       1       0                               0D   1528
     508    2436       0       0       0       0       0       000010000D   1529
     508       0       0       1       1                               0D   1530
     510    2437       0       0       0       0       0       000010001D   1531
     510       0       0       1       1                               0D   1532
     116    2438       0       0       0       0       0       000010000D   1533
     116       0       0       1       0                               0D   1534
     123    2439       0       0       0       0       0       000010200D   1535
     123       0       0       1       0                               0D   1536
     194    2440       0       0       0       0       0       000010000D   1537
     194       0       0       1       1                               0D   1538
     123    2441       0       0       0       0       0       000010200D   1539
     123       0       0       2       0                               0D   1540
     100    2443       0       0       0       0     883       000010000D   1541
     100       0       0       2       0                               0D   1542
     508    2445       0       0       0       0       0       000010000D   1543
     508       0       0       1       1                               0D   1544
     510    2446       0       0       0       0       0       000010001D   1545
     510       0       0       1       1                               0D   1546
     116    2447       0       0       0       0       0       000010000D   1547
     116       0       0       1       0                               0D   1548
     123    2448       0       0       0       0       0       000010200D   1549
     123       0       0       1       0                               0D   1550
     190    2449       0       0       0       0       0       000010000D   1551
     190       0       0       1       1                               0D   1552
     123    2450       0       0       0       0       0       000010200D   1553
     123       0       0       1       0                               0D   1554
     508    2451       0       0       0       0       0       000010000D   1555
     508       0       0       1       1                               0D   1556
     110    2452       0       0       0       0       0       000010000D   1557
     110       0       0       2       0                               0D   1558
     110    2454       0       0       0       0       0       000010000D   1559
     110       0       0       2       0                               0D   1560
     110    2456       0       0       0       0       0       000010000D   1561
     110       0       0       2       0                               0D   1562
     110    2458       0       0       0       0       0       000010000D   1563
     110       0       0       2       0                               0D   1564
     110    2460       0       0       0       0       0       000010000D   1565
     110       0       0       2       0                               0D   1566
     110    2462       0       0       0       0       0       000010000D   1567
     110       0       0       2       0                               0D   1568
     508    2464       0       0       0       0       0       000010000D   1569
     508       0       0       2       1                               0D   1570
     510    2466       0       0       0       0       0       000010001D   1571
     510       0       0       1       1                               0D   1572
     116    2467       0       0       0       0       0       000010000D   1573
     116       0       0       1       0                               0D   1574
     123    2468       0       0       0       0       0       000010200D   1575
     123       0       0       1       0                               0D   1576
     190    2469       0       0       0       0       0       000010000D   1577
     190       0       0       1       1                               0D   1578
     123    2470       0       0       0       0       0       000010200D   1579
     123       0       0       1       0                               0D   1580
     110    2471       0       0       0       0       0       000010000D   1581
     110       0       0       2       0                               0D   1582
     110    2473       0       0       0       0       0       000010000D   1583
     110       0       0       2       0                               0D   1584
     110    2475       0       0       0       0       0       000010000D   1585
     110       0       0       2       0                               0D   1586
     508    2477       0       0       0       0       0       000010000D   1587
     508       0       0       1       1                               0D   1588
     510    2478       0       0       0       0       0       000010001D   1589
     510       0       0       1       1                               0D   1590
     116    2479       0       0       0       0       0       000010000D   1591
     116       0       0       1       0                               0D   1592
     123    2480       0       0       0       0       0       000010200D   1593
     123       0       0       2       0                               0D   1594
     190    2482       0       0       0       0       0       000010000D   1595
     190       0       0       1       1                               0D   1596
     123    2483       0       0       0       0       0       000010200D   1597
     123       0       0       1       0                               0D   1598
     110    2484       0       0       0       0       0       000010000D   1599
     110       0       0       2       0                               0D   1600
     110    2486       0       0       0       0       0       000010000D   1601
     110       0       0       2       0                               0D   1602
     508    2488       0       0       0       0       0       000010000D   1603
     508       0       0       1       1                               0D   1604
     510    2489       0       0       0       0       0       000010001D   1605
     510       0       0       1       1                               0D   1606
     116    2490       0       0       0       0       0       000010000D   1607
     116       0       0       1       0                               0D   1608
     123    2491       0       0       0       0       0       000010200D   1609
     123       0       0       2       0                               0D   1610
     190    2493       0       0       0       0       0       000010000D   1611
     190       0       0       1       1                               0D   1612
     123    2494       0       0       0       0       0       000010200D   1613
     123       0       0       1       0                               0D   1614
     110    2495       0       0       0       0       0       000010000D   1615
     110       0       0       2       0                               0D   1616
     110    2497       0       0       0       0       0       000010000D   1617
     110       0       0       2       0                               0D   1618
     508    2499       0       0       0       0       0       000010000D   1619
     508       0       0       1       1                               0D   1620
     510    2500       0       0       0       0       0       000010001D   1621
     510       0       0       1       1                               0D   1622
     116    2501       0       0       0       0       0       000010000D   1623
     116       0       0       1       0                               0D   1624
     123    2502       0       0       0       0       0       000010200D   1625
     123       0       0       2       0                               0D   1626
     190    2504       0       0       0       0       0       000010000D   1627
     190       0       0       1       1                               0D   1628
     123    2505       0       0       0       0       0       000010200D   1629
     123       0       0       1       0                               0D   1630
     110    2506       0       0       0       0       0       000010000D   1631
     110       0       0       2       0                               0D   1632
     110    2508       0       0       0       0       0       000010000D   1633
     110       0       0       2       0                               0D   1634
     508    2510       0       0       0       0       0       000010000D   1635
     508       0       0       1       1                               0D   1636
     510    2511       0       0       0       0       0       000010001D   1637
     510       0       0       1       1                               0D   1638
     116    2512       0       0       0       0       0       000010000D   1639
     116       0       0       1       0                               0D   1640
     123    2513       0       0       0       0       0       000010200D   1641
     123       0       0       1       0                               0D   1642
     190    2514       0       0       0       0       0       000010000D   1643
     190       0       0       1       1                               0D   1644
     123    2515       0       0       0       0       0       000010200D   1645
     123       0       0       1       0                               0D   1646
     110    2516       0       0       0       0       0       000010000D   1647
     110       0       0       2       0                               0D   1648
     110    2518       0       0       0       0       0       000010000D   1649
     110       0       0       2       0                               0D   1650
     508    2520       0       0       0       0       0       000010000D   1651
     508       0       0       1       1                               0D   1652
     510    2521       0       0       0       0       0       000010001D   1653
     510       0       0       1       1                               0D   1654
     116    2522       0       0       0       0       0       000010000D   1655
     116       0       0       1       0                               0D   1656
     123    2523       0       0       0       0       0       000010200D   1657
     123       0       0       1       0                               0D   1658
     190    2524       0       0       0       0       0       000010000D   1659
     190       0       0       1       1                               0D   1660
     123    2525       0       0       0       0       0       000010200D   1661
     123       0       0       1       0                               0D   1662
     110    2526       0       0       0       0       0       000010000D   1663
     110       0       0       2       0                               0D   1664
     508    2528       0       0       0       0       0       000010000D   1665
     508       0       0       1       1                               0D   1666
     510    2529       0       0       0       0       0       000010001D   1667
     510       0       0       1       1                               0D   1668
     116    2530       0       0       0       0       0       000010000D   1669
     116       0       0       1       0                               0D   1670
     123    2531       0       0       0       0       0       000010200D   1671
     123       0       0       1       0                               0D   1672
     190    2532       0       0       0       0       0       000010000D   1673
     190       0       0       1       1                               0D   1674
     123    2533       0       0       0       0       0       000010200D   1675
     123       0       0       1       0                               0D   1676
     508    2534       0       0       0       0       0       000010000D   1677
     508       0       0       2       1                               0D   1678
     510    2536       0       0       0       0       0       000010001D   1679
     510       0       0       1       1                               0D   1680
     116    2537       0       0       0       0       0       000010000D   1681
     116       0       0       1       0                               0D   1682
     123    2538       0       0       0       0       0       000010200D   1683
     123       0       0       1       0                               0D   1684
     192    2539       0       0       0       0       0       000010000D   1685
     192       0       0       1       1                               0D   1686
     123    2540       0       0       0       0       0       000010200D   1687
     123       0       0       1       0                               0D   1688
     100    2541       0       0       0       0     859       000010000D   1689
     100       0       0       2       0                               0D   1690
     126    2543       0       0       0       0       0       000010000D   1691
     126       0       0       8       0                               0D   1692
     100    2551       0       0       0       0     787       000010000D   1693
     100       0       0       2       0                               0D   1694
     508    2553       0       0       0       0       0       000010000D   1695
     508       0       0       2       1                               0D   1696
     510    2555       0       0       0       0       0       000010001D   1697
     510       0       0       1       1                               0D   1698
     116    2556       0       0       0       0       0       000010000D   1699
     116       0       0       1       0                               0D   1700
     123    2557       0       0       0       0       0       000010200D   1701
     123       0       0       1       0                               0D   1702
     192    2558       0       0       0       0       0       000010000D   1703
     192       0       0       1       1                               0D   1704
     123    2559       0       0       0       0       0       000010200D   1705
     123       0       0       1       0                               0D   1706
     126    2560       0       0       0       0       0       000010000D   1707
     126       0       0       8       0                               0D   1708
     100    2568       0       0       0       0     829       000010000D   1709
     100       0       0       2       0                               0D   1710
     508    2570       0       0       0       0       0       000010000D   1711
     508       0       0       2       1                               0D   1712
     510    2572       0       0       0       0       0       000010001D   1713
     510       0       0       1       1                               0D   1714
     116    2573       0       0       0       0       0       000010000D   1715
     116       0       0       1       0                               0D   1716
     123    2574       0       0       0       0       0       000010200D   1717
     123       0       0       1       0                               0D   1718
     192    2575       0       0       0       0       0       000010000D   1719
     192       0       0       1       1                               0D   1720
     123    2576       0       0       0       0       0       000010200D   1721
     123       0       0       1       0                               0D   1722
     126    2577       0       0       0       0       0       000010000D   1723
     126       0       0      24       0                               0D   1724
     126    2601       0       0       0       0       0       000010000D   1725
     126       0       0      25       0                               0D   1726
     508    2626       0       0       0       0       0       000010000D   1727
     508       0       0       1       1                               0D   1728
     110    2627       0       0       0       0       0       000010000D   1729
     110       0       0       2       0                               0D   1730
     508    2629       0       0       0       0       0       000010000D   1731
     508       0       0       1       1                               0D   1732
     510    2630       0       0       0       0       0       000010001D   1733
     510       0       0       1       1                               0D   1734
     116    2631       0       0       0       0       0       000010000D   1735
     116       0       0       1       0                               0D   1736
     123    2632       0       0       0       0       0       000010200D   1737
     123       0       0       1       0                               0D   1738
     192    2633       0       0       0       0       0       000010000D   1739
     192       0       0       1       1                               0D   1740
     123    2634       0       0       0       0       0       000010200D   1741
     123       0       0       1       0                               0D   1742
     126    2635       0       0       0       0       0       000010000D   1743
     126       0       0      24       0                               0D   1744
     126    2659       0       0       0       0       0       000010000D   1745
     126       0       0      25       0                               0D   1746
     508    2684       0       0       0       0       0       000010000D   1747
     508       0       0       1       1                               0D   1748
     110    2685       0       0       0       0       0       000010000D   1749
     110       0       0       2       0                               0D   1750
     508    2687       0       0       0       0       0       000010000D   1751
     508       0       0       1       1                               0D   1752
     510    2688       0       0       0       0       0       000010001D   1753
     510       0       0       1       1                               0D   1754
     116    2689       0       0       0       0       0       000010000D   1755
     116       0       0       1       0                               0D   1756
     123    2690       0       0       0       0       0       000010200D   1757
     123       0       0       1       0                               0D   1758
     194    2691       0       0       0       0       0       000010000D   1759
     194       0       0       1       1                               0D   1760
     123    2692       0       0       0       0       0       000010200D   1761
     123       0       0       1       0                               0D   1762
     100    2693       0       0       0       0     811       000010000D   1763
     100       0       0       2       0                               0D   1764
     508    2695       0       0       0       0       0       000010000D   1765
     508       0       0       1       1                               0D   1766
     510    2696       0       0       0       0       0       000010001D   1767
     510       0       0       1       1                               0D   1768
     116    2697       0       0       0       0       0       000010000D   1769
     116       0       0       1       0                               0D   1770
     123    2698       0       0       0       0       0       000010200D   1771
     123       0       0       1       0                               0D   1772
     190    2699       0       0       0       0       0       000010000D   1773
     190       0       0       1       1                               0D   1774
     123    2700       0       0       0       0       0       000010200D   1775
     123       0       0       1       0                               0D   1776
     508    2701       0       0       0       0       0       000010000D   1777
     508       0       0       1       1                               0D   1778
     100    2702       0       0       0       0     787       000010000D   1779
     100       0       0       2       0                               0D   1780
     508    2704       0       0       0       0       0       000010000D   1781
     508       0       0       1       1                               0D   1782
     510    2705       0       0       0       0       0       000010001D   1783
     510       0       0       1       1                               0D   1784
     116    2706       0       0       0       0       0       000010000D   1785
     116       0       0       1       0                               0D   1786
     123    2707       0       0       0       0       0       000010200D   1787
     123       0       0       1       0                               0D   1788
     192    2708       0       0       0       0       0       000010000D   1789
     192       0       0       1       1                               0D   1790
     123    2709       0       0       0       0       0       000010200D   1791
     123       0       0       1       0                               0D   1792
     100    2710       0       0       0       0     761       000010000D   1793
     100       0       0       2       0                               0D   1794
     508    2712       0       0       0       0       0       000010000D   1795
     508       0       0       2       1                               0D   1796
     510    2714       0       0       0       0       0       000010001D   1797
     510       0       0       1       1                               0D   1798
     116    2715       0       0       0       0       0       000010000D   1799
     116       0       0       1       0                               0D   1800
     123    2716       0       0       0       0       0       000010200D   1801
     123       0       0       1       0                               0D   1802
     190    2717       0       0       0       0       0       000010000D   1803
     190       0       0       1       1                               0D   1804
     123    2718       0       0       0       0       0       000010200D   1805
     123       0       0       1       0                               0D   1806
     100    2719       0       0       0       0     761       000010000D   1807
     100       0       0       2       0                               0D   1808
     508    2721       0       0       0       0       0       000010000D   1809
     508       0       0       1       1                               0D   1810
     508    2722       0       0       0       0       0       000010000D   1811
     508       0       0       1       1                               0D   1812
     510    2723       0       0       0       0       0       000010001D   1813
     510       0       0       1       1                               0D   1814
     116    2724       0       0       0       0       0       000010000D   1815
     116       0       0       1       0                               0D   1816
     123    2725       0       0       0       0       0       000010200D   1817
     123       0       0       1       0                               0D   1818
     192    2726       0       0       0       0       0       000010000D   1819
     192       0       0       1       1                               0D   1820
     123    2727       0       0       0       0       0       000010200D   1821
     123       0       0       1       0                               0D   1822
     100    2728       0       0       0       0     755       000010000D   1823
     100       0       0       2       0                               0D   1824
     508    2730       0       0       0       0       0       000010000D   1825
     508       0       0       1       1                               0D   1826
     510    2731       0       0       0       0       0       000010001D   1827
     510       0       0       1       1                               0D   1828
     120    2732       0       0       0       0       0       000010000D   1829
     120       0       0       1       0                               0D   1830
     110    2733       0       0       0       0       0       000010000D   1831
     110       0       0       2       0                               0D   1832
     110    2735       0       0       0       0       0       001010000D   1833
     110       0       0       2       0                               0D   1834
     508    2737       0       0       0       0       0       000010000D   1835
     508       0       0       2       1                               0D   1836
     510    2739       0       0       0       0       0       000010001D   1837
     510       0       0       1       1                               0D   1838
     120    2740       0       0       0       0       0       000010000D   1839
     120       0       0       1       0                               0D   1840
     110    2741       0       0       0       0       0       000010000D   1841
     110       0       0       2       0                               0D   1842
     110    2743       0       0       0       0       0       001010000D   1843
     110       0       0       2       0                               0D   1844
     126    2745       0       0       0       0       0       000010000D   1845
     126       0       0      42       0                               0D   1846
     508    2787       0       0       0       0       0       000010000D   1847
     508       0       0       2       1                               0D   1848
     510    2789       0       0       0       0       0       000010001D   1849
     510       0       0       1       1                               0D   1850
     116    2790       0       0       0       0       0       000010000D   1851
     116       0       0       1       0                               0D   1852
     123    2791       0       0       0       0       0       000010200D   1853
     123       0       0       1       0                               0D   1854
     192    2792       0       0       0       0       0       000010000D   1855
     192       0       0       1       1                               0D   1856
     123    2793       0       0       0       0       0       000010200D   1857
     123       0       0       1       0                               0D   1858
     508    2794       0       0       0       0       0       000010000D   1859
     508       0       0       2       1                               0D   1860
     510    2796       0       0       0       0       0       000010001D   1861
     510       0       0       1       1                               0D   1862
     116    2797       0       0       0       0       0       000010000D   1863
     116       0       0       1       0                               0D   1864
     123    2798       0       0       0       0       0       000010200D   1865
     123       0       0       1       0                               0D   1866
     194    2799       0       0       0       0       0       000010000D   1867
     194       0       0       1       1                               0D   1868
     123    2800       0       0       0       0       0       000010200D   1869
     123       0       0       1       0                               0D   1870
     100    2801       0       0       0       0     669       000010000D   1871
     100       0       0       2       0                               0D   1872
     508    2803       0       0       0       0       0       000010000D   1873
     508       0       0       1       1                               0D   1874
     510    2804       0       0       0       0       0       000010001D   1875
     510       0       0       1       1                               0D   1876
     116    2805       0       0       0       0       0       000010000D   1877
     116       0       0       1       0                               0D   1878
     123    2806       0       0       0       0       0       000010200D   1879
     123       0       0       1       0                               0D   1880
     190    2807       0       0       0       0       0       000010000D   1881
     190       0       0       1       1                               0D   1882
     123    2808       0       0       0       0       0       000010200D   1883
     123       0       0       1       0                               0D   1884
     508    2809       0       0       0       0       0       000010000D   1885
     508       0       0       1       1                               0D   1886
     508    2810       0       0       0       0       0       000010000D   1887
     508       0       0       1       1                               0D   1888
     510    2811       0       0       0       0       0       000010001D   1889
     510       0       0       1       1                               0D   1890
     116    2812       0       0       0       0       0       000010000D   1891
     116       0       0       1       0                               0D   1892
     123    2813       0       0       0       0       0       000010200D   1893
     123       0       0       1       0                               0D   1894
     194    2814       0       0       0       0       0       000010000D   1895
     194       0       0       1       1                               0D   1896
     123    2815       0       0       0       0       0       000010200D   1897
     123       0       0       1       0                               0D   1898
     100    2816       0       0       0       0     651       000010000D   1899
     100       0       0       2       0                               0D   1900
     508    2818       0       0       0       0       0       000010000D   1901
     508       0       0       1       1                               0D   1902
     510    2819       0       0       0       0       0       000010001D   1903
     510       0       0       1       1                               0D   1904
     116    2820       0       0       0       0       0       000010000D   1905
     116       0       0       1       0                               0D   1906
     123    2821       0       0       0       0       0       000010200D   1907
     123       0       0       1       0                               0D   1908
     190    2822       0       0       0       0       0       000010000D   1909
     190       0       0       1       1                               0D   1910
     123    2823       0       0       0       0       0       000010200D   1911
     123       0       0       1       0                               0D   1912
     508    2824       0       0       0       0       0       000010000D   1913
     508       0       0       1       1                               0D   1914
     510    2825       0       0       0       0       0       000010001D   1915
     510       0       0       1       1                               0D   1916
     116    2826       0       0       0       0       0       000010000D   1917
     116       0       0       1       0                               0D   1918
     123    2827       0       0       0       0       0       000010200D   1919
     123       0       0       1       0                               0D   1920
     190    2828       0       0       0       0       0       000010000D   1921
     190       0       0       1       1                               0D   1922
     123    2829       0       0       0       0       0       000010200D   1923
     123       0       0       1       0                               0D   1924
     110    2830       0       0       0       0       0       000010000D   1925
     110       0       0       2       0                               0D   1926
     110    2832       0       0       0       0       0       000010000D   1927
     110       0       0       1       0                               0D   1928
     110    2833       0       0       0       0       0       000010000D   1929
     110       0       0       1       0                               0D   1930
     110    2834       0       0       0       0       0       000010000D   1931
     110       0       0       1       0                               0D   1932
     110    2835       0       0       0       0       0       000010000D   1933
     110       0       0       2       0                               0D   1934
     508    2837       0       0       0       0       0       000010000D   1935
     508       0       0       2       1                               0D   1936
     510    2839       0       0       0       0       0       000010001D   1937
     510       0       0       1       1                               0D   1938
     116    2840       0       0       0       0       0       000010000D   1939
     116       0       0       1       0                               0D   1940
     123    2841       0       0       0       0       0       000010200D   1941
     123       0       0       2       0                               0D   1942
     190    2843       0       0       0       0       0       000010000D   1943
     190       0       0       1       1                               0D   1944
     123    2844       0       0       0       0       0       000010200D   1945
     123       0       0       1       0                               0D   1946
     110    2845       0       0       0       0       0       000010000D   1947
     110       0       0       2       0                               0D   1948
     110    2847       0       0       0       0       0       000010000D   1949
     110       0       0       2       0                               0D   1950
     110    2849       0       0       0       0       0       000010000D   1951
     110       0       0       2       0                               0D   1952
     110    2851       0       0       0       0       0       000010000D   1953
     110       0       0       2       0                               0D   1954
     508    2853       0       0       0       0       0       000010000D   1955
     508       0       0       1       1                               0D   1956
     510    2854       0       0       0       0       0       000010001D   1957
     510       0       0       1       1                               0D   1958
     116    2855       0       0       0       0       0       000010000D   1959
     116       0       0       1       0                               0D   1960
     123    2856       0       0       0       0       0       000010200D   1961
     123       0       0       1       0                               0D   1962
     190    2857       0       0       0       0       0       000010000D   1963
     190       0       0       1       1                               0D   1964
     123    2858       0       0       0       0       0       000010200D   1965
     123       0       0       1       0                               0D   1966
     110    2859       0       0       0       0       0       000010000D   1967
     110       0       0       2       0                               0D   1968
     110    2861       0       0       0       0       0       000010000D   1969
     110       0       0       2       0                               0D   1970
     110    2863       0       0       0       0       0       000010000D   1971
     110       0       0       2       0                               0D   1972
     110    2865       0       0       0       0       0       000010000D   1973
     110       0       0       2       0                               0D   1974
     508    2867       0       0       0       0       0       000010000D   1975
     508       0       0       1       1                               0D   1976
     510    2868       0       0       0       0       0       000010001D   1977
     510       0       0       1       1                               0D   1978
     116    2869       0       0       0       0       0       000010000D   1979
     116       0       0       2       0                               0D   1980
     123    2871       0       0       0       0       0       000010200D   1981
     123       0       0       1       0                               0D   1982
     190    2872       0       0       0       0       0       000010000D   1983
     190       0       0       1       1                               0D   1984
     123    2873       0       0       0       0       0       000010200D   1985
     123       0       0       1       0                               0D   1986
     110    2874       0       0       0       0       0       000010000D   1987
     110       0       0       2       0                               0D   1988
     110    2876       0       0       0       0       0       000010000D   1989
     110       0       0       2       0                               0D   1990
     508    2878       0       0       0       0       0       000010000D   1991
     508       0       0       1       1                               0D   1992
     510    2879       0       0       0       0       0       000010001D   1993
     510       0       0       1       1                               0D   1994
     128    2880       0       0       0       0       0       000010000D   1995
     128       0       0      24       0                               0D   1996
     100    2904       0       0       0       0     619       000010000D   1997
     100       0       0       2       0                               0D   1998
     508    2906       0       0       0       0       0       000010000D   1999
     508       0       0       2       1                               0D   2000
     510    2908       0       0       0       0       0       000010001D   2001
     510       0       0       1       1                               0D   2002
     128    2909       0       0       0       0       0       000010000D   2003
     128       0       0      23       0                               0D   2004
     100    2932       0       0       0       0     607       000010000D   2005
     100       0       0       2       0                               0D   2006
     100    2934       0       0       0       0     597       000010000D   2007
     100       0       0       2       0                               0D   2008
     508    2936       0       0       0       0       0       000010000D   2009
     508       0       0       1       1                               0D   2010
     508    2937       0       0       0       0       0       000010000D   2011
     508       0       0       1       1                               0D   2012
     510    2938       0       0       0       0       0       000010001D   2013
     510       0       0       1       1                               0D   2014
     116    2939       0       0       0       0       0       000010000D   2015
     116       0       0       1       0                               0D   2016
     123    2940       0       0       0       0       0       000010200D   2017
     123       0       0       1       0                               0D   2018
     190    2941       0       0       0       0       0       000010000D   2019
     190       0       0       1       1                               0D   2020
     123    2942       0       0       0       0       0       000010200D   2021
     123       0       0       1       0                               0D   2022
     110    2943       0       0       0       0       0       000010000D   2023
     110       0       0       1       0                               0D   2024
     110    2944       0       0       0       0       0       000010000D   2025
     110       0       0       1       0                               0D   2026
     110    2945       0       0       0       0       0       000010000D   2027
     110       0       0       1       0                               0D   2028
     110    2946       0       0       0       0       0       000010000D   2029
     110       0       0       1       0                               0D   2030
     508    2947       0       0       0       0       0       000010000D   2031
     508       0       0       1       1                               0D   2032
     510    2948       0       0       0       0       0       000010001D   2033
     510       0       0       1       1                               0D   2034
     116    2949       0       0       0       0       0       000010000D   2035
     116       0       0       2       0                               0D   2036
     123    2951       0       0       0       0       0       000010200D   2037
     123       0       0       1       0                               0D   2038
     190    2952       0       0       0       0       0       000010000D   2039
     190       0       0       1       1                               0D   2040
     123    2953       0       0       0       0       0       000010200D   2041
     123       0       0       1       0                               0D   2042
     110    2954       0       0       0       0       0       000010000D   2043
     110       0       0       2       0                               0D   2044
     110    2956       0       0       0       0       0       000010000D   2045
     110       0       0       2       0                               0D   2046
     110    2958       0       0       0       0       0       000010000D   2047
     110       0       0       2       0                               0D   2048
     110    2960       0       0       0       0       0       000010000D   2049
     110       0       0       2       0                               0D   2050
     508    2962       0       0       0       0       0       000010000D   2051
     508       0       0       1       1                               0D   2052
     510    2963       0       0       0       0       0       000010001D   2053
     510       0       0       1       1                               0D   2054
     116    2964       0       0       0       0       0       000010000D   2055
     116       0       0       1       0                               0D   2056
     123    2965       0       0       0       0       0       000010200D   2057
     123       0       0       1       0                               0D   2058
     192    2966       0       0       0       0       0       000010000D   2059
     192       0       0       1       1                               0D   2060
     123    2967       0       0       0       0       0       000010200D   2061
     123       0       0       1       0                               0D   2062
     110    2968       0       0       0       0       0       000010000D   2063
     110       0       0       1       0                               0D   2064
     100    2969       0       0       0       0    2067       000010000D   2065
     100       0       0       2       0                               0D   2066
     124    2971       0       0       0       0       0       000000000D   2067
     124       0       0       2       0                               0D   2068
     100    2973       0       0       0       0    2071       000010000D   2069
     100       0       0       1       0                               0D   2070
     124    2974       0       0       0       0       0       000000000D   2071
     124       0       0       2       0                               0D   2072
     110    2976       0       0       0       0       0       000010000D   2073
     110       0       0       2       0                               0D   2074
     508    2978       0       0       0       0       0       000010000D   2075
     508       0       0       2       1                               0D   2076
     510    2980       0       0       0       0       0       000010001D   2077
     510       0       0       1       1                               0D   2078
     116    2981       0       0       0       0       0       000010000D   2079
     116       0       0       1       0                               0D   2080
     123    2982       0       0       0       0       0       000010200D   2081
     123       0       0       1       0                               0D   2082
     190    2983       0       0       0       0       0       000010000D   2083
     190       0       0       1       1                               0D   2084
     123    2984       0       0       0       0       0       000010200D   2085
     123       0       0       1       0                               0D   2086
     100    2985       0       0       0       0    2089       000010000D   2087
     100       0       0       2       0                               0D   2088
     124    2987       0       0       0       0       0       000000000D   2089
     124       0       0       3       0                               0D   2090
     100    2990       0       0       0       0    2093       000010000D   2091
     100       0       0       2       0                               0D   2092
     124    2992       0       0       0       0       0       000000000D   2093
     124       0       0       3       0                               0D   2094
     100    2995       0       0       0       0    2097       000010000D   2095
     100       0       0       2       0                               0D   2096
     124    2997       0       0       0       0       0       000000000D   2097
     124       0       0       2       0                               0D   2098
     110    2999       0       0       0       0       0       000010000D   2099
     110       0       0       2       0                               0D   2100
     100    3001       0       0       0       0    2103       000010000D   2101
     100       0       0       2       0                               0D   2102
     124    3003       0       0       0       0       0       000000000D   2103
     124       0       0       2       0                               0D   2104
     110    3005       0       0       0       0       0       000010000D   2105
     110       0       0       1       0                               0D   2106
     100    3006       0       0       0       0    2109       000010000D   2107
     100       0       0       1       0                               0D   2108
     124    3007       0       0       0       0       0       000000000D   2109
     124       0       0       2       0                               0D   2110
     110    3009       0       0       0       0       0       000010000D   2111
     110       0       0       1       0                               0D   2112
     100    3010       0       0       0       0    2115       000010000D   2113
     100       0       0       2       0                               0D   2114
     124    3012       0       0       0       0       0       000000000D   2115
     124       0       0       2       0                               0D   2116
     110    3014       0       0       0       0       0       000010000D   2117
     110       0       0       1       0                               0D   2118
     100    3015       0       0       0       0    2121       000010000D   2119
     100       0       0       2       0                               0D   2120
     124    3017       0       0       0       0       0       000000000D   2121
     124       0       0       2       0                               0D   2122
     508    3019       0       0       0       0       0       000010000D   2123
     508       0       0       5       1                               0D   2124
     510    3024       0       0       0       0       0       000010001D   2125
     510       0       0       1       1                               0D   2126
     116    3025       0       0       0       0       0       000010000D   2127
     116       0       0       1       0                               0D   2128
     123    3026       0       0       0       0       0       000010200D   2129
     123       0       0       1       0                               0D   2130
     192    3027       0       0       0       0       0       000010000D   2131
     192       0       0       1       1                               0D   2132
     123    3028       0       0       0       0       0       000010200D   2133
     123       0       0       1       0                               0D   2134
     100    3029       0       0       0       0    2137       000010000D   2135
     100       0       0       2       0                               0D   2136
     124    3031       0       0       0       0       0       000000000D   2137
     124       0       0       3       0                               0D   2138
     508    3034       0       0       0       0       0       000010000D   2139
     508       0       0       1       1                               0D   2140
     510    3035       0       0       0       0       0       000010001D   2141
     510       0       0       1       1                               0D   2142
     116    3036       0       0       0       0       0       000010000D   2143
     116       0       0       1       0                               0D   2144
     123    3037       0       0       0       0       0       000010200D   2145
     123       0       0       1       0                               0D   2146
     192    3038       0       0       0       0       0       000010000D   2147
     192       0       0       1       1                               0D   2148
     123    3039       0       0       0       0       0       000010200D   2149
     123       0       0       1       0                               0D   2150
     100    3040       0       0       0       0    2153       000010000D   2151
     100       0       0       2       0                               0D   2152
     124    3042       0       0       0       0       0       000000000D   2153
     124       0       0       2       0                               0D   2154
     110    3044       0       0       0       0       0       000010000D   2155
     110       0       0       2       0                               0D   2156
     508    3046       0       0       0       0       0       000010000D   2157
     508       0       0       1       1                               0D   2158
     510    3047       0       0       0       0       0       000010001D   2159
     510       0       0       1       1                               0D   2160
     116    3048       0       0       0       0       0       000010000D   2161
     116       0       0       1       0                               0D   2162
     123    3049       0       0       0       0       0       000010200D   2163
     123       0       0       1       0                               0D   2164
     190    3050       0       0       0       0       0       000010000D   2165
     190       0       0       1       1                               0D   2166
     123    3051       0       0       0       0       0       000010200D   2167
     123       0       0       1       0                               0D   2168
     110    3052       0       0       0       0       0       000010000D   2169
     110       0       0       1       0                               0D   2170
     110    3053       0       0       0       0       0       000010000D   2171
     110       0       0       1       0                               0D   2172
     508    3054       0       0       0       0       0       000010000D   2173
     508       0       0       1       1                               0D   2174
     508    3055       0       0       0       0       0       000010000D   2175
     508       0       0       1       1                               0D   2176
     510    3056       0       0       0       0       0       000010001D   2177
     510       0       0       1       1                               0D   2178
     116    3057       0       0       0       0       0       000010000D   2179
     116       0       0       1       0                               0D   2180
     123    3058       0       0       0       0       0       000010200D   2181
     123       0       0       1       0                               0D   2182
     192    3059       0       0       0       0       0       000010000D   2183
     192       0       0       1       1                               0D   2184
     123    3060       0       0       0       0       0       000010200D   2185
     123       0       0       1       0                               0D   2186
     100    3061       0       0       0       0    2189       000010000D   2187
     100       0       0       2       0                               0D   2188
     124    3063       0       0       0       0       0       000000000D   2189
     124       0       0       2       0                               0D   2190
     110    3065       0       0       0       0       0       000010000D   2191
     110       0       0       1       0                               0D   2192
     508    3066       0       0       0       0       0       000010000D   2193
     508       0       0       1       1                               0D   2194
     510    3067       0       0       0       0       0       000010001D   2195
     510       0       0       1       1                               0D   2196
     116    3068       0       0       0       0       0       000010000D   2197
     116       0       0       1       0                               0D   2198
     123    3069       0       0       0       0       0       000010200D   2199
     123       0       0       1       0                               0D   2200
     190    3070       0       0       0       0       0       000010000D   2201
     190       0       0       1       1                               0D   2202
     123    3071       0       0       0       0       0       000010200D   2203
     123       0       0       1       0                               0D   2204
     110    3072       0       0       0       0       0       000010000D   2205
     110       0       0       1       0                               0D   2206
     508    3073       0       0       0       0       0       000010000D   2207
     508       0       0       2       1                               0D   2208
     510    3075       0       0       0       0       0       000010001D   2209
     510       0       0       1       1                               0D   2210
     116    3076       0       0       0       0       0       000010000D   2211
     116       0       0       1       0                               0D   2212
     123    3077       0       0       0       0       0       000010200D   2213
     123       0       0       1       0                               0D   2214
     192    3078       0       0       0       0       0       000010000D   2215
     192       0       0       1       1                               0D   2216
     123    3079       0       0       0       0       0       000010200D   2217
     123       0       0       1       0                               0D   2218
     100    3080       0       0       0       0    2221       000010000D   2219
     100       0       0       2       0                               0D   2220
     124    3082       0       0       0       0       0       000000000D   2221
     124       0       0       2       0                               0D   2222
     110    3084       0       0       0       0       0       000010000D   2223
     110       0       0       1       0                               0D   2224
     508    3085       0       0       0       0       0       000010000D   2225
     508       0       0       1       1                               0D   2226
     510    3086       0       0       0       0       0       000010001D   2227
     510       0       0       1       1                               0D   2228
     116    3087       0       0       0       0       0       000010000D   2229
     116       0       0       1       0                               0D   2230
     123    3088       0       0       0       0       0       000010200D   2231
     123       0       0       1       0                               0D   2232
     190    3089       0       0       0       0       0       000010000D   2233
     190       0       0       1       1                               0D   2234
     123    3090       0       0       0       0       0       000010200D   2235
     123       0       0       1       0                               0D   2236
     110    3091       0       0       0       0       0       000010000D   2237
     110       0       0       1       0                               0D   2238
     110    3092       0       0       0       0       0       000010000D   2239
     110       0       0       1       0                               0D   2240
     508    3093       0       0       0       0       0       000010000D   2241
     508       0       0       1       1                               0D   2242
     508    3094       0       0       0       0       0       000010000D   2243
     508       0       0       1       1                               0D   2244
     510    3095       0       0       0       0       0       000010001D   2245
     510       0       0       1       1                               0D   2246
     120    3096       0       0       0       0       0       000010000D   2247
     120       0       0       1       0                               0D   2248
     110    3097       0       0       0       0       0       000010000D   2249
     110       0       0       1       0                               0D   2250
     110    3098       0       0       0       0       0       001010000D   2251
     110       0       0       1       0                               0D   2252
     100    3099       0       0       0       0    2255       000010000D   2253
     100       0       0       2       0                               0D   2254
     124    3101       0       0       0       0       0       000000000D   2255
     124       0       0       2       0                               0D   2256
     110    3103       0       0       0       0       0       000010000D   2257
     110       0       0       1       0                               0D   2258
     508    3104       0       0       0       0       0       000010000D   2259
     508       0       0       1       1                               0D   2260
     510    3105       0       0       0       0       0       000010001D   2261
     510       0       0       1       1                               0D   2262
     116    3106       0       0       0       0       0       000010000D   2263
     116       0       0       1       0                               0D   2264
     123    3107       0       0       0       0       0       000010200D   2265
     123       0       0       1       0                               0D   2266
     190    3108       0       0       0       0       0       000010000D   2267
     190       0       0       1       1                               0D   2268
     123    3109       0       0       0       0       0       000010200D   2269
     123       0       0       1       0                               0D   2270
     110    3110       0       0       0       0       0       000010000D   2271
     110       0       0       1       0                               0D   2272
     110    3111       0       0       0       0       0       000010000D   2273
     110       0       0       1       0                               0D   2274
     508    3112       0       0       0       0       0       000010000D   2275
     508       0       0       1       1                               0D   2276
     510    3113       0       0       0       0       0       000010001D   2277
     510       0       0       1       1                               0D   2278
     120    3114       0       0       0       0       0       000010000D   2279
     120       0       0       1       0                               0D   2280
     110    3115       0       0       0       0       0       000010000D   2281
     110       0       0       1       0                               0D   2282
     110    3116       0       0       0       0       0       001010000D   2283
     110       0       0       1       0                               0D   2284
     100    3117       0       0       0       0    2287       000010000D   2285
     100       0       0       2       0                               0D   2286
     124    3119       0       0       0       0       0       000000000D   2287
     124       0       0       2       0                               0D   2288
     508    3121       0       0       0       0       0       000010000D   2289
     508       0       0       1       1                               0D   2290
     510    3122       0       0       0       0       0       000010001D   2291
     510       0       0       1       1                               0D   2292
     116    3123       0       0       0       0       0       000010000D   2293
     116       0       0       1       0                               0D   2294
     123    3124       0       0       0       0       0       000010200D   2295
     123       0       0       1       0                               0D   2296
     192    3125       0       0       0       0       0       000010000D   2297
     192       0       0       1       1                               0D   2298
     123    3126       0       0       0       0       0       000010200D   2299
     123       0       0       1       0                               0D   2300
     100    3127       0       0       0       0    2303       000010000D   2301
     100       0       0       2       0                               0D   2302
     124    3129       0       0       0       0       0       000000000D   2303
     124       0       0       3       0                               0D   2304
     508    3132       0       0       0       0       0       000010000D   2305
     508       0       0       2       1                               0D   2306
     510    3134       0       0       0       0       0       000010001D   2307
     510       0       0       1       1                               0D   2308
     116    3135       0       0       0       0       0       000010000D   2309
     116       0       0       1       0                               0D   2310
     123    3136       0       0       0       0       0       000010200D   2311
     123       0       0       1       0                               0D   2312
     190    3137       0       0       0       0       0       000010000D   2313
     190       0       0       1       1                               0D   2314
     123    3138       0       0       0       0       0       000010200D   2315
     123       0       0       1       0                               0D   2316
     508    3139       0       0       0       0       0       000010000D   2317
     508       0       0       5       1                               0D   2318
     510    3144       0       0       0       0       0       000010001D   2319
     510       0       0       1       1                               0D   2320
     116    3145       0       0       0       0       0       000010000D   2321
     116       0       0       1       0                               0D   2322
     123    3146       0       0       0       0       0       000010200D   2323
     123       0       0       1       0                               0D   2324
     190    3147       0       0       0       0       0       000010000D   2325
     190       0       0       1       1                               0D   2326
     123    3148       0       0       0       0       0       000010200D   2327
     123       0       0       1       0                               0D   2328
     110    3149       0       0       0       0       0       000010000D   2329
     110       0       0       1       0                               0D   2330
     110    3150       0       0       0       0       0       000010000D   2331
     110       0       0       1       0                               0D   2332
     110    3151       0       0       0       0       0       000010000D   2333
     110       0       0       1       0                               0D   2334
     110    3152       0       0       0       0       0       000010000D   2335
     110       0       0       1       0                               0D   2336
     110    3153       0       0       0       0       0       000010000D   2337
     110       0       0       1       0                               0D   2338
     508    3154       0       0       0       0       0       000010000D   2339
     508       0       0       2       1                               0D   2340
     510    3156       0       0       0       0       0       000010001D   2341
     510       0       0       1       1                               0D   2342
     116    3157       0       0       0       0       0       000010000D   2343
     116       0       0       1       0                               0D   2344
     123    3158       0       0       0       0       0       000010200D   2345
     123       0       0       1       0                               0D   2346
     190    3159       0       0       0       0       0       000010000D   2347
     190       0       0       1       1                               0D   2348
     123    3160       0       0       0       0       0       000010200D   2349
     123       0       0       1       0                               0D   2350
     110    3161       0       0       0       0       0       000010000D   2351
     110       0       0       1       0                               0D   2352
     110    3162       0       0       0       0       0       000010000D   2353
     110       0       0       1       0                               0D   2354
     110    3163       0       0       0       0       0       000010000D   2355
     110       0       0       1       0                               0D   2356
     110    3164       0       0       0       0       0       000010000D   2357
     110       0       0       1       0                               0D   2358
     110    3165       0       0       0       0       0       000010000D   2359
     110       0       0       1       0                               0D   2360
     508    3166       0       0       0       0       0       000010000D   2361
     508       0       0       2       1                               0D   2362
     510    3168       0       0       0       0       0       000010001D   2363
     510       0       0       1       1                               0D   2364
     116    3169       0       0       0       0       0       000010000D   2365
     116       0       0       1       0                               0D   2366
     123    3170       0       0       0       0       0       000010200D   2367
     123       0       0       1       0                               0D   2368
     190    3171       0       0       0       0       0       000010000D   2369
     190       0       0       1       1                               0D   2370
     123    3172       0       0       0       0       0       000010200D   2371
     123       0       0       1       0                               0D   2372
     110    3173       0       0       0       0       0       000010000D   2373
     110       0       0       1       0                               0D   2374
     110    3174       0       0       0       0       0       000010000D   2375
     110       0       0       1       0                               0D   2376
     110    3175       0       0       0       0       0       000010000D   2377
     110       0       0       1       0                               0D   2378
     110    3176       0       0       0       0       0       000010000D   2379
     110       0       0       1       0                               0D   2380
     508    3177       0       0       0       0       0       000010000D   2381
     508       0       0       1       1                               0D   2382
     510    3178       0       0       0       0       0       000010001D   2383
     510       0       0       1       1                               0D   2384
     116    3179       0       0       0       0       0       000010000D   2385
     116       0       0       1       0                               0D   2386
     123    3180       0       0       0       0       0       000010200D   2387
     123       0       0       1       0                               0D   2388
     190    3181       0       0       0       0       0       000010000D   2389
     190       0       0       1       1                               0D   2390
     123    3182       0       0       0       0       0       000010200D   2391
     123       0       0       1       0                               0D   2392
     110    3183       0       0       0       0       0       000010000D   2393
     110       0       0       1       0                               0D   2394
     110    3184       0       0       0       0       0       000010000D   2395
     110       0       0       1       0                               0D   2396
     110    3185       0       0       0       0       0       000010000D   2397
     110       0       0       1       0                               0D   2398
     110    3186       0       0       0       0       0       000010000D   2399
     110       0       0       1       0                               0D   2400
     508    3187       0       0       0       0       0       000010000D   2401
     508       0       0       1       1                               0D   2402
     510    3188       0       0       0       0       0       000010001D   2403
     510       0       0       1       1                               0D   2404
     116    3189       0       0       0       0       0       000010000D   2405
     116       0       0       1       0                               0D   2406
     123    3190       0       0       0       0       0       000010200D   2407
     123       0       0       1       0                               0D   2408
     190    3191       0       0       0       0       0       000010000D   2409
     190       0       0       1       1                               0D   2410
     123    3192       0       0       0       0       0       000010200D   2411
     123       0       0       1       0                               0D   2412
     110    3193       0       0       0       0       0       000010000D   2413
     110       0       0       1       0                               0D   2414
     110    3194       0       0       0       0       0       000010000D   2415
     110       0       0       1       0                               0D   2416
     508    3195       0       0       0       0       0       000010000D   2417
     508       0       0       1       1                               0D   2418
     510    3196       0       0       0       0       0       000010001D   2419
     510       0       0       1       1                               0D   2420
     116    3197       0       0       0       0       0       000010000D   2421
     116       0       0       1       0                               0D   2422
     123    3198       0       0       0       0       0       000010200D   2423
     123       0       0       1       0                               0D   2424
     190    3199       0       0       0       0       0       000010000D   2425
     190       0       0       1       1                               0D   2426
     123    3200       0       0       0       0       0       000010200D   2427
     123       0       0       1       0                               0D   2428
     110    3201       0       0       0       0       0       000010000D   2429
     110       0       0       1       0                               0D   2430
     110    3202       0       0       0       0       0       000010000D   2431
     110       0       0       1       0                               0D   2432
     110    3203       0       0       0       0       0       000010000D   2433
     110       0       0       1       0                               0D   2434
     110    3204       0       0       0       0       0       000010000D   2435
     110       0       0       1       0                               0D   2436
     508    3205       0       0       0       0       0       000010000D   2437
     508       0       0       1       1                               0D   2438
     510    3206       0       0       0       0       0       000010001D   2439
     510       0       0       1       1                               0D   2440
     116    3207       0       0       0       0       0       000010000D   2441
     116       0       0       1       0                               0D   2442
     123    3208       0       0       0       0       0       000010200D   2443
     123       0       0       1       0                               0D   2444
     190    3209       0       0       0       0       0       000010000D   2445
     190       0       0       1       1                               0D   2446
     123    3210       0       0       0       0       0       000010200D   2447
     123       0       0       1       0                               0D   2448
     110    3211       0       0       0       0       0       000010000D   2449
     110       0       0       1       0                               0D   2450
     110    3212       0       0       0       0       0       000010000D   2451
     110       0       0       1       0                               0D   2452
     110    3213       0       0       0       0       0       000010000D   2453
     110       0       0       1       0                               0D   2454
     110    3214       0       0       0       0       0       000010000D   2455
     110       0       0       1       0                               0D   2456
     508    3215       0       0       0       0       0       000010000D   2457
     508       0       0       1       1                               0D   2458
     510    3216       0       0       0       0       0       000010001D   2459
     510       0       0       1       1                               0D   2460
     116    3217       0       0       0       0       0       000010000D   2461
     116       0       0       1       0                               0D   2462
     123    3218       0       0       0       0       0       000010200D   2463
     123       0       0       1       0                               0D   2464
     190    3219       0       0       0       0       0       000010000D   2465
     190       0       0       1       1                               0D   2466
     123    3220       0       0       0       0       0       000010200D   2467
     123       0       0       1       0                               0D   2468
     110    3221       0       0       0       0       0       000010000D   2469
     110       0       0       1       0                               0D   2470
     110    3222       0       0       0       0       0       000010000D   2471
     110       0       0       1       0                               0D   2472
     508    3223       0       0       0       0       0       000010000D   2473
     508       0       0       1       1                               0D   2474
     510    3224       0       0       0       0       0       000010001D   2475
     510       0       0       1       1                               0D   2476
     116    3225       0       0       0       0       0       000010000D   2477
     116       0       0       1       0                               0D   2478
     123    3226       0       0       0       0       0       000010200D   2479
     123       0       0       1       0                               0D   2480
     190    3227       0       0       0       0       0       000010000D   2481
     190       0       0       1       1                               0D   2482
     123    3228       0       0       0       0       0       000010200D   2483
     123       0       0       1       0                               0D   2484
     110    3229       0       0       0       0       0       000010000D   2485
     110       0       0       1       0                               0D   2486
     110    3230       0       0       0       0       0       000010000D   2487
     110       0       0       1       0                               0D   2488
     110    3231       0       0       0       0       0       000010000D   2489
     110       0       0       1       0                               0D   2490
     110    3232       0       0       0       0       0       000010000D   2491
     110       0       0       1       0                               0D   2492
     508    3233       0       0       0       0       0       000010000D   2493
     508       0       0       1       1                               0D   2494
     510    3234       0       0       0       0       0       000010001D   2495
     510       0       0       1       1                               0D   2496
     116    3235       0       0       0       0       0       000010000D   2497
     116       0       0       1       0                               0D   2498
     123    3236       0       0       0       0       0       000010200D   2499
     123       0       0       1       0                               0D   2500
     190    3237       0       0       0       0       0       000010000D   2501
     190       0       0       1       1                               0D   2502
     123    3238       0       0       0       0       0       000010200D   2503
     123       0       0       1       0                               0D   2504
     110    3239       0       0       0       0       0       000010000D   2505
     110       0       0       1       0                               0D   2506
     110    3240       0       0       0       0       0       000010000D   2507
     110       0       0       1       0                               0D   2508
     110    3241       0       0       0       0       0       000010000D   2509
     110       0       0       1       0                               0D   2510
     110    3242       0       0       0       0       0       000010000D   2511
     110       0       0       1       0                               0D   2512
     508    3243       0       0       0       0       0       000010000D   2513
     508       0       0       1       1                               0D   2514
     510    3244       0       0       0       0       0       000010001D   2515
     510       0       0       1       1                               0D   2516
     116    3245       0       0       0       0       0       000010000D   2517
     116       0       0       1       0                               0D   2518
     123    3246       0       0       0       0       0       000010200D   2519
     123       0       0       1       0                               0D   2520
     190    3247       0       0       0       0       0       000010000D   2521
     190       0       0       1       1                               0D   2522
     123    3248       0       0       0       0       0       000010200D   2523
     123       0       0       1       0                               0D   2524
     110    3249       0       0       0       0       0       000010000D   2525
     110       0       0       1       0                               0D   2526
     110    3250       0       0       0       0       0       000010000D   2527
     110       0       0       1       0                               0D   2528
     508    3251       0       0       0       0       0       000010000D   2529
     508       0       0       1       1                               0D   2530
     510    3252       0       0       0       0       0       000010001D   2531
     510       0       0       1       1                               0D   2532
     116    3253       0       0       0       0       0       000010000D   2533
     116       0       0       1       0                               0D   2534
     123    3254       0       0       0       0       0       000010200D   2535
     123       0       0       1       0                               0D   2536
     190    3255       0       0       0       0       0       000010000D   2537
     190       0       0       1       1                               0D   2538
     123    3256       0       0       0       0       0       000010200D   2539
     123       0       0       1       0                               0D   2540
     110    3257       0       0       0       0       0       000010000D   2541
     110       0       0       2       0                               0D   2542
     110    3259       0       0       0       0       0       000010000D   2543
     110       0       0       2       0                               0D   2544
     110    3261       0       0       0       0       0       000010000D   2545
     110       0       0       1       0                               0D   2546
     110    3262       0       0       0       0       0       000010000D   2547
     110       0       0       2       0                               0D   2548
     508    3264       0       0       0       0       0       000010000D   2549
     508       0       0       1       1                               0D   2550
     510    3265       0       0       0       0       0       000010001D   2551
     510       0       0       1       1                               0D   2552
     116    3266       0       0       0       0       0       000010000D   2553
     116       0       0       1       0                               0D   2554
     123    3267       0       0       0       0       0       000010200D   2555
     123       0       0       1       0                               0D   2556
     190    3268       0       0       0       0       0       000010000D   2557
     190       0       0       1       1                               0D   2558
     123    3269       0       0       0       0       0       000010200D   2559
     123       0       0       1       0                               0D   2560
     110    3270       0       0       0       0       0       000010000D   2561
     110       0       0       2       0                               0D   2562
     110    3272       0       0       0       0       0       000010000D   2563
     110       0       0       2       0                               0D   2564
     110    3274       0       0       0       0       0       000010000D   2565
     110       0       0       2       0                               0D   2566
     110    3276       0       0       0       0       0       000010000D   2567
     110       0       0       2       0                               0D   2568
     508    3278       0       0       0       0       0       000010000D   2569
     508       0       0       1       1                               0D   2570
     510    3279       0       0       0       0       0       000010001D   2571
     510       0       0       1       1                               0D   2572
     116    3280       0       0       0       0       0       000010000D   2573
     116       0       0       1       0                               0D   2574
     123    3281       0       0       0       0       0       000010200D   2575
     123       0       0       2       0                               0D   2576
     190    3283       0       0       0       0       0       000010000D   2577
     190       0       0       1       1                               0D   2578
     123    3284       0       0       0       0       0       000010200D   2579
     123       0       0       1       0                               0D   2580
     110    3285       0       0       0       0       0       000010000D   2581
     110       0       0       2       0                               0D   2582
     110    3287       0       0       0       0       0       000010000D   2583
     110       0       0       2       0                               0D   2584
     508    3289       0       0       0       0       0       000010000D   2585
     508       0       0       1       1                               0D   2586
     510    3290       0       0       0       0       0       000010001D   2587
     510       0       0       1       1                               0D   2588
     116    3291       0       0       0       0       0       000010000D   2589
     116       0       0       1       0                               0D   2590
     123    3292       0       0       0       0       0       000010200D   2591
     123       0       0       1       0                               0D   2592
     190    3293       0       0       0       0       0       000010000D   2593
     190       0       0       1       1                               0D   2594
     123    3294       0       0       0       0       0       000010200D   2595
     123       0       0       1       0                               0D   2596
     110    3295       0       0       0       0       0       000010000D   2597
     110       0       0       2       0                               0D   2598
     110    3297       0       0       0       0       0       000010000D   2599
     110       0       0       2       0                               0D   2600
     110    3299       0       0       0       0       0       000010000D   2601
     110       0       0       2       0                               0D   2602
     110    3301       0       0       0       0       0       000010000D   2603
     110       0       0       2       0                               0D   2604
     508    3303       0       0       0       0       0       000010000D   2605
     508       0       0       1       1                               0D   2606
     510    3304       0       0       0       0       0       000010001D   2607
     510       0       0       1       1                               0D   2608
     116    3305       0       0       0       0       0       000010000D   2609
     116       0       0       1       0                               0D   2610
     123    3306       0       0       0       0       0       000010200D   2611
     123       0       0       1       0                               0D   2612
     190    3307       0       0       0       0       0       000010000D   2613
     190       0       0       1       1                               0D   2614
     123    3308       0       0       0       0       0       000010200D   2615
     123       0       0       1       0                               0D   2616
     110    3309       0       0       0       0       0       000010000D   2617
     110       0       0       2       0                               0D   2618
     110    3311       0       0       0       0       0       000010000D   2619
     110       0       0       2       0                               0D   2620
     110    3313       0       0       0       0       0       000010000D   2621
     110       0       0       1       0                               0D   2622
     110    3314       0       0       0       0       0       000010000D   2623
     110       0       0       2       0                               0D   2624
     508    3316       0       0       0       0       0       000010000D   2625
     508       0       0       1       1                               0D   2626
     510    3317       0       0       0       0       0       000010001D   2627
     510       0       0       1       1                               0D   2628
     116    3318       0       0       0       0       0       000010000D   2629
     116       0       0       1       0                               0D   2630
     123    3319       0       0       0       0       0       000010200D   2631
     123       0       0       1       0                               0D   2632
     190    3320       0       0       0       0       0       000010000D   2633
     190       0       0       1       1                               0D   2634
     123    3321       0       0       0       0       0       000010200D   2635
     123       0       0       1       0                               0D   2636
     110    3322       0       0       0       0       0       000010000D   2637
     110       0       0       2       0                               0D   2638
     110    3324       0       0       0       0       0       000010000D   2639
     110       0       0       2       0                               0D   2640
     508    3326       0       0       0       0       0       000010000D   2641
     508       0       0       1       1                               0D   2642
     510    3327       0       0       0       0       0       000010001D   2643
     510       0       0       1       1                               0D   2644
     128    3328       0       0       0       0       0       000010000D   2645
     128       0       0       7       0                               0D   2646
     100    3335       0       0       0       0     563       000010000D   2647
     100       0       0       2       0                               0D   2648
     508    3337       0       0       0       0       0       000010000D   2649
     508       0       0       1       1                               0D   2650
     100    3338       0       0       0       0     563       000010000D   2651
     100       0       0       2       0                               0D   2652
     508    3340       0       0       0       0       0       000010000D   2653
     508       0       0       1       1                               0D   2654
     510    3341       0       0       0       0       0       000010001D   2655
     510       0       0       1       1                               0D   2656
     128    3342       0       0       0       0       0       000010000D   2657
     128       0       0      28       0                               0D   2658
     100    3370       0       0       0       0     581       000010000D   2659
     100       0       0       1       0                               0D   2660
     508    3371       0       0       0       0       0       000010000D   2661
     508       0       0       1       1                               0D   2662
     510    3372       0       0       0       0       0       000010001D   2663
     510       0       0       1       1                               0D   2664
     128    3373       0       0       0       0       0       000010000D   2665
     128       0       0      29       0                               0D   2666
     100    3402       0       0       0       0     569       000010000D   2667
     100       0       0       2       0                               0D   2668
     508    3404       0       0       0       0       0       000010000D   2669
     508       0       0       1       1                               0D   2670
     510    3405       0       0       0       0       0       000010001D   2671
     510       0       0       1       1                               0D   2672
     128    3406       0       0       0       0       0       000010000D   2673
     128       0       0       7       0                               0D   2674
     100    3413       0       0       0       0     529       000010000D   2675
     100       0       0       2       0                               0D   2676
     508    3415       0       0       0       0       0       000010000D   2677
     508       0       0       1       1                               0D   2678
     100    3416       0       0       0       0     529       000010000D   2679
     100       0       0       2       0                               0D   2680
     508    3418       0       0       0       0       0       000010000D   2681
     508       0       0       1       1                               0D   2682
     510    3419       0       0       0       0       0       000010001D   2683
     510       0       0       1       1                               0D   2684
     128    3420       0       0       0       0       0       000010000D   2685
     128       0       0      28       0                               0D   2686
     100    3448       0       0       0       0     547       000010000D   2687
     100       0       0       1       0                               0D   2688
     508    3449       0       0       0       0       0       000010000D   2689
     508       0       0       1       1                               0D   2690
     510    3450       0       0       0       0       0       000010001D   2691
     510       0       0       1       1                               0D   2692
     128    3451       0       0       0       0       0       000010000D   2693
     128       0       0      29       0                               0D   2694
     100    3480       0       0       0       0     535       000010000D   2695
     100       0       0       2       0                               0D   2696
     508    3482       0       0       0       0       0       000010000D   2697
     508       0       0       1       1                               0D   2698
     510    3483       0       0       0       0       0       000010001D   2699
     510       0       0       1       1                               0D   2700
     128    3484       0       0       0       0       0       000010000D   2701
     128       0       0       7       0                               0D   2702
     100    3491       0       0       0       0     495       000010000D   2703
     100       0       0       2       0                               0D   2704
     508    3493       0       0       0       0       0       000010000D   2705
     508       0       0       1       1                               0D   2706
     100    3494       0       0       0       0     495       000010000D   2707
     100       0       0       2       0                               0D   2708
     508    3496       0       0       0       0       0       000010000D   2709
     508       0       0       1       1                               0D   2710
     510    3497       0       0       0       0       0       000010001D   2711
     510       0       0       1       1                               0D   2712
     128    3498       0       0       0       0       0       000010000D   2713
     128       0       0      28       0                               0D   2714
     100    3526       0       0       0       0     513       000010000D   2715
     100       0       0       1       0                               0D   2716
     508    3527       0       0       0       0       0       000010000D   2717
     508       0       0       1       1                               0D   2718
     510    3528       0       0       0       0       0       000010001D   2719
     510       0       0       1       1                               0D   2720
     128    3529       0       0       0       0       0       000010000D   2721
     128       0       0      28       0                               0D   2722
     100    3557       0       0       0       0     501       000010000D   2723
     100       0       0       2       0                               0D   2724
     508    3559       0       0       0       0       0       000010000D   2725
     508       0       0       1       1                               0D   2726
     510    3560       0       0       0       0       0       000010001D   2727
     510       0       0       1       1                               0D   2728
     128    3561       0       0       0       0       0       000010000D   2729
     128       0       0       7       0                               0D   2730
     100    3568       0       0       0       0     461       000010000D   2731
     100       0       0       2       0                               0D   2732
     508    3570       0       0       0       0       0       000010000D   2733
     508       0       0       1       1                               0D   2734
     100    3571       0       0       0       0     461       000010000D   2735
     100       0       0       2       0                               0D   2736
     508    3573       0       0       0       0       0       000010000D   2737
     508       0       0       1       1                               0D   2738
     510    3574       0       0       0       0       0       000010001D   2739
     510       0       0       1       1                               0D   2740
     128    3575       0       0       0       0       0       000010000D   2741
     128       0       0      28       0                               0D   2742
     100    3603       0       0       0       0     479       000010000D   2743
     100       0       0       1       0                               0D   2744
     508    3604       0       0       0       0       0       000010000D   2745
     508       0       0       1       1                               0D   2746
     510    3605       0       0       0       0       0       000010001D   2747
     510       0       0       1       1                               0D   2748
     128    3606       0       0       0       0       0       000010000D   2749
     128       0       0      29       0                               0D   2750
     100    3635       0       0       0       0     467       000010000D   2751
     100       0       0       2       0                               0D   2752
     508    3637       0       0       0       0       0       000010000D   2753
     508       0       0       1       1                               0D   2754
     510    3638       0       0       0       0       0       000010001D   2755
     510       0       0       1       1                               0D   2756
     116    3639       0       0       0       0       0       000010000D   2757
     116       0       0       1       0                               0D   2758
     123    3640       0       0       0       0       0       000010200D   2759
     123       0       0       1       0                               0D   2760
     192    3641       0       0       0       0       0       000010000D   2761
     192       0       0       1       1                               0D   2762
     123    3642       0       0       0       0       0       000010200D   2763
     123       0       0       1       0                               0D   2764
     100    3643       0       0       0       0    2767       000010000D   2765
     100       0       0       2       0                               0D   2766
     124    3645       0       0       0       0       0       000000000D   2767
     124       0       0       3       0                               0D   2768
     110    3648       0       0       0       0       0       000010000D   2769
     110       0       0       1       0                               0D   2770
     100    3649       0       0       0       0    2773       000010000D   2771
     100       0       0       2       0                               0D   2772
     124    3651       0       0       0       0       0       000000000D   2773
     124       0       0       3       0                               0D   2774
     508    3654       0       0       0       0       0       000010000D   2775
     508       0       0       2       1                               0D   2776
     510    3656       0       0       0       0       0       000010001D   2777
     510       0       0       1       1                               0D   2778
     116    3657       0       0       0       0       0       000010000D   2779
     116       0       0       1       0                               0D   2780
     123    3658       0       0       0       0       0       000010200D   2781
     123       0       0       1       0                               0D   2782
     190    3659       0       0       0       0       0       000010000D   2783
     190       0       0       1       1                               0D   2784
     123    3660       0       0       0       0       0       000010200D   2785
     123       0       0       1       0                               0D   2786
     110    3661       0       0       0       0       0       000010000D   2787
     110       0       0       1       0                               0D   2788
     110    3662       0       0       0       0       0       000010000D   2789
     110       0       0       1       0                               0D   2790
     110    3663       0       0       0       0       0       000010000D   2791
     110       0       0       1       0                               0D   2792
     508    3664       0       0       0       0       0       000010000D   2793
     508       0       0       1       1                               0D   2794
     510    3665       0       0       0       0       0       000010001D   2795
     510       0       0       1       1                               0D   2796
     116    3666       0       0       0       0       0       000010000D   2797
     116       0       0       1       0                               0D   2798
     123    3667       0       0       0       0       0       000010200D   2799
     123       0       0       1       0                               0D   2800
     190    3668       0       0       0       0       0       000010000D   2801
     190       0       0       1       1                               0D   2802
     123    3669       0       0       0       0       0       000010200D   2803
     123       0       0       1       0                               0D   2804
     100    3670       0       0       0       0    2807       000010000D   2805
     100       0       0       2       0                               0D   2806
     124    3672       0       0       0       0       0       000000000D   2807
     124       0       0       3       0                               0D   2808
     110    3675       0       0       0       0       0       000010000D   2809
     110       0       0       1       0                               0D   2810
     110    3676       0       0       0       0       0       000010000D   2811
     110       0       0       1       0                               0D   2812
     110    3677       0       0       0       0       0       000010000D   2813
     110       0       0       1       0                               0D   2814
     110    3678       0       0       0       0       0       000010000D   2815
     110       0       0       1       0                               0D   2816
     110    3679       0       0       0       0       0       000010000D   2817
     110       0       0       1       0                               0D   2818
     110    3680       0       0       0       0       0       000010000D   2819
     110       0       0       1       0                               0D   2820
     110    3681       0       0       0       0       0       000010000D   2821
     110       0       0       1       0                               0D   2822
     110    3682       0       0       0       0       0       000010000D   2823
     110       0       0       1       0                               0D   2824
     100    3683       0       0       0       0    2827       000010000D   2825
     100       0       0       2       0                               0D   2826
     124    3685       0       0       0       0       0       000000000D   2827
     124       0       0       3       0                               0D   2828
     110    3688       0       0       0       0       0       000010000D   2829
     110       0       0       2       0                               0D   2830
     100    3690       0       0       0       0    2833       000010000D   2831
     100       0       0       2       0                               0D   2832
     124    3692       0       0       0       0       0       000000000D   2833
     124       0       0       3       0                               0D   2834
     110    3695       0       0       0       0       0       000010000D   2835
     110       0       0       1       0                               0D   2836
     110    3696       0       0       0       0       0       000010000D   2837
     110       0       0       1       0                               0D   2838
     110    3697       0       0       0       0       0       000010000D   2839
     110       0       0       1       0                               0D   2840
     100    3698       0       0       0       0    2843       000010000D   2841
     100       0       0       2       0                               0D   2842
     124    3700       0       0       0       0       0       000000000D   2843
     124       0       0       3       0                               0D   2844
     110    3703       0       0       0       0       0       000010000D   2845
     110       0       0       1       0                               0D   2846
     100    3704       0       0       0       0    2849       000010000D   2847
     100       0       0       2       0                               0D   2848
     124    3706       0       0       0       0       0       000000000D   2849
     124       0       0       3       0                               0D   2850
     100    3709       0       0       0       0    2853       000010000D   2851
     100       0       0       2       0                               0D   2852
     124    3711       0       0       0       0       0       000000000D   2853
     124       0       0       3       0                               0D   2854
     508    3714       0       0       0       0       0       000010000D   2855
     508       0       0       8       1                               0D   2856
     510    3722       0       0       0       0       0       000010001D   2857
     510       0       0       1       1                               0D   2858
     116    3723       0       0       0       0       0       000010000D   2859
     116       0       0       1       0                               0D   2860
     123    3724       0       0       0       0       0       000010200D   2861
     123       0       0       1       0                               0D   2862
     192    3725       0       0       0       0       0       000010000D   2863
     192       0       0       1       1                               0D   2864
     123    3726       0       0       0       0       0       000010200D   2865
     123       0       0       1       0                               0D   2866
     100    3727       0       0       0       0    2869       000010000D   2867
     100       0       0       2       0                               0D   2868
     124    3729       0       0       0       0       0       000000000D   2869
     124       0       0       3       0                               0D   2870
     508    3732       0       0       0       0       0       000010000D   2871
     508       0       0       2       1                               0D   2872
     510    3734       0       0       0       0       0       000010001D   2873
     510       0       0       1       1                               0D   2874
     116    3735       0       0       0       0       0       000010000D   2875
     116       0       0       1       0                               0D   2876
     123    3736       0       0       0       0       0       000010200D   2877
     123       0       0       1       0                               0D   2878
     190    3737       0       0       0       0       0       000010000D   2879
     190       0       0       1       1                               0D   2880
     123    3738       0       0       0       0       0       000010200D   2881
     123       0       0       1       0                               0D   2882
     100    3739       0       0       0       0    2885       000010000D   2883
     100       0       0       2       0                               0D   2884
     124    3741       0       0       0       0       0       000000000D   2885
     124       0       0       3       0                               0D   2886
     110    3744       0       0       0       0       0       000010000D   2887
     110       0       0       1       0                               0D   2888
     100    3745       0       0       0       0    2891       000010000D   2889
     100       0       0       2       0                               0D   2890
     124    3747       0       0       0       0       0       000000000D   2891
     124       0       0       3       0                               0D   2892
     110    3750       0       0       0       0       0       000010000D   2893
     110       0       0       2       0                               0D   2894
     110    3752       0       0       0       0       0       000010000D   2895
     110       0       0       1       0                               0D   2896
     110    3753       0       0       0       0       0       000010000D   2897
     110       0       0       1       0                               0D   2898
     100    3754       0       0       0       0    2901       000010000D   2899
     100       0       0       2       0                               0D   2900
     124    3756       0       0       0       0       0       000000000D   2901
     124       0       0       3       0                               0D   2902
     110    3759       0       0       0       0       0       000010000D   2903
     110       0       0       2       0                               0D   2904
     100    3761       0       0       0       0    2907       000010000D   2905
     100       0       0       2       0                               0D   2906
     124    3763       0       0       0       0       0       000000000D   2907
     124       0       0       3       0                               0D   2908
     110    3766       0       0       0       0       0       000010000D   2909
     110       0       0       1       0                               0D   2910
     110    3767       0       0       0       0       0       000010000D   2911
     110       0       0       1       0                               0D   2912
     110    3768       0       0       0       0       0       000010000D   2913
     110       0       0       1       0                               0D   2914
     110    3769       0       0       0       0       0       000010000D   2915
     110       0       0       1       0                               0D   2916
     110    3770       0       0       0       0       0       000010000D   2917
     110       0       0       1       0                               0D   2918
     110    3771       0       0       0       0       0       000010000D   2919
     110       0       0       1       0                               0D   2920
     110    3772       0       0       0       0       0       000010000D   2921
     110       0       0       1       0                               0D   2922
     110    3773       0       0       0       0       0       000010000D   2923
     110       0       0       1       0                               0D   2924
     100    3774       0       0       0       0    2927       000010000D   2925
     100       0       0       2       0                               0D   2926
     124    3776       0       0       0       0       0       000000000D   2927
     124       0       0       3       0                               0D   2928
     508    3779       0       0       0       0       0       000010000D   2929
     508       0       0       8       1                               0D   2930
     510    3787       0       0       0       0       0       000010001D   2931
     510       0       0       1       1                               0D   2932
     120    3788       0       0       0       0       0       000010000D   2933
     120       0       0       1       0                               0D   2934
     110    3789       0       0       0       0       0       000010000D   2935
     110       0       0       2       0                               0D   2936
     110    3791       0       0       0       0       0       001010000D   2937
     110       0       0       1       0                               0D   2938
     110    3792       0       0       0       0       0       000010000D   2939
     110       0       0       1       0                               0D   2940
     508    3793       0       0       0       0       0       000010000D   2941
     508       0       0       1       1                               0D   2942
     510    3794       0       0       0       0       0       000010001D   2943
     510       0       0       1       1                               0D   2944
     116    3795       0       0       0       0       0       000010000D   2945
     116       0       0       1       0                               0D   2946
     123    3796       0       0       0       0       0       000010200D   2947
     123       0       0       1       0                               0D   2948
     192    3797       0       0       0       0       0       000010000D   2949
     192       0       0       1       1                               0D   2950
     123    3798       0       0       0       0       0       000010200D   2951
     123       0       0       1       0                               0D   2952
     104    3799       0       0       0       0    2955       000010000D   2953
     104       0       0       3       1                               0D   2954
     124    3802       0       0       0       0       0       000000000D   2955
     124       0       0       4       0                               0D   2956
     110    3806       0       0       0       0       0       000010000D   2957
     110       0       0       2       0                               0D   2958
     104    3808       0       0       0       0    2961       000010000D   2959
     104       0       0       3       1                               0D   2960
     124    3811       0       0       0       0       0       000000000D   2961
     124       0       0       4       0                               0D   2962
     110    3815       0       0       0       0       0       000010000D   2963
     110       0       0       1       0                               0D   2964
     508    3816       0       0       0       0       0       000010000D   2965
     508       0       0       2       1                               0D   2966
     510    3818       0       0       0       0       0       000010001D   2967
     510       0       0       1       1                               0D   2968
     116    3819       0       0       0       0       0       000010000D   2969
     116       0       0       1       0                               0D   2970
     123    3820       0       0       0       0       0       000010200D   2971
     123       0       0       1       0                               0D   2972
     190    3821       0       0       0       0       0       000010000D   2973
     190       0       0       1       1                               0D   2974
     123    3822       0       0       0       0       0       000010200D   2975
     123       0       0       1       0                               0D   2976
     110    3823       0       0       0       0       0       000010000D   2977
     110       0       0       1       0                               0D   2978
     110    3824       0       0       0       0       0       000010000D   2979
     110       0       0       1       0                               0D   2980
     110    3825       0       0       0       0       0       000010000D   2981
     110       0       0       1       0                               0D   2982
     508    3826       0       0       0       0       0       000010000D   2983
     508       0       0       1       1                               0D   2984
     510    3827       0       0       0       0       0       000010001D   2985
     510       0       0       1       1                               0D   2986
     116    3828       0       0       0       0       0       000010000D   2987
     116       0       0       1       0                               0D   2988
     123    3829       0       0       0       0       0       000010200D   2989
     123       0       0       1       0                               0D   2990
     190    3830       0       0       0       0       0       000010000D   2991
     190       0       0       1       1                               0D   2992
     123    3831       0       0       0       0       0       000010200D   2993
     123       0       0       1       0                               0D   2994
     110    3832       0       0       0       0       0       000010000D   2995
     110       0       0       1       0                               0D   2996
     508    3833       0       0       0       0       0       000010000D   2997
     508       0       0       1       1                               0D   2998
     510    3834       0       0       0       0       0       000010001D   2999
     510       0       0       1       1                               0D   3000
     120    3835       0       0       0       0       0       000010000D   3001
     120       0       0       1       0                               0D   3002
     110    3836       0       0       0       0       0       000010000D   3003
     110       0       0       2       0                               0D   3004
     110    3838       0       0       0       0       0       001010000D   3005
     110       0       0       1       0                               0D   3006
     110    3839       0       0       0       0       0       000010000D   3007
     110       0       0       1       0                               0D   3008
     508    3840       0       0       0       0       0       000010000D   3009
     508       0       0       1       1                               0D   3010
     510    3841       0       0       0       0       0       000010001D   3011
     510       0       0       1       1                               0D   3012
     116    3842       0       0       0       0       0       000010000D   3013
     116       0       0       1       0                               0D   3014
     123    3843       0       0       0       0       0       000010200D   3015
     123       0       0       1       0                               0D   3016
     190    3844       0       0       0       0       0       000010000D   3017
     190       0       0       1       1                               0D   3018
     123    3845       0       0       0       0       0       000010200D   3019
     123       0       0       1       0                               0D   3020
     110    3846       0       0       0       0       0       000010000D   3021
     110       0       0       1       0                               0D   3022
     508    3847       0       0       0       0       0       000010000D   3023
     508       0       0       1       1                               0D   3024
     510    3848       0       0       0       0       0       000010001D   3025
     510       0       0       1       1                               0D   3026
     116    3849       0       0       0       0       0       000010000D   3027
     116       0       0       1       0                               0D   3028
     123    3850       0       0       0       0       0       000010200D   3029
     123       0       0       1       0                               0D   3030
     192    3851       0       0       0       0       0       000010000D   3031
     192       0       0       1       1                               0D   3032
     123    3852       0       0       0       0       0       000010200D   3033
     123       0       0       1       0                               0D   3034
     100    3853       0       0       0       0    3037       000010000D   3035
     100       0       0       2       0                               0D   3036
     124    3855       0       0       0       0       0       000000000D   3037
     124       0       0       3       0                               0D   3038
     110    3858       0       0       0       0       0       000010000D   3039
     110       0       0       2       0                               0D   3040
     104    3860       0       0       0       0    3043       000010000D   3041
     104       0       0       2       1                               0D   3042
     124    3862       0       0       0       0       0       000000000D   3043
     124       0       0       4       0                               0D   3044
     110    3866       0       0       0       0       0       000010000D   3045
     110       0       0       2       0                               0D   3046
     508    3868       0       0       0       0       0       000010000D   3047
     508       0       0       2       1                               0D   3048
     510    3870       0       0       0       0       0       000010001D   3049
     510       0       0       1       1                               0D   3050
     116    3871       0       0       0       0       0       000010000D   3051
     116       0       0       1       0                               0D   3052
     123    3872       0       0       0       0       0       000010200D   3053
     123       0       0       1       0                               0D   3054
     190    3873       0       0       0       0       0       000010000D   3055
     190       0       0       1       1                               0D   3056
     123    3874       0       0       0       0       0       000010200D   3057
     123       0       0       1       0                               0D   3058
     110    3875       0       0       0       0       0       000010000D   3059
     110       0       0       2       0                               0D   3060
     110    3877       0       0       0       0       0       000010000D   3061
     110       0       0       2       0                               0D   3062
     508    3879       0       0       0       0       0       000010000D   3063
     508       0       0       1       1                               0D   3064
     510    3880       0       0       0       0       0       000010001D   3065
     510       0       0       1       1                               0D   3066
     116    3881       0       0       0       0       0       000010000D   3067
     116       0       0       1       0                               0D   3068
     123    3882       0       0       0       0       0       000010200D   3069
     123       0       0       1       0                               0D   3070
     190    3883       0       0       0       0       0       000010000D   3071
     190       0       0       1       1                               0D   3072
     123    3884       0       0       0       0       0       000010200D   3073
     123       0       0       1       0                               0D   3074
     110    3885       0       0       0       0       0       000010000D   3075
     110       0       0       1       0                               0D   3076
     110    3886       0       0       0       0       0       000010000D   3077
     110       0       0       1       0                               0D   3078
     110    3887       0       0       0       0       0       000010000D   3079
     110       0       0       2       0                               0D   3080
     110    3889       0       0       0       0       0       000010000D   3081
     110       0       0       1       0                               0D   3082
     110    3890       0       0       0       0       0       000010000D   3083
     110       0       0       1       0                               0D   3084
     110    3891       0       0       0       0       0       000010000D   3085
     110       0       0       1       0                               0D   3086
     110    3892       0       0       0       0       0       000010000D   3087
     110       0       0       1       0                               0D   3088
     110    3893       0       0       0       0       0       000010000D   3089
     110       0       0       1       0                               0D   3090
     110    3894       0       0       0       0       0       000010000D   3091
     110       0       0       1       0                               0D   3092
     100    3895       0       0       0       0    3095       000010000D   3093
     100       0       0       2       0                               0D   3094
     124    3897       0       0       0       0       0       000000000D   3095
     124       0       0       3       0                               0D   3096
     508    3900       0       0       0       0       0       000010000D   3097
     508       0       0       5       1                               0D   3098
     510    3905       0       0       0       0       0       000010001D   3099
     510       0       0       1       1                               0D   3100
     116    3906       0       0       0       0       0       000010000D   3101
     116       0       0       1       0                               0D   3102
     123    3907       0       0       0       0       0       000010200D   3103
     123       0       0       1       0                               0D   3104
     192    3908       0       0       0       0       0       000010000D   3105
     192       0       0       1       1                               0D   3106
     123    3909       0       0       0       0       0       000010200D   3107
     123       0       0       1       0                               0D   3108
     110    3910       0       0       0       0       0       000010000D   3109
     110       0       0       2       0                               0D   3110
     100    3912       0       0       0       0    3113       000010000D   3111
     100       0       0       2       0                               0D   3112
     124    3914       0       0       0       0       0       000000000D   3113
     124       0       0       3       0                               0D   3114
     110    3917       0       0       0       0       0       000010000D   3115
     110       0       0       2       0                               0D   3116
     104    3919       0       0       0       0    3119       000010000D   3117
     104       0       0       3       1                               0D   3118
     124    3922       0       0       0       0       0       000000000D   3119
     124       0       0       5       0                               0D   3120
     508    3927       0       0       0       0       0       000010000D   3121
     508       0       0       2       1                               0D   3122
     510    3929       0       0       0       0       0       000010001D   3123
     510       0       0       1       1                               0D   3124
     116    3930       0       0       0       0       0       000010000D   3125
     116       0       0       1       0                               0D   3126
     123    3931       0       0       0       0       0       000010200D   3127
     123       0       0       1       0                               0D   3128
     190    3932       0       0       0       0       0       000010000D   3129
     190       0       0       1       1                               0D   3130
     123    3933       0       0       0       0       0       000010200D   3131
     123       0       0       1       0                               0D   3132
     110    3934       0       0       0       0       0       000010000D   3133
     110       0       0       2       0                               0D   3134
     100    3936       0       0       0       0    3137       000010000D   3135
     100       0       0       2       0                               0D   3136
     124    3938       0       0       0       0       0       000000000D   3137
     124       0       0       3       0                               0D   3138
     110    3941       0       0       0       0       0       000010000D   3139
     110       0       0       1       0                               0D   3140
     110    3942       0       0       0       0       0       000010000D   3141
     110       0       0       1       0                               0D   3142
     110    3943       0       0       0       0       0       000010000D   3143
     110       0       0       1       0                               0D   3144
     110    3944       0       0       0       0       0       000010000D   3145
     110       0       0       1       0                               0D   3146
     110    3945       0       0       0       0       0       000010000D   3147
     110       0       0       1       0                               0D   3148
     110    3946       0       0       0       0       0       000010000D   3149
     110       0       0       1       0                               0D   3150
     110    3947       0       0       0       0       0       000010000D   3151
     110       0       0       2       0                               0D   3152
     110    3949       0       0       0       0       0       000010000D   3153
     110       0       0       1       0                               0D   3154
     110    3950       0       0       0       0       0       000010000D   3155
     110       0       0       1       0                               0D   3156
     508    3951       0       0       0       0       0       000010000D   3157
     508       0       0       5       1                               0D   3158
     510    3956       0       0       0       0       0       000010001D   3159
     510       0       0       1       1                               0D   3160
     116    3957       0       0       0       0       0       000010000D   3161
     116       0       0       1       0                               0D   3162
     123    3958       0       0       0       0       0       000010200D   3163
     123       0       0       1       0                               0D   3164
     190    3959       0       0       0       0       0       000010000D   3165
     190       0       0       1       1                               0D   3166
     123    3960       0       0       0       0       0       000010200D   3167
     123       0       0       1       0                               0D   3168
     110    3961       0       0       0       0       0       000010000D   3169
     110       0       0       2       0                               0D   3170
     508    3963       0       0       0       0       0       000010000D   3171
     508       0       0       1       1                               0D   3172
     510    3964       0       0       0       0       0       000010001D   3173
     510       0       0       1       1                               0D   3174
     116    3965       0       0       0       0       0       000010000D   3175
     116       0       0       1       0                               0D   3176
     123    3966       0       0       0       0       0       000010200D   3177
     123       0       0       1       0                               0D   3178
     190    3967       0       0       0       0       0       000010000D   3179
     190       0       0       1       1                               0D   3180
     123    3968       0       0       0       0       0       000010200D   3181
     123       0       0       1       0                               0D   3182
     110    3969       0       0       0       0       0       000010000D   3183
     110       0       0       1       0                               0D   3184
     508    3970       0       0       0       0       0       000010000D   3185
     508       0       0       1       1                               0D   3186
     510    3971       0       0       0       0       0       000010001D   3187
     510       0       0       1       1                               0D   3188
     116    3972       0       0       0       0       0       000010000D   3189
     116       0       0       1       0                               0D   3190
     123    3973       0       0       0       0       0       000010200D   3191
     123       0       0       1       0                               0D   3192
     190    3974       0       0       0       0       0       000010000D   3193
     190       0       0       1       1                               0D   3194
     123    3975       0       0       0       0       0       000010200D   3195
     123       0       0       1       0                               0D   3196
     110    3976       0       0       0       0       0       000010000D   3197
     110       0       0       1       0                               0D   3198
     508    3977       0       0       0       0       0       000010000D   3199
     508       0       0       1       1                               0D   3200
     510    3978       0       0       0       0       0       000010001D   3201
     510       0       0       1       1                               0D   3202
     116    3979       0       0       0       0       0       000010000D   3203
     116       0       0       1       0                               0D   3204
     123    3980       0       0       0       0       0       000010200D   3205
     123       0       0       1       0                               0D   3206
     190    3981       0       0       0       0       0       000010000D   3207
     190       0       0       1       1                               0D   3208
     123    3982       0       0       0       0       0       000010200D   3209
     123       0       0       1       0                               0D   3210
     110    3983       0       0       0       0       0       000010000D   3211
     110       0       0       1       0                               0D   3212
     508    3984       0       0       0       0       0       000010000D   3213
     508       0       0       1       1                               0D   3214
     510    3985       0       0       0       0       0       000010001D   3215
     510       0       0       1       1                               0D   3216
     116    3986       0       0       0       0       0       000010000D   3217
     116       0       0       1       0                               0D   3218
     123    3987       0       0       0       0       0       000010200D   3219
     123       0       0       1       0                               0D   3220
     190    3988       0       0       0       0       0       000010000D   3221
     190       0       0       1       1                               0D   3222
     123    3989       0       0       0       0       0       000010200D   3223
     123       0       0       1       0                               0D   3224
     110    3990       0       0       0       0       0       000010000D   3225
     110       0       0       1       0                               0D   3226
     508    3991       0       0       0       0       0       000010000D   3227
     508       0       0       1       1                               0D   3228
     510    3992       0       0       0       0       0       000010001D   3229
     510       0       0       1       1                               0D   3230
     116    3993       0       0       0       0       0       000010000D   3231
     116       0       0       1       0                               0D   3232
     123    3994       0       0       0       0       0       000010200D   3233
     123       0       0       1       0                               0D   3234
     190    3995       0       0       0       0       0       000010000D   3235
     190       0       0       1       1                               0D   3236
     123    3996       0       0       0       0       0       000010200D   3237
     123       0       0       1       0                               0D   3238
     110    3997       0       0       0       0       0       000010000D   3239
     110       0       0       1       0                               0D   3240
     508    3998       0       0       0       0       0       000010000D   3241
     508       0       0       1       1                               0D   3242
     510    3999       0       0       0       0       0       000010001D   3243
     510       0       0       1       1                               0D   3244
     116    4000       0       0       0       0       0       000010000D   3245
     116       0       0       1       0                               0D   3246
     123    4001       0       0       0       0       0       000010200D   3247
     123       0       0       1       0                               0D   3248
     190    4002       0       0       0       0       0       000010000D   3249
     190       0       0       1       1                               0D   3250
     123    4003       0       0       0       0       0       000010200D   3251
     123       0       0       1       0                               0D   3252
     508    4004       0       0       0       0       0       000010000D   3253
     508       0       0       1       1                               0D   3254
     510    4005       0       0       0       0       0       000010001D   3255
     510       0       0       1       1                               0D   3256
     116    4006       0       0       0       0       0       000010000D   3257
     116       0       0       1       0                               0D   3258
     123    4007       0       0       0       0       0       000010200D   3259
     123       0       0       1       0                               0D   3260
     190    4008       0       0       0       0       0       000010000D   3261
     190       0       0       1       1                               0D   3262
     123    4009       0       0       0       0       0       000010200D   3263
     123       0       0       1       0                               0D   3264
     110    4010       0       0       0       0       0       000010000D   3265
     110       0       0       1       0                               0D   3266
     110    4011       0       0       0       0       0       000010000D   3267
     110       0       0       2       0                               0D   3268
     110    4013       0       0       0       0       0       000010000D   3269
     110       0       0       2       0                               0D   3270
     508    4015       0       0       0       0       0       000010000D   3271
     508       0       0       1       1                               0D   3272
     510    4016       0       0       0       0       0       000010001D   3273
     510       0       0       1       1                               0D   3274
     116    4017       0       0       0       0       0       000010000D   3275
     116       0       0       1       0                               0D   3276
     123    4018       0       0       0       0       0       000010200D   3277
     123       0       0       1       0                               0D   3278
     190    4019       0       0       0       0       0       000010000D   3279
     190       0       0       1       1                               0D   3280
     123    4020       0       0       0       0       0       000010200D   3281
     123       0       0       1       0                               0D   3282
     110    4021       0       0       0       0       0       000010000D   3283
     110       0       0       2       0                               0D   3284
     110    4023       0       0       0       0       0       000010000D   3285
     110       0       0       2       0                               0D   3286
     110    4025       0       0       0       0       0       000010000D   3287
     110       0       0       1       0                               0D   3288
     508    4026       0       0       0       0       0       000010000D   3289
     508       0       0       1       1                               0D   3290
     510    4027       0       0       0       0       0       000010001D   3291
     510       0       0       1       1                               0D   3292
     116    4028       0       0       0       0       0       000010000D   3293
     116       0       0       1       0                               0D   3294
     123    4029       0       0       0       0       0       000010200D   3295
     123       0       0       1       0                               0D   3296
     190    4030       0       0       0       0       0       000010000D   3297
     190       0       0       1       1                               0D   3298
     123    4031       0       0       0       0       0       000010200D   3299
     123       0       0       1       0                               0D   3300
     110    4032       0       0       0       0       0       000010000D   3301
     110       0       0       2       0                               0D   3302
     110    4034       0       0       0       0       0       000010000D   3303
     110       0       0       2       0                               0D   3304
     110    4036       0       0       0       0       0       000010000D   3305
     110       0       0       1       0                               0D   3306
     508    4037       0       0       0       0       0       000010000D   3307
     508       0       0       1       1                               0D   3308
     510    4038       0       0       0       0       0       000010001D   3309
     510       0       0       1       1                               0D   3310
     116    4039       0       0       0       0       0       000010000D   3311
     116       0       0       1       0                               0D   3312
     123    4040       0       0       0       0       0       000010200D   3313
     123       0       0       1       0                               0D   3314
     190    4041       0       0       0       0       0       000010000D   3315
     190       0       0       1       1                               0D   3316
     123    4042       0       0       0       0       0       000010200D   3317
     123       0       0       1       0                               0D   3318
     110    4043       0       0       0       0       0       000010000D   3319
     110       0       0       2       0                               0D   3320
     110    4045       0       0       0       0       0       000010000D   3321
     110       0       0       2       0                               0D   3322
     508    4047       0       0       0       0       0       000010000D   3323
     508       0       0       1       1                               0D   3324
     510    4048       0       0       0       0       0       000010001D   3325
     510       0       0       1       1                               0D   3326
     116    4049       0       0       0       0       0       000010000D   3327
     116       0       0       1       0                               0D   3328
     123    4050       0       0       0       0       0       000010200D   3329
     123       0       0       1       0                               0D   3330
     190    4051       0       0       0       0       0       000010000D   3331
     190       0       0       1       1                               0D   3332
     123    4052       0       0       0       0       0       000010200D   3333
     123       0       0       1       0                               0D   3334
     110    4053       0       0       0       0       0       000010000D   3335
     110       0       0       2       0                               0D   3336
     110    4055       0       0       0       0       0       000010000D   3337
     110       0       0       2       0                               0D   3338
     110    4057       0       0       0       0       0       000010000D   3339
     110       0       0       1       0                               0D   3340
     110    4058       0       0       0       0       0       000010000D   3341
     110       0       0       1       0                               0D   3342
     508    4059       0       0       0       0       0       000010000D   3343
     508       0       0       1       1                               0D   3344
     510    4060       0       0       0       0       0       000010001D   3345
     510       0       0       1       1                               0D   3346
     116    4061       0       0       0       0       0       000010000D   3347
     116       0       0       1       0                               0D   3348
     123    4062       0       0       0       0       0       000010200D   3349
     123       0       0       1       0                               0D   3350
     190    4063       0       0       0       0       0       000010000D   3351
     190       0       0       1       1                               0D   3352
     123    4064       0       0       0       0       0       000010200D   3353
     123       0       0       1       0                               0D   3354
     110    4065       0       0       0       0       0       000010000D   3355
     110       0       0       2       0                               0D   3356
     110    4067       0       0       0       0       0       000010000D   3357
     110       0       0       2       0                               0D   3358
     508    4069       0       0       0       0       0       000010000D   3359
     508       0       0       1       1                               0D   3360
     510    4070       0       0       0       0       0       000010001D   3361
     510       0       0       1       1                               0D   3362
     116    4071       0       0       0       0       0       000010000D   3363
     116       0       0       1       0                               0D   3364
     123    4072       0       0       0       0       0       000010200D   3365
     123       0       0       1       0                               0D   3366
     190    4073       0       0       0       0       0       000010000D   3367
     190       0       0       1       1                               0D   3368
     123    4074       0       0       0       0       0       000010200D   3369
     123       0       0       1       0                               0D   3370
     110    4075       0       0       0       0       0       000010000D   3371
     110       0       0       2       0                               0D   3372
     508    4077       0       0       0       0       0       000010000D   3373
     508       0       0       1       1                               0D   3374
     510    4078       0       0       0       0       0       000010001D   3375
     510       0       0       1       1                               0D   3376
     116    4079       0       0       0       0       0       000010000D   3377
     116       0       0       1       0                               0D   3378
     123    4080       0       0       0       0       0       000010200D   3379
     123       0       0       1       0                               0D   3380
     190    4081       0       0       0       0       0       000010000D   3381
     190       0       0       1       1                               0D   3382
     123    4082       0       0       0       0       0       000010200D   3383
     123       0       0       1       0                               0D   3384
     110    4083       0       0       0       0       0       000010000D   3385
     110       0       0       2       0                               0D   3386
     110    4085       0       0       0       0       0       000010000D   3387
     110       0       0       2       0                               0D   3388
     508    4087       0       0       0       0       0       000010000D   3389
     508       0       0       1       1                               0D   3390
     510    4088       0       0       0       0       0       000010001D   3391
     510       0       0       1       1                               0D   3392
     116    4089       0       0       0       0       0       000010000D   3393
     116       0       0       1       0                               0D   3394
     123    4090       0       0       0       0       0       000010200D   3395
     123       0       0       1       0                               0D   3396
     190    4091       0       0       0       0       0       000010000D   3397
     190       0       0       1       1                               0D   3398
     123    4092       0       0       0       0       0       000010200D   3399
     123       0       0       1       0                               0D   3400
     110    4093       0       0       0       0       0       000010000D   3401
     110       0       0       2       0                               0D   3402
     110    4095       0       0       0       0       0       000010000D   3403
     110       0       0       1       0                               0D   3404
     508    4096       0       0       0       0       0       000010000D   3405
     508       0       0       1       1                               0D   3406
     510    4097       0       0       0       0       0       000010001D   3407
     510       0       0       1       1                               0D   3408
     116    4098       0       0       0       0       0       000010000D   3409
     116       0       0       1       0                               0D   3410
     123    4099       0       0       0       0       0       000010200D   3411
     123       0       0       1       0                               0D   3412
     190    4100       0       0       0       0       0       000010000D   3413
     190       0       0       1       1                               0D   3414
     123    4101       0       0       0       0       0       000010200D   3415
     123       0       0       1       0                               0D   3416
     110    4102       0       0       0       0       0       000010000D   3417
     110       0       0       1       0                               0D   3418
     508    4103       0       0       0       0       0       000010000D   3419
     508       0       0       1       1                               0D   3420
     510    4104       0       0       0       0       0       000010001D   3421
     510       0       0       1       1                               0D   3422
     116    4105       0       0       0       0       0       000010000D   3423
     116       0       0       1       0                               0D   3424
     123    4106       0       0       0       0       0       000010200D   3425
     123       0       0       1       0                               0D   3426
     190    4107       0       0       0       0       0       000010000D   3427
     190       0       0       1       1                               0D   3428
     123    4108       0       0       0       0       0       000010200D   3429
     123       0       0       1       0                               0D   3430
     508    4109       0       0       0       0       0       000010000D   3431
     508       0       0       1       1                               0D   3432
     510    4110       0       0       0       0       0       000010001D   3433
     510       0       0       1       1                               0D   3434
     116    4111       0       0       0       0       0       000010000D   3435
     116       0       0       1       0                               0D   3436
     123    4112       0       0       0       0       0       000010200D   3437
     123       0       0       1       0                               0D   3438
     190    4113       0       0       0       0       0       000010000D   3439
     190       0       0       1       1                               0D   3440
     123    4114       0       0       0       0       0       000010200D   3441
     123       0       0       1       0                               0D   3442
     508    4115       0       0       0       0       0       000010000D   3443
     508       0       0       1       1                               0D   3444
     510    4116       0       0       0       0       0       000010001D   3445
     510       0       0       1       1                               0D   3446
     116    4117       0       0       0       0       0       000010000D   3447
     116       0       0       1       0                               0D   3448
     123    4118       0       0       0       0       0       000010200D   3449
     123       0       0       1       0                               0D   3450
     190    4119       0       0       0       0       0       000010000D   3451
     190       0       0       1       1                               0D   3452
     123    4120       0       0       0       0       0       000010200D   3453
     123       0       0       1       0                               0D   3454
     508    4121       0       0       0       0       0       000010000D   3455
     508       0       0       1       1                               0D   3456
     510    4122       0       0       0       0       0       000010001D   3457
     510       0       0       1       1                               0D   3458
     116    4123       0       0       0       0       0       000010000D   3459
     116       0       0       1       0                               0D   3460
     123    4124       0       0       0       0       0       000010200D   3461
     123       0       0       1       0                               0D   3462
     190    4125       0       0       0       0       0       000010000D   3463
     190       0       0       1       1                               0D   3464
     123    4126       0       0       0       0       0       000010200D   3465
     123       0       0       1       0                               0D   3466
     110    4127       0       0       0       0       0       000010000D   3467
     110       0       0       1       0                               0D   3468
     508    4128       0       0       0       0       0       000010000D   3469
     508       0       0       1       1                               0D   3470
     510    4129       0       0       0       0       0       000010001D   3471
     510       0       0       1       1                               0D   3472
     116    4130       0       0       0       0       0       000010000D   3473
     116       0       0       1       0                               0D   3474
     123    4131       0       0       0       0       0       000010200D   3475
     123       0       0       1       0                               0D   3476
     190    4132       0       0       0       0       0       000010000D   3477
     190       0       0       1       1                               0D   3478
     123    4133       0       0       0       0       0       000010200D   3479
     123       0       0       1       0                               0D   3480
     508    4134       0       0       0       0       0       000010000D   3481
     508       0       0       1       1                               0D   3482
     510    4135       0       0       0       0       0       000010001D   3483
     510       0       0       1       1                               0D   3484
     116    4136       0       0       0       0       0       000010000D   3485
     116       0       0       1       0                               0D   3486
     123    4137       0       0       0       0       0       000010200D   3487
     123       0       0       1       0                               0D   3488
     190    4138       0       0       0       0       0       000010000D   3489
     190       0       0       1       1                               0D   3490
     123    4139       0       0       0       0       0       000010200D   3491
     123       0       0       1       0                               0D   3492
     110    4140       0       0       0       0       0       000010000D   3493
     110       0       0       2       0                               0D   3494
     508    4142       0       0       0       0       0       000010000D   3495
     508       0       0       3       1                               0D   3496
     508    4145       0       0       0       0       0       000010000D   3497
     508       0       0       1       1                               0D   3498
     508    4146       0       0       0       0       0       000010000D   3499
     508       0       0       1       1                               0D   3500
     508    4147       0       0       0       0       0       000010000D   3501
     508       0       0       1       1                               0D   3502
     508    4148       0       0       0       0       0       000010000D   3503
     508       0       0       1       1                               0D   3504
     510    4149       0       0       0       0       0       000010001D   3505
     510       0       0       1       1                               0D   3506
     116    4150       0       0       0       0       0       000010000D   3507
     116       0       0       1       0                               0D   3508
     123    4151       0       0       0       0       0       000010200D   3509
     123       0       0       1       0                               0D   3510
     190    4152       0       0       0       0       0       000010000D   3511
     190       0       0       1       1                               0D   3512
     123    4153       0       0       0       0       0       000010200D   3513
     123       0       0       1       0                               0D   3514
     110    4154       0       0       0       0       0       000010000D   3515
     110       0       0       1       0                               0D   3516
     508    4155       0       0       0       0       0       000010000D   3517
     508       0       0       1       1                               0D   3518
     510    4156       0       0       0       0       0       000010001D   3519
     510       0       0       1       1                               0D   3520
     116    4157       0       0       0       0       0       000010000D   3521
     116       0       0       1       0                               0D   3522
     123    4158       0       0       0       0       0       000010200D   3523
     123       0       0       1       0                               0D   3524
     190    4159       0       0       0       0       0       000010000D   3525
     190       0       0       1       1                               0D   3526
     123    4160       0       0       0       0       0       000010200D   3527
     123       0       0       1       0                               0D   3528
     508    4161       0       0       0       0       0       000010000D   3529
     508       0       0       2       1                               0D   3530
     508    4163       0       0       0       0       0       000010000D   3531
     508       0       0       1       1                               0D   3532
     508    4164       0       0       0       0       0       000010000D   3533
     508       0       0       1       1                               0D   3534
     508    4165       0       0       0       0       0       000010000D   3535
     508       0       0       1       1                               0D   3536
     508    4166       0       0       0       0       0       000010000D   3537
     508       0       0       1       1                               0D   3538
     510    4167       0       0       0       0       0       000010001D   3539
     510       0       0       1       1                               0D   3540
     116    4168       0       0       0       0       0       000010000D   3541
     116       0       0       1       0                               0D   3542
     123    4169       0       0       0       0       0       000010200D   3543
     123       0       0       1       0                               0D   3544
     192    4170       0       0       0       0       0       000010000D   3545
     192       0       0       1       1                               0D   3546
     123    4171       0       0       0       0       0       000010200D   3547
     123       0       0       1       0                               0D   3548
     508    4172       0       0       0       0       0       000010000D   3549
     508       0       0       1       1                               0D   3550
     510    4173       0       0       0       0       0       000010001D   3551
     510       0       0       1       1                               0D   3552
     116    4174       0       0       0       0       0       000010000D   3553
     116       0       0       1       0                               0D   3554
     123    4175       0       0       0       0       0       000010200D   3555
     123       0       0       1       0                               0D   3556
     190    4176       0       0       0       0       0       000010000D   3557
     190       0       0       1       1                               0D   3558
     123    4177       0       0       0       0       0       000010200D   3559
     123       0       0       1       0                               0D   3560
     110    4178       0       0       0       0       0       000010000D   3561
     110       0       0       1       0                               0D   3562
     508    4179       0       0       0       0       0       000010000D   3563
     508       0       0       1       1                               0D   3564
     510    4180       0       0       0       0       0       000010001D   3565
     510       0       0       1       1                               0D   3566
     116    4181       0       0       0       0       0       000010000D   3567
     116       0       0       1       0                               0D   3568
     123    4182       0       0       0       0       0       000010200D   3569
     123       0       0       1       0                               0D   3570
     190    4183       0       0       0       0       0       000010000D   3571
     190       0       0       1       1                               0D   3572
     123    4184       0       0       0       0       0       000010200D   3573
     123       0       0       1       0                               0D   3574
     508    4185       0       0       0       0       0       000010000D   3575
     508       0       0       1       1                               0D   3576
     510    4186       0       0       0       0       0       000010001D   3577
     510       0       0       1       1                               0D   3578
     116    4187       0       0       0       0       0       000010000D   3579
     116       0       0       1       0                               0D   3580
     123    4188       0       0       0       0       0       000010200D   3581
     123       0       0       1       0                               0D   3582
     192    4189       0       0       0       0       0       000010000D   3583
     192       0       0       1       1                               0D   3584
     123    4190       0       0       0       0       0       000010200D   3585
     123       0       0       1       0                               0D   3586
     508    4191       0       0       0       0       0       000010000D   3587
     508       0       0       1       1                               0D   3588
     510    4192       0       0       0       0       0       000010001D   3589
     510       0       0       1       1                               0D   3590
     116    4193       0       0       0       0       0       000010000D   3591
     116       0       0       1       0                               0D   3592
     123    4194       0       0       0       0       0       000010200D   3593
     123       0       0       1       0                               0D   3594
     190    4195       0       0       0       0       0       000010000D   3595
     190       0       0       1       1                               0D   3596
     123    4196       0       0       0       0       0       000010200D   3597
     123       0       0       1       0                               0D   3598
     110    4197       0       0       0       0       0       000010000D   3599
     110       0       0       1       0                               0D   3600
     508    4198       0       0       0       0       0       000010000D   3601
     508       0       0       1       1                               0D   3602
     510    4199       0       0       0       0       0       000010001D   3603
     510       0       0       1       1                               0D   3604
     116    4200       0       0       0       0       0       000010000D   3605
     116       0       0       1       0                               0D   3606
     123    4201       0       0       0       0       0       000010200D   3607
     123       0       0       1       0                               0D   3608
     190    4202       0       0       0       0       0       000010000D   3609
     190       0       0       1       1                               0D   3610
     123    4203       0       0       0       0       0       000010200D   3611
     123       0       0       1       0                               0D   3612
     508    4204       0       0       0       0       0       000010000D   3613
     508       0       0       1       1                               0D   3614
     510    4205       0       0       0       0       0       000010001D   3615
     510       0       0       1       1                               0D   3616
     514    4206       0       0       0       0       0       000010000D   3617
     514       0       0      20       1                               0D   3618
     186    4226       0       0       1       0       0       000000000D   3619
     186       0   -3621       1       0                               0D   3620
     314    4227       0       0       0       0       0       000000200D   3621
     314       0       0       2       0                               0D   3622
406,2,0,16HCAA-100LC-C1-S03;                                           1P      1
128,1,8,1,2,0,1,0,0,0,-1.16663339721532D0,-1.16663339721532D0,         3P      2
1.16663339721533D0,1.16663339721533D0,0.0D0,0.0D0,0.0D0,               3P      3
3.14159265358979D0,3.14159265358979D0,6.28318530717959D0,              3P      4
6.28318530717959D0,9.42477796076938D0,9.42477796076938D0,              3P      5
12.5663706143592D0,12.5663706143592D0,12.5663706143592D0,1.0D0,        3P      6
1.0D0,.707106781186548D0,.707106781186548D0,1.0D0,1.0D0,               3P      7
.707106781186548D0,.707106781186548D0,1.0D0,1.0D0,                     3P      8
.707106781186548D0,.707106781186548D0,1.0D0,1.0D0,                     3P      9
.707106781186548D0,.707106781186548D0,1.0D0,1.0D0,                     3P     10
3.574918139293D-14,-112.95344247611D0,-18.7D0,                         3P     11
4.00000000000002D0,-110.55D0,-18.7D0,3.574918139293D-14,               3P     12
-112.95344247611D0,-18.7D0,4.00000000000002D0,-110.55D0,-22.7D0,       3P     13
3.6428397566557D-14,-112.95344247611D0,-18.7D0,                        3P     14
3.48041310257531D-14,-110.55D0,-22.7D0,3.7107613740184D-14,            3P     15
-112.95344247611D0,-18.7D0,-3.99999999999995D0,-110.55D0,              3P     16
-22.7D0,3.7107613740184D-14,-112.95344247611D0,-18.7D0,                3P     17
-3.99999999999996D0,-110.55D0,-18.7D0,3.7107613740184D-14,             3P     18
-112.95344247611D0,-18.7D0,-3.99999999999995D0,-110.55D0,              3P     19
-14.7D0,3.6428397566557D-14,-112.95344247611D0,-18.7D0,                3P     20
3.48041310257531D-14,-110.55D0,-14.7000000000001D0,                    3P     21
3.574918139293D-14,-112.95344247611D0,-18.7D0,                         3P     22
4.00000000000002D0,-110.55D0,-14.7D0,3.574918139293D-14,               3P     23
-112.95344247611D0,-18.7D0,4.00000000000002D0,-110.55D0,-18.7D0,       3P     24
-1.16663339721532D0,1.16663339721533D0,0.0D0,12.5663706143592D0;       3P     25
502,9,-3.99999999999997D0,-110.55D0,-18.7D0,3.6428397566557D-14,       5P     26
-112.95344247611D0,-18.7D0,4.00000000000003D0,-110.55D0,-18.7D0,       5P     27
-3.99999999999997D0,-109.05D0,-18.7D0,3.2336823052998D-14,             5P     28
-109.05D0,-14.7D0,4.00000000000003D0,-109.05D0,-18.7D0,                5P     29
3.49716064237643D-14,-109.55D0,-22.2D0,3.4754171348683D-14,            5P     30
-109.05D0,-22.7D0,3.37136511127156D-14,-109.55D0,-15.2D0;              5P     31
110,-3.99999999999997D0,-110.55D0,-18.7D0,3.6428397566557D-14,         7P     32
-112.95344247611D0,-18.7D0;                                            7P     33
504,14,7,5,1,5,2,11,5,1,5,3,15,5,3,5,2,23,5,4,5,1,25,5,4,5,5,29,       9P     34
5,5,5,6,31,5,6,5,3,45,5,7,5,8,47,5,7,5,9,51,5,9,5,5,53,5,8,5,4,        9P     35
67,5,6,5,8,69,5,9,5,7,89,5,3,5,1;                                      9P     36
100,0.0D0,0.0D0,0.0D0,4.0D0,0.0D0,-4.0D0,4.04257239845944D-15;        11P     37
124,-1.0D0,0.0D0,0.0D0,3.48041310257531D-14,0.0D0,0.0D0,1.0D0,        13P     38
-110.55D0,0.0D0,1.0D0,0.0D0,-18.7D0;                                  13P     39
110,4.00000000000003D0,-110.55D0,-18.7D0,3.6428397566557D-14,         15P     40
-112.95344247611D0,-18.7D0;                                           15P     41
508,3,0,9,1,0,0,0,9,2,1,0,0,9,3,1,0;                                  17P     42
510,3,1,1,17;                                                         19P     43
128,1,8,1,2,0,1,0,0,0,1.49999999999999D0,1.49999999999999D0,          21P     44
1.875D0,1.875D0,0.0D0,0.0D0,0.0D0,6.28318530717959D0,                 21P     45
6.28318530717959D0,12.5663706143592D0,12.5663706143592D0,             21P     46
18.8495559215388D0,18.8495559215388D0,25.1327412287183D0,             21P     47
25.1327412287183D0,25.1327412287183D0,1.0D0,1.0D0,                    21P     48
.707106781186548D0,.707106781186548D0,1.0D0,1.0D0,                    21P     49
.707106781186548D0,.707106781186548D0,1.0D0,1.0D0,                    21P     50
.707106781186548D0,.707106781186548D0,1.0D0,1.0D0,                    21P     51
.707106781186548D0,.707106781186548D0,1.0D0,1.0D0,                    21P     52
4.00000000000003D0,-110.55D0,-18.7D0,4.00000000000003D0,              21P     53
-109.05D0,-18.7D0,4.00000000000003D0,-110.55D0,-22.7D0,               21P     54
4.00000000000003D0,-109.05D0,-22.7D0,3.48041310257531D-14,            21P     55
-110.55D0,-22.7D0,3.37904184716049D-14,-109.05D0,-22.7D0,             21P     56
-3.99999999999996D0,-110.55D0,-22.7D0,-3.99999999999997D0,            21P     57
-109.05D0,-22.7D0,-3.99999999999997D0,-110.55D0,-18.7D0,              21P     58
-3.99999999999997D0,-109.05D0,-18.7D0,-3.99999999999996D0,            21P     59
-110.55D0,-14.7D0,-3.99999999999997D0,-109.05D0,-14.7D0,              21P     60
3.48041310257531D-14,-110.55D0,-14.7D0,3.37904184716049D-14,          21P     61
-109.05D0,-14.7D0,4.00000000000003D0,-110.55D0,-14.7D0,               21P     62
4.00000000000003D0,-109.05D0,-14.7D0,4.00000000000003D0,              21P     63
-110.55D0,-18.7D0,4.00000000000003D0,-109.05D0,-18.7D0,               21P     64
1.49999999999999D0,1.875D0,0.0D0,25.1327412287183D0;                  21P     65
110,-3.99999999999997D0,-109.05D0,-18.7D0,-3.99999999999997D0,        23P     66
-110.55D0,-18.7D0;                                                    23P     67
100,0.0D0,0.0D0,0.0D0,4.0D0,3.5527136788005D-15,                      25P     68
1.1331077795296D-15,4.0D0;                                            25P     69
124,-1.0D0,0.0D0,0.0D0,3.3790418471605D-14,0.0D0,0.0D0,1.0D0,         27P     70
-109.05D0,0.0D0,1.0D0,0.0D0,-18.7D0;                                  27P     71
100,0.0D0,0.0D0,0.0D0,1.1331077795296D-15,4.0D0,-4.0D0,               29P     72
4.04257239845944D-15;                                                 29P     73
110,4.00000000000003D0,-109.05D0,-18.7D0,4.00000000000003D0,          31P     74
-110.55D0,-18.7D0;                                                    31P     75
508,5,0,9,4,0,0,0,9,5,1,0,0,9,6,1,0,0,9,7,1,0,0,9,2,0,0;              33P     76
510,21,1,1,33;                                                        35P     77
116,3.3959370563963D-14,-109.3D0,-18.7D0,0;                           37P     78
123,-6.75808369432099D-16,1.0D0,5.15278826426185D-16;                 39P     79
194,37,39,3.75D0,45.0000000000002D0,43;                               41P     80
123,0.0D0,0.0D0,-1.0D0;                                               43P     81
110,3.49716064237643D-14,-109.55D0,-22.2D0,3.4754171348683D-14,       45P     82
-109.05D0,-22.7D0;                                                    45P     83
100,0.0D0,0.0D0,0.0D0,3.5D0,-8.57252759403148D-16,-3.5D0,             47P     84
1.28587913910472D-15;                                                 47P     85
124,0.0D0,-1.0D0,0.0D0,3.4128322656321D-14,0.0D0,0.0D0,1.0D0,         49P     86
-109.55D0,-1.0D0,0.0D0,0.0D0,-18.7D0;                                 49P     87
110,3.37136511127156D-14,-109.55D0,-15.2D0,3.2336823052998D-14,       51P     88
-109.05D0,-14.7D0;                                                    51P     89
100,0.0D0,0.0D0,0.0D0,-7.34788079488412D-16,-4.0D0,4.0D0,             53P     90
2.57299623948262D-15;                                                 53P     91
508,5,0,9,8,0,0,0,9,9,1,0,0,9,10,1,0,0,9,5,0,0,0,9,11,0,0;            55P     92
510,41,1,1,55;                                                        57P     93
116,3.3959370563963D-14,-109.3D0,-18.7D0,0;                           59P     94
123,-6.75808369432099D-16,1.0D0,5.15278826426185D-16;                 61P     95
194,59,61,3.75D0,45.0000000000002D0,65;                               63P     96
123,0.0D0,0.0D0,-1.0D0;                                               65P     97
100,0.0D0,0.0D0,0.0D0,-4.0D0,4.04257239845944D-15,                    67P     98
-7.34788079488412D-16,-4.0D0;                                         67P     99
100,0.0D0,0.0D0,0.0D0,-3.5D0,4.28626379701574D-16,3.5D0,              69P    100
-8.57252759403148D-16;                                                69P    101
508,5,0,9,8,1,0,0,9,12,0,0,0,9,6,0,0,0,9,10,0,0,0,9,13,1,0;           71P    102
510,63,1,1,71;                                                        73P    103
116,3.3646446217782D-14,-109.55D0,-16.7D0,0;                          75P    104
123,0.0D0,-1.0D0,0.0D0;                                               77P    105
190,75,77,81;                                                         79P    106
123,1.0D0,0.0D0,0.0D0;                                                81P    107
508,2,0,9,13,0,0,0,9,9,0,0;                                           83P    108
510,79,1,1,83;                                                        85P    109
128,1,8,1,2,0,1,0,0,0,1.49999999999999D0,1.49999999999999D0,          87P    110
1.875D0,1.875D0,0.0D0,0.0D0,0.0D0,6.28318530717959D0,                 87P    111
6.28318530717959D0,12.5663706143592D0,12.5663706143592D0,             87P    112
18.8495559215388D0,18.8495559215388D0,25.1327412287183D0,             87P    113
25.1327412287183D0,25.1327412287183D0,1.0D0,1.0D0,                    87P    114
.707106781186548D0,.707106781186548D0,1.0D0,1.0D0,                    87P    115
.707106781186548D0,.707106781186548D0,1.0D0,1.0D0,                    87P    116
.707106781186548D0,.707106781186548D0,1.0D0,1.0D0,                    87P    117
.707106781186548D0,.707106781186548D0,1.0D0,1.0D0,                    87P    118
4.00000000000003D0,-110.55D0,-18.7D0,4.00000000000003D0,              87P    119
-109.05D0,-18.7D0,4.00000000000003D0,-110.55D0,-22.7D0,               87P    120
4.00000000000003D0,-109.05D0,-22.7D0,3.48041310257531D-14,            87P    121
-110.55D0,-22.7D0,3.37904184716049D-14,-109.05D0,-22.7D0,             87P    122
-3.99999999999996D0,-110.55D0,-22.7D0,-3.99999999999997D0,            87P    123
-109.05D0,-22.7D0,-3.99999999999997D0,-110.55D0,-18.7D0,              87P    124
-3.99999999999997D0,-109.05D0,-18.7D0,-3.99999999999996D0,            87P    125
-110.55D0,-14.7D0,-3.99999999999997D0,-109.05D0,-14.7D0,              87P    126
3.48041310257531D-14,-110.55D0,-14.7D0,3.37904184716049D-14,          87P    127
-109.05D0,-14.7D0,4.00000000000003D0,-110.55D0,-14.7D0,               87P    128
4.00000000000003D0,-109.05D0,-14.7D0,4.00000000000003D0,              87P    129
-110.55D0,-18.7D0,4.00000000000003D0,-109.05D0,-18.7D0,               87P    130
1.49999999999999D0,1.875D0,0.0D0,25.1327412287183D0;                  87P    131
100,0.0D0,0.0D0,0.0D0,-4.0D0,4.04257239845944D-15,4.0D0,              89P    132
-9.79717439317883D-16;                                                89P    133
508,5,0,9,4,1,0,0,9,14,0,0,0,9,7,0,0,0,9,12,1,0,0,9,11,1,0;           91P    134
510,87,1,1,91;                                                        93P    135
128,1,8,1,2,0,1,0,0,0,-1.16663339721532D0,-1.16663339721532D0,        95P    136
1.16663339721533D0,1.16663339721533D0,0.0D0,0.0D0,0.0D0,              95P    137
3.14159265358979D0,3.14159265358979D0,6.28318530717959D0,             95P    138
6.28318530717959D0,9.42477796076938D0,9.42477796076938D0,             95P    139
12.5663706143592D0,12.5663706143592D0,12.5663706143592D0,1.0D0,       95P    140
1.0D0,.707106781186548D0,.707106781186548D0,1.0D0,1.0D0,              95P    141
.707106781186548D0,.707106781186548D0,1.0D0,1.0D0,                    95P    142
.707106781186548D0,.707106781186548D0,1.0D0,1.0D0,                    95P    143
.707106781186548D0,.707106781186548D0,1.0D0,1.0D0,                    95P    144
3.574918139293D-14,-112.95344247611D0,-18.7D0,                        95P    145
4.00000000000002D0,-110.55D0,-18.7D0,3.574918139293D-14,              95P    146
-112.95344247611D0,-18.7D0,4.00000000000002D0,-110.55D0,-22.7D0,      95P    147
3.6428397566557D-14,-112.95344247611D0,-18.7D0,                       95P    148
3.48041310257531D-14,-110.55D0,-22.7D0,3.7107613740184D-14,           95P    149
-112.95344247611D0,-18.7D0,-3.99999999999995D0,-110.55D0,             95P    150
-22.7D0,3.7107613740184D-14,-112.95344247611D0,-18.7D0,               95P    151
-3.99999999999996D0,-110.55D0,-18.7D0,3.7107613740184D-14,            95P    152
-112.95344247611D0,-18.7D0,-3.99999999999995D0,-110.55D0,             95P    153
-14.7D0,3.6428397566557D-14,-112.95344247611D0,-18.7D0,               95P    154
3.48041310257531D-14,-110.55D0,-14.7000000000001D0,                   95P    155
3.574918139293D-14,-112.95344247611D0,-18.7D0,                        95P    156
4.00000000000002D0,-110.55D0,-14.7D0,3.574918139293D-14,              95P    157
-112.95344247611D0,-18.7D0,4.00000000000002D0,-110.55D0,-18.7D0,      95P    158
-1.16663339721532D0,1.16663339721533D0,0.0D0,12.5663706143592D0;      95P    159
508,3,0,9,1,1,0,0,9,3,0,0,0,9,14,1,0;                                 97P    160
510,95,1,1,97;                                                        99P    161
514,7,19,1,35,1,57,1,73,1,85,1,93,1,99,1;                            101P    162
186,101,1,0;                                                         103P    163
116,6.85826553588788D-15,-77.23D0,-18.7D0,0;                         105P    164
123,3.73149642366835D-16,-1.0D0,-3.9241681192376D-16;                107P    165
192,105,107,1.5D0,111;                                               109P    166
123,.98161546233442D0,1.07698189170865D-16,.190869285391817D0;       111P    167
502,10,1.47242319350164D0,-89.23D0,-18.4136960719123D0,              113P    168
1.47242319350164D0,-65.23D0,-18.4136960719123D0,                     113P    169
-1.47242319350162D0,-89.23D0,-18.9863039280877D0,                    113P    170
-1.47242319350163D0,-65.23D0,-18.9863039280877D0,                    113P    171
2.69944252141966D0,-65.23D0,-18.1751094651725D0,                     113P    172
2.69944252141965D0,-54.73D0,-18.1751094651725D0,                     113P    173
-2.69944252141965D0,-65.23D0,-19.2248905348275D0,                    113P    174
-2.69944252141966D0,-54.73D0,-19.2248905348275D0,                    113P    175
-2.20863479025245D0,-54.23D0,-19.1294558921316D0,                    113P    176
2.20863479025244D0,-54.23D0,-18.2705441078684D0;                     113P    177
110,1.47242319350164D0,-89.23D0,-18.4136960719123D0,                 115P    178
1.47242319350164D0,-65.23D0,-18.4136960719123D0;                     115P    179
504,16,115,113,1,113,2,119,113,3,113,1,123,113,3,113,4,125,113,      117P    180
4,113,2,141,113,5,113,6,143,113,7,113,5,145,113,7,113,8,147,113,     117P    181
6,113,8,163,113,8,113,9,165,113,8,113,6,167,113,6,113,10,169,        117P    182
113,10,113,9,185,113,9,113,10,199,113,5,113,7,227,113,2,113,4,       117P    183
241,113,1,113,3;                                                     117P    184
100,0.0D0,0.0D0,0.0D0,-1.5D0,-4.82436794902991D-16,1.5D0,            119P    185
-3.03192929884458D-15;                                               119P    186
124,.98161546233442D0,-.190869285391817D0,0.0D0,                     121P    187
1.13360612442899D-14,1.07698189170865D-16,0.0D0,-1.0D0,-89.23D0,     121P    188
.190869285391817D0,.98161546233442D0,0.0D0,-18.7D0;                  121P    189
110,-1.47242319350162D0,-89.23D0,-18.9863039280877D0,                123P    190
-1.47242319350163D0,-65.23D0,-18.9863039280877D0;                    123P    191
100,0.0D0,0.0D0,0.0D0,-1.5D0,-4.82436794902992D-16,1.5D0,            125P    192
-3.67394039744207D-16;                                               125P    193
124,.98161546233442D0,-.190869285391816D0,0.0D0,                     127P    194
2.38046982748585D-15,1.07698189170865D-16,0.0D0,-1.0D0,-65.23D0,     127P    195
.190869285391816D0,.98161546233442D0,0.0D0,-18.7D0;                  127P    196
508,4,0,117,1,0,0,0,117,2,0,0,0,117,3,1,0,0,117,4,1,0;               129P    197
510,109,1,1,129;                                                     131P    198
116,3.28146794468257D-16,-59.73D0,-18.7D0,0;                         133P    199
123,3.73149642366835D-16,-1.0D0,-3.9241681192376D-16;                135P    200
192,133,135,2.75D0,139;                                              137P    201
123,.98161546233442D0,1.07698189170865D-16,.190869285391816D0;       139P    202
110,2.69944252141966D0,-65.23D0,-18.1751094651725D0,                 141P    203
2.69944252141965D0,-54.73D0,-18.1751094651725D0;                     141P    204
100,0.0D0,0.0D0,0.0D0,-2.75D0,3.36777869765522D-16,2.75D0,           143P    205
-6.73555739531044D-16;                                               143P    206
110,-2.69944252141965D0,-65.23D0,-19.2248905348275D0,                145P    207
-2.69944252141966D0,-54.73D0,-19.2248905348275D0;                    145P    208
100,0.0D0,0.0D0,0.0D0,-2.75D0,3.36777869765522D-16,2.75D0,           147P    209
-6.73555739531044D-16;                                               147P    210
124,-.98161546233442D0,-.190869285391816D0,0.0D0,                    149P    211
-1.53760141736592D-15,-1.07698189170865D-16,0.0D0,1.0D0,             149P    212
-54.73D0,-.190869285391816D0,.98161546233442D0,0.0D0,-18.7D0;        149P    213
508,4,0,117,5,0,0,0,117,6,0,0,0,117,7,1,0,0,117,8,0,0;               151P    214
510,137,1,1,151;                                                     153P    215
116,-1.63088882795763D-15,-54.48D0,-18.7D0,0;                        155P    216
123,3.73149642366835D-16,-1.0D0,-3.9241681192376D-16;                157P    217
194,155,157,2.5D0,44.9999999999999D0,161;                            159P    218
123,-.98161546233442D0,-1.90359118053876D-16,                        161P    219
-.190869285391816D0;                                                 161P    220
110,-2.69944252141966D0,-54.73D0,-19.2248905348275D0,                163P    221
-2.20863479025245D0,-54.23D0,-19.1294558921316D0;                    163P    222
100,0.0D0,0.0D0,0.0D0,2.75D0,0.0D0,-2.75D0,3.36777869765522D-16;     165P    223
110,2.69944252141965D0,-54.73D0,-18.1751094651725D0,                 167P    224
2.20863479025244D0,-54.23D0,-18.2705441078684D0;                     167P    225
100,0.0D0,0.0D0,0.0D0,-2.25D0,-7.23655192354487D-16,2.25D0,          169P    226
1.44731038470897D-15;                                                169P    227
124,-.98161546233442D0,.190869285391817D0,0.0D0,                     171P    228
-1.72417623854934D-15,-2.91389142244222D-16,0.0D0,-1.0D0,            171P    229
-54.23D0,-.190869285391817D0,-.98161546233442D0,0.0D0,-18.7D0;       171P    230
508,4,0,117,9,0,0,0,117,10,1,0,0,117,11,1,0,0,117,12,1,0;            173P    231
510,159,1,1,173;                                                     175P    232
116,-1.63088882795763D-15,-54.48D0,-18.7D0,0;                        177P    233
123,3.73149642366835D-16,-1.0D0,-3.9241681192376D-16;                179P    234
194,177,179,2.5D0,44.9999999999999D0,183;                            181P    235
123,-.98161546233442D0,-1.90359118053876D-16,                        183P    236
-.190869285391816D0;                                                 183P    237
100,0.0D0,0.0D0,0.0D0,2.25D0,1.49880108324396D-15,-2.25D0,           185P    238
-7.23655192354487D-16;                                               185P    239
508,4,0,117,9,1,0,0,117,13,1,0,0,117,11,0,0,0,117,8,1,0;             187P    240
510,181,1,1,187;                                                     189P    241
116,3.28146794468257D-16,-59.73D0,-18.7D0,0;                         191P    242
123,3.73149642366835D-16,-1.0D0,-3.9241681192376D-16;                193P    243
192,191,193,2.75D0,197;                                              195P    244
123,.98161546233442D0,1.07698189170865D-16,.190869285391816D0;       197P    245
100,0.0D0,0.0D0,0.0D0,2.75D0,1.11022302462516D-16,-2.75D0,           199P    246
3.36777869765522D-16;                                                199P    247
508,4,0,117,5,1,0,0,117,10,0,0,0,117,7,0,0,0,117,14,0,0;             201P    248
510,195,1,1,201;                                                     203P    249
116,1.34972126070983D0,-54.23D0,-18.4375547325863D0,0;               205P    250
123,0.0D0,1.0D0,0.0D0;                                               207P    251
190,205,207,211;                                                     209P    252
123,-.190869285391817D0,0.0D0,.98161546233442D0;                     211P    253
508,2,0,117,12,0,0,0,117,13,0,0;                                     213P    254
510,209,1,1,213;                                                     215P    255
116,2.08593285746065D0,-65.23D0,-18.2944027685424D0,0;               217P    256
123,0.0D0,-1.0D0,0.0D0;                                              219P    257
190,217,219,223;                                                     221P    258
123,.190869285391817D0,0.0D0,-.98161546233442D0;                     223P    259
508,2,0,117,14,1,0,0,117,6,1,0;                                      225P    260
100,0.0D0,0.0D0,0.0D0,1.5D0,4.9960036108132D-16,-1.5D0,              227P    261
-4.82436794902992D-16;                                               227P    262
508,2,0,117,15,0,0,0,117,4,0,0;                                      229P    263
510,221,2,1,225,229;                                                 231P    264
116,6.85826553588788D-15,-77.23D0,-18.7D0,0;                         233P    265
123,3.73149642366835D-16,-1.0D0,-3.9241681192376D-16;                235P    266
192,233,235,1.5D0,239;                                               237P    267
123,.98161546233442D0,1.07698189170865D-16,.190869285391817D0;       239P    268
100,0.0D0,0.0D0,0.0D0,1.5D0,-3.03192929884458D-15,-1.5D0,            241P    269
5.51091059616309D-16;                                                241P    270
508,4,0,117,1,1,0,0,117,15,1,0,0,117,3,0,0,0,117,16,0,0;             243P    271
510,237,1,1,243;                                                     245P    272
116,.736211596750827D0,-89.23D0,-18.5568480359562D0,0;               247P    273
123,0.0D0,-1.0D0,0.0D0;                                              249P    274
190,247,249,253;                                                     251P    275
123,.190869285391817D0,0.0D0,-.98161546233442D0;                     253P    276
508,2,0,117,16,1,0,0,117,2,1,0;                                      255P    277
510,251,1,1,255;                                                     257P    278
514,9,131,1,153,1,175,1,189,1,203,1,215,1,231,1,245,1,257,1;         259P    279
186,259,1,0;                                                         261P    280
120,267,265,0.0D0,6.28318530717959D0;                                263P    281
110,1.01371255414823D-16,-62.15D0,-18.7D0,-2.09838498708665D-15,     265P    282
-58.895D0,-15.445D0;                                                 265P    283
110,1.01371255414823D-16,-62.15D0,-18.7D0,1.01371255414823D-16,      267P    284
-61.15D0,-18.7D0;                                                    267P    285
502,18,-7.46908479735414D-16,-59.05D0,-15.6000000000001D0,           269P    286
-1.28994724054707D-16,-59.35D0,-15.9D0,3.67280510050532D-16,         269P    287
-59.05D0,-21.8D0,1.22025930385451D-15,-59.35D0,-21.5D0,              269P    288
1.6894027880325D-14,-83.05D0,-21.5D0,1.5887663631486D-14,            269P    289
-83.05D0,-15.9D0,1.71004384002393D-14,-83.8010757737844D0,           269P    290
-20.25D0,1.65433439053463D-14,-83.8010757737844D0,-17.15D0,          269P    291
-1.54999999999998D0,-83.8010757737844D0,-18.7D0,                     269P    292
-1.54999999999998D0,-93.05D0,-18.7D0,2.36068878452529D-14,           269P    293
-93.9813339594927D0,-18.7D0,1.55000000000002D0,-93.05D0,-18.7D0,     269P    294
1.55000000000002D0,-83.8010757737844D0,-18.7D0,                      269P    295
2.80000000000002D0,-54.55D0,-18.7D0,2.26340384386773D-14,            269P    296
-52.8675902667229D0,-18.7D0,-2.79999999999998D0,-54.55D0,            269P    297
-18.7D0,2.80000000000002D0,-59.05D0,-18.7D0,-2.79999999999998D0,     269P    298
-59.05D0,-18.7D0;                                                    269P    299
110,-7.46908479735414D-16,-59.05D0,-15.6000000000001D0,              271P    300
-1.28994724054707D-16,-59.35D0,-15.9D0;                              271P    301
504,30,271,269,1,269,2,275,269,3,269,1,279,269,3,269,4,281,269,      273P    302
4,269,2,291,269,4,269,5,293,269,2,269,4,295,269,2,269,6,297,269,     273P    303
5,269,6,307,269,5,269,7,309,269,6,269,8,311,269,9,269,8,315,269,     273P    304
7,269,9,323,269,10,269,11,325,269,10,269,12,329,269,12,269,11,       273P    305
337,269,9,269,10,339,269,8,269,13,341,269,13,269,12,349,269,14,      273P    306
269,15,351,269,14,269,16,355,269,16,269,15,363,269,17,269,14,        273P    307
365,269,18,269,17,369,269,18,269,16,383,269,1,269,3,387,269,17,      273P    308
269,18,395,269,16,269,14,409,269,12,269,10,411,269,13,269,7,425,     273P    309
269,6,269,5;                                                         273P    310
100,0.0D0,0.0D0,0.0D0,-3.09999999999996D0,3.79640507735674D-16,      275P    311
3.09999999999996D0,-7.59281015471348D-16;                            275P    312
124,0.0D0,-1.0D0,0.0D0,3.63923722291412D-29,0.0D0,0.0D0,-1.0D0,      277P    313
-59.05D0,1.0D0,0.0D0,0.0D0,-18.7D0;                                  277P    314
110,3.67280510050532D-16,-59.05D0,-21.8D0,1.22025930385451D-15,      279P    315
-59.35D0,-21.5D0;                                                    279P    316
100,0.0D0,0.0D0,0.0D0,-2.8D0,-9.00548683818917D-16,2.8D0,            281P    317
-6.85802207522518D-16;                                               281P    318
124,0.0D0,-1.0D0,0.0D0,2.02742510829638D-16,0.0D0,0.0D0,-1.0D0,      283P    319
-59.35D0,1.0D0,0.0D0,0.0D0,-18.7D0;                                  283P    320
508,4,0,273,1,0,0,0,273,2,0,0,0,273,3,1,0,0,273,4,1,0;               285P    321
510,263,1,1,285;                                                     287P    322
128,1,8,1,2,0,1,0,0,0,-4.17857142857143D0,-4.17857142857143D0,       289P    323
4.28571428571429D0,4.28571428571429D0,0.0D0,0.0D0,0.0D0,             289P    324
4.39822971502571D0,4.39822971502571D0,8.79645943005142D0,            289P    325
8.79645943005142D0,13.1946891450771D0,13.1946891450771D0,            289P    326
17.5929188601028D0,17.5929188601028D0,17.5929188601028D0,1.0D0,      289P    327
1.0D0,.707106781186548D0,.707106781186548D0,1.0D0,1.0D0,             289P    328
.707106781186548D0,.707106781186548D0,1.0D0,1.0D0,                   289P    329
.707106781186548D0,.707106781186548D0,1.0D0,1.0D0,                   289P    330
.707106781186548D0,.707106781186548D0,1.0D0,1.0D0,                   289P    331
1.5887663631486D-14,-83.05D0,-15.9D0,-1.28994724054713D-16,          289P    332
-59.35D0,-15.9D0,2.80000000000002D0,-83.05D0,-15.9D0,2.8D0,          289P    333
-59.35D0,-15.9D0,2.80000000000002D0,-83.05D0,-18.7D0,2.8D0,          289P    334
-59.35D0,-18.7D0,2.80000000000002D0,-83.05D0,-21.5D0,2.8D0,          289P    335
-59.35D0,-21.5D0,1.65511381012547D-14,-83.05D0,-21.5D0,              289P    336
5.34479745713972D-16,-59.35D0,-21.5D0,-2.79999999999999D0,           289P    337
-83.05D0,-21.5D0,-2.8D0,-59.35D0,-21.5D0,-2.79999999999999D0,        289P    338
-83.05D0,-18.7D0,-2.8D0,-59.35D0,-18.7D0,-2.79999999999999D0,        289P    339
-83.05D0,-15.9D0,-2.8D0,-59.35D0,-15.9D0,1.5887663631486D-14,        289P    340
-83.05D0,-15.9D0,-1.28994724054713D-16,-59.35D0,-15.9D0,             289P    341
-4.17857142857143D0,4.28571428571429D0,0.0D0,17.5929188601028D0;     289P    342
110,1.22025930385451D-15,-59.35D0,-21.5D0,1.6894027880325D-14,       291P    343
-83.05D0,-21.5D0;                                                    291P    344
100,0.0D0,0.0D0,0.0D0,2.8D0,3.31737234884345D-16,-2.8D0,             293P    345
-9.00548683818917D-16;                                               293P    346
110,-1.28994724054707D-16,-59.35D0,-15.9D0,1.5887663631486D-14,      295P    347
-83.05D0,-15.9D0;                                                    295P    348
100,0.0D0,0.0D0,0.0D0,2.8D0,-6.85802207522518D-16,-2.8D0,            297P    349
1.02870331128378D-15;                                                297P    350
124,0.0D0,-1.0D0,0.0D0,1.62194008663704D-14,0.0D0,0.0D0,1.0D0,       299P    351
-83.05D0,-1.0D0,0.0D0,0.0D0,-18.7D0;                                 299P    352
508,4,0,273,5,0,0,0,273,6,0,0,0,273,7,1,0,0,273,8,0,0;               301P    353
510,289,1,1,301;                                                     303P    354
128,1,8,1,2,0,1,0,0,0,-1.16663339721532D0,-1.16663339721532D0,       305P    355
-.124996435415919D0,-.124996435415919D0,0.0D0,0.0D0,0.0D0,           305P    356
2.19911485751286D0,2.19911485751286D0,4.39822971502571D0,            305P    357
4.39822971502571D0,6.59734457253857D0,6.59734457253857D0,            305P    358
8.79645943005142D0,8.79645943005142D0,8.79645943005142D0,1.0D0,      305P    359
1.0D0,.707106781186548D0,.707106781186548D0,1.0D0,1.0D0,             305P    360
.707106781186548D0,.707106781186548D0,1.0D0,1.0D0,                   305P    361
.707106781186548D0,.707106781186548D0,1.0D0,1.0D0,                   305P    362
.707106781186548D0,.707106781186548D0,1.0D0,1.0D0,                   305P    363
1.65433439053463D-14,-83.8010757737844D0,-17.15D0,                   305P    364
1.5887663631486D-14,-83.05D0,-15.9D0,1.55D0,-83.8010757737844D0,     305P    365
-17.15D0,2.8D0,-83.05D0,-15.9D0,1.55D0,-83.8010757737844D0,          305P    366
-18.7D0,2.8D0,-83.05D0,-18.7D0,1.55D0,-83.8010757737844D0,           305P    367
-20.25D0,2.8D0,-83.05D0,-21.5D0,1.69106244153969D-14,                305P    368
-83.8010757737844D0,-20.25D0,1.65511381012547D-14,-83.05D0,          305P    369
-21.5D0,-1.54999999999997D0,-83.8010757737844D0,-20.25D0,            305P    370
-2.79999999999997D0,-83.05D0,-21.5D0,-1.54999999999997D0,            305P    371
-83.8010757737844D0,-18.7D0,-2.79999999999997D0,-83.05D0,            305P    372
-18.7D0,-1.54999999999997D0,-83.8010757737844D0,-17.15D0,            305P    373
-2.79999999999997D0,-83.05D0,-15.9D0,1.65433439053463D-14,           305P    374
-83.8010757737844D0,-17.15D0,1.5887663631486D-14,-83.05D0,           305P    375
-15.9D0,-1.16663339721532D0,-.124996435415919D0,0.0D0,               305P    376
8.79645943005142D0;                                                  305P    377
110,1.6894027880325D-14,-83.05D0,-21.5D0,1.71004384002393D-14,       307P    378
-83.8010757737844D0,-20.25D0;                                        307P    379
110,1.5887663631486D-14,-83.05D0,-15.9D0,1.65433439053463D-14,       309P    380
-83.8010757737844D0,-17.15D0;                                        309P    381
100,0.0D0,0.0D0,0.0D0,1.55D0,0.0D0,9.49101269339199D-17,1.55D0;      311P    382
124,-1.0D0,0.0D0,0.0D0,1.67269841603716D-14,0.0D0,0.0D0,1.0D0,       313P    383
-83.8010757737844D0,0.0D0,1.0D0,0.0D0,-18.7D0;                       313P    384
100,0.0D0,0.0D0,0.0D0,-2.8473038080176D-16,-1.55D0,1.55D0,           315P    385
-3.7964050773568D-16;                                                315P    386
508,5,0,273,9,0,0,0,273,8,1,0,0,273,10,1,0,0,273,11,0,0,0,273,       317P    387
12,0,0;                                                              317P    388
510,305,1,1,317;                                                     319P    389
128,1,8,1,2,0,1,0,0,0,-1.16663339721533D0,-1.16663339721533D0,       321P    390
1.16663339721533D0,1.16663339721533D0,0.0D0,0.0D0,0.0D0,             321P    391
1.21736715326605D0,1.21736715326605D0,2.43473430653209D0,            321P    392
2.43473430653209D0,3.65210145979813D0,3.65210145979813D0,            321P    393
4.86946861306418D0,4.86946861306418D0,4.86946861306418D0,1.0D0,      321P    394
1.0D0,.707106781186548D0,.707106781186548D0,1.0D0,1.0D0,             321P    395
.707106781186548D0,.707106781186548D0,1.0D0,1.0D0,                   321P    396
.707106781186548D0,.707106781186548D0,1.0D0,1.0D0,                   321P    397
.707106781186548D0,.707106781186548D0,1.0D0,1.0D0,                   321P    398
2.34257058195908D-14,-93.9813339594927D0,-18.7D0,                    321P    399
1.55000000000002D0,-93.05D0,-18.7D0,2.34257058195908D-14,            321P    400
-93.9813339594927D0,-18.7D0,1.55000000000002D0,-93.05D0,             321P    401
-20.25D0,2.36068878452529D-14,-93.9813339594927D0,-18.7D0,           321P    402
2.29774845606914D-14,-93.05D0,-20.25D0,2.3788069870915D-14,          321P    403
-93.9813339594927D0,-18.7D0,-1.54999999999998D0,-93.05D0,            321P    404
-20.25D0,2.3788069870915D-14,-93.9813339594927D0,-18.7D0,            321P    405
-1.54999999999998D0,-93.05D0,-18.7D0,2.3788069870915D-14,            321P    406
-93.9813339594927D0,-18.7D0,-1.54999999999998D0,-93.05D0,            321P    407
-17.15D0,2.36068878452529D-14,-93.9813339594927D0,-18.7D0,           321P    408
2.29774845606914D-14,-93.05D0,-17.15D0,2.34257058195908D-14,         321P    409
-93.9813339594927D0,-18.7D0,1.55000000000002D0,-93.05D0,             321P    410
-17.15D0,2.34257058195908D-14,-93.9813339594927D0,-18.7D0,           321P    411
1.55000000000002D0,-93.05D0,-18.7D0,-1.16663339721533D0,             321P    412
1.16663339721533D0,0.0D0,4.86946861306418D0;                         321P    413
110,-1.54999999999998D0,-93.05D0,-18.7D0,2.36068878452529D-14,       323P    414
-93.9813339594927D0,-18.7D0;                                         323P    415
100,0.0D0,0.0D0,0.0D0,1.55D0,0.0D0,-1.55D0,3.63151163020582D-15;     325P    416
124,-1.0D0,0.0D0,0.0D0,2.29774845606914D-14,0.0D0,0.0D0,1.0D0,       327P    417
-93.05D0,0.0D0,1.0D0,0.0D0,-18.7D0;                                  327P    418
110,1.55000000000002D0,-93.05D0,-18.7D0,2.36068878452529D-14,        329P    419
-93.9813339594927D0,-18.7D0;                                         329P    420
508,3,0,273,13,0,0,0,273,14,1,0,0,273,15,1,0;                        331P    421
510,321,1,1,331;                                                     333P    422
128,1,8,1,2,0,1,0,0,0,5.00069404760287D0,5.00069404760287D0,         335P    423
10.9677419354839D0,10.9677419354839D0,0.0D0,0.0D0,0.0D0,             335P    424
2.43473430653209D0,2.43473430653209D0,4.86946861306418D0,            335P    425
4.86946861306418D0,7.30420291959627D0,7.30420291959627D0,            335P    426
9.73893722612836D0,9.73893722612836D0,9.73893722612836D0,1.0D0,      335P    427
1.0D0,.707106781186548D0,.707106781186548D0,1.0D0,1.0D0,             335P    428
.707106781186548D0,.707106781186548D0,1.0D0,1.0D0,                   335P    429
.707106781186548D0,.707106781186548D0,1.0D0,1.0D0,                   335P    430
.707106781186548D0,.707106781186548D0,1.0D0,1.0D0,                   335P    431
1.55000000000002D0,-93.05D0,-18.7D0,1.55000000000002D0,              335P    432
-83.8010757737844D0,-18.7D0,1.55000000000002D0,-93.05D0,             335P    433
-20.25D0,1.55000000000002D0,-83.8010757737844D0,-20.25D0,            335P    434
2.29774845606914D-14,-93.05D0,-20.25D0,1.67269841603716D-14,         335P    435
-83.8010757737844D0,-20.25D0,-1.54999999999998D0,-93.05D0,           335P    436
-20.25D0,-1.54999999999998D0,-83.8010757737844D0,-20.25D0,           335P    437
-1.54999999999998D0,-93.05D0,-18.7D0,-1.54999999999998D0,            335P    438
-83.8010757737844D0,-18.7D0,-1.54999999999998D0,-93.05D0,            335P    439
-17.15D0,-1.54999999999998D0,-83.8010757737844D0,-17.15D0,           335P    440
2.29774845606914D-14,-93.05D0,-17.15D0,1.67269841603716D-14,         335P    441
-83.8010757737844D0,-17.15D0,1.55000000000002D0,-93.05D0,            335P    442
-17.15D0,1.55000000000002D0,-83.8010757737844D0,-17.15D0,            335P    443
1.55000000000002D0,-93.05D0,-18.7D0,1.55000000000002D0,              335P    444
-83.8010757737844D0,-18.7D0,5.00069404760287D0,                      335P    445
10.9677419354839D0,0.0D0,9.73893722612836D0;                         335P    446
110,-1.54999999999998D0,-83.8010757737844D0,-18.7D0,                 337P    447
-1.54999999999998D0,-93.05D0,-18.7D0;                                337P    448
100,0.0D0,0.0D0,0.0D0,9.49101269339199D-17,1.55D0,-1.55D0,           339P    449
1.8982025386784D-16;                                                 339P    450
110,1.55000000000002D0,-83.8010757737844D0,-18.7D0,                  341P    451
1.55000000000002D0,-93.05D0,-18.7D0;                                 341P    452
508,5,0,273,16,0,0,0,273,11,1,0,0,273,17,1,0,0,273,18,1,0,0,273,     343P    453
14,0,0;                                                              343P    454
510,335,1,1,343;                                                     345P    455
128,1,8,1,2,0,1,0,0,0,-1.16663339721535D0,-1.16663339721535D0,       347P    456
1.16663339721533D0,1.16663339721533D0,0.0D0,0.0D0,0.0D0,             347P    457
2.19911485751286D0,2.19911485751286D0,4.39822971502571D0,            347P    458
4.39822971502571D0,6.59734457253857D0,6.59734457253857D0,            347P    459
8.79645943005142D0,8.79645943005142D0,8.79645943005142D0,1.0D0,      347P    460
1.0D0,.707106781186548D0,.707106781186548D0,1.0D0,1.0D0,             347P    461
.707106781186548D0,.707106781186548D0,1.0D0,1.0D0,                   347P    462
.707106781186548D0,.707106781186548D0,1.0D0,1.0D0,                   347P    463
.707106781186548D0,.707106781186548D0,1.0D0,1.0D0,                   347P    464
2.24265050974282D-14,-52.8675902667229D0,-18.7D0,-2.8D0,             347P    465
-54.55D0,-18.7D0,2.24265050974282D-14,-52.8675902667229D0,           347P    466
-18.7D0,-2.8D0,-54.55D0,-21.5D0,2.26340384386773D-14,                347P    467
-52.8675902667229D0,-18.7D0,2.26340384386773D-14,-54.55D0,           347P    468
-21.5D0,2.28415717799264D-14,-52.8675902667229D0,-18.7D0,            347P    469
2.80000000000005D0,-54.55D0,-21.5D0,2.28415717799264D-14,            347P    470
-52.8675902667229D0,-18.7D0,2.80000000000005D0,-54.55D0,-18.7D0,     347P    471
2.28415717799264D-14,-52.8675902667229D0,-18.7D0,                    347P    472
2.80000000000005D0,-54.55D0,-15.9D0,2.26340384386773D-14,            347P    473
-52.8675902667229D0,-18.7D0,2.26340384386773D-14,-54.55D0,           347P    474
-15.9D0,2.24265050974282D-14,-52.8675902667229D0,-18.7D0,-2.8D0,     347P    475
-54.55D0,-15.9D0,2.24265050974282D-14,-52.8675902667229D0,           347P    476
-18.7D0,-2.8D0,-54.55D0,-18.7D0,-1.16663339721535D0,                 347P    477
1.16663339721533D0,0.0D0,8.79645943005142D0;                         347P    478
110,2.80000000000002D0,-54.55D0,-18.7D0,2.26340384386773D-14,        349P    479
-52.8675902667229D0,-18.7D0;                                         349P    480
100,0.0D0,0.0D0,0.0D0,2.8D0,0.0D0,-2.8D0,3.42901103761259D-16;       351P    481
124,1.0D0,0.0D0,0.0D0,2.26340384386773D-14,0.0D0,0.0D0,-1.0D0,       353P    482
-54.55D0,0.0D0,1.0D0,0.0D0,-18.7D0;                                  353P    483
110,-2.79999999999998D0,-54.55D0,-18.7D0,2.26340384386773D-14,       355P    484
-52.8675902667229D0,-18.7D0;                                         355P    485
508,3,0,273,19,0,0,0,273,20,1,0,0,273,21,1,0;                        357P    486
510,347,1,1,357;                                                     359P    487
128,1,8,1,2,0,1,0,0,0,-.803571428571429D0,-.803571428571429D0,       361P    488
.803571428571431D0,.803571428571431D0,0.0D0,0.0D0,0.0D0,             361P    489
4.39822971502571D0,4.39822971502571D0,8.79645943005142D0,            361P    490
8.79645943005142D0,13.1946891450771D0,13.1946891450771D0,            361P    491
17.5929188601028D0,17.5929188601028D0,17.5929188601028D0,1.0D0,      361P    492
1.0D0,.707106781186548D0,.707106781186548D0,1.0D0,1.0D0,             361P    493
.707106781186548D0,.707106781186548D0,1.0D0,1.0D0,                   361P    494
.707106781186548D0,.707106781186548D0,1.0D0,1.0D0,                   361P    495
.707106781186548D0,.707106781186548D0,1.0D0,1.0D0,                   361P    496
-2.79999999999998D0,-54.55D0,-18.7D0,-2.79999999999998D0,            361P    497
-59.05D0,-18.7D0,-2.79999999999998D0,-54.55D0,-21.5D0,               361P    498
-2.79999999999998D0,-59.05D0,-21.5D0,2.26340384386773D-14,           361P    499
-54.55D0,-21.5D0,2.26340384386773D-14,-59.05D0,-21.5D0,              361P    500
2.80000000000002D0,-54.55D0,-21.5D0,2.80000000000002D0,-59.05D0,     361P    501
-21.5D0,2.80000000000002D0,-54.55D0,-18.7D0,2.80000000000002D0,      361P    502
-59.05D0,-18.7D0,2.80000000000002D0,-54.55D0,-15.9D0,                361P    503
2.80000000000002D0,-59.05D0,-15.9D0,2.26340384386773D-14,            361P    504
-54.55D0,-15.9D0,2.26340384386773D-14,-59.05D0,-15.9D0,              361P    505
-2.79999999999998D0,-54.55D0,-15.9D0,-2.79999999999998D0,            361P    506
-59.05D0,-15.9D0,-2.79999999999998D0,-54.55D0,-18.7D0,               361P    507
-2.79999999999998D0,-59.05D0,-18.7D0,-.803571428571429D0,            361P    508
.803571428571431D0,0.0D0,17.5929188601028D0;                         361P    509
110,2.80000000000002D0,-59.05D0,-18.7D0,2.80000000000002D0,          363P    510
-54.55D0,-18.7D0;                                                    363P    511
100,0.0D0,0.0D0,0.0D0,-2.8D0,3.42901103761259D-16,2.8D0,             365P    512
-6.85802207522518D-16;                                               365P    513
124,1.0D0,0.0D0,0.0D0,2.26340384386773D-14,0.0D0,0.0D0,1.0D0,        367P    514
-59.05D0,0.0D0,-1.0D0,0.0D0,-18.7D0;                                 367P    515
110,-2.79999999999998D0,-59.05D0,-18.7D0,-2.79999999999998D0,        369P    516
-54.55D0,-18.7D0;                                                    369P    517
508,4,0,273,22,0,0,0,273,23,0,0,0,273,24,1,0,0,273,20,0,0;           371P    518
510,361,1,1,371;                                                     373P    519
116,2.26340384386773D-14,-59.05D0,-24.7D0,0;                         375P    520
123,0.0D0,-1.0D0,0.0D0;                                              377P    521
190,375,377,381;                                                     379P    522
123,0.0D0,0.0D0,-1.0D0;                                              381P    523
100,0.0D0,0.0D0,0.0D0,3.09999999999996D0,7.4690847973545D-16,        383P    524
-3.09999999999996D0,3.79640507735674D-16;                            383P    525
508,2,0,273,2,1,0,0,273,25,1,0;                                      385P    526
100,0.0D0,0.0D0,0.0D0,2.8D0,0.0D0,-2.8D0,3.42901103761259D-16;       387P    527
508,2,0,273,26,1,0,0,273,23,1,0;                                     389P    528
510,379,2,1,385,389;                                                 391P    529
128,1,8,1,2,0,1,0,0,0,-.803571428571426D0,-.803571428571426D0,       393P    530
.803571428571431D0,.803571428571431D0,0.0D0,0.0D0,0.0D0,             393P    531
4.39822971502571D0,4.39822971502571D0,8.79645943005142D0,            393P    532
8.79645943005142D0,13.1946891450771D0,13.1946891450771D0,            393P    533
17.5929188601028D0,17.5929188601028D0,17.5929188601028D0,1.0D0,      393P    534
1.0D0,.707106781186548D0,.707106781186548D0,1.0D0,1.0D0,             393P    535
.707106781186548D0,.707106781186548D0,1.0D0,1.0D0,                   393P    536
.707106781186548D0,.707106781186548D0,1.0D0,1.0D0,                   393P    537
.707106781186548D0,.707106781186548D0,1.0D0,1.0D0,                   393P    538
-2.79999999999998D0,-54.55D0,-18.7D0,-2.79999999999998D0,            393P    539
-59.05D0,-18.7D0,-2.79999999999998D0,-54.55D0,-21.5D0,               393P    540
-2.79999999999998D0,-59.05D0,-21.5D0,2.26340384386773D-14,           393P    541
-54.55D0,-21.5D0,2.26340384386773D-14,-59.05D0,-21.5D0,              393P    542
2.80000000000002D0,-54.55D0,-21.5D0,2.80000000000002D0,-59.05D0,     393P    543
-21.5D0,2.80000000000002D0,-54.55D0,-18.7D0,2.80000000000002D0,      393P    544
-59.05D0,-18.7D0,2.80000000000002D0,-54.55D0,-15.9D0,                393P    545
2.80000000000002D0,-59.05D0,-15.9D0,2.26340384386773D-14,            393P    546
-54.55D0,-15.9D0,2.26340384386773D-14,-59.05D0,-15.9D0,              393P    547
-2.79999999999998D0,-54.55D0,-15.9D0,-2.79999999999998D0,            393P    548
-59.05D0,-15.9D0,-2.79999999999998D0,-54.55D0,-18.7D0,               393P    549
-2.79999999999998D0,-59.05D0,-18.7D0,-.803571428571426D0,            393P    550
.803571428571431D0,0.0D0,17.5929188601028D0;                         393P    551
100,0.0D0,0.0D0,0.0D0,-2.8D0,3.42901103761259D-16,2.8D0,             395P    552
-6.85802207522518D-16;                                               395P    553
508,4,0,273,22,1,0,0,273,27,0,0,0,273,24,0,0,0,273,26,0,0;           397P    554
510,393,1,1,397;                                                     399P    555
128,1,8,1,2,0,1,0,0,0,-1.16663339721534D0,-1.16663339721534D0,       401P    556
1.16663339721533D0,1.16663339721533D0,0.0D0,0.0D0,0.0D0,             401P    557
2.19911485751286D0,2.19911485751286D0,4.39822971502571D0,            401P    558
4.39822971502571D0,6.59734457253857D0,6.59734457253857D0,            401P    559
8.79645943005142D0,8.79645943005142D0,8.79645943005142D0,1.0D0,      401P    560
1.0D0,.707106781186548D0,.707106781186548D0,1.0D0,1.0D0,             401P    561
.707106781186548D0,.707106781186548D0,1.0D0,1.0D0,                   401P    562
.707106781186548D0,.707106781186548D0,1.0D0,1.0D0,                   401P    563
.707106781186548D0,.707106781186548D0,1.0D0,1.0D0,                   401P    564
2.24265050974282D-14,-52.8675902667229D0,-18.7D0,                    401P    565
-2.79999999999999D0,-54.55D0,-18.7D0,2.24265050974282D-14,           401P    566
-52.8675902667229D0,-18.7D0,-2.79999999999999D0,-54.55D0,            401P    567
-21.5D0,2.26340384386773D-14,-52.8675902667229D0,-18.7D0,            401P    568
2.26340384386773D-14,-54.55D0,-21.5D0,2.28415717799264D-14,          401P    569
-52.8675902667229D0,-18.7D0,2.80000000000003D0,-54.55D0,-21.5D0,     401P    570
2.28415717799264D-14,-52.8675902667229D0,-18.7D0,                    401P    571
2.80000000000003D0,-54.55D0,-18.7D0,2.28415717799264D-14,            401P    572
-52.8675902667229D0,-18.7D0,2.80000000000003D0,-54.55D0,-15.9D0,     401P    573
2.26340384386773D-14,-52.8675902667229D0,-18.7D0,                    401P    574
2.26340384386773D-14,-54.55D0,-15.9D0,2.24265050974282D-14,          401P    575
-52.8675902667229D0,-18.7D0,-2.79999999999999D0,-54.55D0,            401P    576
-15.9D0,2.24265050974282D-14,-52.8675902667229D0,-18.7D0,            401P    577
-2.79999999999999D0,-54.55D0,-18.7D0,-1.16663339721534D0,            401P    578
1.16663339721533D0,0.0D0,8.79645943005142D0;                         401P    579
508,3,0,273,19,1,0,0,273,21,0,0,0,273,27,1,0;                        403P    580
510,401,1,1,403;                                                     405P    581
128,1,8,1,2,0,1,0,0,0,5.00069404760287D0,5.00069404760287D0,         407P    582
10.9677419354839D0,10.9677419354839D0,0.0D0,0.0D0,0.0D0,             407P    583
2.43473430653209D0,2.43473430653209D0,4.86946861306418D0,            407P    584
4.86946861306418D0,7.30420291959627D0,7.30420291959627D0,            407P    585
9.73893722612836D0,9.73893722612836D0,9.73893722612836D0,1.0D0,      407P    586
1.0D0,.707106781186548D0,.707106781186548D0,1.0D0,1.0D0,             407P    587
.707106781186548D0,.707106781186548D0,1.0D0,1.0D0,                   407P    588
.707106781186548D0,.707106781186548D0,1.0D0,1.0D0,                   407P    589
.707106781186548D0,.707106781186548D0,1.0D0,1.0D0,                   407P    590
1.55000000000002D0,-93.05D0,-18.7D0,1.55000000000002D0,              407P    591
-83.8010757737844D0,-18.7D0,1.55000000000002D0,-93.05D0,             407P    592
-20.25D0,1.55000000000002D0,-83.8010757737844D0,-20.25D0,            407P    593
2.29774845606914D-14,-93.05D0,-20.25D0,1.67269841603716D-14,         407P    594
-83.8010757737844D0,-20.25D0,-1.54999999999998D0,-93.05D0,           407P    595
-20.25D0,-1.54999999999998D0,-83.8010757737844D0,-20.25D0,           407P    596
-1.54999999999998D0,-93.05D0,-18.7D0,-1.54999999999998D0,            407P    597
-83.8010757737844D0,-18.7D0,-1.54999999999998D0,-93.05D0,            407P    598
-17.15D0,-1.54999999999998D0,-83.8010757737844D0,-17.15D0,           407P    599
2.29774845606914D-14,-93.05D0,-17.15D0,1.67269841603716D-14,         407P    600
-83.8010757737844D0,-17.15D0,1.55000000000002D0,-93.05D0,            407P    601
-17.15D0,1.55000000000002D0,-83.8010757737844D0,-17.15D0,            407P    602
1.55000000000002D0,-93.05D0,-18.7D0,1.55000000000002D0,              407P    603
-83.8010757737844D0,-18.7D0,5.00069404760287D0,                      407P    604
10.9677419354839D0,0.0D0,9.73893722612836D0;                         407P    605
100,0.0D0,0.0D0,0.0D0,-1.55D0,3.63151163020582D-15,1.55D0,           409P    606
-3.7964050773568D-16;                                                409P    607
100,0.0D0,0.0D0,0.0D0,-1.55D0,1.8982025386784D-16,                   411P    608
-2.8473038080176D-16,-1.55D0;                                        411P    609
508,5,0,273,16,1,0,0,273,28,0,0,0,273,18,0,0,0,273,29,1,0,0,273,     413P    610
12,1,0;                                                              413P    611
510,407,1,1,413;                                                     415P    612
128,1,8,1,2,0,1,0,0,0,-1.16663339721533D0,-1.16663339721533D0,       417P    613
1.16663339721533D0,1.16663339721533D0,0.0D0,0.0D0,0.0D0,             417P    614
1.21736715326605D0,1.21736715326605D0,2.43473430653209D0,            417P    615
2.43473430653209D0,3.65210145979813D0,3.65210145979813D0,            417P    616
4.86946861306418D0,4.86946861306418D0,4.86946861306418D0,1.0D0,      417P    617
1.0D0,.707106781186548D0,.707106781186548D0,1.0D0,1.0D0,             417P    618
.707106781186548D0,.707106781186548D0,1.0D0,1.0D0,                   417P    619
.707106781186548D0,.707106781186548D0,1.0D0,1.0D0,                   417P    620
.707106781186548D0,.707106781186548D0,1.0D0,1.0D0,                   417P    621
2.34257058195908D-14,-93.9813339594927D0,-18.7D0,                    417P    622
1.55000000000002D0,-93.05D0,-18.7D0,2.34257058195908D-14,            417P    623
-93.9813339594927D0,-18.7D0,1.55000000000002D0,-93.05D0,             417P    624
-20.25D0,2.36068878452529D-14,-93.9813339594927D0,-18.7D0,           417P    625
2.29774845606914D-14,-93.05D0,-20.25D0,2.3788069870915D-14,          417P    626
-93.9813339594927D0,-18.7D0,-1.54999999999998D0,-93.05D0,            417P    627
-20.25D0,2.3788069870915D-14,-93.9813339594927D0,-18.7D0,            417P    628
-1.54999999999998D0,-93.05D0,-18.7D0,2.3788069870915D-14,            417P    629
-93.9813339594927D0,-18.7D0,-1.54999999999998D0,-93.05D0,            417P    630
-17.15D0,2.36068878452529D-14,-93.9813339594927D0,-18.7D0,           417P    631
2.29774845606914D-14,-93.05D0,-17.15D0,2.34257058195908D-14,         417P    632
-93.9813339594927D0,-18.7D0,1.55000000000002D0,-93.05D0,             417P    633
-17.15D0,2.34257058195908D-14,-93.9813339594927D0,-18.7D0,           417P    634
1.55000000000002D0,-93.05D0,-18.7D0,-1.16663339721533D0,             417P    635
1.16663339721533D0,0.0D0,4.86946861306418D0;                         417P    636
508,3,0,273,13,1,0,0,273,15,0,0,0,273,28,1,0;                        419P    637
510,417,1,1,419;                                                     421P    638
128,1,8,1,2,0,1,0,0,0,-1.16663339721532D0,-1.16663339721532D0,       423P    639
-.124996435415919D0,-.124996435415919D0,0.0D0,0.0D0,0.0D0,           423P    640
2.19911485751286D0,2.19911485751286D0,4.39822971502571D0,            423P    641
4.39822971502571D0,6.59734457253857D0,6.59734457253857D0,            423P    642
8.79645943005142D0,8.79645943005142D0,8.79645943005142D0,1.0D0,      423P    643
1.0D0,.707106781186548D0,.707106781186548D0,1.0D0,1.0D0,             423P    644
.707106781186548D0,.707106781186548D0,1.0D0,1.0D0,                   423P    645
.707106781186548D0,.707106781186548D0,1.0D0,1.0D0,                   423P    646
.707106781186548D0,.707106781186548D0,1.0D0,1.0D0,                   423P    647
1.65433439053463D-14,-83.8010757737844D0,-17.15D0,                   423P    648
1.5887663631486D-14,-83.05D0,-15.9D0,1.55D0,-83.8010757737844D0,     423P    649
-17.15D0,2.8D0,-83.05D0,-15.9D0,1.55D0,-83.8010757737844D0,          423P    650
-18.7D0,2.8D0,-83.05D0,-18.7D0,1.55D0,-83.8010757737844D0,           423P    651
-20.25D0,2.8D0,-83.05D0,-21.5D0,1.69106244153969D-14,                423P    652
-83.8010757737844D0,-20.25D0,1.65511381012547D-14,-83.05D0,          423P    653
-21.5D0,-1.54999999999997D0,-83.8010757737844D0,-20.25D0,            423P    654
-2.79999999999997D0,-83.05D0,-21.5D0,-1.54999999999997D0,            423P    655
-83.8010757737844D0,-18.7D0,-2.79999999999997D0,-83.05D0,            423P    656
-18.7D0,-1.54999999999997D0,-83.8010757737844D0,-17.15D0,            423P    657
-2.79999999999997D0,-83.05D0,-15.9D0,1.65433439053463D-14,           423P    658
-83.8010757737844D0,-17.15D0,1.5887663631486D-14,-83.05D0,           423P    659
-15.9D0,-1.16663339721532D0,-.124996435415919D0,0.0D0,               423P    660
8.79645943005142D0;                                                  423P    661
100,0.0D0,0.0D0,0.0D0,-2.8D0,3.42901103761259D-16,2.8D0,             425P    662
-6.85802207522518D-16;                                               425P    663
508,5,0,273,9,1,0,0,273,29,0,0,0,273,17,0,0,0,273,10,0,0,0,273,      427P    664
30,1,0;                                                              427P    665
510,423,1,1,427;                                                     429P    666
128,1,8,1,2,0,1,0,0,0,-4.17857142857143D0,-4.17857142857143D0,       431P    667
4.28571428571429D0,4.28571428571429D0,0.0D0,0.0D0,0.0D0,             431P    668
4.39822971502571D0,4.39822971502571D0,8.79645943005142D0,            431P    669
8.79645943005142D0,13.1946891450771D0,13.1946891450771D0,            431P    670
17.5929188601028D0,17.5929188601028D0,17.5929188601028D0,1.0D0,      431P    671
1.0D0,.707106781186548D0,.707106781186548D0,1.0D0,1.0D0,             431P    672
.707106781186548D0,.707106781186548D0,1.0D0,1.0D0,                   431P    673
.707106781186548D0,.707106781186548D0,1.0D0,1.0D0,                   431P    674
.707106781186548D0,.707106781186548D0,1.0D0,1.0D0,                   431P    675
1.5887663631486D-14,-83.05D0,-15.9D0,-1.28994724054713D-16,          431P    676
-59.35D0,-15.9D0,2.80000000000002D0,-83.05D0,-15.9D0,2.8D0,          431P    677
-59.35D0,-15.9D0,2.80000000000002D0,-83.05D0,-18.7D0,2.8D0,          431P    678
-59.35D0,-18.7D0,2.80000000000002D0,-83.05D0,-21.5D0,2.8D0,          431P    679
-59.35D0,-21.5D0,1.65511381012547D-14,-83.05D0,-21.5D0,              431P    680
5.34479745713972D-16,-59.35D0,-21.5D0,-2.79999999999999D0,           431P    681
-83.05D0,-21.5D0,-2.8D0,-59.35D0,-21.5D0,-2.79999999999999D0,        431P    682
-83.05D0,-18.7D0,-2.8D0,-59.35D0,-18.7D0,-2.79999999999999D0,        431P    683
-83.05D0,-15.9D0,-2.8D0,-59.35D0,-15.9D0,1.5887663631486D-14,        431P    684
-83.05D0,-15.9D0,-1.28994724054713D-16,-59.35D0,-15.9D0,             431P    685
-4.17857142857143D0,4.28571428571429D0,0.0D0,17.5929188601028D0;     431P    686
508,4,0,273,5,1,0,0,273,30,0,0,0,273,7,0,0,0,273,4,0,0;              433P    687
510,431,1,1,433;                                                     435P    688
120,441,439,0.0D0,6.28318530717959D0;                                437P    689
110,1.01371255414823D-16,-62.15D0,-18.7D0,-2.09838498708665D-15,     439P    690
-58.895D0,-15.445D0;                                                 439P    691
110,1.01371255414823D-16,-62.15D0,-18.7D0,1.01371255414823D-16,      441P    692
-61.15D0,-18.7D0;                                                    441P    693
508,4,0,273,1,1,0,0,273,6,1,0,0,273,3,0,0,0,273,25,0,0;              443P    694
510,437,1,1,443;                                                     445P    695
514,15,287,1,303,1,319,1,333,1,345,1,359,1,373,1,391,1,399,1,        447P    696
405,1,415,1,421,1,429,1,435,1,445,1;                                 447P    697
186,447,1,0;                                                         449P    698
128,1,8,1,2,0,1,0,0,0,-50.0246095612451D0,-50.0246095612451D0,       451P    699
-48.9960381326737D0,-48.9960381326737D0,0.0D0,0.0D0,0.0D0,           451P    700
5.49778714378214D0,5.49778714378214D0,10.9955742875643D0,            451P    701
10.9955742875643D0,16.4933614313464D0,16.4933614313464D0,            451P    702
21.9911485751286D0,21.9911485751286D0,21.9911485751286D0,1.0D0,      451P    703
1.0D0,.707106781186548D0,.707106781186548D0,1.0D0,1.0D0,             451P    704
.707106781186548D0,.707106781186548D0,1.0D0,1.0D0,                   451P    705
.707106781186548D0,.707106781186548D0,1.0D0,1.0D0,                   451P    706
.707106781186548D0,.707106781186548D0,1.0D0,1.0D0,                   451P    707
-26.9055915910215D0,-30.4055915910215D0,5.6843418860808D-14,         451P    708
-26.9055915910215D0,-30.4055915910215D0,-3.60000000000005D0,         451P    709
-26.9055915910215D0,-33.9055915910215D0,5.58008923620746D-14,        451P    710
-26.9055915910215D0,-33.9055915910215D0,-3.60000000000005D0,         451P    711
-30.4055915910215D0,-33.9055915910215D0,5.58008923620746D-14,        451P    712
-30.4055915910215D0,-33.9055915910215D0,-3.60000000000005D0,         451P    713
-33.9055915910216D0,-33.9055915910215D0,5.58008923620746D-14,        451P    714
-33.9055915910216D0,-33.9055915910215D0,-3.60000000000005D0,         451P    715
-33.9055915910216D0,-30.4055915910215D0,5.6843418860808D-14,         451P    716
-33.9055915910216D0,-30.4055915910215D0,-3.60000000000005D0,         451P    717
-33.9055915910216D0,-26.9055915910215D0,5.78859453595414D-14,        451P    718
-33.9055915910216D0,-26.9055915910215D0,-3.60000000000005D0,         451P    719
-30.4055915910215D0,-26.9055915910215D0,5.78859453595414D-14,        451P    720
-30.4055915910215D0,-26.9055915910215D0,-3.60000000000005D0,         451P    721
-26.9055915910215D0,-26.9055915910215D0,5.78859453595414D-14,        451P    722
-26.9055915910215D0,-26.9055915910215D0,-3.60000000000005D0,         451P    723
-26.9055915910215D0,-30.4055915910215D0,5.6843418860808D-14,         451P    724
-26.9055915910215D0,-30.4055915910215D0,-3.60000000000005D0,         451P    725
-50.0246095612451D0,-48.9960381326737D0,0.0D0,                       451P    726
21.9911485751286D0;                                                  451P    727
502,301,-33.9055915910216D0,-30.4055915910215D0,                     453P    728
-3.60000000000005D0,-33.9055915910216D0,-30.4055915910215D0,         453P    729
2.8421709430404D-14,-26.9055915910215D0,-30.4055915910215D0,         453P    730
-3.60000000000004D0,-26.9055915910215D0,-30.4055915910215D0,         453P    731
3.5527136788005D-14,-35.9055915910215D0,-30.4055915910215D0,         453P    732
-10.6D0,-35.9055915910215D0,-30.4055915910215D0,                     453P    733
-3.60000000000003D0,-24.9055915910215D0,-30.4055915910215D0,         453P    734
-10.6D0,-24.9055915910215D0,-30.4055915910215D0,                     453P    735
-3.60000000000003D0,30.4055915910215D0,-33.9055915910216D0,          453P    736
-3.60000000000005D0,30.4055915910215D0,-33.9055915910216D0,          453P    737
0.0D0,30.4055915910215D0,-26.9055915910215D0,                        453P    738
-3.60000000000004D0,30.4055915910215D0,-26.9055915910215D0,          453P    739
3.5527136788005D-14,30.4055915910215D0,-35.9055915910215D0,          453P    740
-10.6D0,30.4055915910215D0,-35.9055915910215D0,                      453P    741
-3.60000000000003D0,30.4055915910215D0,-24.9055915910215D0,          453P    742
-10.6D0,30.4055915910215D0,-24.9055915910215D0,                      453P    743
-3.60000000000003D0,33.9055915910216D0,30.4055915910215D0,           453P    744
-3.60000000000005D0,33.9055915910216D0,30.4055915910215D0,           453P    745
-2.8421709430404D-14,26.9055915910215D0,30.4055915910215D0,          453P    746
-3.60000000000004D0,26.9055915910215D0,30.4055915910215D0,           453P    747
3.5527136788005D-14,35.9055915910215D0,30.4055915910215D0,           453P    748
-10.6D0,35.9055915910215D0,30.4055915910215D0,                       453P    749
-3.60000000000003D0,24.9055915910215D0,30.4055915910215D0,           453P    750
-10.6D0,24.9055915910215D0,30.4055915910215D0,                       453P    751
-3.60000000000003D0,-30.4055915910215D0,33.9055915910216D0,          453P    752
-3.60000000000005D0,-30.4055915910215D0,33.9055915910216D0,          453P    753
0.0D0,-30.4055915910215D0,26.9055915910215D0,                        453P    754
-3.60000000000004D0,-30.4055915910215D0,26.9055915910215D0,          453P    755
3.5527136788005D-14,-30.4055915910215D0,35.9055915910215D0,          453P    756
-10.6D0,-30.4055915910215D0,35.9055915910215D0,                      453P    757
-3.60000000000003D0,-30.4055915910215D0,24.9055915910216D0,          453P    758
-10.6D0,-30.4055915910215D0,24.9055915910216D0,                      453P    759
-3.60000000000003D0,5.25000000000002D0,-94.05D0,-18.7D0,             453P    760
5.25000000000002D0,-86.05D0,-18.7D0,1.60078105935823D0,-94.05D0,     453P    761
-13.7D0,-1.60078105935818D0,-94.05D0,-13.7D0,                        453P    762
-5.24999999999998D0,-94.05D0,-18.7D0,-5.24999999999998D0,            453P    763
-86.05D0,-18.7D0,-1.22949999999998D0,-89.55D0,-32.2D0,               453P    764
-1.22949999999998D0,-89.55D0,-31.6829681670589D0,                    453P    765
1.22950000000002D0,-89.55D0,-32.2D0,1.22950000000002D0,-89.55D0,     453P    766
-31.6829681670589D0,-1.84266435920817D-13,-88.3205D0,                453P    767
-31.6829681670589D0,3.86921403423542D-14,-114.55D0,-28.7D0,          453P    768
4.03516168463391D-14,-115.55D0,-27.7D0,3.38733759569641D-14,         453P    769
-114.55D0,-8.70000000000004D0,3.71168746179282D-14,-115.55D0,        453P    770
-9.70000000000004D0,2.68354494576972D-14,-95.55D0,-27.7D0,           453P    771
2.65275896925764D-14,-96.55D0,-28.7D0,2.1396415792406D-14,           453P    772
-95.55D0,-9.70000000000003D0,2.41580380148311D-14,-96.55D0,          453P    773
-8.70000000000003D0,3.00357525267098D-14,-99.929D0,-28.7D0,          453P    774
3.22267232604087D-14,-103.171D0,-28.7D0,-9.99999999999997D0,         453P    775
-99.9290000000001D0,-18.7D0,-9.99999999999997D0,-103.171D0,          453P    776
-18.7D0,2.98512018681385D-14,-103.171D0,-22.7D0,                     453P    777
2.86703399441196D-14,-99.929D0,-22.7D0,-3.99999999999997D0,          453P    778
-103.171D0,-18.7D0,-3.99999999999997D0,-99.929D0,-18.7D0,            453P    779
2.34623143879241D-14,-95.55D0,-13.7D0,2.07590809101957D-14,          453P    780
-91.55D0,-13.7D0,2.64839997575303D-14,-95.55D0,-23.7D0,              453P    781
2.37807662798019D-14,-91.55D0,-23.7D0,2.12409573487347D-14,          453P    782
-91.55D0,-15.7D0,1.85377238710063D-14,-87.55D0,-15.7D0,              453P    783
2.30539685704984D-14,-91.55D0,-21.7D0,1.84671565079332D-14,          453P    784
-90.75D0,-21.7D0,-1.69190808737329D-13,-88.35D0,-21.7D0,             453P    785
2.035073509277D-14,-87.55D0,-21.7D0,2.49280264269081D-15,            453P    786
-60.05D0,-23.7D0,9.63752877078056D-16,-59.05D0,-22.7D0,              453P    787
8.34204499957794D-17,-60.05D0,-13.7D0,-1.45359541860696D-15,         453P    788
-59.05D0,-14.7D0,1.80265614762534D-15,-63.5D0,-13.7D0,               453P    789
.994987437106498D0,-63.5D0,-23.6D0,3.96732828218908D-15,             453P    790
-63.5025015644562D0,-23.7D0,1.80558474324673D-14,-87.55D0,           453P    791
-13.7D0,1.46430151668352D-14,-82.5D0,-13.7D0,                        453P    792
2.10775328020735D-14,-87.55D0,-23.7D0,1.665857730273D-14,            453P    793
-82.4974984355438D0,-23.7D0,.994987437106511D0,-82.5D0,-23.6D0,      453P    794
-.850139976063272D0,-102.785824429723D0,-27.5267949192431D0,         453P    795
-.680111980850608D0,-102.538659543778D0,-27.7D0,                     453P    796
.850139976063334D0,-100.314175570278D0,-27.5267949192431D0,          453P    797
.680111980850673D0,-100.561340456222D0,-27.7D0,                      453P    798
-.850139976063272D0,-102.785824429723D0,-23.0D0,                     453P    799
.850139976063333D0,-100.314175570278D0,-23.0D0,                      453P    800
-.680111980850608D0,-102.538659543778D0,-22.7D0,                     453P    801
.680111980850672D0,-100.561340456222D0,-22.7D0,                      453P    802
1.93949010430481D-13,-102.75D0,-22.7D0,-8.82679491924307D0,          453P    803
-102.634821661317D0,-17.6640646916251D0,-8.99999999999996D0,         453P    804
-102.417857329053D0,-17.8712517533001D0,-8.82679491924307D0,         453P    805
-100.465178338683D0,-19.735935308375D0,-8.99999999999996D0,          453P    806
-100.682142670947D0,-19.5287482467D0,-4.29999999999996D0,            453P    807
-102.634821661317D0,-17.6640646916251D0,-4.29999999999996D0,         453P    808
-100.465178338683D0,-19.735935308375D0,-3.99999999999995D0,          453P    809
-102.417857329053D0,-17.8712517533001D0,-3.99999999999996D0,         453P    810
-100.682142670947D0,-19.5287482467D0,-3.99999999999996D0,            453P    811
-102.75D0,-18.7D0,2.8265431182675D-13,-91.05D0,-22.0D0,              453P    812
-2.20071234911706D-13,-88.05D0,-22.0D0,2.27800937222475D-13,         453P    813
-90.7795000000001D0,-31.6829681670589D0,2.22842493784971D-13,        453P    814
-90.75D0,-31.7D0,-1.79337943605794D-13,-88.3500000000001D0,          453P    815
-31.7D0,1.55867955033708D-13,-91.05D0,-23.95D0,                      453P    816
-9.6230341089334D-14,-88.05D0,-23.95D0,-1.49999999999997D0,          453P    817
-89.55D0,-23.7311529493745D0,-.750604110317827D0,                    453P    818
-89.9819646624135D0,-31.7D0,-1.20968397170053D-3,                    453P    819
-90.416024558927D0,-31.7D0,.749394426346148D0,                       453P    820
-89.9840598965136D0,-31.7D0,.750604110317871D0,                      453P    821
-89.1180353375866D0,-31.7D0,1.20968397174389D-3,                     453P    822
-88.683975441073D0,-31.7D0,-.749394426346105D0,                      453P    823
-89.1159401034865D0,-31.7D0,-1.20968397169935D-3,                    453P    824
-90.416024558927D0,-30.5D0,-.750604110317826D0,                      453P    825
-89.9819646624135D0,-30.5D0,-.749394426346103D0,                     453P    826
-89.1159401034865D0,-30.5D0,1.20968397174507D-3,                     453P    827
-88.683975441073D0,-30.5D0,.750604110317872D0,                       453P    828
-89.1180353375866D0,-30.5D0,.749394426346149D0,                      453P    829
-89.9840598965136D0,-30.5D0,-3.99999999999996D0,-100.35D0,           453P    830
-18.7D0,-8.99999999999996D0,-101.344018214813D0,                     453P    831
-17.858827304193D0,-8.99999999999996D0,-102.175486030945D0,          453P    832
-18.1010281934078D0,-8.99999999999996D0,-102.381467816132D0,         453P    833
-18.9422008892148D0,-8.99999999999996D0,-101.755981785187D0,         453P    834
-19.541172695807D0,-8.99999999999996D0,-100.924513969055D0,          453P    835
-19.2989718065922D0,-8.99999999999996D0,-100.718532183868D0,         453P    836
-18.4577991107852D0,-7.79999999999996D0,-102.175486030945D0,         453P    837
-18.1010281934078D0,-7.79999999999996D0,-101.344018214813D0,         453P    838
-17.858827304193D0,-7.79999999999996D0,-100.718532183868D0,          453P    839
-18.4577991107852D0,-7.79999999999996D0,-100.924513969055D0,         453P    840
-19.2989718065922D0,-7.79999999999996D0,-101.755981785187D0,         453P    841
-19.541172695807D0,-7.79999999999996D0,-102.381467816132D0,          453P    842
-18.9422008892148D0,1.74815027338661D-13,-100.35D0,-22.7D0,          453P    843
-.863230216230166D0,-101.480475948139D0,-27.7D0,                     453P    844
-.491824703200703D0,-102.262817270639D0,-27.7D0,                     453P    845
.371405513029493D0,-102.3323413225D0,-27.7D0,.863230216230228D0,     453P    846
-101.619524051861D0,-27.7D0,.491824703200765D0,                      453P    847
-100.837182729361D0,-27.7D0,-.371405513029432D0,                     453P    848
-100.7676586775D0,-27.7D0,-.491824703200704D0,                       453P    849
-102.262817270639D0,-26.5D0,-.863230216230166D0,                     453P    850
-101.480475948139D0,-26.5D0,-.371405513029432D0,                     453P    851
-100.7676586775D0,-26.5D0,.491824703200765D0,                        453P    852
-100.837182729361D0,-26.5D0,.863230216230227D0,                      453P    853
-101.619524051861D0,-26.5D0,.371405513029493D0,                      453P    854
-102.3323413225D0,-26.5D0,-.994987437106479D0,-82.5D0,-23.6D0,       453P    855
-.994987437106493D0,-63.5D0,-23.6D0,1.62100000000003D0,              453P    856
-101.55D0,-22.3568236216695D0,-3.65682362166947D0,-101.55D0,         453P    857
-20.321D0,-20.0D0,-59.05D0,-14.7D0,-20.0D0,-59.05D0,-24.7D0,         453P    858
20.0D0,-59.05D0,-24.7D0,20.0D0,-59.05D0,-14.7D0,20.0D0,              453P    859
-55.5650757595083D0,-13.2150757595083D0,-20.0D0,                     453P    860
-55.5650757595083D0,-13.2150757595083D0,-20.0D0,                     453P    861
-55.6357864376269D0,-13.2857864376269D0,20.0D0,                      453P    862
-55.6357864376269D0,-13.2857864376269D0,-20.0D0,                     453P    863
-48.8579689783217D0,-19.9221825406948D0,20.0D0,                      453P    864
-48.8579689783217D0,-19.9221825406948D0,20.0D0,                      453P    865
-48.9286796564404D0,-19.9928932188135D0,-20.0D0,                     453P    866
-48.9286796564404D0,-19.9928932188135D0,20.0D0,-92.05D0,-11.7D0,     453P    867
20.0D0,-87.05D0,-11.7D0,-20.0D0,-87.05D0,-11.7D0,-20.0D0,            453P    868
-92.05D0,-11.7D0,-20.0D0,-48.4519237886467D0,                        453P    869
-23.6142135623731D0,20.0D0,-48.4519237886467D0,                      453P    870
-23.6142135623731D0,20.0D0,-52.5429044958308D0,-30.7D0,-20.0D0,      453P    871
-52.5429044958308D0,-30.7D0,20.0D0,-94.05D0,-13.7D0,-20.0D0,         453P    872
-94.05D0,-13.7D0,-20.0D0,-55.1409807071841D0,-32.2D0,-20.0D0,        453P    873
-92.05D0,-32.2D0,-20.0D0,-94.05D0,-30.2D0,-20.0D0,-86.05D0,          453P    874
-12.7D0,-20.0D0,-86.05D0,-24.7D0,-20.0D0,-85.05D0,-25.7D0,           453P    875
-20.0D0,-60.05D0,-25.7D0,20.0D0,-55.1409807071841D0,-32.2D0,         453P    876
20.0D0,-92.05D0,-32.2D0,20.0D0,-94.05D0,-30.2D0,20.0D0,-86.05D0,     453P    877
-12.7D0,20.0D0,-86.05D0,-24.7D0,20.0D0,-85.05D0,-25.7D0,20.0D0,      453P    878
-60.05D0,-25.7D0,-50.0D0,-63.5D0,-23.6D0,-50.0D0,-63.5D0,            453P    879
-11.6D0,50.0D0,-63.5D0,-11.6D0,50.0D0,-63.5D0,-23.6D0,50.0D0,        453P    880
-82.5D0,-23.6D0,50.0D0,-82.5D0,-12.6D0,-50.0D0,-82.5D0,-12.6D0,      453P    881
-50.0D0,-82.5D0,-23.6D0,-50.0D0,-50.7D0,-11.0D0,50.0D0,-50.7D0,      453P    882
-11.0D0,50.0D0,-50.7D0,-10.9D0,-50.0D0,-50.7D0,-10.9D0,50.0D0,       453P    883
-41.3D0,-11.0D0,-50.0D0,-41.3D0,-11.0D0,-50.0D0,-41.3D0,-10.9D0,     453P    884
50.0D0,-41.3D0,-10.9D0,32.0D0,41.3D0,-11.0D0,50.0D0,41.3D0,          453P    885
-11.0D0,50.0D0,41.3D0,-10.9D0,32.0D0,41.3D0,-10.9D0,50.0D0,          453P    886
48.7D0,-11.0D0,32.0D0,48.7D0,-11.0D0,32.0D0,48.7D0,-10.9D0,          453P    887
50.0D0,48.7D0,-10.9D0,-50.0D0,41.3D0,-11.0D0,-32.0D0,41.3D0,         453P    888
-11.0D0,-32.0D0,41.3D0,-10.9D0,-50.0D0,41.3D0,-10.9D0,-32.0D0,       453P    889
48.7D0,-11.0D0,-50.0D0,48.7D0,-11.0D0,-50.0D0,48.7D0,-10.9D0,        453P    890
-32.0D0,48.7D0,-10.9D0,32.0D0,50.9292893218814D0,                    453P    891
-17.8492893218813D0,50.0D0,50.9292893218813D0,                       453P    892
-17.8492893218813D0,50.0D0,51.0D0,-17.92D0,32.0D0,51.0D0,            453P    893
-17.92D0,50.0D0,47.3312813458413D0,-21.4472972979214D0,32.0D0,       453P    894
47.3312813458413D0,-21.4472972979214D0,32.0D0,                       453P    895
47.4019920239599D0,-21.51800797604D0,50.0D0,47.4019920239599D0,      453P    896
-21.51800797604D0,-32.0D0,47.3312813458413D0,                        453P    897
-21.4472972979214D0,-50.0D0,47.3312813458413D0,                      453P    898
-21.4472972979214D0,-50.0D0,47.4019920239599D0,                      453P    899
-21.51800797604D0,-32.0D0,47.4019920239599D0,-21.51800797604D0,      453P    900
-50.0D0,50.9292893218814D0,-17.8492893218813D0,-32.0D0,              453P    901
50.9292893218814D0,-17.8492893218813D0,-32.0D0,51.0D0,-17.92D0,      453P    902
-50.0D0,51.0D0,-17.92D0,50.0D0,-65.5D0,-25.6D0,-50.0D0,-65.5D0,      453P    903
-25.6D0,50.0D0,-80.5D0,-25.6D0,-50.0D0,-80.5D0,-25.6D0,50.0D0,       453P    904
-62.5D0,-10.6D0,50.0D0,-51.0D0,-10.6D0,50.0D0,-41.0D0,-10.6D0,       453P    905
50.0D0,41.0D0,-10.6D0,50.0D0,49.0D0,-10.6D0,50.0D0,51.0D0,           453P    906
-10.6D0,50.0D0,50.765D0,-23.698557158515D0,50.0D0,58.0D0,            453P    907
-19.521427960928D0,50.0D0,59.0D0,-18.5816641447524D0,50.0D0,         453P    908
59.0D0,-.5D0,50.0D0,-90.0D0,-.5D0,50.0D0,-90.0D0,                    453P    909
-9.92287565553236D0,50.0D0,-88.5D0,-10.6D0,50.0D0,-84.5D0,           453P    910
-10.6D0,-50.0D0,-84.5D0,-10.6D0,-50.0D0,-88.5D0,-10.6D0,-50.0D0,     453P    911
-90.0D0,-9.92287565553236D0,-50.0D0,-90.0D0,-.499999999999999D0,     453P    912
-50.0D0,59.0D0,-.5D0,-50.0D0,59.0D0,-18.5816641447524D0,-50.0D0,     453P    913
58.0D0,-19.521427960928D0,-50.0D0,50.765D0,-23.698557158515D0,       453P    914
-50.0D0,51.0D0,-10.6D0,-50.0D0,49.0D0,-10.6D0,-50.0D0,41.0D0,        453P    915
-10.6D0,-50.0D0,-41.0D0,-10.6D0,-50.0D0,-51.0D0,-10.6D0,-50.0D0,     453P    916
-62.5D0,-10.6D0,49.5D0,-90.5D0,-8.60000000000005D0,-49.5D0,          453P    917
-90.5D0,-8.60000000000005D0,49.5D0,-90.5D0,-.5D0,-49.5D0,            453P    918
-90.5D0,-.5D0,-32.0D0,59.5D0,-16.9233517495747D0,-32.0D0,58.0D0,     453P    919
-19.521427960928D0,-49.5D0,59.5D0,-16.9233517495747D0,-32.0D0,       453P    920
50.765D0,-23.698557158515D0,-32.0D0,59.5D0,-.5D0,-32.0D0,59.0D0,     453P    921
2.62953635073677D-32,-32.0D0,37.5D0,1.15699599432415D-30,            453P    922
-32.0D0,37.5D0,-10.6D0,-32.0D0,41.0D0,-10.6D0,-32.0D0,49.0D0,        453P    923
-10.6D0,-32.0D0,51.0D0,-10.6D0,32.0D0,58.0D0,-19.521427960928D0,     453P    924
32.0D0,59.5D0,-16.9233517495747D0,49.5D0,59.5D0,                     453P    925
-16.9233517495747D0,32.0D0,50.765D0,-23.698557158515D0,32.0D0,       453P    926
51.0D0,-10.6D0,32.0D0,49.0D0,-10.6D0,32.0D0,41.0D0,-10.6D0,          453P    927
32.0D0,37.5D0,-10.6D0,32.0D0,37.5D0,1.15699599432415D-30,32.0D0,     453P    928
59.0D0,2.62953635073668D-32,32.0D0,59.5D0,-.5D0,-49.5D0,59.5D0,      453P    929
-.5D0,-49.2928932188135D0,59.0D0,-1.32021412346449D-30,              453P    930
49.2928932188135D0,59.0D0,-1.32021412346449D-30,49.5D0,59.5D0,       453P    931
-.5D0,49.5D0,58.7928932188135D0,-5.86945442532107D-30,49.5D0,        453P    932
-89.7928932188134D0,-6.62830035780318D-31,-49.2928932188135D0,       453P    933
-90.0D0,0.0D0,-49.5D0,-89.7928932188135D0,1.94478010748975D-30,      453P    934
49.2928932188135D0,-90.0D0,-6.51938139588036D-31,-49.5D0,            453P    935
58.7928932188135D0,-1.30932222727221D-30;                            453P    936
110,-33.9055915910216D0,-30.4055915910215D0,-3.60000000000005D0,     455P    937
-33.9055915910216D0,-30.4055915910215D0,2.8421709430404D-14;         455P    938
504,469,455,453,1,453,2,459,453,1,453,3,463,453,3,453,4,465,453,     457P    939
2,453,4,475,453,5,453,6,477,453,7,453,5,481,453,7,453,8,483,453,     457P    940
6,453,8,491,453,9,453,10,493,453,9,453,11,497,453,11,453,12,499,     457P    941
453,10,453,12,509,453,13,453,14,511,453,15,453,13,515,453,15,        457P    942
453,16,517,453,14,453,16,525,453,17,453,18,527,453,17,453,19,        457P    943
531,453,19,453,20,533,453,18,453,20,543,453,21,453,22,545,453,       457P    944
23,453,21,549,453,23,453,24,551,453,22,453,24,559,453,25,453,26,     457P    945
561,453,25,453,27,565,453,27,453,28,567,453,26,453,28,577,453,       457P    946
29,453,30,579,453,31,453,29,583,453,31,453,32,585,453,30,453,32,     457P    947
593,453,33,453,34,595,453,35,453,33,599,453,36,453,35,601,453,       457P    948
37,453,36,603,453,37,453,38,605,453,34,453,38,615,453,39,453,40,     457P    949
617,453,41,453,39,621,453,41,453,42,623,453,42,453,43,627,453,       457P    950
43,453,40,641,453,44,453,45,643,453,44,453,46,647,453,46,453,47,     457P    951
649,453,47,453,45,665,453,48,453,49,667,453,48,453,50,671,453,       457P    952
50,453,51,673,453,51,453,49,689,453,51,453,46,691,453,49,453,51,     457P    953
693,453,49,453,52,695,453,52,453,53,697,453,53,453,44,699,453,       457P    954
46,453,44,703,453,54,453,55,705,453,55,453,54,717,453,53,453,56,     457P    955
719,453,52,453,57,721,453,56,453,57,733,453,55,453,58,735,453,       457P    956
54,453,59,737,453,58,453,59,751,453,60,453,61,753,453,62,453,60,     457P    957
757,453,62,453,63,759,453,63,453,61,775,453,64,453,65,777,453,       457P    958
66,453,64,779,453,66,453,67,781,453,68,453,67,783,453,68,453,69,     457P    959
785,453,69,453,65,801,453,70,453,71,803,453,70,453,72,807,453,       457P    960
72,453,73,809,453,71,453,73,825,453,74,453,72,827,453,75,453,74,     457P    961
831,453,76,453,75,833,453,76,453,70,835,453,72,453,70,849,453,       457P    962
77,453,78,851,453,79,453,77,853,453,79,453,80,855,453,81,453,80,     457P    963
857,453,78,453,81,873,453,82,453,83,875,453,82,453,84,879,453,       457P    964
84,453,85,881,453,85,453,83,897,453,86,453,82,899,453,87,453,86,     457P    965
903,453,87,453,84,917,453,86,453,88,919,453,86,453,87,921,453,       457P    966
87,453,89,923,453,89,453,90,927,453,90,453,88,941,453,91,453,92,     457P    967
943,453,91,453,93,947,453,93,453,94,949,453,94,453,92,965,453,       457P    968
95,453,91,967,453,96,453,95,971,453,96,453,93,985,453,95,453,97,     457P    969
987,453,95,453,96,989,453,96,453,98,991,453,98,453,99,995,453,       457P    970
99,453,97,1009,453,100,453,67,1011,453,100,453,101,1015,453,101,     457P    971
453,68,1017,453,68,453,67,1033,453,102,453,103,1035,453,40,453,      457P    972
102,1037,453,43,453,104,1039,453,104,453,103,1055,453,100,453,       457P    973
105,1057,453,101,453,100,1059,453,101,453,106,1061,453,107,453,      457P    974
106,1063,453,105,453,107,1077,453,68,453,67,1079,453,67,453,68,      457P    975
1093,453,106,453,105,1107,453,103,453,104,1109,453,102,453,42,       457P    976
1149,453,108,453,109,1151,453,109,453,110,1153,453,110,453,111,      457P    977
1155,453,111,453,112,1157,453,112,453,113,1159,453,113,453,108,      457P    978
1173,453,114,453,115,1175,453,109,453,114,1177,453,108,453,115,      457P    979
1191,453,115,453,116,1193,453,113,453,116,1207,453,116,453,117,      457P    980
1209,453,112,453,117,1223,453,117,453,118,1225,453,111,453,118,      457P    981
1239,453,118,453,119,1241,453,110,453,119,1255,453,119,453,114,      457P    982
1281,453,120,453,99,1283,453,97,453,120,1297,453,120,453,98,         457P    983
1311,453,93,453,91,1337,453,92,453,94,1353,453,121,453,122,1355,     457P    984
453,122,453,123,1357,453,123,453,124,1359,453,124,453,125,1361,      457P    985
453,125,453,126,1363,453,126,453,121,1377,453,127,453,128,1379,      457P    986
453,122,453,127,1381,453,121,453,128,1395,453,128,453,129,1397,      457P    987
453,126,453,129,1411,453,129,453,130,1413,453,125,453,130,1427,      457P    988
453,130,453,131,1429,453,124,453,131,1443,453,131,453,132,1445,      457P    989
453,123,453,132,1459,453,132,453,127,1485,453,133,453,90,1487,       457P    990
453,88,453,133,1501,453,133,453,89,1515,453,84,453,82,1541,453,      457P    991
83,453,85,1557,453,134,453,135,1559,453,135,453,136,1561,453,        457P    992
136,453,137,1563,453,137,453,138,1565,453,138,453,139,1567,453,      457P    993
139,453,134,1581,453,140,453,141,1583,453,135,453,140,1585,453,      457P    994
134,453,141,1599,453,141,453,142,1601,453,139,453,142,1615,453,      457P    995
142,453,143,1617,453,138,453,143,1631,453,143,453,144,1633,453,      457P    996
137,453,144,1647,453,144,453,145,1649,453,136,453,145,1663,453,      457P    997
145,453,140,1689,453,146,453,78,1691,453,80,453,146,1693,453,77,     457P    998
453,79,1707,453,147,453,76,1709,453,74,453,147,1723,453,148,453,     457P    999
56,1725,453,57,453,148,1729,453,133,453,90,1743,453,149,453,58,      457P   1000
1745,453,59,453,149,1749,453,120,453,99,1763,453,73,453,71,1779,     457P   1001
453,65,453,69,1793,453,64,453,66,1807,453,61,453,63,1823,453,60,     457P   1002
453,62,1845,453,53,453,52,1871,453,50,453,48,1899,453,45,453,47,     457P   1003
1925,453,150,453,73,1927,453,150,453,151,1929,453,151,453,152,       457P   1004
1931,453,152,453,153,1933,453,73,453,153,1947,453,154,453,155,       457P   1005
1949,453,156,453,155,1951,453,157,453,156,1953,453,157,453,154,      457P   1006
1967,453,158,453,159,1969,453,160,453,159,1971,453,161,453,160,      457P   1007
1973,453,161,453,158,1987,453,159,453,154,1989,453,155,453,158,      457P   1008
1997,453,39,453,41,2005,453,38,453,34,2007,453,33,453,37,2023,       457P   1009
453,162,453,163,2025,453,164,453,163,2027,453,164,453,165,2029,      457P   1010
453,165,453,162,2043,453,166,453,167,2045,453,167,453,168,2047,      457P   1011
453,169,453,168,2049,453,169,453,166,2063,453,35,453,170,2065,       457P   1012
453,170,453,162,2069,453,165,453,171,2073,453,171,453,36,2087,       457P   1013
453,156,453,150,2091,453,166,453,161,2095,453,172,453,169,2099,      457P   1014
453,173,453,172,2101,453,174,453,173,2105,453,171,453,174,2107,      457P   1015
453,175,453,164,2111,453,176,453,175,2113,453,177,453,176,2117,      457P   1016
453,178,453,177,2119,453,151,453,178,2135,453,160,453,167,2151,      457P   1017
453,168,453,179,2155,453,172,453,179,2169,453,179,453,180,2171,      457P   1018
453,173,453,180,2187,453,180,453,181,2191,453,174,453,181,2205,      457P   1019
453,181,453,170,2219,453,163,453,182,2223,453,175,453,182,2237,      457P   1020
453,182,453,183,2239,453,176,453,183,2253,453,183,453,184,2257,      457P   1021
453,177,453,184,2271,453,184,453,185,2273,453,178,453,185,2285,      457P   1022
453,185,453,152,2301,453,153,453,157,2329,453,186,453,147,2331,      457P   1023
453,186,453,187,2333,453,188,453,187,2335,453,188,453,189,2337,      457P   1024
453,75,453,189,2351,453,190,453,81,2353,453,190,453,191,2355,        457P   1025
453,192,453,191,2357,453,192,453,193,2359,453,146,453,193,2373,      457P   1026
453,194,453,195,2375,453,196,453,195,2377,453,197,453,196,2379,      457P   1027
453,197,453,194,2393,453,198,453,199,2395,453,200,453,199,2397,      457P   1028
453,201,453,200,2399,453,201,453,198,2413,453,199,453,194,2415,      457P   1029
453,195,453,198,2429,453,202,453,203,2431,453,204,453,203,2433,      457P   1030
453,205,453,204,2435,453,205,453,202,2449,453,206,453,207,2451,      457P   1031
453,208,453,207,2453,453,209,453,208,2455,453,209,453,206,2469,      457P   1032
453,207,453,202,2471,453,203,453,206,2485,453,210,453,211,2487,      457P   1033
453,212,453,211,2489,453,213,453,212,2491,453,213,453,210,2505,      457P   1034
453,214,453,215,2507,453,216,453,215,2509,453,217,453,216,2511,      457P   1035
453,217,453,214,2525,453,215,453,210,2527,453,211,453,214,2541,      457P   1036
453,218,453,219,2543,453,220,453,219,2545,453,221,453,220,2547,      457P   1037
453,221,453,218,2561,453,222,453,223,2563,453,224,453,223,2565,      457P   1038
453,224,453,225,2567,453,225,453,222,2581,453,223,453,218,2583,      457P   1039
453,219,453,222,2597,453,226,453,227,2599,453,228,453,227,2601,      457P   1040
453,228,453,229,2603,453,229,453,226,2617,453,230,453,231,2619,      457P   1041
453,232,453,231,2621,453,233,453,232,2623,453,233,453,230,2637,      457P   1042
453,231,453,226,2639,453,227,453,230,2647,453,32,453,30,2651,        457P   1043
453,27,453,25,2659,453,29,453,31,2667,453,28,453,26,2675,453,24,     457P   1044
453,22,2679,453,19,453,17,2687,453,21,453,23,2695,453,20,453,18,     457P   1045
2703,453,16,453,14,2707,453,11,453,9,2715,453,13,453,15,2723,        457P   1046
453,12,453,10,2731,453,8,453,6,2735,453,3,453,1,2743,453,5,453,      457P   1047
7,2751,453,4,453,2,2765,453,189,453,234,2769,453,234,453,235,        457P   1048
2771,453,235,453,186,2787,453,234,453,236,2789,453,237,453,236,      457P   1049
2791,453,237,453,235,2805,453,238,453,188,2809,453,239,453,238,      457P   1050
2811,453,196,453,239,2813,453,240,453,201,2815,453,241,453,240,      457P   1051
2817,453,204,453,241,2819,453,242,453,209,2821,453,243,453,242,      457P   1052
2823,453,220,453,243,2825,453,244,453,225,2829,453,245,453,244,      457P   1053
2831,453,246,453,245,2835,453,247,453,246,2837,453,248,453,247,      457P   1054
2839,453,249,453,248,2841,453,250,453,249,2845,453,251,453,250,      457P   1055
2847,453,191,453,251,2851,453,236,453,190,2867,453,193,453,237,      457P   1056
2883,453,252,453,192,2887,453,253,453,252,2889,453,254,453,253,      457P   1057
2893,453,255,453,254,2895,453,256,453,255,2897,453,257,453,256,      457P   1058
2899,453,258,453,257,2903,453,259,453,258,2905,453,228,453,259,      457P   1059
2909,453,260,453,233,2911,453,261,453,260,2913,453,216,453,261,      457P   1060
2915,453,262,453,213,2917,453,263,453,262,2919,453,200,453,263,      457P   1061
2921,453,264,453,197,2923,453,265,453,264,2925,453,187,453,265,      457P   1062
2939,453,251,453,252,2953,453,249,453,266,2957,453,266,453,267,      457P   1063
2959,453,267,453,254,2963,453,253,453,250,2977,453,268,453,266,      457P   1064
2979,453,269,453,268,2981,453,267,453,269,2995,453,268,453,248,      457P   1065
3007,453,265,453,238,3021,453,264,453,239,3035,453,270,453,271,      457P   1066
3039,453,271,453,258,3041,453,257,453,272,3045,453,272,453,270,      457P   1067
3059,453,271,453,273,3061,453,259,453,273,3075,453,274,453,270,      457P   1068
3077,453,275,453,274,3079,453,276,453,275,3081,453,276,453,277,      457P   1069
3083,453,278,453,277,3085,453,212,453,278,3087,453,279,453,217,      457P   1070
3089,453,280,453,279,3091,453,232,453,280,3093,453,273,453,229,      457P   1071
3109,453,245,453,281,3111,453,281,453,282,3115,453,282,453,283,      457P   1072
3117,453,283,453,246,3133,453,284,453,281,3135,453,224,453,284,      457P   1073
3139,453,285,453,221,3141,453,286,453,285,3143,453,208,453,286,      457P   1074
3145,453,287,453,205,3147,453,288,453,287,3149,453,289,453,288,      457P   1075
3151,453,290,453,289,3153,453,291,453,290,3155,453,282,453,291,      457P   1076
3169,453,284,453,244,3183,453,261,453,279,3197,453,286,453,242,      457P   1077
3211,453,262,453,278,3225,453,287,453,241,3239,453,263,453,240,      457P   1078
3265,453,274,453,292,3267,453,292,453,293,3269,453,293,453,275,      457P   1079
3283,453,290,453,294,3285,453,294,453,295,3287,453,295,453,291,      457P   1080
3301,453,294,453,296,3303,453,296,453,247,3305,453,247,453,295,      457P   1081
3319,453,296,453,297,3321,453,297,453,248,3335,453,298,453,299,      457P   1082
3337,453,299,453,255,3339,453,255,453,269,3341,453,269,453,298,      457P   1083
3355,453,300,453,298,3357,453,268,453,300,3371,453,297,453,300,      457P   1084
3385,453,299,453,301,3387,453,301,453,256,3401,453,301,453,293,      457P   1085
3403,453,292,453,256,3417,453,283,453,295,3467,453,292,453,272,      457P   1086
3493,453,289,453,276,3515,453,277,453,288,3561,453,285,453,243,      457P   1087
3599,453,260,453,280;                                                457P   1088
100,0.0D0,0.0D0,0.0D0,3.5D0,0.0D0,-3.5D0,4.28626379701574D-16;       459P   1089
124,-1.0D0,0.0D0,0.0D0,-30.4055915910215D0,0.0D0,1.0D0,0.0D0,        461P   1090
-30.4055915910215D0,0.0D0,0.0D0,-1.0D0,-3.60000000000004D0;          461P   1091
110,-26.9055915910215D0,-30.4055915910215D0,-3.60000000000004D0,     463P   1092
-26.9055915910215D0,-30.4055915910215D0,3.5527136788005D-14;         463P   1093
100,0.0D0,0.0D0,0.0D0,3.5D0,-3.96587722835358D-15,-3.5D0,            465P   1094
1.28587913910472D-15;                                                465P   1095
124,-1.0D0,0.0D0,0.0D0,-30.4055915910215D0,0.0D0,1.0D0,0.0D0,        467P   1096
-30.4055915910215D0,0.0D0,0.0D0,-1.0D0,3.5527136788005D-14;          467P   1097
508,4,0,457,1,0,0,0,457,2,1,0,0,457,3,1,0,0,457,4,0,0;               469P   1098
510,451,1,1,469;                                                     471P   1099
128,1,8,1,2,0,1,0,0,0,-.636363636363637D0,-.636363636363637D0,       473P   1100
.636363636363637D0,.636363636363637D0,0.0D0,0.0D0,0.0D0,             473P   1101
8.63937979737193D0,8.63937979737193D0,17.2787595947439D0,            473P   1102
17.2787595947439D0,25.9181393921158D0,25.9181393921158D0,            473P   1103
34.5575191894877D0,34.5575191894877D0,34.5575191894877D0,1.0D0,      473P   1104
1.0D0,.707106781186548D0,.707106781186548D0,1.0D0,1.0D0,             473P   1105
.707106781186548D0,.707106781186548D0,1.0D0,1.0D0,                   473P   1106
.707106781186548D0,.707106781186548D0,1.0D0,1.0D0,                   473P   1107
.707106781186548D0,.707106781186548D0,1.0D0,1.0D0,                   473P   1108
-24.9055915910215D0,-30.4055915910215D0,-3.60000000000003D0,         473P   1109
-24.9055915910215D0,-30.4055915910215D0,-10.6D0,                     473P   1110
-24.9055915910215D0,-35.9055915910215D0,-3.60000000000003D0,         473P   1111
-24.9055915910215D0,-35.9055915910215D0,-10.6D0,                     473P   1112
-30.4055915910215D0,-35.9055915910215D0,-3.60000000000003D0,         473P   1113
-30.4055915910215D0,-35.9055915910215D0,-10.6D0,                     473P   1114
-35.9055915910215D0,-35.9055915910215D0,-3.60000000000003D0,         473P   1115
-35.9055915910215D0,-35.9055915910215D0,-10.6D0,                     473P   1116
-35.9055915910215D0,-30.4055915910215D0,-3.60000000000003D0,         473P   1117
-35.9055915910215D0,-30.4055915910215D0,-10.6D0,                     473P   1118
-35.9055915910215D0,-24.9055915910215D0,-3.60000000000003D0,         473P   1119
-35.9055915910215D0,-24.9055915910215D0,-10.6D0,                     473P   1120
-30.4055915910215D0,-24.9055915910215D0,-3.60000000000003D0,         473P   1121
-30.4055915910215D0,-24.9055915910215D0,-10.6D0,                     473P   1122
-24.9055915910215D0,-24.9055915910215D0,-3.60000000000003D0,         473P   1123
-24.9055915910215D0,-24.9055915910215D0,-10.6D0,                     473P   1124
-24.9055915910215D0,-30.4055915910215D0,-3.60000000000003D0,         473P   1125
-24.9055915910215D0,-30.4055915910215D0,-10.6D0,                     473P   1126
-.636363636363637D0,.636363636363637D0,0.0D0,34.5575191894877D0;     473P   1127
110,-35.9055915910215D0,-30.4055915910215D0,-10.6D0,                 475P   1128
-35.9055915910215D0,-30.4055915910215D0,-3.60000000000003D0;         475P   1129
100,0.0D0,0.0D0,0.0D0,-5.5D0,6.73555739531044D-16,5.5D0,             477P   1130
-1.34711147906209D-15;                                               477P   1131
124,-1.0D0,0.0D0,0.0D0,-30.4055915910215D0,0.0D0,-1.0D0,0.0D0,       479P   1132
-30.4055915910215D0,0.0D0,0.0D0,1.0D0,-10.6D0;                       479P   1133
110,-24.9055915910215D0,-30.4055915910215D0,-10.6D0,                 481P   1134
-24.9055915910215D0,-30.4055915910215D0,-3.60000000000003D0;         481P   1135
100,0.0D0,0.0D0,0.0D0,5.5D0,-6.23209278741278D-15,-5.5D0,            483P   1136
2.02066721859313D-15;                                                483P   1137
508,4,0,457,5,0,0,0,457,6,0,0,0,457,7,1,0,0,457,8,0,0;               485P   1138
510,473,1,1,485;                                                     487P   1139
128,1,8,1,2,0,1,0,0,0,-50.0246095612452D0,-50.0246095612452D0,       489P   1140
-48.9960381326737D0,-48.9960381326737D0,0.0D0,0.0D0,0.0D0,           489P   1141
5.49778714378214D0,5.49778714378214D0,10.9955742875643D0,            489P   1142
10.9955742875643D0,16.4933614313464D0,16.4933614313464D0,            489P   1143
21.9911485751286D0,21.9911485751286D0,21.9911485751286D0,1.0D0,      489P   1144
1.0D0,.707106781186548D0,.707106781186548D0,1.0D0,1.0D0,             489P   1145
.707106781186548D0,.707106781186548D0,1.0D0,1.0D0,                   489P   1146
.707106781186548D0,.707106781186548D0,1.0D0,1.0D0,                   489P   1147
.707106781186548D0,.707106781186548D0,1.0D0,1.0D0,                   489P   1148
30.4055915910215D0,-26.9055915910215D0,0.0D0,30.4055915910215D0,     489P   1149
-26.9055915910215D0,-3.60000000000005D0,33.9055915910215D0,          489P   1150
-26.9055915910215D0,-1.04252649873338D-15,33.9055915910215D0,        489P   1151
-26.9055915910215D0,-3.60000000000005D0,33.9055915910215D0,          489P   1152
-30.4055915910215D0,-1.04252649873338D-15,33.9055915910215D0,        489P   1153
-30.4055915910215D0,-3.60000000000005D0,33.9055915910215D0,          489P   1154
-33.9055915910216D0,-1.04252649873338D-15,33.9055915910215D0,        489P   1155
-33.9055915910216D0,-3.60000000000005D0,30.4055915910215D0,          489P   1156
-33.9055915910216D0,0.0D0,30.4055915910215D0,                        489P   1157
-33.9055915910216D0,-3.60000000000005D0,26.9055915910215D0,          489P   1158
-33.9055915910216D0,1.04252649873338D-15,26.9055915910215D0,         489P   1159
-33.9055915910216D0,-3.60000000000005D0,26.9055915910215D0,          489P   1160
-30.4055915910215D0,1.04252649873338D-15,26.9055915910215D0,         489P   1161
-30.4055915910215D0,-3.60000000000005D0,26.9055915910215D0,          489P   1162
-26.9055915910215D0,1.04252649873338D-15,26.9055915910215D0,         489P   1163
-26.9055915910215D0,-3.60000000000005D0,30.4055915910215D0,          489P   1164
-26.9055915910215D0,0.0D0,30.4055915910215D0,                        489P   1165
-26.9055915910215D0,-3.60000000000005D0,-50.0246095612452D0,         489P   1166
-48.9960381326737D0,0.0D0,21.9911485751286D0;                        489P   1167
110,30.4055915910215D0,-33.9055915910216D0,-3.60000000000005D0,      491P   1168
30.4055915910215D0,-33.9055915910216D0,0.0D0;                        491P   1169
100,0.0D0,0.0D0,0.0D0,3.5D0,0.0D0,-3.5D0,4.28626379701574D-16;       493P   1170
124,0.0D0,-1.0D0,0.0D0,30.4055915910215D0,-1.0D0,0.0D0,0.0D0,        495P   1171
-30.4055915910215D0,0.0D0,0.0D0,-1.0D0,-3.60000000000004D0;          495P   1172
110,30.4055915910215D0,-26.9055915910215D0,-3.60000000000004D0,      497P   1173
30.4055915910215D0,-26.9055915910215D0,3.5527136788005D-14;          497P   1174
100,0.0D0,0.0D0,0.0D0,3.5D0,-3.96587722835358D-15,-3.5D0,            499P   1175
1.28587913910472D-15;                                                499P   1176
124,0.0D0,-1.0D0,0.0D0,30.4055915910215D0,-1.0D0,0.0D0,0.0D0,        501P   1177
-30.4055915910215D0,0.0D0,0.0D0,-1.0D0,0.0D0;                        501P   1178
508,4,0,457,9,0,0,0,457,10,1,0,0,457,11,1,0,0,457,12,0,0;            503P   1179
510,489,1,1,503;                                                     505P   1180
128,1,8,1,2,0,1,0,0,0,-.636363636363635D0,-.636363636363635D0,       507P   1181
.636363636363637D0,.636363636363637D0,0.0D0,0.0D0,0.0D0,             507P   1182
8.63937979737193D0,8.63937979737193D0,17.2787595947439D0,            507P   1183
17.2787595947439D0,25.9181393921158D0,25.9181393921158D0,            507P   1184
34.5575191894877D0,34.5575191894877D0,34.5575191894877D0,1.0D0,      507P   1185
1.0D0,.707106781186548D0,.707106781186548D0,1.0D0,1.0D0,             507P   1186
.707106781186548D0,.707106781186548D0,1.0D0,1.0D0,                   507P   1187
.707106781186548D0,.707106781186548D0,1.0D0,1.0D0,                   507P   1188
.707106781186548D0,.707106781186548D0,1.0D0,1.0D0,                   507P   1189
30.4055915910215D0,-24.9055915910215D0,-3.60000000000003D0,          507P   1190
30.4055915910215D0,-24.9055915910215D0,-10.6D0,                      507P   1191
35.9055915910215D0,-24.9055915910215D0,-3.60000000000003D0,          507P   1192
35.9055915910215D0,-24.9055915910215D0,-10.6D0,                      507P   1193
35.9055915910215D0,-30.4055915910215D0,-3.60000000000003D0,          507P   1194
35.9055915910215D0,-30.4055915910215D0,-10.6D0,                      507P   1195
35.9055915910215D0,-35.9055915910215D0,-3.60000000000003D0,          507P   1196
35.9055915910215D0,-35.9055915910215D0,-10.6D0,                      507P   1197
30.4055915910215D0,-35.9055915910215D0,-3.60000000000003D0,          507P   1198
30.4055915910215D0,-35.9055915910215D0,-10.6D0,                      507P   1199
24.9055915910215D0,-35.9055915910215D0,-3.60000000000003D0,          507P   1200
24.9055915910215D0,-35.9055915910215D0,-10.6D0,                      507P   1201
24.9055915910215D0,-30.4055915910215D0,-3.60000000000003D0,          507P   1202
24.9055915910215D0,-30.4055915910215D0,-10.6D0,                      507P   1203
24.9055915910215D0,-24.9055915910215D0,-3.60000000000003D0,          507P   1204
24.9055915910215D0,-24.9055915910215D0,-10.6D0,                      507P   1205
30.4055915910215D0,-24.9055915910215D0,-3.60000000000003D0,          507P   1206
30.4055915910215D0,-24.9055915910215D0,-10.6D0,                      507P   1207
-.636363636363635D0,.636363636363637D0,0.0D0,34.5575191894877D0;     507P   1208
110,30.4055915910215D0,-35.9055915910215D0,-10.6D0,                  509P   1209
30.4055915910215D0,-35.9055915910215D0,-3.60000000000003D0;          509P   1210
100,0.0D0,0.0D0,0.0D0,-5.5D0,6.73555739531044D-16,5.5D0,             511P   1211
-1.34711147906209D-15;                                               511P   1212
124,0.0D0,1.0D0,0.0D0,30.4055915910215D0,-1.0D0,0.0D0,0.0D0,         513P   1213
-30.4055915910215D0,0.0D0,0.0D0,1.0D0,-10.6D0;                       513P   1214
110,30.4055915910215D0,-24.9055915910215D0,-10.6D0,                  515P   1215
30.4055915910215D0,-24.9055915910215D0,-3.60000000000003D0;          515P   1216
100,0.0D0,0.0D0,0.0D0,5.5D0,-6.23209278741278D-15,-5.5D0,            517P   1217
2.02066721859313D-15;                                                517P   1218
508,4,0,457,13,0,0,0,457,14,0,0,0,457,15,1,0,0,457,16,0,0;           519P   1219
510,507,1,1,519;                                                     521P   1220
128,1,8,1,2,0,1,0,0,0,-50.0246095612451D0,-50.0246095612451D0,       523P   1221
-48.9960381326737D0,-48.9960381326737D0,0.0D0,0.0D0,0.0D0,           523P   1222
5.49778714378214D0,5.49778714378214D0,10.9955742875643D0,            523P   1223
10.9955742875643D0,16.4933614313464D0,16.4933614313464D0,            523P   1224
21.9911485751286D0,21.9911485751286D0,21.9911485751286D0,1.0D0,      523P   1225
1.0D0,.707106781186548D0,.707106781186548D0,1.0D0,1.0D0,             523P   1226
.707106781186548D0,.707106781186548D0,1.0D0,1.0D0,                   523P   1227
.707106781186548D0,.707106781186548D0,1.0D0,1.0D0,                   523P   1228
.707106781186548D0,.707106781186548D0,1.0D0,1.0D0,                   523P   1229
26.9055915910215D0,30.4055915910215D0,-2.8421709430404D-14,          523P   1230
26.9055915910215D0,30.4055915910215D0,-3.60000000000005D0,           523P   1231
26.9055915910215D0,33.9055915910215D0,-2.94642359291374D-14,         523P   1232
26.9055915910215D0,33.9055915910215D0,-3.60000000000005D0,           523P   1233
30.4055915910215D0,33.9055915910215D0,-2.94642359291374D-14,         523P   1234
30.4055915910215D0,33.9055915910215D0,-3.60000000000005D0,           523P   1235
33.9055915910216D0,33.9055915910215D0,-2.94642359291374D-14,         523P   1236
33.9055915910216D0,33.9055915910215D0,-3.60000000000005D0,           523P   1237
33.9055915910216D0,30.4055915910215D0,-2.8421709430404D-14,          523P   1238
33.9055915910216D0,30.4055915910215D0,-3.60000000000005D0,           523P   1239
33.9055915910216D0,26.9055915910215D0,-2.73791829316706D-14,         523P   1240
33.9055915910216D0,26.9055915910215D0,-3.60000000000005D0,           523P   1241
30.4055915910215D0,26.9055915910215D0,-2.73791829316706D-14,         523P   1242
30.4055915910215D0,26.9055915910215D0,-3.60000000000005D0,           523P   1243
26.9055915910215D0,26.9055915910215D0,-2.73791829316706D-14,         523P   1244
26.9055915910215D0,26.9055915910215D0,-3.60000000000005D0,           523P   1245
26.9055915910215D0,30.4055915910215D0,-2.8421709430404D-14,          523P   1246
26.9055915910215D0,30.4055915910215D0,-3.60000000000005D0,           523P   1247
-50.0246095612451D0,-48.9960381326737D0,0.0D0,                       523P   1248
21.9911485751286D0;                                                  523P   1249
110,33.9055915910216D0,30.4055915910215D0,-3.60000000000005D0,       525P   1250
33.9055915910216D0,30.4055915910215D0,-2.8421709430404D-14;          525P   1251
100,0.0D0,0.0D0,0.0D0,3.5D0,0.0D0,-3.5D0,4.28626379701574D-16;       527P   1252
124,1.0D0,0.0D0,0.0D0,30.4055915910215D0,0.0D0,-1.0D0,0.0D0,         529P   1253
30.4055915910215D0,0.0D0,0.0D0,-1.0D0,-3.60000000000004D0;           529P   1254
110,26.9055915910215D0,30.4055915910215D0,-3.60000000000004D0,       531P   1255
26.9055915910215D0,30.4055915910215D0,3.5527136788005D-14;           531P   1256
100,0.0D0,0.0D0,0.0D0,3.5D0,-3.96587722835358D-15,-3.5D0,            533P   1257
1.28587913910472D-15;                                                533P   1258
124,1.0D0,0.0D0,0.0D0,30.4055915910215D0,0.0D0,-1.0D0,0.0D0,         535P   1259
30.4055915910215D0,0.0D0,0.0D0,-1.0D0,-3.5527136788005D-14;          535P   1260
508,4,0,457,17,0,0,0,457,18,1,0,0,457,19,1,0,0,457,20,0,0;           537P   1261
510,523,1,1,537;                                                     539P   1262
128,1,8,1,2,0,1,0,0,0,-.636363636363632D0,-.636363636363632D0,       541P   1263
.636363636363637D0,.636363636363637D0,0.0D0,0.0D0,0.0D0,             541P   1264
8.63937979737193D0,8.63937979737193D0,17.2787595947439D0,            541P   1265
17.2787595947439D0,25.9181393921158D0,25.9181393921158D0,            541P   1266
34.5575191894877D0,34.5575191894877D0,34.5575191894877D0,1.0D0,      541P   1267
1.0D0,.707106781186548D0,.707106781186548D0,1.0D0,1.0D0,             541P   1268
.707106781186548D0,.707106781186548D0,1.0D0,1.0D0,                   541P   1269
.707106781186548D0,.707106781186548D0,1.0D0,1.0D0,                   541P   1270
.707106781186548D0,.707106781186548D0,1.0D0,1.0D0,                   541P   1271
24.9055915910215D0,30.4055915910215D0,-3.60000000000003D0,           541P   1272
24.9055915910215D0,30.4055915910215D0,-10.6D0,                       541P   1273
24.9055915910215D0,35.9055915910215D0,-3.60000000000003D0,           541P   1274
24.9055915910215D0,35.9055915910215D0,-10.6D0,                       541P   1275
30.4055915910215D0,35.9055915910215D0,-3.60000000000003D0,           541P   1276
30.4055915910215D0,35.9055915910215D0,-10.6D0,                       541P   1277
35.9055915910215D0,35.9055915910215D0,-3.60000000000003D0,           541P   1278
35.9055915910215D0,35.9055915910215D0,-10.6D0,                       541P   1279
35.9055915910215D0,30.4055915910215D0,-3.60000000000003D0,           541P   1280
35.9055915910215D0,30.4055915910215D0,-10.6D0,                       541P   1281
35.9055915910215D0,24.9055915910215D0,-3.60000000000003D0,           541P   1282
35.9055915910215D0,24.9055915910215D0,-10.6D0,                       541P   1283
30.4055915910215D0,24.9055915910215D0,-3.60000000000003D0,           541P   1284
30.4055915910215D0,24.9055915910215D0,-10.6D0,                       541P   1285
24.9055915910215D0,24.9055915910215D0,-3.60000000000003D0,           541P   1286
24.9055915910215D0,24.9055915910215D0,-10.6D0,                       541P   1287
24.9055915910215D0,30.4055915910215D0,-3.60000000000003D0,           541P   1288
24.9055915910215D0,30.4055915910215D0,-10.6D0,                       541P   1289
-.636363636363632D0,.636363636363637D0,0.0D0,34.5575191894877D0;     541P   1290
110,35.9055915910215D0,30.4055915910215D0,-10.6D0,                   543P   1291
35.9055915910215D0,30.4055915910215D0,-3.60000000000003D0;           543P   1292
100,0.0D0,0.0D0,0.0D0,-5.5D0,6.73555739531044D-16,5.5D0,             545P   1293
-1.34711147906209D-15;                                               545P   1294
124,1.0D0,0.0D0,0.0D0,30.4055915910215D0,0.0D0,1.0D0,0.0D0,          547P   1295
30.4055915910215D0,0.0D0,0.0D0,1.0D0,-10.6D0;                        547P   1296
110,24.9055915910215D0,30.4055915910215D0,-10.6D0,                   549P   1297
24.9055915910215D0,30.4055915910215D0,-3.60000000000003D0;           549P   1298
100,0.0D0,0.0D0,0.0D0,5.5D0,-6.23209278741278D-15,-5.5D0,            551P   1299
2.02066721859313D-15;                                                551P   1300
508,4,0,457,21,0,0,0,457,22,0,0,0,457,23,1,0,0,457,24,0,0;           553P   1301
510,541,1,1,553;                                                     555P   1302
128,1,8,1,2,0,1,0,0,0,-50.0246095612452D0,-50.0246095612452D0,       557P   1303
-48.9960381326737D0,-48.9960381326737D0,0.0D0,0.0D0,0.0D0,           557P   1304
5.49778714378214D0,5.49778714378214D0,10.9955742875643D0,            557P   1305
10.9955742875643D0,16.4933614313464D0,16.4933614313464D0,            557P   1306
21.9911485751286D0,21.9911485751286D0,21.9911485751286D0,1.0D0,      557P   1307
1.0D0,.707106781186548D0,.707106781186548D0,1.0D0,1.0D0,             557P   1308
.707106781186548D0,.707106781186548D0,1.0D0,1.0D0,                   557P   1309
.707106781186548D0,.707106781186548D0,1.0D0,1.0D0,                   557P   1310
.707106781186548D0,.707106781186548D0,1.0D0,1.0D0,                   557P   1311
-30.4055915910215D0,26.9055915910216D0,0.0D0,                        557P   1312
-30.4055915910215D0,26.9055915910216D0,-3.60000000000005D0,          557P   1313
-33.9055915910215D0,26.9055915910215D0,-1.04252649873338D-15,        557P   1314
-33.9055915910215D0,26.9055915910215D0,-3.60000000000005D0,          557P   1315
-33.9055915910215D0,30.4055915910216D0,-1.04252649873338D-15,        557P   1316
-33.9055915910215D0,30.4055915910216D0,-3.60000000000005D0,          557P   1317
-33.9055915910215D0,33.9055915910216D0,-1.04252649873338D-15,        557P   1318
-33.9055915910215D0,33.9055915910216D0,-3.60000000000005D0,          557P   1319
-30.4055915910215D0,33.9055915910216D0,0.0D0,                        557P   1320
-30.4055915910215D0,33.9055915910216D0,-3.60000000000005D0,          557P   1321
-26.9055915910215D0,33.9055915910216D0,1.04252649873338D-15,         557P   1322
-26.9055915910215D0,33.9055915910216D0,-3.60000000000005D0,          557P   1323
-26.9055915910215D0,30.4055915910216D0,1.04252649873338D-15,         557P   1324
-26.9055915910215D0,30.4055915910216D0,-3.60000000000005D0,          557P   1325
-26.9055915910215D0,26.9055915910215D0,1.04252649873338D-15,         557P   1326
-26.9055915910215D0,26.9055915910215D0,-3.60000000000005D0,          557P   1327
-30.4055915910215D0,26.9055915910216D0,0.0D0,                        557P   1328
-30.4055915910215D0,26.9055915910216D0,-3.60000000000005D0,          557P   1329
-50.0246095612452D0,-48.9960381326737D0,0.0D0,                       557P   1330
21.9911485751286D0;                                                  557P   1331
110,-30.4055915910215D0,33.9055915910216D0,-3.60000000000005D0,      559P   1332
-30.4055915910215D0,33.9055915910216D0,0.0D0;                        559P   1333
100,0.0D0,0.0D0,0.0D0,3.5D0,-3.96587722835358D-15,-3.5D0,            561P   1334
1.28587913910472D-15;                                                561P   1335
124,0.0D0,1.0D0,0.0D0,-30.4055915910215D0,1.0D0,0.0D0,0.0D0,         563P   1336
30.4055915910216D0,0.0D0,0.0D0,-1.0D0,-3.60000000000004D0;           563P   1337
110,-30.4055915910215D0,26.9055915910215D0,-3.60000000000004D0,      565P   1338
-30.4055915910215D0,26.9055915910215D0,3.5527136788005D-14;          565P   1339
100,0.0D0,0.0D0,0.0D0,3.5D0,-7.07450169730403D-15,-3.5D0,            567P   1340
1.28587913910472D-15;                                                567P   1341
124,0.0D0,1.0D0,0.0D0,-30.4055915910215D0,1.0D0,0.0D0,0.0D0,         569P   1342
30.4055915910216D0,0.0D0,0.0D0,-1.0D0,0.0D0;                         569P   1343
508,4,0,457,25,0,0,0,457,26,1,0,0,457,27,1,0,0,457,28,0,0;           571P   1344
510,557,1,1,571;                                                     573P   1345
128,1,8,1,2,0,1,0,0,0,-.636363636363635D0,-.636363636363635D0,       575P   1346
.636363636363637D0,.636363636363637D0,0.0D0,0.0D0,0.0D0,             575P   1347
8.63937979737193D0,8.63937979737193D0,17.2787595947439D0,            575P   1348
17.2787595947439D0,25.9181393921158D0,25.9181393921158D0,            575P   1349
34.5575191894877D0,34.5575191894877D0,34.5575191894877D0,1.0D0,      575P   1350
1.0D0,.707106781186548D0,.707106781186548D0,1.0D0,1.0D0,             575P   1351
.707106781186548D0,.707106781186548D0,1.0D0,1.0D0,                   575P   1352
.707106781186548D0,.707106781186548D0,1.0D0,1.0D0,                   575P   1353
.707106781186548D0,.707106781186548D0,1.0D0,1.0D0,                   575P   1354
-30.4055915910215D0,24.9055915910216D0,-3.60000000000003D0,          575P   1355
-30.4055915910215D0,24.9055915910216D0,-10.6D0,                      575P   1356
-35.9055915910215D0,24.9055915910216D0,-3.60000000000003D0,          575P   1357
-35.9055915910215D0,24.9055915910216D0,-10.6D0,                      575P   1358
-35.9055915910215D0,30.4055915910216D0,-3.60000000000003D0,          575P   1359
-35.9055915910215D0,30.4055915910216D0,-10.6D0,                      575P   1360
-35.9055915910215D0,35.9055915910215D0,-3.60000000000003D0,          575P   1361
-35.9055915910215D0,35.9055915910215D0,-10.6D0,                      575P   1362
-30.4055915910215D0,35.9055915910215D0,-3.60000000000003D0,          575P   1363
-30.4055915910215D0,35.9055915910215D0,-10.6D0,                      575P   1364
-24.9055915910215D0,35.9055915910215D0,-3.60000000000003D0,          575P   1365
-24.9055915910215D0,35.9055915910215D0,-10.6D0,                      575P   1366
-24.9055915910215D0,30.4055915910216D0,-3.60000000000003D0,          575P   1367
-24.9055915910215D0,30.4055915910216D0,-10.6D0,                      575P   1368
-24.9055915910215D0,24.9055915910216D0,-3.60000000000003D0,          575P   1369
-24.9055915910215D0,24.9055915910216D0,-10.6D0,                      575P   1370
-30.4055915910215D0,24.9055915910216D0,-3.60000000000003D0,          575P   1371
-30.4055915910215D0,24.9055915910216D0,-10.6D0,                      575P   1372
-.636363636363635D0,.636363636363637D0,0.0D0,34.5575191894877D0;     575P   1373
110,-30.4055915910215D0,35.9055915910215D0,-10.6D0,                  577P   1374
-30.4055915910215D0,35.9055915910215D0,-3.60000000000003D0;          577P   1375
100,0.0D0,0.0D0,0.0D0,-5.5D0,6.73555739531044D-16,5.5D0,             579P   1376
-1.34711147906209D-15;                                               579P   1377
124,0.0D0,-1.0D0,0.0D0,-30.4055915910215D0,1.0D0,0.0D0,0.0D0,        581P   1378
30.4055915910216D0,0.0D0,0.0D0,1.0D0,-10.6D0;                        581P   1379
110,-30.4055915910215D0,24.9055915910216D0,-10.6D0,                  583P   1380
-30.4055915910215D0,24.9055915910216D0,-3.60000000000003D0;          583P   1381
100,0.0D0,0.0D0,0.0D0,5.5D0,-6.23209278741278D-15,-5.5D0,            585P   1382
2.02066721859313D-15;                                                585P   1383
508,4,0,457,29,0,0,0,457,30,0,0,0,457,31,1,0,0,457,32,0,0;           587P   1384
510,575,1,1,587;                                                     589P   1385
128,1,8,1,2,0,1,0,0,0,-12.2506270004432D0,-12.2506270004432D0,       591P   1386
-10.7264160745574D0,-10.7264160745574D0,0.0D0,0.0D0,0.0D0,           591P   1387
8.24668071567321D0,8.24668071567321D0,16.4933614313464D0,            591P   1388
16.4933614313464D0,24.7400421470196D0,24.7400421470196D0,            591P   1389
32.9867228626928D0,32.9867228626928D0,32.9867228626928D0,1.0D0,      591P   1390
1.0D0,.707106781186548D0,.707106781186548D0,1.0D0,1.0D0,             591P   1391
.707106781186548D0,.707106781186548D0,1.0D0,1.0D0,                   591P   1392
.707106781186548D0,.707106781186548D0,1.0D0,1.0D0,                   591P   1393
.707106781186548D0,.707106781186548D0,1.0D0,1.0D0,                   591P   1394
-5.24999999999998D0,-86.05D0,-18.7D0,-5.24999999999998D0,            591P   1395
-94.0521073609002D0,-18.7D0,-5.24999999999998D0,-86.05D0,            591P   1396
-23.95D0,-5.24999999999998D0,-94.0521073609002D0,-23.95D0,           591P   1397
2.26340384386773D-14,-86.05D0,-23.95D0,2.26340384386773D-14,         591P   1398
-94.0521073609002D0,-23.95D0,5.25000000000002D0,-86.05D0,            591P   1399
-23.95D0,5.25000000000002D0,-94.0521073609002D0,-23.95D0,            591P   1400
5.25000000000002D0,-86.05D0,-18.7D0,5.25000000000002D0,              591P   1401
-94.0521073609002D0,-18.7D0,5.25000000000002D0,-86.05D0,             591P   1402
-13.45D0,5.25000000000002D0,-94.0521073609002D0,-13.45D0,            591P   1403
2.26340384386773D-14,-86.05D0,-13.45D0,2.26340384386773D-14,         591P   1404
-94.0521073609002D0,-13.45D0,-5.24999999999998D0,-86.05D0,           591P   1405
-13.45D0,-5.24999999999998D0,-94.0521073609002D0,-13.45D0,           591P   1406
-5.24999999999998D0,-86.05D0,-18.7D0,-5.24999999999998D0,            591P   1407
-94.0521073609002D0,-18.7D0,-12.2506270004432D0,                     591P   1408
-10.7264160745574D0,0.0D0,32.9867228626928D0;                        591P   1409
110,5.25000000000002D0,-94.05D0,-18.7D0,5.25000000000002D0,          593P   1410
-86.05D0,-18.7D0;                                                    593P   1411
100,0.0D0,0.0D0,0.0D0,1.60078105935821D0,-5.0D0,5.25D0,              595P   1412
3.37705756432094D-15;                                                595P   1413
124,1.0D0,0.0D0,0.0D0,2.26340384386773D-14,0.0D0,0.0D0,1.0D0,        597P   1414
-94.05D0,0.0D0,-1.0D0,0.0D0,-18.7D0;                                 597P   1415
126,12,3,0,0,1,0,1.57697738526711D0,1.57697738526711D0,              599P   1416
1.57697738526711D0,1.57697738526711D0,1.66232769030422D0,            599P   1417
1.66232769030422D0,1.66232769030422D0,1.72252261047601D0,            599P   1418
1.72252261047601D0,1.72252261047601D0,1.77060184694413D0,            599P   1419
1.77060184694413D0,1.77060184694413D0,1.88542677930048D0,            599P   1420
1.88542677930048D0,1.88542677930048D0,1.88542677930048D0,1.0D0,      599P   1421
1.0D0,1.0D0,1.0D0,1.0D0,1.0D0,1.0D0,1.0D0,1.0D0,1.0D0,1.0D0,         599P   1422
1.0D0,1.0D0,-1.60078105935818D0,-94.05D0,-13.7D0,                    599P   1423
-1.30948358231258D0,-94.05D0,-13.6067393032213D0,                    599P   1424
-1.0080895707057D0,-94.043920426261D0,-13.5388880138581D0,           599P   1425
-.709488089372215D0,-94.0397892120827D0,-13.4981612240441D0,         599P   1426
-.498893735617614D0,-94.0368755949895D0,-13.4694378836806D0,         599P   1427
-.289824510569022D0,-94.0348275299446D0,-13.4540910973625D0,         599P   1428
-8.72236011171624D-2,-94.0344046420981D0,-13.4507246173012D0,        599P   1429
7.45989747146995D-2,-94.0340668706597D0,-13.448035722782D0,          599P   1430
.235737668213273D0,-94.034687217157D0,-13.4526512318115D0,           599P   1431
.401806470832563D0,-94.0361928895833D0,-13.4653986245372D0,          599P   1432
.798419238173457D0,-94.0397888022307D0,-13.4958425045773D0,          599P   1433
1.20888775466772D0,-94.05D0,-13.5745329241124D0,                     599P   1434
1.60078105935823D0,-94.05D0,-13.7D0,1.57697738526711D0,              599P   1435
1.88542677930048D0,0.0D0,0.0D0,0.0D0;                                599P   1436
100,0.0D0,0.0D0,0.0D0,-5.25D0,2.97440792126519D-15,                  601P   1437
-1.60078105935821D0,-5.0D0;                                          601P   1438
110,-5.24999999999998D0,-94.05D0,-18.7D0,-5.24999999999998D0,        603P   1439
-86.05D0,-18.7D0;                                                    603P   1440
100,0.0D0,0.0D0,0.0D0,5.25D0,-5.94881584253038D-15,-5.25D0,          605P   1441
1.92881870865708D-15;                                                605P   1442
124,1.0D0,0.0D0,0.0D0,2.26340384386773D-14,0.0D0,0.0D0,-1.0D0,       607P   1443
-86.05D0,0.0D0,1.0D0,0.0D0,-18.7D0;                                  607P   1444
508,6,0,457,33,0,0,0,457,34,0,0,0,457,35,0,0,0,457,36,0,0,0,457,     609P   1445
37,1,0,0,457,38,0,0;                                                 609P   1446
510,591,1,1,609;                                                     611P   1447
128,1,8,1,2,0,1,0,0,0,-52.3100379717662D0,-52.3100379717662D0,       613P   1448
-51.8895159441606D0,-51.8895159441606D0,0.0D0,0.0D0,0.0D0,           613P   1449
1.93129408379433D0,1.93129408379433D0,3.86258816758865D0,            613P   1450
3.86258816758865D0,5.79388225138298D0,5.79388225138298D0,            613P   1451
7.7251763351773D0,7.7251763351773D0,7.7251763351773D0,1.0D0,         613P   1452
1.0D0,.707106781186548D0,.707106781186548D0,1.0D0,1.0D0,             613P   1453
.707106781186548D0,.707106781186548D0,1.0D0,1.0D0,                   613P   1454
.707106781186548D0,.707106781186548D0,1.0D0,1.0D0,                   613P   1455
.707106781186548D0,.707106781186548D0,1.0D0,1.0D0,                   613P   1456
1.22950000000002D0,-89.55D0,-31.6829681670589D0,                     613P   1457
1.22950000000002D0,-89.55D0,-32.2D0,1.22950000000002D0,              613P   1458
-90.7795D0,-31.6829681670589D0,1.22950000000002D0,-90.7795D0,        613P   1459
-32.2D0,2.26340384386773D-14,-90.7795D0,-31.6829681670589D0,         613P   1460
2.26340384386773D-14,-90.7795D0,-32.2D0,-1.22949999999998D0,         613P   1461
-90.7795D0,-31.6829681670589D0,-1.22949999999998D0,-90.7795D0,       613P   1462
-32.2D0,-1.22949999999998D0,-89.55D0,-31.6829681670589D0,            613P   1463
-1.22949999999998D0,-89.55D0,-32.2D0,-1.22949999999998D0,            613P   1464
-88.3205D0,-31.6829681670589D0,-1.22949999999998D0,-88.3205D0,       613P   1465
-32.2D0,2.26340384386773D-14,-88.3205D0,-31.6829681670589D0,         613P   1466
2.26340384386773D-14,-88.3205D0,-32.2D0,1.22950000000002D0,          613P   1467
-88.3205D0,-31.6829681670589D0,1.22950000000002D0,-88.3205D0,        613P   1468
-32.2D0,1.22950000000002D0,-89.55D0,-31.6829681670589D0,             613P   1469
1.22950000000002D0,-89.55D0,-32.2D0,-52.3100379717662D0,             613P   1470
-51.8895159441606D0,0.0D0,7.7251763351773D0;                         613P   1471
110,-1.22949999999998D0,-89.55D0,-32.2D0,-1.22949999999998D0,        615P   1472
-89.55D0,-31.6829681670589D0;                                        615P   1473
100,0.0D0,0.0D0,0.0D0,-1.2295D0,-1.40456294473218D-14,1.2295D0,      617P   1474
-3.01140647910334D-16;                                               617P   1475
124,-1.0D0,0.0D0,0.0D0,2.26340384386773D-14,0.0D0,-1.0D0,0.0D0,      619P   1476
-89.55D0,0.0D0,0.0D0,1.0D0,-32.2D0;                                  619P   1477
110,1.22950000000002D0,-89.55D0,-32.2D0,1.22950000000002D0,          621P   1478
-89.55D0,-31.6829681670589D0;                                        621P   1479
100,0.0D0,0.0D0,0.0D0,-1.2295D0,1.50570323955167D-16,                623P   1480
2.07257064248115D-13,-1.2295D0;                                      623P   1481
124,-1.0D0,0.0D0,0.0D0,2.26340384386773D-14,0.0D0,-1.0D0,0.0D0,      625P   1482
-89.55D0,0.0D0,0.0D0,1.0D0,-31.6829681670589D0;                      625P   1483
100,0.0D0,0.0D0,0.0D0,2.07257064248115D-13,-1.2295D0,1.2295D0,       627P   1484
1.38950591233666D-14;                                                627P   1485
508,5,0,457,39,0,0,0,457,40,0,0,0,457,41,1,0,0,457,42,1,0,0,457,     629P   1486
43,1,0;                                                              629P   1487
510,613,1,1,629;                                                     631P   1488
116,3.78452686881976D-14,-115.05D0,-18.7D0,0;                        633P   1489
123,-6.75808369432099D-16,1.0D0,6.91155741218288D-16;                635P   1490
194,633,635,9.5D0,45.0000000000001D0,639;                            637P   1491
123,0.0D0,0.0D0,-1.0D0;                                              639P   1492
110,3.86921403423542D-14,-114.55D0,-28.7D0,4.03516168463391D-14,     641P   1493
-115.55D0,-27.7D0;                                                   641P   1494
100,0.0D0,0.0D0,0.0D0,10.0D0,1.18477583887265D-15,-10.0D0,           643P   1495
-3.21624529935327D-15;                                               643P   1496
124,0.0D0,1.0D0,0.0D0,3.75073645034815D-14,0.0D0,0.0D0,-1.0D0,       645P   1497
-114.55D0,-1.0D0,0.0D0,0.0D0,-18.7D0;                                645P   1498
110,3.38733759569641D-14,-114.55D0,-8.70000000000004D0,              647P   1499
3.71168746179282D-14,-115.55D0,-9.70000000000004D0;                  647P   1500
100,0.0D0,0.0D0,0.0D0,-9.0D0,1.10218211923262D-15,9.0D0,             649P   1501
-2.20436423846524D-15;                                               649P   1502
124,0.0D0,-1.0D0,0.0D0,3.81831728729136D-14,0.0D0,0.0D0,1.0D0,       651P   1503
-115.55D0,-1.0D0,0.0D0,0.0D0,-18.7D0;                                651P   1504
508,4,0,457,44,0,0,0,457,45,1,0,0,457,46,1,0,0,457,47,1,0;           653P   1505
510,637,1,1,653;                                                     655P   1506
116,2.50049096689877D-14,-96.05D0,-18.7D0,0;                         657P   1507
123,6.75808369432099D-16,-1.0D0,-6.91155741218288D-16;               659P   1508
194,657,659,9.5D0,44.9999999999998D0,663;                            661P   1509
123,0.0D0,0.0D0,-1.0D0;                                              663P   1510
110,2.68354494576972D-14,-95.55D0,-27.7D0,2.65275896925764D-14,      665P   1511
-96.55D0,-28.7D0;                                                    665P   1512
100,0.0D0,0.0D0,0.0D0,9.0D0,2.16844397342553D-15,-9.0D0,             667P   1513
-2.89462076941795D-15;                                               667P   1514
124,0.0D0,1.0D0,0.0D0,2.46670054842716D-14,0.0D0,0.0D0,-1.0D0,       669P   1515
-95.55D0,-1.0D0,0.0D0,0.0D0,-18.7D0;                                 669P   1516
110,2.1396415792406D-14,-95.55D0,-9.70000000000003D0,                671P   1517
2.41580380148311D-14,-96.55D0,-8.70000000000003D0;                   671P   1518
100,0.0D0,0.0D0,0.0D0,-10.0D0,1.22464679914735D-15,10.0D0,           673P   1519
-2.44929359829471D-15;                                               673P   1520
124,0.0D0,-1.0D0,0.0D0,2.53428138537037D-14,0.0D0,0.0D0,1.0D0,       675P   1521
-96.55D0,-1.0D0,0.0D0,0.0D0,-18.7D0;                                 675P   1522
508,4,0,457,48,0,0,0,457,49,1,0,0,457,50,1,0,0,457,51,1,0;           677P   1523
510,661,1,1,677;                                                     679P   1524
116,3.14250891785926D-14,-105.55D0,-18.7D0,0;                        681P   1525
123,-6.75808369432099D-16,1.0D0,6.91155741218288D-16;                683P   1526
192,681,683,10.0D0,687;                                              685P   1527
123,0.0D0,0.0D0,1.0D0;                                               687P   1528
110,2.41580380148311D-14,-96.55D0,-8.70000000000003D0,               689P   1529
3.38733759569641D-14,-114.55D0,-8.70000000000004D0;                  689P   1530
100,0.0D0,0.0D0,0.0D0,10.0D0,-2.44929359829471D-15,-10.0D0,          691P   1531
3.67394039744206D-15;                                                691P   1532
110,2.65275896925764D-14,-96.55D0,-28.7D0,3.00357525267098D-14,      693P   1533
-99.929D0,-28.7D0;                                                   693P   1534
126,27,3,0,0,1,0,.24470816567931D0,.24470816567931D0,                695P   1535
.24470816567931D0,.24470816567931D0,.310307913966533D0,              695P   1536
.310307913966533D0,.310307913966533D0,.354849801634077D0,            695P   1537
.354849801634077D0,.354849801634077D0,.392554885386306D0,            695P   1538
.392554885386306D0,.392554885386306D0,.464725780903332D0,            695P   1539
.464725780903332D0,.464725780903332D0,.515773420416307D0,            695P   1540
.515773420416307D0,.515773420416307D0,.582694312571069D0,            695P   1541
.582694312571069D0,.582694312571069D0,.63786805981761D0,             695P   1542
.63786805981761D0,.63786805981761D0,.710072096593888D0,              695P   1543
.710072096593888D0,.710072096593888D0,.734124497037929D0,            695P   1544
.734124497037929D0,.734124497037929D0,.734124497037929D0,1.0D0,      695P   1545
1.0D0,1.0D0,1.0D0,1.0D0,1.0D0,1.0D0,1.0D0,1.0D0,1.0D0,1.0D0,         695P   1546
1.0D0,1.0D0,1.0D0,1.0D0,1.0D0,1.0D0,1.0D0,1.0D0,1.0D0,1.0D0,         695P   1547
1.0D0,1.0D0,1.0D0,1.0D0,1.0D0,1.0D0,1.0D0,3.00870439673417D-14,      695P   1548
-99.929D0,-28.7D0,-.21866582762405D0,-99.929D0,-28.7D0,              695P   1549
-.452515077283703D0,-99.9762971758201D0,-28.6920015883151D0,         695P   1550
-.663862911281739D0,-100.071173764425D0,-28.677939969504D0,          695P   1551
-.807366990588591D0,-100.135594474295D0,-28.6683922035161D0,         695P   1552
-.940885219225808D0,-100.221339877648D0,-28.6563097411884D0,         695P   1553
-1.05586181915253D0,-100.32004194427D0,-28.6441015591584D0,          695P   1554
-1.15319048115583D0,-100.403594076507D0,-28.6337672300582D0,         695P   1555
-1.23819234834754D0,-100.495673892918D0,-28.6233476813166D0,         695P   1556
-1.31465586559471D0,-100.60167465759D0,-28.6132073495442D0,          695P   1557
-1.4610138620488D0,-100.804569581842D0,-28.5937978494974D0,          695P   1558
-1.56252595428517D0,-101.051118230056D0,-28.577249710634D0,          695P   1559
-1.60137793069507D0,-101.298544789112D0,-28.5709466984218D0,         695P   1560
-1.62885856082903D0,-101.473553588742D0,-28.5664884761293D0,         695P   1561
-1.6279996036662D0,-101.643573838992D0,-28.5666359397921D0,          695P   1562
-1.59859214776188D0,-101.818596621561D0,-28.571398236578D0,          695P   1563
-1.56004044970308D0,-102.048042701119D0,-28.5776413685358D0,         695P   1564
-1.46799890485724D0,-102.275843931057D0,-28.5925567745478D0,         695P   1565
-1.33614929600584D0,-102.467794126579D0,-28.610333246606D0,          695P   1566
-1.2274442749117D0,-102.626049810725D0,-28.6249892762059D0,          695P   1567
-1.09888788685783D0,-102.756945194823D0,-28.6406685154311D0,         695P   1568
-.943235598298797D0,-102.868312408385D0,-28.6554159434D0,            695P   1569
-.739538656758671D0,-103.01405495416D0,-28.6747154088987D0,          695P   1570
-.492417489786545D0,-103.114565271407D0,-28.6909373543911D0,         695P   1571
-.244894890144223D0,-103.152394300034D0,-28.6970008749015D0,         695P   1572
-.162440875779432D0,-103.164995796925D0,-28.6990207373625D0,         695P   1573
-8.01746681467688D-2,-103.171D0,-28.7D0,3.2612801348364D-14,         695P   1574
-103.171D0,-28.7D0,.24470816567931D0,.734124497037929D0,0.0D0,       695P   1575
0.0D0,0.0D0;                                                         695P   1576
110,3.22267232604087D-14,-103.171D0,-28.7D0,                         697P   1577
3.86921403423542D-14,-114.55D0,-28.7D0;                              697P   1578
100,0.0D0,0.0D0,0.0D0,-10.0D0,-3.21624529935327D-15,10.0D0,          699P   1579
-2.44929359829471D-15;                                               699P   1580
508,6,0,457,52,0,0,0,457,53,0,0,0,457,54,1,0,0,457,55,1,0,0,457,     701P   1581
56,1,0,0,457,57,0,0;                                                 701P   1582
126,27,3,0,0,1,0,.244708165679309D0,.244708165679309D0,              703P   1583
.244708165679309D0,.244708165679309D0,.310307913965408D0,            703P   1584
.310307913965408D0,.310307913965408D0,.354849801620142D0,            703P   1585
.354849801620142D0,.354849801620142D0,.392554885379079D0,            703P   1586
.392554885379079D0,.392554885379079D0,.464725780896624D0,            703P   1587
.464725780896624D0,.464725780896624D0,.515773420415799D0,            703P   1588
.515773420415799D0,.515773420415799D0,.582694312570418D0,            703P   1589
.582694312570418D0,.582694312570418D0,.637868059817576D0,            703P   1590
.637868059817576D0,.637868059817576D0,.710072096594227D0,            703P   1591
.710072096594227D0,.710072096594227D0,.734124497037929D0,            703P   1592
.734124497037929D0,.734124497037929D0,.734124497037929D0,1.0D0,      703P   1593
1.0D0,1.0D0,1.0D0,1.0D0,1.0D0,1.0D0,1.0D0,1.0D0,1.0D0,1.0D0,         703P   1594
1.0D0,1.0D0,1.0D0,1.0D0,1.0D0,1.0D0,1.0D0,1.0D0,1.0D0,1.0D0,         703P   1595
1.0D0,1.0D0,1.0D0,1.0D0,1.0D0,1.0D0,1.0D0,-9.99999999999997D0,       703P   1596
-99.9290000000001D0,-18.7D0,-9.99999999999997D0,                     703P   1597
-99.9290000000001D0,-18.4813341723797D0,-9.99200158831531D0,         703P   1598
-99.9762971758184D0,-18.2474849227243D0,-9.97793996950465D0,         703P   1599
-100.07117376442D0,-18.0361370887292D0,-9.96839220351968D0,          703P   1600
-100.13559447427D0,-17.8926330094631D0,-9.95630974119619D0,          703P   1601
-100.221339877592D0,-17.7591147808604D0,-9.9441015591698D0,          703P   1602
-100.320041944177D0,-17.6441381809554D0,-9.93376723006777D0,         703P   1603
-100.403594076423D0,-17.5468095189252D0,-9.92334768132444D0,         703P   1604
-100.495673892843D0,-17.4618076517143D0,-9.91320734955001D0,         703P   1605
-100.601674657529D0,-17.3853441344493D0,-9.89379784950263D0,         703P   1606
-100.804569581774D0,-17.2389861379859D0,-9.87724971063749D0,         703P   1607
-101.051118229985D0,-17.1374740457369D0,-9.87094669842345D0,         703P   1608
-101.298544789043D0,-17.0986220693158D0,-9.86648847612927D0,         703P   1609
-101.473553588694D0,-17.0711414391707D0,-9.86663593979139D0,         703P   1610
-101.643573838965D0,-17.0720003963299D0,-9.87139823657776D0,         703P   1611
-101.818596621556D0,-17.1014078522372D0,-9.8776413685355D0,          703P   1612
-102.048042701113D0,-17.1399595502952D0,-9.8925567745473D0,          703P   1613
-102.275843931052D0,-17.2320010951399D0,-9.91033324660539D0,         703P   1614
-102.467794126574D0,-17.3638507039903D0,-9.92498927620543D0,         703P   1615
-102.626049810722D0,-17.4725557250851D0,-9.94066851543084D0,         703P   1616
-102.756945194822D0,-17.6011121131402D0,-9.95541594339989D0,         703P   1617
-102.868312408385D0,-17.7567644017009D0,-9.97471540889873D0,         703P   1618
-103.014054954161D0,-17.960461343242D0,-9.99093735439119D0,          703P   1619
-103.114565271408D0,-18.2075825102157D0,-9.99700087490155D0,         703P   1620
-103.152394300035D0,-18.4551051098593D0,-9.99902073736249D0,         703P   1621
-103.164995796925D0,-18.5375591242229D0,-9.99999999999997D0,         703P   1622
-103.171D0,-18.6198253318544D0,-9.99999999999997D0,-103.171D0,       703P   1623
-18.7D0,.244708165679309D0,.734124497037929D0,0.0D0,0.0D0,0.0D0;     703P   1624
126,27,3,0,0,1,0,.734124497037929D0,.734124497037929D0,              705P   1625
.734124497037929D0,.734124497037929D0,.799724245324693D0,            705P   1626
.799724245324693D0,.799724245324693D0,.844266132988142D0,            705P   1627
.844266132988142D0,.844266132988142D0,.881971216742489D0,            705P   1628
.881971216742489D0,.881971216742489D0,.954142112259447D0,            705P   1629
.954142112259447D0,.954142112259447D0,1.00518975177485D0,            705P   1630
1.00518975177485D0,1.00518975177485D0,1.0721106439296D0,             705P   1631
1.0721106439296D0,1.0721106439296D0,1.12728439117606D0,              705P   1632
1.12728439117606D0,1.12728439117606D0,1.19948842795234D0,            705P   1633
1.19948842795234D0,1.19948842795234D0,1.22354082839655D0,            705P   1634
1.22354082839655D0,1.22354082839655D0,1.22354082839655D0,1.0D0,      705P   1635
1.0D0,1.0D0,1.0D0,1.0D0,1.0D0,1.0D0,1.0D0,1.0D0,1.0D0,1.0D0,         705P   1636
1.0D0,1.0D0,1.0D0,1.0D0,1.0D0,1.0D0,1.0D0,1.0D0,1.0D0,1.0D0,         705P   1637
1.0D0,1.0D0,1.0D0,1.0D0,1.0D0,1.0D0,1.0D0,-9.99999999999997D0,       705P   1638
-103.171D0,-18.7D0,-9.99999999999997D0,-103.171D0,                   705P   1639
-18.9186658276226D0,-9.99200158831512D0,-103.123702824181D0,         705P   1640
-19.1525150772805D0,-9.97793996950421D0,-103.028826235577D0,         705P   1641
-19.3638629112774D0,-9.96839220351731D0,-102.964405525714D0,         705P   1642
-19.5073669905712D0,-9.9563097411909D0,-102.878660122371D0,          705P   1643
-19.6408852191975D0,-9.94410155916208D0,-102.779958055761D0,         705P   1644
-19.7558618191173D0,-9.93376723006128D0,-102.696405923521D0,         705P   1645
-19.8531904811293D0,-9.9233476813192D0,-102.604326107107D0,          705P   1646
-19.938192348327D0,-9.91320734954615D0,-102.498325342431D0,          705P   1647
-20.0146558655799D0,-9.89379784949921D0,-102.295430418181D0,         705P   1648
-20.1610138620367D0,-9.87724971063525D0,-102.04888176997D0,          705P   1649
-20.2625259542771D0,-9.87094669842235D0,-101.801455210914D0,         705P   1650
-20.3013779306911D0,-9.86648847612927D0,-101.626446411276D0,         705P   1651
-20.3288585608292D0,-9.86663593979178D0,-101.456426161017D0,         705P   1652
-20.3279996036677D0,-9.87139823657788D0,-101.28140337844D0,          705P   1653
-20.2985921477621D0,-9.87764136853574D0,-101.051957298882D0,         705P   1654
-20.2600404497034D0,-9.89255677454768D0,-100.824156068943D0,         705P   1655
-20.1679989048577D0,-9.91033324660584D0,-100.632205873422D0,         705P   1656
-20.0361492960064D0,-9.92498927620573D0,-100.473950189276D0,         705P   1657
-19.9274442749125D0,-9.94066851543091D0,-100.343054805178D0,         705P   1658
-19.7988878868589D0,-9.95541594339978D0,-100.231687591616D0,         705P   1659
-19.6432355983003D0,-9.97471540889853D0,-100.085945045841D0,         705P   1660
-19.4395386567604D0,-9.99093735439096D0,-99.9854347285936D0,         705P   1661
-19.1924174897884D0,-9.99700087490142D0,-99.9476056999664D0,         705P   1662
-18.9448948901461D0,-9.99902073736245D0,-99.9350042030753D0,         705P   1663
-18.8624408757807D0,-9.99999999999997D0,-99.9290000000001D0,         705P   1664
-18.7801746681474D0,-9.99999999999997D0,-99.9290000000001D0,         705P   1665
-18.7D0,.734124497037929D0,1.22354082839655D0,0.0D0,0.0D0,0.0D0;     705P   1666
508,2,0,457,58,1,0,0,457,59,1,0;                                     707P   1667
510,685,2,1,701,707;                                                 709P   1668
120,715,713,0.0D0,6.28318530717959D0;                                711P   1669
110,2.27848931483603D-14,-103.171D0,-29.0171600131731D0,             713P   1670
2.11037418348175D-14,-103.171D0,-22.0396397233666D0;                 713P   1671
110,2.27848931483603D-14,-101.55D0,-29.0171600131731D0,              715P   1672
2.27848931483603D-14,-101.55D0,-28.0171600131731D0;                  715P   1673
110,3.22267232604087D-14,-103.171D0,-28.7D0,                         717P   1674
2.98512018681385D-14,-103.171D0,-22.7D0;                             717P   1675
110,3.00357525267098D-14,-99.929D0,-28.7D0,2.86703399441196D-14,     719P   1676
-99.929D0,-22.7D0;                                                   719P   1677
126,27,3,0,0,1,0,.247364350195824D0,.247364350195824D0,              721P   1678
.247364350195824D0,.247364350195824D0,.312911457996336D0,            721P   1679
.312911457996336D0,.312911457996336D0,.361673161867057D0,            721P   1680
.361673161867057D0,.361673161867057D0,.398323379401334D0,            721P   1681
.398323379401334D0,.398323379401334D0,.469731676715328D0,            721P   1682
.469731676715328D0,.469731676715328D0,.522965980060336D0,            721P   1683
.522965980060336D0,.522965980060336D0,.590032362108701D0,            721P   1684
.590032362108701D0,.590032362108701D0,.64422655171069D0,             721P   1685
.64422655171069D0,.64422655171069D0,.715391090062163D0,              721P   1686
.715391090062163D0,.715391090062163D0,.742093050587471D0,            721P   1687
.742093050587471D0,.742093050587471D0,.742093050587471D0,1.0D0,      721P   1688
1.0D0,1.0D0,1.0D0,1.0D0,1.0D0,1.0D0,1.0D0,1.0D0,1.0D0,1.0D0,         721P   1689
1.0D0,1.0D0,1.0D0,1.0D0,1.0D0,1.0D0,1.0D0,1.0D0,1.0D0,1.0D0,         721P   1690
1.0D0,1.0D0,1.0D0,1.0D0,1.0D0,1.0D0,1.0D0,2.89213097914853D-14,      721P   1691
-103.171D0,-22.7D0,-.21849035933501D0,-103.171D0,-22.7D0,            721P   1692
-.450509043913918D0,-103.123869685712D0,-22.6801976952145D0,         721P   1693
-.659579305828596D0,-103.030741753083D0,-22.6452446235085D0,         721P   1694
-.815110534310626D0,-102.96146216432D0,-22.619242388031D0,           721P   1695
-.958412780576722D0,-102.867335794395D0,-22.5855149216953D0,         721P   1696
-1.07937616008517D0,-102.759375088647D0,-22.5516161679274D0,         721P   1697
-1.17029452061703D0,-102.678229783279D0,-22.5261372243896D0,         721P   1698
-1.25063816285525D0,-102.588848931964D0,-22.5002337302352D0,         721P   1699
-1.32295598136557D0,-102.486711519823D0,-22.4748890674256D0,         721P   1700
-1.46385807234102D0,-102.287709735284D0,-22.4255082086206D0,         721P   1701
-1.56240640542506D0,-102.047267804631D0,-22.3824801440461D0,         721P   1702
-1.60100207204413D0,-101.803837281167D0,-22.3656230528125D0,         721P   1703
-1.62977482677834D0,-101.622361810992D0,-22.3530562287599D0,         721P   1704
-1.62801446704132D0,-101.44437259858D0,-22.3538793147114D0,          721P   1705
-1.59539713820632D0,-101.263034895148D0,-22.3680659715173D0,         721P   1706
-1.5543047203556D0,-101.034579502027D0,-22.3859388032357D0,          721P   1707
-1.46064372588658D0,-100.81058282864D0,-22.4263748213458D0,          721P   1708
-1.32944930214552D0,-100.622527330309D0,-22.4726071294299D0,         721P   1709
-1.22343530142277D0,-100.470565721213D0,-22.5099659729148D0,         721P   1710
-1.09968965580792D0,-100.344796759933D0,-22.5489577464201D0,         721P   1711
-.9498516973649D0,-100.236446516881D0,-22.5855864104422D0,           721P   1712
-.753093535310322D0,-100.094167518272D0,-22.6336849609456D0,         721P   1713
-.514199772296928D0,-99.9931186085622D0,-22.6742686298593D0,         721P   1714
-.271424347295464D0,-99.9518855411157D0,-22.6907804780137D0,         721P   1715
-.18033150857167D0,-99.9364142998936D0,-22.6969759614361D0,          721P   1716
-8.90065350843329D-2,-99.929D0,-22.7D0,2.72004641033163D-14,         721P   1717
-99.929D0,-22.7D0,.247364350195824D0,.742093050587471D0,0.0D0,       721P   1718
0.0D0,0.0D0;                                                         721P   1719
508,4,0,457,60,0,0,0,457,55,0,0,0,457,61,1,0,0,457,62,0,0;           723P   1720
510,711,1,1,723;                                                     725P   1721
120,731,729,0.0D0,6.28318530717959D0;                                727P   1722
110,-10.317160013173D0,-103.171D0,-18.7D0,-3.33963972336653D0,       729P   1723
-103.171D0,-18.7D0;                                                  729P   1724
110,-10.317160013173D0,-101.55D0,-18.7D0,-9.317160013173D0,          731P   1725
-101.55D0,-18.7D0;                                                   731P   1726
110,-9.99999999999997D0,-103.171D0,-18.7D0,-3.99999999999997D0,      733P   1727
-103.171D0,-18.7D0;                                                  733P   1728
110,-9.99999999999997D0,-99.9290000000001D0,-18.7D0,                 735P   1729
-3.99999999999997D0,-99.929D0,-18.7D0;                               735P   1730
126,27,3,0,0,1,0,.247364350195824D0,.247364350195824D0,              737P   1731
.247364350195824D0,.247364350195824D0,.312911457996381D0,            737P   1732
.312911457996381D0,.312911457996381D0,.361673161867343D0,            737P   1733
.361673161867343D0,.361673161867343D0,.398323379401728D0,            737P   1734
.398323379401728D0,.398323379401728D0,.469731676715796D0,            737P   1735
.469731676715796D0,.469731676715796D0,.522965980060347D0,            737P   1736
.522965980060347D0,.522965980060347D0,.590032362109205D0,            737P   1737
.590032362109205D0,.590032362109205D0,.644226551710661D0,            737P   1738
.644226551710661D0,.644226551710661D0,.715391090062352D0,            737P   1739
.715391090062352D0,.715391090062352D0,.742093050587471D0,            737P   1740
.742093050587471D0,.742093050587471D0,.742093050587471D0,1.0D0,      737P   1741
1.0D0,1.0D0,1.0D0,1.0D0,1.0D0,1.0D0,1.0D0,1.0D0,1.0D0,1.0D0,         737P   1742
1.0D0,1.0D0,1.0D0,1.0D0,1.0D0,1.0D0,1.0D0,1.0D0,1.0D0,1.0D0,         737P   1743
1.0D0,1.0D0,1.0D0,1.0D0,1.0D0,1.0D0,1.0D0,-3.99999999999997D0,       737P   1744
-103.171D0,-18.7D0,-3.99999999999997D0,-103.171D0,                   737P   1745
-18.4815096406648D0,-3.9801976952144D0,-103.123869685712D0,          737P   1746
-18.2494909560858D0,-3.94524462350839D0,-103.030741753083D0,         737P   1747
-18.040420694171D0,-3.91924238803073D0,-102.96146216432D0,           737P   1748
-17.8848894656882D0,-3.88551492169477D0,-102.867335794394D0,         737P   1749
-17.7415872194215D0,-3.85161616792677D0,-102.759375088645D0,         737P   1750
-17.6206238399127D0,-3.82613722438884D0,-102.678229783277D0,         737P   1751
-17.5297054793808D0,-3.80023373023436D0,-102.588848931961D0,         737P   1752
-17.4493618371424D0,-3.77488906742471D0,-102.48671151982D0,          737P   1753
-17.3770440186321D0,-3.72550820861976D0,-102.28770973528D0,          737P   1754
-17.2361419276569D0,-3.68248014404537D0,-102.047267804626D0,         737P   1755
-17.1375935945735D0,-3.66562305281212D0,-101.803837281162D0,         737P   1756
-17.0989979279551D0,-3.65305622875986D0,-101.622361810988D0,         737P   1757
-17.0702251732217D0,-3.65387931471148D0,-101.444372598579D0,         737P   1758
-17.071985532959D0,-3.66806597151726D0,-101.263034895147D0,          737P   1759
-17.1046028617937D0,-3.68593880323582D0,-101.034579502025D0,         737P   1760
-17.1456952796447D0,-3.72637482134635D0,-100.810582828637D0,         737P   1761
-17.2393562741149D0,-3.77260712943083D0,-100.622527330304D0,         737P   1762
-17.3705506978574D0,-3.80996597291546D0,-100.470565721211D0,         737P   1763
-17.4765646985796D0,-3.84895774642039D0,-100.344796759932D0,         737P   1764
-17.6003103441933D0,-3.8855864104421D0,-100.236446516882D0,          737P   1765
-17.7501483026349D0,-3.93368496094564D0,-100.094167518272D0,         737P   1766
-17.94690646469D0,-3.97426862985949D0,-99.9931186085617D0,           737P   1767
-18.1858002277043D0,-3.9907804780138D0,-99.9518855411154D0,          737P   1768
-18.4285756527065D0,-3.99697596143609D0,-99.9364142998935D0,         737P   1769
-18.5196684914296D0,-3.99999999999997D0,-99.929D0,                   737P   1770
-18.6109934649163D0,-3.99999999999997D0,-99.929D0,-18.7D0,           737P   1771
.247364350195824D0,.742093050587471D0,0.0D0,0.0D0,0.0D0;             737P   1772
508,4,0,457,63,0,0,0,457,58,0,0,0,457,64,1,0,0,457,65,0,0;           739P   1773
510,727,1,1,739;                                                     741P   1774
116,2.33153887454074D-14,-93.55D0,-18.7D0,0;                         743P   1775
123,6.75808369432099D-16,-1.0D0,-5.15278826426183D-16;               745P   1776
192,743,745,5.0D0,749;                                               747P   1777
123,0.0D0,0.0D0,1.0D0;                                               749P   1778
110,2.34623143879241D-14,-95.55D0,-13.7D0,2.07590809101957D-14,      751P   1779
-91.55D0,-13.7D0;                                                    751P   1780
100,0.0D0,0.0D0,0.0D0,-5.0D0,-1.60812264967664D-15,5.0D0,            753P   1781
-1.22464679914735D-15;                                               753P   1782
124,0.0D0,-1.0D0,0.0D0,2.46670054842716D-14,0.0D0,0.0D0,-1.0D0,      755P   1783
-95.55D0,1.0D0,0.0D0,0.0D0,-18.7D0;                                  755P   1784
110,2.64839997575303D-14,-95.55D0,-23.7D0,2.37807662798019D-14,      757P   1785
-91.55D0,-23.7D0;                                                    757P   1786
100,0.0D0,0.0D0,0.0D0,-5.0D0,-1.60812264967664D-15,5.0D0,            759P   1787
-1.22464679914735D-15;                                               759P   1788
124,0.0D0,-1.0D0,0.0D0,2.19637720065432D-14,0.0D0,0.0D0,-1.0D0,      761P   1789
-91.55D0,1.0D0,0.0D0,0.0D0,-18.7D0;                                  761P   1790
508,4,0,457,66,0,0,0,457,67,0,0,0,457,68,1,0,0,457,69,1,0;           763P   1791
510,747,1,1,763;                                                     765P   1792
116,2.0612155267679D-14,-89.55D0,-18.7D0,0;                          767P   1793
123,6.75808369432099D-16,-1.0D0,-5.15278826426183D-16;               769P   1794
192,767,769,3.0D0,773;                                               771P   1795
123,0.0D0,0.0D0,1.0D0;                                               773P   1796
110,2.12409573487347D-14,-91.55D0,-15.7D0,1.85377238710063D-14,      775P   1797
-87.55D0,-15.7D0;                                                    775P   1798
100,0.0D0,0.0D0,0.0D0,-3.0D0,-9.64873589805983D-16,3.0D0,            777P   1799
-7.34788079488412D-16;                                               777P   1800
110,2.30539685704984D-14,-91.55D0,-21.7D0,1.84671565079332D-14,      779P   1801
-90.75D0,-21.7D0;                                                    779P   1802
110,-1.69190808737329D-13,-88.35D0,-21.7D0,1.84671565079332D-14,     781P   1803
-90.75D0,-21.7D0;                                                    781P   1804
110,-1.69190808737329D-13,-88.35D0,-21.7D0,2.035073509277D-14,       783P   1805
-87.55D0,-21.7D0;                                                    783P   1806
100,0.0D0,0.0D0,0.0D0,-3.0D0,-9.64873589805983D-16,3.0D0,            785P   1807
-7.34788079488412D-16;                                               785P   1808
124,0.0D0,-1.0D0,0.0D0,1.92605385288148D-14,0.0D0,0.0D0,-1.0D0,      787P   1809
-87.55D0,1.0D0,0.0D0,0.0D0,-18.7D0;                                  787P   1810
508,6,0,457,70,0,0,0,457,71,0,0,0,457,72,1,0,0,457,73,0,0,0,457,     789P   1811
74,1,0,0,457,75,1,0;                                                 789P   1812
510,771,1,1,789;                                                     791P   1813
116,3.37904184716058D-16,-59.55D0,-18.7D0,0;                         793P   1814
123,6.75808369432099D-16,-1.0D0,-5.15278826426183D-16;               795P   1815
194,793,795,4.5D0,44.9999999999999D0,799;                            797P   1816
123,0.0D0,0.0D0,-1.0D0;                                              799P   1817
110,2.49280264269081D-15,-60.05D0,-23.7D0,9.63752877078056D-16,      801P   1818
-59.05D0,-22.7D0;                                                    801P   1819
100,0.0D0,0.0D0,0.0D0,5.0D0,-1.22464679914735D-15,-5.0D0,            803P   1820
1.83697019872103D-15;                                                803P   1821
124,0.0D0,-1.0D0,0.0D0,6.75808369432107D-16,0.0D0,0.0D0,1.0D0,       805P   1822
-60.05D0,-1.0D0,0.0D0,0.0D0,-18.7D0;                                 805P   1823
110,8.34204499957794D-17,-60.05D0,-13.7D0,-1.45359541860696D-15,     807P   1824
-59.05D0,-14.7D0;                                                    807P   1825
100,0.0D0,0.0D0,0.0D0,4.00000000000004D0,-9.79717439317893D-16,      809P   1826
-4.00000000000004D0,1.46957615897684D-15;                            809P   1827
124,0.0D0,-1.0D0,0.0D0,3.56836300096067D-29,0.0D0,0.0D0,1.0D0,       811P   1828
-59.05D0,-1.0D0,0.0D0,0.0D0,-18.7D0;                                 811P   1829
508,4,0,457,76,0,0,0,457,77,1,0,0,457,78,1,0,0,457,79,0,0;           813P   1830
510,797,1,1,813;                                                     815P   1831
116,9.63026926440741D-15,-73.3D0,-18.7D0,0;                          817P   1832
123,6.75808369432099D-16,-1.0D0,-5.15278826426183D-16;               819P   1833
192,817,819,5.0D0,823;                                               821P   1834
123,0.0D0,0.0D0,1.0D0;                                               823P   1835
110,1.80265614762534D-15,-63.5D0,-13.7D0,8.34204499957794D-17,       825P   1836
-60.05D0,-13.7D0;                                                    825P   1837
100,0.0D0,0.0D0,0.0D0,-4.90000000000003D0,-.994987437106495D0,       827P   1838
5.0D0,-1.22464679914735D-15;                                         827P   1839
124,0.0D0,-1.0D0,0.0D0,3.00734724397285D-15,0.0D0,0.0D0,-1.0D0,      829P   1840
-63.5D0,1.0D0,0.0D0,0.0D0,-18.7D0;                                   829P   1841
126,3,3,0,0,1,0,.553203704817312D0,.553203704817312D0,               831P   1842
.553203704817312D0,.553203704817312D0,.649066673368487D0,            831P   1843
.649066673368487D0,.649066673368487D0,.649066673368487D0,1.0D0,      831P   1844
1.0D0,1.0D0,1.0D0,3.27515792264421D-15,-63.5025015644562D0,          831P   1845
-23.7D0,.31954322850392D0,-63.5025015644562D0,-23.7D0,               831P   1846
.65882880578802D0,-63.5D0,-23.6682599214361D0,                       831P   1847
.994987437106499D0,-63.5D0,-23.6D0,.553203704817312D0,               831P   1848
.649066673368487D0,0.0D0,0.0D0,0.0D0;                                831P   1849
110,3.96732828218908D-15,-63.5025015644562D0,-23.7D0,                833P   1850
2.49280264269081D-15,-60.05D0,-23.7D0;                               833P   1851
100,0.0D0,0.0D0,0.0D0,-5.0D0,6.12323399573677D-16,5.0D0,             835P   1852
-1.22464679914735D-15;                                               835P   1853
508,5,0,457,80,0,0,0,457,81,0,0,0,457,82,0,0,0,457,83,1,0,0,457,     837P   1854
84,0,0;                                                              837P   1855
510,821,1,1,837;                                                     839P   1856
116,9.63026926440741D-15,-73.3D0,-18.7D0,0;                          841P   1857
123,6.75808369432099D-16,-1.0D0,-5.15278826426183D-16;               843P   1858
192,841,843,5.0D0,847;                                               845P   1859
123,0.0D0,0.0D0,1.0D0;                                               847P   1860
110,1.80558474324673D-14,-87.55D0,-13.7D0,1.46430151668352D-14,      849P   1861
-82.5D0,-13.7D0;                                                     849P   1862
100,0.0D0,0.0D0,0.0D0,-5.0D0,-1.60812264967664D-15,5.0D0,            851P   1863
-1.22464679914735D-15;                                               851P   1864
110,2.10775328020735D-14,-87.55D0,-23.7D0,1.665857730273D-14,        853P   1865
-82.4974984355438D0,-23.7D0;                                         853P   1866
126,3,3,0,0,1,0,1.56374814590076D0,1.56374814590076D0,               855P   1867
1.56374814590076D0,1.56374814590076D0,1.65961111445193D0,            855P   1868
1.65961111445193D0,1.65961111445193D0,1.65961111445193D0,1.0D0,      855P   1869
1.0D0,1.0D0,1.0D0,.994987437106511D0,-82.5D0,-23.6D0,                855P   1870
.658828805788034D0,-82.5D0,-23.6682599214361D0,                      855P   1871
.319543228503933D0,-82.4974984355438D0,-23.7D0,                      855P   1872
1.60427227058335D-14,-82.4974984355438D0,-23.7D0,                    855P   1873
1.56374814590076D0,1.65961111445193D0,0.0D0,0.0D0,0.0D0;             855P   1874
100,0.0D0,0.0D0,0.0D0,5.0D0,-1.22464679914735D-15,                   857P   1875
-4.90000000000003D0,.9949874371065D0;                                857P   1876
124,0.0D0,1.0D0,0.0D0,1.58477062631827D-14,0.0D0,0.0D0,1.0D0,        859P   1877
-82.5D0,1.0D0,0.0D0,0.0D0,-18.7D0;                                   859P   1878
508,5,0,457,85,0,0,0,457,86,0,0,0,457,87,1,0,0,457,88,0,0,0,457,     861P   1879
89,0,0;                                                              861P   1880
510,845,1,1,861;                                                     863P   1881
116,3.08751143141355D-14,-101.55D0,-27.6133974596216D0,0;            865P   1882
123,-1.75345435456576D-16,-7.34853749251494D-16,1.0D0;               867P   1883
194,865,867,1.35D0,60.0D0,871;                                       869P   1884
123,-.566759984042202D0,-.823882953148372D0,                         871P   1885
-7.04812253266717D-16;                                               871P   1886
110,-.850139976063272D0,-102.785824429723D0,-27.5267949192431D0,     873P   1887
-.680111980850608D0,-102.538659543778D0,-27.7D0;                     873P   1888
100,0.0D0,0.0D0,0.0D0,1.5D0,1.99840144432529D-15,-1.5D0,             875P   1889
-9.80831020175431D-15;                                               875P   1890
124,-.566759984042202D0,-.823882953148372D0,0.0D0,                   877P   1891
3.08599289539812D-14,-.823882953148372D0,.566759984042202D0,         877P   1892
0.0D0,-101.55D0,-7.04812253266717D-16,0.0D0,-1.0D0,                  877P   1893
-27.5267949192431D0;                                                 877P   1894
110,.850139976063334D0,-100.314175570278D0,-27.5267949192431D0,      879P   1895
.680111980850673D0,-100.561340456222D0,-27.7D0;                      879P   1896
100,0.0D0,0.0D0,0.0D0,-1.2D0,3.34439992681813D-15,1.2D0,             881P   1897
-2.93915231795365D-16;                                               881P   1898
124,-.566759984042202D0,.823882953148372D0,0.0D0,                    883P   1899
3.08902996742897D-14,-.823882953148372D0,-.566759984042202D0,        883P   1900
0.0D0,-101.55D0,-7.04812253266717D-16,0.0D0,1.0D0,-27.7D0;           883P   1901
508,4,0,457,90,0,0,0,457,91,1,0,0,457,92,1,0,0,457,93,1,0;           885P   1902
510,869,1,1,885;                                                     887P   1903
116,3.08902996742897D-14,-101.55D0,-27.7D0,0;                        889P   1904
123,-1.75345435456576D-16,-7.34853749251494D-16,1.0D0;               891P   1905
192,889,891,1.5D0,895;                                               893P   1906
123,-.566759984042202D0,-.823882953148372D0,                         895P   1907
-7.04812253266717D-16;                                               895P   1908
110,-.850139976063272D0,-102.785824429723D0,-23.0D0,                 897P   1909
-.850139976063272D0,-102.785824429723D0,-27.5267949192431D0;         897P   1910
100,0.0D0,0.0D0,0.0D0,-1.5D0,1.01757042414985D-14,1.5D0,             899P   1911
-3.03192929884458D-15;                                               899P   1912
124,-.566759984042202D0,.823882953148372D0,0.0D0,                    901P   1913
3.00661761276438D-14,-.823882953148372D0,-.566759984042202D0,        901P   1914
0.0D0,-101.55D0,-7.04812253266717D-16,0.0D0,1.0D0,-23.0D0;           901P   1915
110,.850139976063333D0,-100.314175570278D0,-23.0D0,                  903P   1916
.850139976063334D0,-100.314175570278D0,-27.5267949192431D0;          903P   1917
508,4,0,457,94,0,0,0,457,95,0,0,0,457,96,1,0,0,457,91,0,0;           905P   1918
510,893,1,1,905;                                                     907P   1919
116,3.00398743123254D-14,-101.55D0,-22.85D0,0;                       909P   1920
123,1.75345435456576D-16,7.34853749251494D-16,-1.0D0;                911P   1921
194,909,911,1.35D0,45.0D0,915;                                       913P   1922
123,-.566759984042202D0,-.823882953148372D0,                         915P   1923
-7.04812253266717D-16;                                               915P   1924
110,-.850139976063272D0,-102.785824429723D0,-23.0D0,                 917P   1925
-.680111980850608D0,-102.538659543778D0,-22.7D0;                     917P   1926
100,0.0D0,0.0D0,0.0D0,1.5D0,-3.03192929884458D-15,-1.5D0,            919P   1927
1.12092320960178D-14;                                                919P   1928
110,.850139976063333D0,-100.314175570278D0,-23.0D0,                  921P   1929
.680111980850672D0,-100.561340456222D0,-22.7D0;                      921P   1930
100,0.0D0,0.0D0,0.0D0,-1.2D0,-3.05048469502277D-15,                  923P   1931
.988659543777954D0,-.680111980850778D0;                              923P   1932
124,-.566759984042202D0,-.823882953148372D0,0.0D0,                   925P   1933
3.00135724970069D-14,-.823882953148372D0,.566759984042202D0,         925P   1934
0.0D0,-101.55D0,-7.04812253266717D-16,0.0D0,-1.0D0,-22.7D0;          925P   1935
100,0.0D0,0.0D0,0.0D0,.988659543777954D0,-.680111980850778D0,        927P   1936
1.2D0,-2.93915231795365D-16;                                         927P   1937
508,5,0,457,97,0,0,0,457,98,1,0,0,457,99,1,0,0,457,100,1,0,0,        929P   1938
457,101,1,0;                                                         929P   1939
510,913,1,1,929;                                                     931P   1940
116,-8.91339745962152D0,-101.55D0,-18.7D0,0;                         933P   1941
123,1.0D0,1.03803114447767D-15,-1.09864695025444D-16;                935P   1942
194,933,935,1.35D0,60.0D0,939;                                       937P   1943
123,8.26594258247697D-16,-.723214440877865D0,.690623538916621D0;     939P   1944
110,-8.82679491924307D0,-102.634821661317D0,-17.6640646916251D0,     941P   1945
-8.99999999999996D0,-102.417857329053D0,-17.8712517533001D0;         941P   1946
100,0.0D0,0.0D0,0.0D0,1.5D0,2.22044604925032D-15,-1.5D0,             943P   1947
-1.81470442445318D-15;                                               943P   1948
124,8.26594258247696D-16,0.0D0,-1.0D0,-8.82679491924307D0,           945P   1949
-.723214440877865D0,.690623538916621D0,0.0D0,-101.55D0,              945P   1950
.690623538916621D0,.723214440877865D0,0.0D0,-18.7D0;                 945P   1951
110,-8.82679491924307D0,-100.465178338683D0,-19.735935308375D0,      947P   1952
-8.99999999999996D0,-100.682142670947D0,-19.5287482467D0;            947P   1953
100,0.0D0,0.0D0,0.0D0,-1.2D0,1.74567877135791D-15,1.2D0,             949P   1954
-2.42554343907567D-15;                                               949P   1955
124,8.26594258247696D-16,0.0D0,1.0D0,-8.99999999999996D0,            951P   1956
-.723214440877865D0,-.690623538916621D0,0.0D0,-101.55D0,             951P   1957
.690623538916621D0,-.723214440877865D0,0.0D0,-18.7D0;                951P   1958
508,4,0,457,102,0,0,0,457,103,1,0,0,457,104,1,0,0,457,105,1,0;       953P   1959
510,937,1,1,953;                                                     955P   1960
116,-8.99999999999996D0,-101.55D0,-18.7D0,0;                         957P   1961
123,1.0D0,1.03803114447767D-15,-1.09864695025444D-16;                959P   1962
192,957,959,1.5D0,963;                                               961P   1963
123,8.26594258247696D-16,-.723214440877865D0,.690623538916621D0;     963P   1964
110,-4.29999999999996D0,-102.634821661317D0,-17.6640646916251D0,     965P   1965
-8.82679491924307D0,-102.634821661317D0,-17.6640646916251D0;         965P   1966
100,0.0D0,0.0D0,0.0D0,-1.5D0,2.18209846419739D-15,1.5D0,             967P   1967
-3.03192929884458D-15;                                               967P   1968
124,8.26594258247696D-16,0.0D0,1.0D0,-4.29999999999996D0,            969P   1969
-.723214440877865D0,-.690623538916621D0,0.0D0,-101.55D0,             969P   1970
.690623538916621D0,-.723214440877865D0,0.0D0,-18.7D0;                969P   1971
110,-4.29999999999996D0,-100.465178338683D0,-19.735935308375D0,      971P   1972
-8.82679491924307D0,-100.465178338683D0,-19.735935308375D0;          971P   1973
508,4,0,457,106,0,0,0,457,107,0,0,0,457,108,1,0,0,457,103,0,0;       973P   1974
510,961,1,1,973;                                                     975P   1975
116,-4.14999999999996D0,-101.55D0,-18.7D0,0;                         977P   1976
123,-1.0D0,-1.03803114447767D-15,1.09864695025444D-16;               979P   1977
194,977,979,1.35D0,45.0D0,983;                                       981P   1978
123,8.26594258247697D-16,-.723214440877865D0,.690623538916621D0;     983P   1979
110,-4.29999999999996D0,-102.634821661317D0,-17.6640646916251D0,     985P   1980
-3.99999999999995D0,-102.417857329053D0,-17.8712517533001D0;         985P   1981
100,0.0D0,0.0D0,0.0D0,1.5D0,-3.03192929884458D-15,-1.5D0,            987P   1982
3.21562631871669D-15;                                                987P   1983
110,-4.29999999999996D0,-100.465178338683D0,-19.735935308375D0,      989P   1984
-3.99999999999996D0,-100.682142670947D0,-19.5287482467D0;            989P   1985
100,0.0D0,0.0D0,0.0D0,-1.2D0,-4.11629879866292D-15,                  991P   1986
.867857329053443D0,-.82874824669994D0;                               991P   1987
124,8.26594258247696D-16,0.0D0,-1.0D0,-3.99999999999996D0,           993P   1988
-.723214440877865D0,.690623538916621D0,0.0D0,-101.55D0,              993P   1989
.690623538916621D0,.723214440877865D0,0.0D0,-18.7D0;                 993P   1990
100,0.0D0,0.0D0,0.0D0,.867857329053443D0,-.82874824669994D0,         995P   1991
1.2D0,-1.35972933543552D-15;                                         995P   1992
508,5,0,457,109,0,0,0,457,110,1,0,0,457,111,1,0,0,457,112,1,0,0,     997P   1993
457,113,1,0;                                                         997P   1994
510,981,1,1,997;                                                     999P   1995
116,3.15311823742119D-14,-89.55D0,-21.85D0,0;                       1001P   1996
123,-9.8532293435474D-16,-2.54546873923582D-16,-1.0D0;              1003P   1997
194,1001,1003,1.35D0,45.0D0,1007;                                   1005P   1998
123,1.67513951928461D-13,-1.0D0,2.54546873923417D-16;               1007P   1999
110,2.8265431182675D-13,-91.05D0,-22.0D0,1.84671565079332D-14,      1009P   2000
-90.75D0,-21.7D0;                                                   1009P   2001
100,0.0D0,0.0D0,0.0D0,1.5D0,5.04870979341448D-29,-1.5D0,            1011P   2002
1.83697019872103D-16;                                               1011P   2003
124,1.67513951928461D-13,1.0D0,0.0D0,3.13833839340587D-14,          1013P   2004
-1.0D0,1.67513951928461D-13,0.0D0,-89.55D0,2.54546873923417D-16,    1013P   2005
0.0D0,1.0D0,-22.0D0;                                                1013P   2006
110,-2.20071234911706D-13,-88.05D0,-22.0D0,                         1015P   2007
-1.69190808737329D-13,-88.35D0,-21.7D0;                             1015P   2008
100,0.0D0,0.0D0,0.0D0,-1.2D0,1.46957615897682D-16,1.2D0,            1017P   2009
2.13934719599875D-13;                                               1017P   2010
124,1.67513951928461D-13,-1.0D0,0.0D0,3.16789808143651D-14,         1019P   2011
-1.0D0,-1.67513951928461D-13,0.0D0,-89.55D0,                        1019P   2012
2.54546873923417D-16,0.0D0,-1.0D0,-21.7D0;                          1019P   2013
508,4,0,457,114,0,0,0,457,115,1,0,0,457,116,1,0,0,457,117,1,0;      1021P   2014
510,1005,1,1,1021;                                                  1023P   2015
116,2.1911082940026D-14,-89.55D0,-31.6133974596216D0,0;             1025P   2016
123,9.8532293435474D-16,2.54546873923582D-16,1.0D0;                 1027P   2017
194,1025,1027,1.35D0,60.0D0,1031;                                   1029P   2018
123,1.67513951928461D-13,-1.0D0,2.54546873923417D-16;               1031P   2019
110,2.27800937222475D-13,-90.7795000000001D0,                       1033P   2020
-31.6829681670589D0,2.22842493784971D-13,-90.75D0,-31.7D0;          1033P   2021
100,0.0D0,0.0D0,0.0D0,1.2295D0,1.4210854715202D-14,                 1035P   2022
-2.05223603838028D-13,1.2295D0;                                     1035P   2023
110,-1.84266435920817D-13,-88.3205D0,-31.6829681670589D0,           1037P   2024
-1.79337943605794D-13,-88.3500000000001D0,-31.7D0;                  1037P   2025
100,0.0D0,0.0D0,0.0D0,-1.2D0,1.46957615897682D-16,1.2D0,            1039P   2026
-2.93915231795365D-16;                                              1039P   2027
124,1.67513951928461D-13,1.0D0,0.0D0,2.18257514708177D-14,          1041P   2028
-1.0D0,1.67513951928461D-13,0.0D0,-89.55D0,2.54546873923417D-16,    1041P   2029
0.0D0,1.0D0,-31.7D0;                                                1041P   2030
508,5,0,457,118,0,0,0,457,119,0,0,0,457,43,0,0,0,457,120,1,0,0,     1043P   2031
457,121,1,0;                                                        1043P   2032
510,1029,1,1,1043;                                                  1045P   2033
116,2.18257514708177D-14,-89.55D0,-31.7D0,0;                        1047P   2034
123,9.8532293435474D-16,2.54546873923582D-16,1.0D0;                 1049P   2035
192,1047,1049,1.5D0,1053;                                           1051P   2036
123,1.67513951928461D-13,-1.0D0,2.54546873923417D-16;               1053P   2037
110,2.8265431182675D-13,-91.05D0,-22.0D0,1.55867955033708D-13,      1055P   2038
-91.05D0,-23.95D0;                                                  1055P   2039
100,0.0D0,0.0D0,0.0D0,-1.5D0,1.83697019872103D-16,1.5D0,            1057P   2040
-3.67394039744206D-16;                                              1057P   2041
110,-2.20071234911706D-13,-88.05D0,-22.0D0,-9.6230341089334D-14,    1059P   2042
-88.05D0,-23.95D0;                                                  1059P   2043
126,15,3,0,0,1,0,0.0D0,0.0D0,0.0D0,0.0D0,6.83137063347993D-2,       1061P   2044
6.83137063347993D-2,6.83137063347993D-2,.111546446485611D0,         1061P   2045
.111546446485611D0,.111546446485611D0,.148867084454143D0,           1061P   2046
.148867084454143D0,.148867084454143D0,.216354799036563D0,           1061P   2047
.216354799036563D0,.216354799036563D0,.2273851319451D0,             1061P   2048
.2273851319451D0,.2273851319451D0,.2273851319451D0,1.0D0,1.0D0,     1061P   2049
1.0D0,1.0D0,1.0D0,1.0D0,1.0D0,1.0D0,1.0D0,1.0D0,1.0D0,1.0D0,        1061P   2050
1.0D0,1.0D0,1.0D0,1.0D0,-1.49999999999997D0,-89.55D0,               1061P   2051
-23.7311529493746D0,-1.49999999999997D0,-89.3222876455507D0,        1061P   2052
-23.7311529493746D0,-1.44383310393975D0,-89.07806734319D0,          1061P   2053
-23.7488254540742D0,-1.3344438530234D0,-88.864974742708D0,          1061P   2054
-23.7775741848966D0,-1.26521620730058D0,-88.7301178081487D0,        1061P   2055
-23.795767992201D0,-1.17558895201593D0,-88.6073803633079D0,         1061P   2056
-23.8177050546066D0,-1.07570307124143D0,-88.504599166577D0,         1061P   2057
-23.8386148817091D0,-.989476642346361D0,-88.4158733578545D0,        1061P   2058
-23.85666527788D0,-.889824195715945D0,-88.3354466441363D0,          1061P   2059
-23.8752639630043D0,-.778621359680261D0,-88.2679123359733D0,        1061P   2060
-23.8919407525751D0,-.577530872817202D0,-88.1457885899197D0,        1061P   2061
-23.9220977508464D0,-.340695847300601D0,-88.0712269676278D0,        1061P   2062
-23.9439490493023D0,-.111454496404084D0,-88.0541464325573D0,        1061P   2063
-23.9488168090753D0,-7.39868116197193D-2,-88.0513547542607D0,       1061P   2064
-23.9496124058909D0,-3.67677763617591D-2,-88.05D0,-23.95D0,         1061P   2065
3.05866443284231D-14,-88.05D0,-23.95D0,0.0D0,.2273851319451D0,      1061P   2066
0.0D0,0.0D0,0.0D0;                                                  1061P   2067
126,15,3,0,0,1,0,.682155395835299D0,.682155395835299D0,             1063P   2068
.682155395835299D0,.682155395835299D0,.744007922333437D0,           1063P   2069
.744007922333437D0,.744007922333437D0,.786796022663515D0,           1063P   2070
.786796022663515D0,.786796022663515D0,.818933107576891D0,           1063P   2071
.818933107576891D0,.818933107576891D0,.88658279516326D0,            1063P   2072
.88658279516326D0,.88658279516326D0,.909540527780398D0,             1063P   2073
.909540527780398D0,.909540527780398D0,.909540527780398D0,1.0D0,     1063P   2074
1.0D0,1.0D0,1.0D0,1.0D0,1.0D0,1.0D0,1.0D0,1.0D0,1.0D0,1.0D0,        1063P   2075
1.0D0,1.0D0,1.0D0,1.0D0,1.0D0,3.10307335382731D-14,-91.05D0,        1063P   2076
-23.95D0,-.206175088327098D0,-91.05D0,-23.95D0,                     1063P   2077
-.426258026818807D0,-91.0044985698362D0,-23.9364537870892D0,        1063P   2078
-.623955260132553D0,-90.9140673859282D0,-23.9127900239078D0,        1063P   2079
-.760717483649192D0,-90.8515092530743D0,-23.8964199978068D0,        1063P   2080
-.887156985973522D0,-90.768061300189D0,-23.8756632722551D0,         1063P   2081
-.994885973121465D0,-90.6725871460542D0,-23.854871666733D0,         1063P   2082
-1.07579855350943D0,-90.6008788679397D0,-23.8392556055618D0,        1063P   2083
-1.14745784985607D0,-90.5224057489576D0,-23.8235064391019D0,        1063P   2084
-1.21256456708515D0,-90.4329989641271D0,-23.8080512106526D0,        1063P   2085
-1.34961648365424D0,-90.2447945554764D0,-23.7755174142928D0,        1063P   2086
-1.44522143559648D0,-90.015010247405D0,-23.7473043530558D0,         1063P   2087
-1.48170476069938D0,-89.7835615595956D0,-23.7365713538201D0,        1063P   2088
-1.49408581451617D0,-89.7050166722666D0,-23.7329289818384D0,        1063P   2089
-1.49999999999997D0,-89.6265257753905D0,-23.7311529493745D0,        1063P   2090
-1.49999999999997D0,-89.55D0,-23.7311529493745D0,                   1063P   2091
.682155395835299D0,.909540527780398D0,0.0D0,0.0D0,0.0D0;            1063P   2092
508,5,0,457,122,0,0,0,457,123,0,0,0,457,124,1,0,0,457,125,0,0,0,    1065P   2093
457,126,0,0;                                                        1065P   2094
510,1051,1,1,1065;                                                  1067P   2095
116,3.16789808143651D-14,-89.55D0,-21.7D0,0;                        1069P   2096
123,0.0D0,0.0D0,1.0D0;                                              1071P   2097
190,1069,1071,1075;                                                 1073P   2098
123,1.67513951928461D-13,-1.0D0,0.0D0;                              1075P   2099
110,-1.69190808737329D-13,-88.35D0,-21.7D0,1.84671565079332D-14,    1077P   2100
-90.75D0,-21.7D0;                                                   1077P   2101
100,0.0D0,0.0D0,0.0D0,1.2D0,2.14228566620585D-13,-1.2D0,            1079P   2102
1.46957615897682D-16;                                               1079P   2103
508,2,0,457,127,0,0,0,457,128,0,0;                                  1081P   2104
510,1073,1,1,1081;                                                  1083P   2105
116,2.18257514708177D-14,-89.55D0,-31.7D0,0;                        1085P   2106
123,9.8532293435474D-16,2.54546873923582D-16,1.0D0;                 1087P   2107
192,1085,1087,1.5D0,1091;                                           1089P   2108
123,1.67513951928461D-13,-1.0D0,2.54546873923417D-16;               1091P   2109
126,27,3,0,0,1,0,.2273851319451D0,.2273851319451D0,                 1093P   2110
.2273851319451D0,.2273851319451D0,.289237658442706D0,               1093P   2111
.289237658442706D0,.289237658442706D0,.33611094931375D0,            1093P   2112
.33611094931375D0,.33611094931375D0,.37250970616723D0,              1093P   2113
.37250970616723D0,.37250970616723D0,.439993629102514D0,             1093P   2114
.439993629102514D0,.439993629102514D0,.479450550254425D0,           1093P   2115
.479450550254425D0,.479450550254425D0,.542577291805293D0,           1093P   2116
.542577291805293D0,.542577291805293D0,.5933466423173D0,             1093P   2117
.5933466423173D0,.5933466423173D0,.66098641608151D0,                1093P   2118
.66098641608151D0,.66098641608151D0,.682155395835299D0,             1093P   2119
.682155395835299D0,.682155395835299D0,.682155395835299D0,1.0D0,     1093P   2120
1.0D0,1.0D0,1.0D0,1.0D0,1.0D0,1.0D0,1.0D0,1.0D0,1.0D0,1.0D0,        1093P   2121
1.0D0,1.0D0,1.0D0,1.0D0,1.0D0,1.0D0,1.0D0,1.0D0,1.0D0,1.0D0,        1093P   2122
1.0D0,1.0D0,1.0D0,1.0D0,1.0D0,1.0D0,1.0D0,2.94764213037979D-14,     1093P   2123
-88.05D0,-23.95D0,.206175088325383D0,-88.05D0,-23.95D0,             1093P   2124
.426258026815081D0,-88.095501430163D0,-23.9364537870894D0,          1093P   2125
.623955260127495D0,-88.1859326140695D0,-23.9127900239085D0,         1093P   2126
.773774846265374D0,-88.2544634797768D0,-23.8948570708426D0,         1093P   2127
.911097333808428D0,-88.3481880453613D0,-23.8716483118147D0,         1093P   2128
1.02523795166945D0,-88.4550629504594D0,-23.8489209687523D0,         1093P   2129
1.11387215079276D0,-88.5380550684037D0,-23.8312723885335D0,         1093P   2130
1.19308628899481D0,-88.6321043459753D0,-23.8131215252886D0,         1093P   2131
1.26149585031711D0,-88.738440871142D0,-23.796187616212D0,           1093P   2132
1.38832835679238D0,-88.9355906226691D0,-23.7647918567438D0,         1093P   2133
1.46943667474697D0,-89.1702385617609D0,-23.7402217346872D0,         1093P   2134
1.49251174863163D0,-89.4003047088361D0,-23.7333794492564D0,         1093P   2135
1.5060034268157D0,-89.5348212192882D0,-23.7293788591158D0,          1093P   2136
1.50174238969848D0,-89.6662585627892D0,-23.7306899160766D0,         1093P   2137
1.47880958832984D0,-89.8012413211711D0,-23.7374221782042D0,         1093P   2138
1.44211962411642D0,-90.0171989137414D0,-23.7481930584193D0,         1093P   2139
1.3542937662284D0,-90.2307460124452D0,-23.7739427591552D0,          1093P   2140
1.22938748279269D0,-90.4094221414141D0,-23.8040284498769D0,         1093P   2141
1.12893226002803D0,-90.5531214801871D0,-23.8282247087067D0,         1093P   2142
1.01095243569939D0,-90.6718985751333D0,-23.8537805261689D0,         1093P   2143
.868106547857597D0,-90.7732706248279D0,-23.8777302963332D0,         1093P   2144
.677793624030037D0,-90.9083281435514D0,-23.9096384657166D0,         1093P   2145
.446638299647123D0,-91.0009275606984D0,-23.9360916014209D0,         1093P   2146
.215227674750484D0,-91.0344787125525D0,-23.9455864350921D0,         1093P   2147
.142803913394846D0,-91.0449790973822D0,-23.9485579994626D0,         1093P   2148
7.05632658459916D-2,-91.05D0,-23.95D0,3.02258218454199D-14,         1093P   2149
-91.05D0,-23.95D0,.2273851319451D0,.682155395835299D0,0.0D0,        1093P   2150
0.0D0,0.0D0;                                                        1093P   2151
508,4,0,457,122,1,0,0,457,129,0,0,0,457,124,0,0,0,457,115,0,0;      1095P   2152
510,1089,1,1,1095;                                                  1097P   2153
116,2.1911082940026D-14,-89.55D0,-31.6133974596216D0,0;             1099P   2154
123,9.8532293435474D-16,2.54546873923582D-16,1.0D0;                 1101P   2155
194,1099,1101,1.35D0,60.0D0,1105;                                   1103P   2156
123,1.67513951928461D-13,-1.0D0,2.54546873923417D-16;               1105P   2157
100,0.0D0,0.0D0,0.0D0,1.2D0,-2.93915231795365D-16,-1.2D0,           1107P   2158
4.40872847693047D-16;                                               1107P   2159
100,0.0D0,0.0D0,0.0D0,-2.05223603838028D-13,1.2295D0,-1.2295D0,     1109P   2160
1.50570323955167D-16;                                               1109P   2161
508,5,0,457,118,1,0,0,457,130,1,0,0,457,120,0,0,0,457,42,0,0,0,     1111P   2162
457,131,0,0;                                                        1111P   2163
510,1103,1,1,1111;                                                  1113P   2164
116,3.15311823742119D-14,-89.55D0,-21.85D0,0;                       1115P   2165
123,-9.8532293435474D-16,-2.54546873923582D-16,-1.0D0;              1117P   2166
194,1115,1117,1.35D0,45.0D0,1121;                                   1119P   2167
123,1.67513951928461D-13,-1.0D0,2.54546873923417D-16;               1121P   2168
508,4,0,457,114,1,0,0,457,128,1,0,0,457,116,0,0,0,457,123,1,0;      1123P   2169
510,1119,1,1,1123;                                                  1125P   2170
116,3.16789808143651D-14,-89.55D0,-21.7D0,0;                        1127P   2171
123,0.0D0,0.0D0,1.0D0;                                              1129P   2172
190,1127,1129,1133;                                                 1131P   2173
123,1.67513951928461D-13,-1.0D0,0.0D0;                              1133P   2174
508,2,0,457,127,1,0,0,457,117,0,0;                                  1135P   2175
510,1131,1,1,1135;                                                  1137P   2176
116,2.18257514708177D-14,-89.55D0,-31.7D0,0;                        1139P   2177
123,0.0D0,0.0D0,-1.0D0;                                             1141P   2178
190,1139,1141,1145;                                                 1143P   2179
123,-1.67513951928461D-13,1.0D0,0.0D0;                              1145P   2180
508,2,0,457,121,0,0,0,457,130,0,0;                                  1147P   2181
110,-.750604110317827D0,-89.9819646624135D0,-31.7D0,                1149P   2182
-1.20968397170053D-3,-90.416024558927D0,-31.7D0;                    1149P   2183
110,-1.20968397170053D-3,-90.416024558927D0,-31.7D0,                1151P   2184
.749394426346148D0,-89.9840598965136D0,-31.7D0;                     1151P   2185
110,.749394426346148D0,-89.9840598965136D0,-31.7D0,                 1153P   2186
.750604110317871D0,-89.1180353375866D0,-31.7D0;                     1153P   2187
110,.750604110317871D0,-89.1180353375866D0,-31.7D0,                 1155P   2188
1.20968397174389D-3,-88.683975441073D0,-31.7D0;                     1155P   2189
110,1.20968397174389D-3,-88.683975441073D0,-31.7D0,                 1157P   2190
-.749394426346105D0,-89.1159401034865D0,-31.7D0;                    1157P   2191
110,-.749394426346105D0,-89.1159401034865D0,-31.7D0,                1159P   2192
-.750604110317827D0,-89.9819646624135D0,-31.7D0;                    1159P   2193
508,6,0,457,132,1,0,0,457,133,1,0,0,457,134,1,0,0,457,135,1,0,0,    1161P   2194
457,136,1,0,0,457,137,1,0;                                          1161P   2195
510,1143,2,1,1147,1161;                                             1163P   2196
116,-1.20968397170053D-3,-90.416024558927D0,-31.7D0,0;              1165P   2197
123,.501209196193047D0,.865326147560282D0,-7.1411898170432D-16;     1167P   2198
190,1165,1167,1171;                                                 1169P   2199
123,0.0D0,0.0D0,1.0D0;                                              1171P   2200
110,-1.20968397169935D-3,-90.416024558927D0,-30.5D0,                1173P   2201
-.750604110317826D0,-89.9819646624135D0,-30.5D0;                    1173P   2202
110,-1.20968397170053D-3,-90.416024558927D0,-31.7D0,                1175P   2203
-1.20968397169935D-3,-90.416024558927D0,-30.5D0;                    1175P   2204
110,-.750604110317827D0,-89.9819646624135D0,-31.7D0,                1177P   2205
-.750604110317826D0,-89.9819646624135D0,-30.5D0;                    1177P   2206
508,4,0,457,138,0,0,0,457,139,0,0,0,457,132,0,0,0,457,140,1,0;      1179P   2207
510,1169,1,1,1179;                                                  1181P   2208
116,-.750604110317827D0,-89.9819646624135D0,-31.7D0,0;              1183P   2209
123,.99999902444265D0,-1.39682273341637D-3,                         1185P   2210
-9.84966416255492D-16;                                              1185P   2211
190,1183,1185,1189;                                                 1187P   2212
123,0.0D0,0.0D0,-1.0D0;                                             1189P   2213
110,-.750604110317826D0,-89.9819646624135D0,-30.5D0,                1191P   2214
-.749394426346103D0,-89.1159401034865D0,-30.5D0;                    1191P   2215
110,-.749394426346105D0,-89.1159401034865D0,-31.7D0,                1193P   2216
-.749394426346103D0,-89.1159401034865D0,-30.5D0;                    1193P   2217
508,4,0,457,141,0,0,0,457,140,0,0,0,457,137,0,0,0,457,142,1,0;      1195P   2218
510,1187,1,1,1195;                                                  1197P   2219
116,-.749394426346105D0,-89.1159401034865D0,-31.7D0,0;              1199P   2220
123,.498789828249603D0,-.866722970293699D0,                         1201P   2221
-2.70847434551173D-16;                                              1201P   2222
190,1199,1201,1205;                                                 1203P   2223
123,0.0D0,0.0D0,-1.0D0;                                             1205P   2224
110,-.749394426346103D0,-89.1159401034865D0,-30.5D0,                1207P   2225
1.20968397174507D-3,-88.683975441073D0,-30.5D0;                     1207P   2226
110,1.20968397174389D-3,-88.683975441073D0,-31.7D0,                 1209P   2227
1.20968397174507D-3,-88.683975441073D0,-30.5D0;                     1209P   2228
508,4,0,457,143,0,0,0,457,142,0,0,0,457,136,0,0,0,457,144,1,0;      1211P   2229
510,1203,1,1,1211;                                                  1213P   2230
116,1.20968397174389D-3,-88.683975441073D0,-31.7D0,0;               1215P   2231
123,-.501209196193047D0,-.865326147560282D0,7.1411898170432D-16;    1217P   2232
190,1215,1217,1221;                                                 1219P   2233
123,0.0D0,0.0D0,-1.0D0;                                             1221P   2234
110,1.20968397174507D-3,-88.683975441073D0,-30.5D0,                 1223P   2235
.750604110317872D0,-89.1180353375866D0,-30.5D0;                     1223P   2236
110,.750604110317871D0,-89.1180353375866D0,-31.7D0,                 1225P   2237
.750604110317872D0,-89.1180353375866D0,-30.5D0;                     1225P   2238
508,4,0,457,145,0,0,0,457,144,0,0,0,457,135,0,0,0,457,146,1,0;      1227P   2239
510,1219,1,1,1227;                                                  1229P   2240
116,.750604110317871D0,-89.1180353375866D0,-31.7D0,0;               1231P   2241
123,-.99999902444265D0,1.39682273341669D-3,9.84966416255492D-16;    1233P   2242
190,1231,1233,1237;                                                 1235P   2243
123,0.0D0,0.0D0,1.0D0;                                              1237P   2244
110,.750604110317872D0,-89.1180353375866D0,-30.5D0,                 1239P   2245
.749394426346149D0,-89.9840598965136D0,-30.5D0;                     1239P   2246
110,.749394426346148D0,-89.9840598965136D0,-31.7D0,                 1241P   2247
.749394426346149D0,-89.9840598965136D0,-30.5D0;                     1241P   2248
508,4,0,457,147,0,0,0,457,146,0,0,0,457,134,0,0,0,457,148,1,0;      1243P   2249
510,1235,1,1,1243;                                                  1245P   2250
116,.749394426346148D0,-89.9840598965136D0,-31.7D0,0;               1247P   2251
123,-.498789828249603D0,.866722970293699D0,2.70847434551172D-16;    1249P   2252
190,1247,1249,1253;                                                 1251P   2253
123,0.0D0,0.0D0,1.0D0;                                              1253P   2254
110,.749394426346149D0,-89.9840598965136D0,-30.5D0,                 1255P   2255
-1.20968397169935D-3,-90.416024558927D0,-30.5D0;                    1255P   2256
508,4,0,457,149,0,0,0,457,148,0,0,0,457,133,0,0,0,457,139,1,0;      1257P   2257
510,1251,1,1,1257;                                                  1259P   2258
116,2.30254862268032D-14,-89.55D0,-30.5D0,0;                        1261P   2259
123,0.0D0,0.0D0,-1.0D0;                                             1263P   2260
190,1261,1263,1267;                                                 1265P   2261
123,-1.67513951928461D-13,1.0D0,0.0D0;                              1267P   2262
508,6,0,457,138,1,0,0,457,141,1,0,0,457,143,1,0,0,457,145,1,0,0,    1269P   2263
457,147,1,0,0,457,149,1,0;                                          1269P   2264
510,1265,1,1,1269;                                                  1271P   2265
116,-3.99999999999996D0,-101.55D0,-18.7D0,0;                        1273P   2266
123,1.0D0,0.0D0,0.0D0;                                              1275P   2267
190,1273,1275,1279;                                                 1277P   2268
123,0.0D0,-.723214440877865D0,.690623538916621D0;                   1279P   2269
110,-3.99999999999996D0,-100.35D0,-18.7D0,-3.99999999999996D0,      1281P   2270
-102.75D0,-18.7D0;                                                  1281P   2271
100,0.0D0,0.0D0,0.0D0,1.2D0,-1.35972933543552D-15,                  1283P   2272
-.867857329053433D0,.82874824669995D0;                              1283P   2273
508,3,0,457,150,0,0,0,457,151,0,0,0,457,113,0,0;                    1285P   2274
510,1277,1,1,1285;                                                  1287P   2275
116,-4.14999999999996D0,-101.55D0,-18.7D0,0;                        1289P   2276
123,-1.0D0,-1.03803114447767D-15,1.09864695025444D-16;              1291P   2277
194,1289,1291,1.35D0,45.0D0,1295;                                   1293P   2278
123,8.26594258247697D-16,-.723214440877865D0,.690623538916621D0;    1295P   2279
100,0.0D0,0.0D0,0.0D0,-.867857329053434D0,.82874824669995D0,        1297P   2280
-1.2D0,-4.11629879866292D-15;                                       1297P   2281
508,5,0,457,109,1,0,0,457,151,1,0,0,457,152,1,0,0,457,111,0,0,0,    1299P   2282
457,107,1,0;                                                        1299P   2283
510,1293,1,1,1299;                                                  1301P   2284
116,-8.99999999999996D0,-101.55D0,-18.7D0,0;                        1303P   2285
123,1.0D0,1.03803114447767D-15,-1.09864695025444D-16;               1305P   2286
192,1303,1305,1.5D0,1309;                                           1307P   2287
123,8.26594258247696D-16,-.723214440877865D0,.690623538916621D0;    1309P   2288
100,0.0D0,0.0D0,0.0D0,-1.5D0,-1.81470442445318D-15,1.5D0,           1311P   2289
2.29714121935617D-15;                                               1311P   2290
508,4,0,457,106,1,0,0,457,153,0,0,0,457,108,0,0,0,457,110,0,0;      1313P   2291
510,1307,1,1,1313;                                                  1315P   2292
116,-3.99999999999996D0,-101.55D0,-18.7D0,0;                        1317P   2293
123,1.0D0,0.0D0,0.0D0;                                              1319P   2294
190,1317,1319,1323;                                                 1321P   2295
123,0.0D0,-.723214440877865D0,.690623538916621D0;                   1323P   2296
508,3,0,457,150,1,0,0,457,112,0,0,0,457,152,0,0;                    1325P   2297
510,1321,1,1,1325;                                                  1327P   2298
116,-8.91339745962152D0,-101.55D0,-18.7D0,0;                        1329P   2299
123,1.0D0,1.03803114447767D-15,-1.09864695025444D-16;               1331P   2300
194,1329,1331,1.35D0,60.0D0,1335;                                   1333P   2301
123,8.26594258247697D-16,-.723214440877865D0,.690623538916621D0;    1335P   2302
100,0.0D0,0.0D0,0.0D0,1.2D0,-2.42554343907567D-15,-1.2D0,           1337P   2303
2.57250105497335D-15;                                               1337P   2304
508,4,0,457,102,1,0,0,457,154,1,0,0,457,104,0,0,0,457,153,1,0;      1339P   2305
510,1333,1,1,1339;                                                  1341P   2306
116,-8.99999999999996D0,-101.55D0,-18.7D0,0;                        1343P   2307
123,-1.0D0,0.0D0,0.0D0;                                             1345P   2308
190,1343,1345,1349;                                                 1347P   2309
123,0.0D0,.723214440877865D0,-.690623538916621D0;                   1349P   2310
508,2,0,457,105,0,0,0,457,154,0,0;                                  1351P   2311
110,-8.99999999999996D0,-101.344018214813D0,-17.858827304193D0,     1353P   2312
-8.99999999999996D0,-102.175486030945D0,-18.1010281934078D0;        1353P   2313
110,-8.99999999999996D0,-102.175486030945D0,-18.1010281934078D0,    1355P   2314
-8.99999999999996D0,-102.381467816132D0,-18.9422008892148D0;        1355P   2315
110,-8.99999999999996D0,-102.381467816132D0,-18.9422008892148D0,    1357P   2316
-8.99999999999996D0,-101.755981785187D0,-19.541172695807D0;         1357P   2317
110,-8.99999999999996D0,-101.755981785187D0,-19.541172695807D0,     1359P   2318
-8.99999999999996D0,-100.924513969055D0,-19.2989718065922D0;        1359P   2319
110,-8.99999999999996D0,-100.924513969055D0,-19.2989718065922D0,    1361P   2320
-8.99999999999996D0,-100.718532183868D0,-18.4577991107852D0;        1361P   2321
110,-8.99999999999996D0,-100.718532183868D0,-18.4577991107852D0,    1363P   2322
-8.99999999999996D0,-101.344018214813D0,-17.858827304193D0;         1363P   2323
508,6,0,457,155,1,0,0,457,156,1,0,0,457,157,1,0,0,457,158,1,0,0,    1365P   2324
457,159,1,0,0,457,160,1,0;                                          1365P   2325
510,1347,2,1,1351,1365;                                             1367P   2326
116,-8.99999999999996D0,-102.175486030945D0,-18.1010281934078D0,    1369P   2327
0;                                                                  1369P   2328
123,-3.95786339257644D-16,.279669497172249D0,                       1371P   2329
-.960096334932814D0;                                                1371P   2330
190,1369,1371,1375;                                                 1373P   2331
123,1.0D0,0.0D0,0.0D0;                                              1375P   2332
110,-7.79999999999996D0,-102.175486030945D0,-18.1010281934078D0,    1377P   2333
-7.79999999999996D0,-101.344018214813D0,-17.858827304193D0;         1377P   2334
110,-8.99999999999996D0,-102.175486030945D0,-18.1010281934078D0,    1379P   2335
-7.79999999999996D0,-102.175486030945D0,-18.1010281934078D0;        1379P   2336
110,-8.99999999999996D0,-101.344018214813D0,-17.858827304193D0,     1381P   2337
-7.79999999999996D0,-101.344018214813D0,-17.858827304193D0;         1381P   2338
508,4,0,457,161,0,0,0,457,162,0,0,0,457,155,0,0,0,457,163,1,0;      1383P   2339
510,1373,1,1,1383;                                                  1385P   2340
116,-8.99999999999996D0,-101.344018214813D0,-17.858827304193D0,     1387P   2341
0;                                                                  1387P   2342
123,6.38586992318709D-16,-.691633067546025D0,                       1389P   2343
-.722249056681195D0;                                                1389P   2344
190,1387,1389,1393;                                                 1391P   2345
123,-1.0D0,0.0D0,0.0D0;                                             1393P   2346
110,-7.79999999999996D0,-101.344018214813D0,-17.858827304193D0,     1395P   2347
-7.79999999999996D0,-100.718532183868D0,-18.4577991107852D0;        1395P   2348
110,-8.99999999999996D0,-100.718532183868D0,-18.4577991107852D0,    1397P   2349
-7.79999999999996D0,-100.718532183868D0,-18.4577991107852D0;        1397P   2350
508,4,0,457,164,0,0,0,457,163,0,0,0,457,160,0,0,0,457,165,1,0;      1399P   2351
510,1391,1,1,1399;                                                  1401P   2352
116,-8.99999999999996D0,-100.718532183868D0,-18.4577991107852D0,    1403P   2353
0;                                                                  1403P   2354
123,1.03437333157635D-15,-.971302564718274D0,.237847278251619D0;    1405P   2355
190,1403,1405,1409;                                                 1407P   2356
123,-1.0D0,0.0D0,0.0D0;                                             1409P   2357
110,-7.79999999999996D0,-100.718532183868D0,-18.4577991107852D0,    1411P   2358
-7.79999999999996D0,-100.924513969055D0,-19.2989718065922D0;        1411P   2359
110,-8.99999999999996D0,-100.924513969055D0,-19.2989718065922D0,    1413P   2360
-7.79999999999996D0,-100.924513969055D0,-19.2989718065922D0;        1413P   2361
508,4,0,457,166,0,0,0,457,165,0,0,0,457,159,0,0,0,457,167,1,0;      1415P   2362
510,1407,1,1,1415;                                                  1417P   2363
116,-8.99999999999996D0,-100.924513969055D0,-19.2989718065922D0,    1419P   2364
0;                                                                  1419P   2365
123,3.95786339257644D-16,-.279669497172249D0,.960096334932814D0;    1421P   2366
190,1419,1421,1425;                                                 1423P   2367
123,-1.0D0,0.0D0,0.0D0;                                             1425P   2368
110,-7.79999999999996D0,-100.924513969055D0,-19.2989718065922D0,    1427P   2369
-7.79999999999996D0,-101.755981785187D0,-19.541172695807D0;         1427P   2370
110,-8.99999999999996D0,-101.755981785187D0,-19.541172695807D0,     1429P   2371
-7.79999999999996D0,-101.755981785187D0,-19.541172695807D0;         1429P   2372
508,4,0,457,168,0,0,0,457,167,0,0,0,457,158,0,0,0,457,169,1,0;      1431P   2373
510,1423,1,1,1431;                                                  1433P   2374
116,-8.99999999999996D0,-101.755981785187D0,-19.541172695807D0,     1435P   2375
0;                                                                  1435P   2376
123,-6.38586992318709D-16,.691633067546025D0,.722249056681194D0;    1437P   2377
190,1435,1437,1441;                                                 1439P   2378
123,1.0D0,0.0D0,0.0D0;                                              1441P   2379
110,-7.79999999999996D0,-101.755981785187D0,-19.541172695807D0,     1443P   2380
-7.79999999999996D0,-102.381467816132D0,-18.9422008892148D0;        1443P   2381
110,-8.99999999999996D0,-102.381467816132D0,-18.9422008892148D0,    1445P   2382
-7.79999999999996D0,-102.381467816132D0,-18.9422008892148D0;        1445P   2383
508,4,0,457,170,0,0,0,457,169,0,0,0,457,157,0,0,0,457,171,1,0;      1447P   2384
510,1439,1,1,1447;                                                  1449P   2385
116,-8.99999999999996D0,-102.381467816132D0,-18.9422008892148D0,    1451P   2386
0;                                                                  1451P   2387
123,-1.03437333157635D-15,.971302564718274D0,                       1453P   2388
-.237847278251619D0;                                                1453P   2389
190,1451,1453,1457;                                                 1455P   2390
123,1.0D0,0.0D0,0.0D0;                                              1457P   2391
110,-7.79999999999996D0,-102.381467816132D0,-18.9422008892148D0,    1459P   2392
-7.79999999999996D0,-102.175486030945D0,-18.1010281934078D0;        1459P   2393
508,4,0,457,172,0,0,0,457,171,0,0,0,457,156,0,0,0,457,162,1,0;      1461P   2394
510,1455,1,1,1461;                                                  1463P   2395
116,-7.79999999999996D0,-101.55D0,-18.7D0,0;                        1465P   2396
123,-1.0D0,0.0D0,0.0D0;                                             1467P   2397
190,1465,1467,1471;                                                 1469P   2398
123,0.0D0,.723214440877865D0,-.690623538916621D0;                   1471P   2399
508,6,0,457,161,1,0,0,457,164,1,0,0,457,166,1,0,0,457,168,1,0,0,    1473P   2400
457,170,1,0,0,457,172,1,0;                                          1473P   2401
510,1469,1,1,1473;                                                  1475P   2402
116,3.00135724970069D-14,-101.55D0,-22.7D0,0;                       1477P   2403
123,0.0D0,0.0D0,1.0D0;                                              1479P   2404
190,1477,1479,1483;                                                 1481P   2405
123,-.566759984042202D0,-.823882953148372D0,0.0D0;                  1483P   2406
110,1.74815027338661D-13,-100.35D0,-22.7D0,1.93949010430481D-13,    1485P   2407
-102.75D0,-22.7D0;                                                  1485P   2408
100,0.0D0,0.0D0,0.0D0,1.2D0,0.0D0,-.988659543778129D0,              1487P   2409
.680111980850523D0;                                                 1487P   2410
508,3,0,457,173,0,0,0,457,174,0,0,0,457,101,0,0;                    1489P   2411
510,1481,1,1,1489;                                                  1491P   2412
116,3.00398743123254D-14,-101.55D0,-22.85D0,0;                      1493P   2413
123,1.75345435456576D-16,7.34853749251494D-16,-1.0D0;               1495P   2414
194,1493,1495,1.35D0,45.0D0,1499;                                   1497P   2415
123,-.566759984042202D0,-.823882953148372D0,                        1499P   2416
-7.04812253266717D-16;                                              1499P   2417
100,0.0D0,0.0D0,0.0D0,-.988659543778129D0,.680111980850523D0,       1501P   2418
-1.2D0,-3.05048469502277D-15;                                       1501P   2419
508,5,0,457,97,1,0,0,457,174,1,0,0,457,175,1,0,0,457,99,0,0,0,      1503P   2420
457,95,1,0;                                                         1503P   2421
510,1497,1,1,1503;                                                  1505P   2422
116,3.08902996742897D-14,-101.55D0,-27.7D0,0;                       1507P   2423
123,-1.75345435456576D-16,-7.34853749251494D-16,1.0D0;              1509P   2424
192,1507,1509,1.5D0,1513;                                           1511P   2425
123,-.566759984042202D0,-.823882953148372D0,                        1513P   2426
-7.04812253266717D-16;                                              1513P   2427
100,0.0D0,0.0D0,0.0D0,-1.5D0,-9.80831020175431D-15,1.5D0,           1515P   2428
2.29714121935617D-15;                                               1515P   2429
508,4,0,457,94,1,0,0,457,176,0,0,0,457,96,0,0,0,457,98,0,0;         1517P   2430
510,1511,1,1,1517;                                                  1519P   2431
116,3.00135724970069D-14,-101.55D0,-22.7D0,0;                       1521P   2432
123,0.0D0,0.0D0,1.0D0;                                              1523P   2433
190,1521,1523,1527;                                                 1525P   2434
123,-.566759984042202D0,-.823882953148372D0,0.0D0;                  1527P   2435
508,3,0,457,173,1,0,0,457,100,0,0,0,457,175,0,0;                    1529P   2436
510,1525,1,1,1529;                                                  1531P   2437
116,3.08751143141355D-14,-101.55D0,-27.6133974596216D0,0;           1533P   2438
123,-1.75345435456576D-16,-7.34853749251494D-16,1.0D0;              1535P   2439
194,1533,1535,1.35D0,60.0D0,1539;                                   1537P   2440
123,-.566759984042202D0,-.823882953148372D0,                        1539P   2441
-7.04812253266717D-16;                                              1539P   2442
100,0.0D0,0.0D0,0.0D0,1.2D0,-2.93915231795365D-16,-1.2D0,           1541P   2443
4.70412926225365D-15;                                               1541P   2444
508,4,0,457,90,1,0,0,457,177,1,0,0,457,92,0,0,0,457,176,1,0;        1543P   2445
510,1537,1,1,1543;                                                  1545P   2446
116,3.08902996742897D-14,-101.55D0,-27.7D0,0;                       1547P   2447
123,0.0D0,0.0D0,-1.0D0;                                             1549P   2448
190,1547,1549,1553;                                                 1551P   2449
123,.566759984042202D0,.823882953148372D0,0.0D0;                    1553P   2450
508,2,0,457,93,0,0,0,457,177,0,0;                                   1555P   2451
110,-.863230216230166D0,-101.480475948139D0,-27.7D0,                1557P   2452
-.491824703200703D0,-102.262817270639D0,-27.7D0;                    1557P   2453
110,-.491824703200703D0,-102.262817270639D0,-27.7D0,                1559P   2454
.371405513029493D0,-102.3323413225D0,-27.7D0;                       1559P   2455
110,.371405513029493D0,-102.3323413225D0,-27.7D0,                   1561P   2456
.863230216230228D0,-101.619524051861D0,-27.7D0;                     1561P   2457
110,.863230216230228D0,-101.619524051861D0,-27.7D0,                 1563P   2458
.491824703200765D0,-100.837182729361D0,-27.7D0;                     1563P   2459
110,.491824703200765D0,-100.837182729361D0,-27.7D0,                 1565P   2460
-.371405513029432D0,-100.7676586775D0,-27.7D0;                      1565P   2461
110,-.371405513029432D0,-100.7676586775D0,-27.7D0,                  1567P   2462
-.863230216230166D0,-101.480475948139D0,-27.7D0;                    1567P   2463
508,6,0,457,178,1,0,0,457,179,1,0,0,457,180,1,0,0,457,181,1,0,0,    1569P   2464
457,182,1,0,0,457,183,1,0;                                          1569P   2465
510,1551,2,1,1555,1569;                                             1571P   2466
116,-.491824703200703D0,-102.262817270639D0,-27.7D0,0;              1573P   2467
123,.903369946287287D0,.428862145852142D0,4.73552752401616D-16;     1575P   2468
190,1573,1575,1579;                                                 1577P   2469
123,0.0D0,0.0D0,1.0D0;                                              1579P   2470
110,-.491824703200704D0,-102.262817270639D0,-26.5D0,                1581P   2471
-.863230216230166D0,-101.480475948139D0,-26.5D0;                    1581P   2472
110,-.491824703200703D0,-102.262817270639D0,-27.7D0,                1583P   2473
-.491824703200704D0,-102.262817270639D0,-26.5D0;                    1583P   2474
110,-.863230216230166D0,-101.480475948139D0,-27.7D0,                1585P   2475
-.863230216230166D0,-101.480475948139D0,-26.5D0;                    1585P   2476
508,4,0,457,184,0,0,0,457,185,0,0,0,457,178,0,0,0,457,186,1,0;      1587P   2477
510,1577,1,1,1587;                                                  1589P   2478
116,-.863230216230166D0,-101.480475948139D0,-27.7D0,0;              1591P   2479
123,.823090486173106D0,-.567910249574103D0,                         1593P   2480
-2.73005816419693D-16;                                              1593P   2481
190,1591,1593,1597;                                                 1595P   2482
123,0.0D0,0.0D0,-1.0D0;                                             1597P   2483
110,-.863230216230166D0,-101.480475948139D0,-26.5D0,                1599P   2484
-.371405513029432D0,-100.7676586775D0,-26.5D0;                      1599P   2485
110,-.371405513029432D0,-100.7676586775D0,-27.7D0,                  1601P   2486
-.371405513029432D0,-100.7676586775D0,-26.5D0;                      1601P   2487
508,4,0,457,187,0,0,0,457,186,0,0,0,457,183,0,0,0,457,188,1,0;      1603P   2488
510,1595,1,1,1603;                                                  1605P   2489
116,-.371405513029432D0,-100.7676586775D0,-27.7D0,0;                1607P   2490
123,-8.02794601141809D-2,-.996772395426246D0,                       1609P   2491
-7.4655856882131D-16;                                               1609P   2492
190,1607,1609,1613;                                                 1611P   2493
123,0.0D0,0.0D0,-1.0D0;                                             1613P   2494
110,-.371405513029432D0,-100.7676586775D0,-26.5D0,                  1615P   2495
.491824703200765D0,-100.837182729361D0,-26.5D0;                     1615P   2496
110,.491824703200765D0,-100.837182729361D0,-27.7D0,                 1617P   2497
.491824703200765D0,-100.837182729361D0,-26.5D0;                     1617P   2498
508,4,0,457,189,0,0,0,457,188,0,0,0,457,182,0,0,0,457,190,1,0;      1619P   2499
510,1611,1,1,1619;                                                  1621P   2500
116,.491824703200765D0,-100.837182729361D0,-27.7D0,0;               1623P   2501
123,-.903369946287287D0,-.428862145852142D0,                        1625P   2502
-4.73552752401616D-16;                                              1625P   2503
190,1623,1625,1629;                                                 1627P   2504
123,0.0D0,0.0D0,-1.0D0;                                             1629P   2505
110,.491824703200765D0,-100.837182729361D0,-26.5D0,                 1631P   2506
.863230216230227D0,-101.619524051861D0,-26.5D0;                     1631P   2507
110,.863230216230228D0,-101.619524051861D0,-27.7D0,                 1633P   2508
.863230216230227D0,-101.619524051861D0,-26.5D0;                     1633P   2509
508,4,0,457,191,0,0,0,457,190,0,0,0,457,181,0,0,0,457,192,1,0;      1635P   2510
510,1627,1,1,1635;                                                  1637P   2511
116,.863230216230228D0,-101.619524051861D0,-27.7D0,0;               1639P   2512
123,-.823090486173106D0,.567910249574104D0,2.73005816419693D-16;    1641P   2513
190,1639,1641,1645;                                                 1643P   2514
123,0.0D0,0.0D0,1.0D0;                                              1645P   2515
110,.863230216230227D0,-101.619524051861D0,-26.5D0,                 1647P   2516
.371405513029493D0,-102.3323413225D0,-26.5D0;                       1647P   2517
110,.371405513029493D0,-102.3323413225D0,-27.7D0,                   1649P   2518
.371405513029493D0,-102.3323413225D0,-26.5D0;                       1649P   2519
508,4,0,457,193,0,0,0,457,192,0,0,0,457,180,0,0,0,457,194,1,0;      1651P   2520
510,1643,1,1,1651;                                                  1653P   2521
116,.371405513029493D0,-102.3323413225D0,-27.7D0,0;                 1655P   2522
123,8.02794601141812D-2,.996772395426246D0,7.4655856882131D-16;     1657P   2523
190,1655,1657,1661;                                                 1659P   2524
123,0.0D0,0.0D0,1.0D0;                                              1661P   2525
110,.371405513029493D0,-102.3323413225D0,-26.5D0,                   1663P   2526
-.491824703200704D0,-102.262817270639D0,-26.5D0;                    1663P   2527
508,4,0,457,195,0,0,0,457,194,0,0,0,457,179,0,0,0,457,185,1,0;      1665P   2528
510,1659,1,1,1665;                                                  1667P   2529
116,3.06646820872578D-14,-101.55D0,-26.5D0,0;                       1669P   2530
123,0.0D0,0.0D0,-1.0D0;                                             1671P   2531
190,1669,1671,1675;                                                 1673P   2532
123,.566759984042202D0,.823882953148372D0,0.0D0;                    1675P   2533
508,6,0,457,184,1,0,0,457,187,1,0,0,457,189,1,0,0,457,191,1,0,0,    1677P   2534
457,193,1,0,0,457,195,1,0;                                          1677P   2535
510,1673,1,1,1677;                                                  1679P   2536
116,9.63026926440741D-15,-73.3D0,-18.7D0,0;                         1681P   2537
123,6.75808369432099D-16,-1.0D0,-5.15278826426183D-16;              1683P   2538
192,1681,1683,5.0D0,1687;                                           1685P   2539
123,0.0D0,0.0D0,1.0D0;                                              1687P   2540
100,0.0D0,0.0D0,0.0D0,-4.90000000000003D0,-.994987437106495D0,      1689P   2541
5.0D0,-1.22464679914735D-15;                                        1689P   2542
126,3,3,0,0,1,0,1.65961111445193D0,1.65961111445193D0,              1691P   2543
1.65961111445193D0,1.65961111445193D0,1.75547408300311D0,           1691P   2544
1.75547408300311D0,1.75547408300311D0,1.75547408300311D0,1.0D0,     1691P   2545
1.0D0,1.0D0,1.0D0,1.56541446472147D-14,-82.4974984355438D0,         1691P   2546
-23.7D0,-.319543228503902D0,-82.4974984355438D0,-23.7D0,            1691P   2547
-.658828805788001D0,-82.5D0,-23.6682599214361D0,                    1691P   2548
-.994987437106479D0,-82.5D0,-23.6D0,1.65961111445193D0,             1691P   2549
1.75547408300311D0,0.0D0,0.0D0,0.0D0;                               1691P   2550
100,0.0D0,0.0D0,0.0D0,5.0D0,1.20469109634752D-15,-5.0D0,            1693P   2551
-1.60812264967664D-15;                                              1693P   2552
508,5,0,457,85,1,0,0,457,196,0,0,0,457,197,0,0,0,457,87,0,0,0,      1695P   2553
457,198,0,0;                                                        1695P   2554
510,1685,1,1,1695;                                                  1697P   2555
116,9.63026926440741D-15,-73.3D0,-18.7D0,0;                         1699P   2556
123,6.75808369432099D-16,-1.0D0,-5.15278826426183D-16;              1701P   2557
192,1699,1701,5.0D0,1705;                                           1703P   2558
123,0.0D0,0.0D0,1.0D0;                                              1705P   2559
126,3,3,0,0,1,0,.457340736266137D0,.457340736266137D0,              1707P   2560
.457340736266137D0,.457340736266137D0,.553203704817312D0,           1707P   2561
.553203704817312D0,.553203704817312D0,.553203704817312D0,1.0D0,     1707P   2562
1.0D0,1.0D0,1.0D0,-.994987437106494D0,-63.5D0,-23.6D0,              1707P   2563
-.658828805788015D0,-63.5D0,-23.6682599214361D0,                    1707P   2564
-.319543228503914D0,-63.5025015644562D0,-23.7D0,                    1707P   2565
3.05311331771918D-15,-63.5025015644562D0,-23.7D0,                   1707P   2566
.457340736266137D0,.553203704817312D0,0.0D0,0.0D0,0.0D0;            1707P   2567
100,0.0D0,0.0D0,0.0D0,5.0D0,1.20469109634751D-15,                   1709P   2568
-4.90000000000003D0,.994987437106496D0;                             1709P   2569
508,5,0,457,80,1,0,0,457,77,0,0,0,457,83,0,0,0,457,199,0,0,0,       1711P   2570
457,200,0,0;                                                        1711P   2571
510,1703,1,1,1711;                                                  1713P   2572
116,2.93976640702963D-14,-102.55D0,-18.7D0,0;                       1715P   2573
123,6.75808369432099D-16,-1.0D0,-5.15278826426183D-16;              1717P   2574
192,1715,1717,4.0D0,1721;                                           1719P   2575
123,0.0D0,0.0D0,1.0D0;                                              1721P   2576
126,15,3,0,0,1,0,0.0D0,0.0D0,0.0D0,0.0D0,7.25458522789593D-2,       1723P   2577
7.25458522789593D-2,7.25458522789593D-2,.123720966350214D0,         1723P   2578
.123720966350214D0,.123720966350214D0,.160618543417689D0,           1723P   2579
.160618543417689D0,.160618543417689D0,.231476112292228D0,           1723P   2580
.231476112292228D0,.231476112292228D0,.247364350195824D0,           1723P   2581
.247364350195824D0,.247364350195824D0,.247364350195824D0,1.0D0,     1723P   2582
1.0D0,1.0D0,1.0D0,1.0D0,1.0D0,1.0D0,1.0D0,1.0D0,1.0D0,1.0D0,        1723P   2583
1.0D0,1.0D0,1.0D0,1.0D0,1.0D0,1.62100000000003D0,-101.55D0,         1723P   2584
-22.3568236216695D0,1.62100000000003D0,-101.791819507597D0,         1723P   2585
-22.3568236216695D0,1.56267491737816D0,-102.049348565663D0,         1723P   2586
-22.3841156735178D0,1.44982508075038D0,-102.275016024118D0,         1723P   2587
-22.4280031163114D0,1.37021883062125D0,-102.434205799491D0,         1723P   2588
-22.4589620866826D0,1.26440810407778D0,-102.577992943647D0,         1723P   2589
-22.4968989650015D0,1.14640997785738D0,-102.696030175287D0,         1723P   2590
-22.5321983459458D0,1.06133259141574D0,-102.781135756981D0,         1723P   2591
-22.5576494202123D0,.962971200302047D0,-102.860172550831D0,         1723P   2592
-22.5839362117985D0,.854741908892499D0,-102.927337020915D0,         1723P   2593
-22.6076100456907D0,.646899956119545D0,-103.056318689717D0,         1723P   2594
-22.6530729310308D0,.401930137048227D0,-103.138966346294D0,         1723P   2595
-22.6870652523452D0,.160801444745084D0,-103.16300461728D0,          1723P   2596
-22.6967665550252D0,.10673368473657D0,-103.16839466628D0,           1723P   2597
-22.6989418569359D0,5.29607930120185D-2,-103.171D0,-22.7D0,         1723P   2598
3.28070903776734D-14,-103.171D0,-22.7D0,0.0D0,                      1723P   2599
.247364350195824D0,0.0D0,0.0D0,0.0D0;                               1723P   2600
126,15,3,0,0,1,0,.742093050587471D0,.742093050587471D0,             1725P   2601
.742093050587471D0,.742093050587471D0,.807640158388576D0,           1725P   2602
.807640158388576D0,.807640158388576D0,.85545298197872D0,            1725P   2603
.85545298197872D0,.85545298197872D0,.89239099607916D0,              1725P   2604
.89239099607916D0,.89239099607916D0,.963509465083622D0,             1725P   2605
.963509465083622D0,.963509465083622D0,.989457400783295D0,           1725P   2606
.989457400783295D0,.989457400783295D0,.989457400783295D0,1.0D0,     1725P   2607
1.0D0,1.0D0,1.0D0,1.0D0,1.0D0,1.0D0,1.0D0,1.0D0,1.0D0,1.0D0,        1725P   2608
1.0D0,1.0D0,1.0D0,1.0D0,1.0D0,2.89213097914853D-14,-99.929D0,       1725P   2609
-22.7D0,.218490359337047D0,-99.929D0,-22.7D0,.450509043918146D0,    1725P   2610
-99.9761303142885D0,-22.6801976952141D0,.659579305834332D0,         1725P   2611
-100.06925824692D0,-22.6452446235076D0,.812083968302066D0,          1725P   2612
-100.13718968682D0,-22.6197483795465D0,.952851310180128D0,          1725P   2613
-100.228985237585D0,-22.5868296165131D0,1.07228978413293D0,         1725P   2614
-100.33433737458D0,-22.5535950252776D0,1.16456251984965D0,          1725P   2615
-100.415727646678D0,-22.5279194908185D0,1.24577455421747D0,         1725P   2616
-100.505217272671D0,-22.50185050877D0,1.31903263922394D0,           1725P   2617
-100.607771844688D0,-22.4762617622011D0,1.4600798225861D0,          1725P   2618
-100.8052249111D0,-22.426994563516D0,1.55948452434091D0,            1725P   2619
-101.044028435077D0,-22.3837355132032D0,1.59942997866257D0,         1725P   2620
-101.286438349991D0,-22.3663092809194D0,1.6140042811573D0,          1725P   2621
-101.374882842304D0,-22.3599512313D0,1.62100000000003D0,            1725P   2622
-101.463506881001D0,-22.3568236216695D0,1.62100000000003D0,         1725P   2623
-101.55D0,-22.3568236216695D0,.742093050587471D0,                   1725P   2624
.989457400783295D0,0.0D0,0.0D0,0.0D0;                               1725P   2625
508,3,0,457,201,1,0,0,457,62,1,0,0,457,202,1,0;                     1727P   2626
110,1.74815027338661D-13,-100.35D0,-22.7D0,1.93949010430481D-13,    1729P   2627
-102.75D0,-22.7D0;                                                  1729P   2628
508,2,0,457,203,1,0,0,457,203,0,0;                                  1731P   2629
510,1719,2,1,1727,1731;                                             1733P   2630
116,2.93976640702963D-14,-102.55D0,-18.7D0,0;                       1735P   2631
123,6.75808369432099D-16,-1.0D0,-5.15278826426183D-16;              1737P   2632
192,1735,1737,4.0D0,1741;                                           1739P   2633
123,0.0D0,0.0D0,1.0D0;                                              1741P   2634
126,15,3,0,0,1,0,0.0D0,0.0D0,0.0D0,0.0D0,.072545852279445D0,        1743P   2635
.072545852279445D0,.072545852279445D0,.123720966351012D0,           1743P   2636
.123720966351012D0,.123720966351012D0,.160618543418239D0,           1743P   2637
.160618543418239D0,.160618543418239D0,.231476112292451D0,           1743P   2638
.231476112292451D0,.231476112292451D0,.247364350195824D0,           1743P   2639
.247364350195824D0,.247364350195824D0,.247364350195824D0,1.0D0,     1743P   2640
1.0D0,1.0D0,1.0D0,1.0D0,1.0D0,1.0D0,1.0D0,1.0D0,1.0D0,1.0D0,        1743P   2641
1.0D0,1.0D0,1.0D0,1.0D0,1.0D0,-3.65682362166947D0,-101.55D0,        1743P   2642
-20.321D0,-3.65682362166947D0,-101.791819507598D0,-20.321D0,        1743P   2643
-3.68411567351812D0,-102.049348565666D0,-20.2626749173773D0,        1743P   2644
-3.72800311631222D0,-102.275016024122D0,-20.1498250807481D0,        1743P   2645
-3.75896208668376D0,-102.434205799497D0,-20.070218830618D0,         1743P   2646
-3.79689896500293D0,-102.577992943652D0,-19.9644081040733D0,        1743P   2647
-3.83219834594734D0,-102.696030175293D0,-19.8464099778519D0,        1743P   2648
-3.85764942021364D0,-102.781135756986D0,-19.7613325914105D0,        1743P   2649
-3.88393621179969D0,-102.860172550834D0,-19.6629712002968D0,        1743P   2650
-3.90761004569173D0,-102.927337020918D0,-19.5547419088877D0,        1743P   2651
-3.95307293103148D0,-103.056318689719D0,-19.3468999561151D0,        1743P   2652
-3.98706525234537D0,-103.138966346295D0,-19.1019301370448D0,        1743P   2653
-3.99676655502525D0,-103.163004617281D0,-18.8608014447428D0,        1743P   2654
-3.99894185693582D0,-103.16839466628D0,-18.8067336847351D0,         1743P   2655
-3.99999999999997D0,-103.171D0,-18.7529607930113D0,                 1743P   2656
-3.99999999999997D0,-103.171D0,-18.7D0,0.0D0,.247364350195824D0,    1743P   2657
0.0D0,0.0D0,0.0D0;                                                  1743P   2658
126,15,3,0,0,1,0,.742093050587471D0,.742093050587471D0,             1745P   2659
.742093050587471D0,.742093050587471D0,.807640158388492D0,           1745P   2660
.807640158388492D0,.807640158388492D0,.855452981978949D0,           1745P   2661
.855452981978949D0,.855452981978949D0,.892390996079431D0,           1745P   2662
.892390996079431D0,.892390996079431D0,.963509465083764D0,           1745P   2663
.963509465083764D0,.963509465083764D0,.989457400783295D0,           1745P   2664
.989457400783295D0,.989457400783295D0,.989457400783295D0,1.0D0,     1745P   2665
1.0D0,1.0D0,1.0D0,1.0D0,1.0D0,1.0D0,1.0D0,1.0D0,1.0D0,1.0D0,        1745P   2666
1.0D0,1.0D0,1.0D0,1.0D0,1.0D0,-3.99999999999997D0,-99.929D0,        1745P   2667
-18.7D0,-3.99999999999997D0,-99.929D0,-18.9184903593368D0,          1745P   2668
-3.9801976952141D0,-99.9761303142883D0,-19.1505090439176D0,         1745P   2669
-3.94524462350764D0,-100.069258246919D0,-19.3595793058335D0,        1745P   2670
-3.91974837954646D0,-100.13718968682D0,-19.5120839683023D0,         1745P   2671
-3.88682961651274D0,-100.228985237586D0,-19.6528513101813D0,        1745P   2672
-3.85359502527709D0,-100.334337374581D0,-19.7722897841346D0,        1745P   2673
-3.82791949081793D0,-100.41572764668D0,-19.8645625198513D0,         1745P   2674
-3.80185050876934D0,-100.505217272673D0,-19.9457745542191D0,        1745P   2675
-3.77626176220049D0,-100.607771844691D0,-20.0190326392256D0,        1745P   2676
-3.72699456351551D0,-100.805224911102D0,-20.1600798225872D0,        1745P   2677
-3.68373551320287D0,-101.044028435079D0,-20.2594845243414D0,        1745P   2678
-3.66630928091924D0,-101.286438349992D0,-20.2994299786628D0,        1745P   2679
-3.65995123129991D0,-101.374882842305D0,-20.3140042811574D0,        1745P   2680
-3.65682362166947D0,-101.463506881002D0,-20.321D0,                  1745P   2681
-3.65682362166947D0,-101.55D0,-20.321D0,.742093050587471D0,         1745P   2682
.989457400783295D0,0.0D0,0.0D0,0.0D0;                               1745P   2683
508,3,0,457,204,1,0,0,457,65,1,0,0,457,205,1,0;                     1747P   2684
110,-3.99999999999996D0,-100.35D0,-18.7D0,-3.99999999999996D0,      1749P   2685
-102.75D0,-18.7D0;                                                  1749P   2686
508,2,0,457,206,1,0,0,457,206,0,0;                                  1751P   2687
510,1739,2,1,1747,1751;                                             1753P   2688
116,3.37904184716058D-16,-59.55D0,-18.7D0,0;                        1755P   2689
123,6.75808369432099D-16,-1.0D0,-5.15278826426183D-16;              1757P   2690
194,1755,1757,4.5D0,44.9999999999999D0,1761;                        1759P   2691
123,0.0D0,0.0D0,-1.0D0;                                             1761P   2692
100,0.0D0,0.0D0,0.0D0,-4.00000000000004D0,2.26621555905922D-15,     1763P   2693
4.00000000000004D0,-9.79717439317893D-16;                           1763P   2694
508,4,0,457,76,1,0,0,457,207,0,0,0,457,78,0,0,0,457,84,1,0;         1765P   2695
510,1759,1,1,1765;                                                  1767P   2696
116,1.82967856517368D-14,-87.55D0,-14.7D0,0;                        1769P   2697
123,0.0D0,-1.0D0,0.0D0;                                             1771P   2698
190,1769,1771,1775;                                                 1773P   2699
123,1.0D0,0.0D0,0.0D0;                                              1775P   2700
508,2,0,457,198,1,0,0,457,86,1,0;                                   1777P   2701
100,0.0D0,0.0D0,0.0D0,3.0D0,7.2281465780851D-16,-3.0D0,             1779P   2702
-9.64873589805983D-16;                                              1779P   2703
508,2,0,457,208,0,0,0,457,75,0,0;                                   1781P   2704
510,1773,2,1,1777,1781;                                             1783P   2705
116,2.0612155267679D-14,-89.55D0,-18.7D0,0;                         1785P   2706
123,6.75808369432099D-16,-1.0D0,-5.15278826426183D-16;              1787P   2707
192,1785,1787,3.0D0,1791;                                           1789P   2708
123,0.0D0,0.0D0,1.0D0;                                              1791P   2709
100,0.0D0,0.0D0,0.0D0,3.0D0,7.22814657808509D-16,-3.0D0,            1793P   2710
-9.64873589805983D-16;                                              1793P   2711
508,6,0,457,70,1,0,0,457,208,1,0,0,457,74,0,0,0,457,73,1,0,0,       1795P   2712
457,72,0,0,0,457,209,0,0;                                           1795P   2713
510,1789,1,1,1795;                                                  1797P   2714
116,2.10000191294652D-14,-91.55D0,-14.7D0,0;                        1799P   2715
123,0.0D0,1.0D0,0.0D0;                                              1801P   2716
190,1799,1801,1805;                                                 1803P   2717
123,-1.0D0,0.0D0,0.0D0;                                             1805P   2718
100,0.0D0,0.0D0,0.0D0,5.0D0,1.20469109634751D-15,-5.0D0,            1807P   2719
-1.60812264967664D-15;                                              1807P   2720
508,2,0,457,210,0,0,0,457,69,0,0;                                   1809P   2721
508,2,0,457,209,1,0,0,457,71,1,0;                                   1811P   2722
510,1803,2,1,1809,1811;                                             1813P   2723
116,2.33153887454074D-14,-93.55D0,-18.7D0,0;                        1815P   2724
123,6.75808369432099D-16,-1.0D0,-5.15278826426183D-16;              1817P   2725
192,1815,1817,5.0D0,1821;                                           1819P   2726
123,0.0D0,0.0D0,1.0D0;                                              1821P   2727
100,0.0D0,0.0D0,0.0D0,5.0D0,1.20469109634754D-15,-5.0D0,            1823P   2728
-1.60812264967664D-15;                                              1823P   2729
508,4,0,457,66,1,0,0,457,210,1,0,0,457,68,0,0,0,457,211,0,0;        1825P   2730
510,1819,1,1,1825;                                                  1827P   2731
120,1833,1831,0.0D0,6.28318530717959D0;                             1829P   2732
110,-10.3171588189165D0,-103.171D0,-18.7D0,-3.33966480275294D0,     1831P   2733
-103.171D0,-18.7D0;                                                 1831P   2734
110,-10.3171588189165D0,-101.55D0,-18.7D0,-9.3171588189165D0,       1833P   2735
-101.55D0,-18.7D0;                                                  1833P   2736
508,5,0,457,63,1,0,0,457,204,0,0,0,457,205,0,0,0,457,64,0,0,0,      1835P   2737
457,59,0,0;                                                         1835P   2738
510,1829,1,1,1835;                                                  1837P   2739
120,1843,1841,0.0D0,6.28318530717959D0;                             1839P   2740
110,2.27848931483603D-14,-103.171D0,-29.0171588189166D0,            1841P   2741
2.11037481651422D-14,-103.171D0,-22.039664802753D0;                 1841P   2742
110,2.27848931483603D-14,-101.55D0,-29.0171588189166D0,             1843P   2743
2.27848931483603D-14,-101.55D0,-28.0171588189166D0;                 1843P   2744
126,27,3,0,0,1,0,.734124497037929D0,.734124497037929D0,             1845P   2745
.734124497037929D0,.734124497037929D0,.799724245323843D0,           1845P   2746
.799724245323843D0,.799724245323843D0,.844266132975944D0,           1845P   2747
.844266132975944D0,.844266132975944D0,.881971216736358D0,           1845P   2748
.881971216736358D0,.881971216736358D0,.954142112253414D0,           1845P   2749
.954142112253414D0,.954142112253414D0,1.00518975177462D0,           1845P   2750
1.00518975177462D0,1.00518975177462D0,1.07211064392922D0,           1845P   2751
1.07211064392922D0,1.07211064392922D0,1.12728439117621D0,           1845P   2752
1.12728439117621D0,1.12728439117621D0,1.19948842795249D0,           1845P   2753
1.19948842795249D0,1.19948842795249D0,1.22354082839655D0,           1845P   2754
1.22354082839655D0,1.22354082839655D0,1.22354082839655D0,1.0D0,     1845P   2755
1.0D0,1.0D0,1.0D0,1.0D0,1.0D0,1.0D0,1.0D0,1.0D0,1.0D0,1.0D0,        1845P   2756
1.0D0,1.0D0,1.0D0,1.0D0,1.0D0,1.0D0,1.0D0,1.0D0,1.0D0,1.0D0,        1845P   2757
1.0D0,1.0D0,1.0D0,1.0D0,1.0D0,1.0D0,1.0D0,3.15303338993544D-14,     1845P   2758
-103.171D0,-28.7D0,.21866582761974D0,-103.171D0,-28.7D0,            1845P   2759
.452515077274471D0,-103.123702824182D0,-28.6920015883154D0,         1845P   2760
.663862911269127D0,-103.028826235581D0,-28.6779399695048D0,         1845P   2761
.807366990526795D0,-102.964405525735D0,-28.6683922035205D0,         1845P   2762
.940885219122335D0,-102.87866012242D0,-28.6563097411978D0,          1845P   2763
1.05586181902285D0,-102.779958055842D0,-28.6441015591722D0,         1845P   2764
1.15319048105885D0,-102.696405923594D0,-28.6337672300698D0,         1845P   2765
1.2381923482738D0,-102.604326107172D0,-28.623347681326D0,           1845P   2766
1.31465586554264D0,-102.498325342482D0,-28.6132073495512D0,         1845P   2767
1.4610138620065D0,-102.29543041824D0,-28.5937978495038D0,           1845P   2768
1.56252595425748D0,-102.048881770032D0,-28.5772497106385D0,         1845P   2769
1.60137793068134D0,-101.801455210976D0,-28.570946698424D0,          1845P   2770
1.62885856082959D0,-101.626446411318D0,-28.5664884761293D0,         1845P   2771
1.62799960367118D0,-101.45642616104D0,-28.5666359397913D0,          1845P   2772
1.59859214776249D0,-101.281403378442D0,-28.5713982365779D0,         1845P   2773
1.56004044970425D0,-101.051957298885D0,-28.5776413685357D0,         1845P   2774
1.46799890485929D0,-100.824156068947D0,-28.5925567745475D0,         1845P   2775
1.33614929600871D0,-100.632205873425D0,-28.6103332466056D0,         1845P   2776
1.22744427491408D0,-100.473950189277D0,-28.6249892762056D0,         1845P   2777
1.09888788685931D0,-100.343054805178D0,-28.640668515431D0,          1845P   2778
.943235598299007D0,-100.231687591615D0,-28.6554159434D0,            1845P   2779
.739538656758908D0,-100.08594504584D0,-28.6747154088987D0,          1845P   2780
.492417489786793D0,-99.9854347285931D0,-28.6909373543911D0,         1845P   2781
.244894890144466D0,-99.9476056999661D0,-28.6970008749015D0,         1845P   2782
.162440875779614D0,-99.9350042030752D0,-28.6990207373625D0,         1845P   2783
8.01746681468906D-2,-99.929D0,-28.7D0,3.01980662698043D-14,         1845P   2784
-99.929D0,-28.7D0,.734124497037929D0,1.22354082839655D0,0.0D0,      1845P   2785
0.0D0,0.0D0;                                                        1845P   2786
508,5,0,457,60,1,0,0,457,201,0,0,0,457,202,0,0,0,457,61,0,0,0,      1847P   2787
457,212,0,0;                                                        1847P   2788
510,1839,1,1,1847;                                                  1849P   2789
116,3.14250891785926D-14,-105.55D0,-18.7D0,0;                       1851P   2790
123,-6.75808369432099D-16,1.0D0,6.91155741218288D-16;               1853P   2791
192,1851,1853,10.0D0,1857;                                          1855P   2792
123,0.0D0,0.0D0,1.0D0;                                              1857P   2793
508,6,0,457,52,1,0,0,457,45,0,0,0,457,56,0,0,0,457,212,1,0,0,       1859P   2794
457,54,0,0,0,457,51,0,0;                                            1859P   2795
510,1855,1,1,1859;                                                  1861P   2796
116,2.50049096689877D-14,-96.05D0,-18.7D0,0;                        1863P   2797
123,6.75808369432099D-16,-1.0D0,-6.91155741218288D-16;              1865P   2798
194,1863,1865,9.5D0,44.9999999999998D0,1869;                        1867P   2799
123,0.0D0,0.0D0,-1.0D0;                                             1869P   2800
100,0.0D0,0.0D0,0.0D0,-9.0D0,-2.89462076941795D-15,9.0D0,           1871P   2801
-2.20436423846524D-15;                                              1871P   2802
508,4,0,457,48,1,0,0,457,53,1,0,0,457,50,0,0,0,457,213,1,0;         1873P   2803
510,1867,1,1,1873;                                                  1875P   2804
116,2.34623143879241D-14,-95.55D0,-13.7D0,0;                        1877P   2805
123,0.0D0,1.0D0,0.0D0;                                              1879P   2806
190,1877,1879,1883;                                                 1881P   2807
123,-1.0D0,0.0D0,0.0D0;                                             1883P   2808
508,2,0,457,213,0,0,0,457,49,0,0;                                   1885P   2809
508,2,0,457,211,1,0,0,457,67,1,0;                                   1887P   2810
510,1881,2,1,1885,1887;                                             1889P   2811
116,3.78452686881976D-14,-115.05D0,-18.7D0,0;                       1891P   2812
123,-6.75808369432099D-16,1.0D0,6.91155741218288D-16;               1893P   2813
194,1891,1893,9.5D0,45.0000000000001D0,1897;                        1895P   2814
123,0.0D0,0.0D0,-1.0D0;                                             1897P   2815
100,0.0D0,0.0D0,0.0D0,9.0D0,-2.20436423846524D-15,-9.0D0,           1899P   2816
3.30654635769785D-15;                                               1899P   2817
508,4,0,457,44,1,0,0,457,214,1,0,0,457,46,0,0,0,457,57,1,0;         1901P   2818
510,1895,1,1,1901;                                                  1903P   2819
116,3.69784817765661D-14,-115.55D0,-13.7D0,0;                       1905P   2820
123,0.0D0,-1.0D0,0.0D0;                                             1907P   2821
190,1905,1907,1911;                                                 1909P   2822
123,1.0D0,0.0D0,0.0D0;                                              1911P   2823
508,2,0,457,47,0,0,0,457,214,0,0;                                   1913P   2824
510,1909,1,1,1913;                                                  1915P   2825
116,2.26340384386773D-14,-59.05D0,-24.7D0,0;                        1917P   2826
123,0.0D0,-1.0D0,0.0D0;                                             1919P   2827
190,1917,1919,1923;                                                 1921P   2828
123,0.0D0,0.0D0,-1.0D0;                                             1923P   2829
110,-20.0D0,-59.05D0,-14.7D0,-1.45359541860696D-15,-59.05D0,        1925P   2830
-14.7D0;                                                            1925P   2831
110,-20.0D0,-59.05D0,-14.7D0,-20.0D0,-59.05D0,-24.7D0;              1927P   2832
110,-20.0D0,-59.05D0,-24.7D0,20.0D0,-59.05D0,-24.7D0;               1929P   2833
110,20.0D0,-59.05D0,-24.7D0,20.0D0,-59.05D0,-14.7D0;                1931P   2834
110,-1.45359541860696D-15,-59.05D0,-14.7D0,20.0D0,-59.05D0,         1933P   2835
-14.7D0;                                                            1933P   2836
508,7,0,457,215,0,0,0,457,216,1,0,0,457,217,1,0,0,457,218,1,0,0,    1935P   2837
457,219,0,0,0,457,207,1,0,0,457,79,1,0;                             1935P   2838
510,1921,1,1,1935;                                                  1937P   2839
116,20.0D0,-55.6357864376269D0,-13.2857864376269D0,0;               1939P   2840
123,-8.74572443082829D-32,-.707106781186559D0,                      1941P   2841
.707106781186536D0;                                                 1941P   2842
190,1939,1941,1945;                                                 1943P   2843
123,1.0D0,0.0D0,0.0D0;                                              1945P   2844
110,20.0D0,-55.5650757595083D0,-13.2150757595083D0,-20.0D0,         1947P   2845
-55.5650757595083D0,-13.2150757595083D0;                            1947P   2846
110,-20.0D0,-55.6357864376269D0,-13.2857864376269D0,-20.0D0,        1949P   2847
-55.5650757595083D0,-13.2150757595083D0;                            1949P   2848
110,20.0D0,-55.6357864376269D0,-13.2857864376269D0,-20.0D0,         1951P   2849
-55.6357864376269D0,-13.2857864376269D0;                            1951P   2850
110,20.0D0,-55.6357864376269D0,-13.2857864376269D0,20.0D0,          1953P   2851
-55.5650757595083D0,-13.2150757595083D0;                            1953P   2852
508,4,0,457,220,1,0,0,457,221,0,0,0,457,222,0,0,0,457,223,1,0;      1955P   2853
510,1943,1,1,1955;                                                  1957P   2854
116,-20.0D0,-48.9286796564404D0,-19.9928932188135D0,0;              1959P   2855
123,8.74572443082829D-32,.707106781186559D0,-.707106781186536D0;    1961P   2856
190,1959,1961,1965;                                                 1963P   2857
123,-1.0D0,0.0D0,0.0D0;                                             1965P   2858
110,-20.0D0,-48.8579689783217D0,-19.9221825406948D0,20.0D0,         1967P   2859
-48.8579689783217D0,-19.9221825406948D0;                            1967P   2860
110,20.0D0,-48.9286796564404D0,-19.9928932188135D0,20.0D0,          1969P   2861
-48.8579689783217D0,-19.9221825406948D0;                            1969P   2862
110,-20.0D0,-48.9286796564404D0,-19.9928932188135D0,20.0D0,         1971P   2863
-48.9286796564404D0,-19.9928932188135D0;                            1971P   2864
110,-20.0D0,-48.9286796564404D0,-19.9928932188135D0,-20.0D0,        1973P   2865
-48.8579689783217D0,-19.9221825406948D0;                            1973P   2866
508,4,0,457,224,1,0,0,457,225,0,0,0,457,226,0,0,0,457,227,1,0;      1975P   2867
510,1963,1,1,1975;                                                  1977P   2868
116,2.26340384386773D-14,-52.211522368915D0,-16.5686291501015D0,    1979P   2869
0;                                                                  1979P   2870
123,-2.92927697515618D-18,.707106781186547D0,.707106781186548D0;    1981P   2871
190,1979,1981,1985;                                                 1983P   2872
123,1.0D0,0.0D0,0.0D0;                                              1985P   2873
110,20.0D0,-48.8579689783217D0,-19.9221825406948D0,20.0D0,          1987P   2874
-55.5650757595083D0,-13.2150757595083D0;                            1987P   2875
110,-20.0D0,-55.5650757595083D0,-13.2150757595083D0,-20.0D0,        1989P   2876
-48.8579689783217D0,-19.9221825406948D0;                            1989P   2877
508,4,0,457,228,0,0,0,457,224,0,0,0,457,229,0,0,0,457,220,0,0;      1991P   2878
510,1983,1,1,1991;                                                  1993P   2879
128,1,8,1,2,0,1,0,0,0,-52.3100379717662D0,-52.3100379717662D0,      1995P   2880
-51.8895159441606D0,-51.8895159441606D0,0.0D0,0.0D0,0.0D0,          1995P   2881
1.93129408379433D0,1.93129408379433D0,3.86258816758865D0,           1995P   2882
3.86258816758865D0,5.79388225138298D0,5.79388225138298D0,           1995P   2883
7.7251763351773D0,7.7251763351773D0,7.7251763351773D0,1.0D0,        1995P   2884
1.0D0,.707106781186548D0,.707106781186548D0,1.0D0,1.0D0,            1995P   2885
.707106781186548D0,.707106781186548D0,1.0D0,1.0D0,                  1995P   2886
.707106781186548D0,.707106781186548D0,1.0D0,1.0D0,                  1995P   2887
.707106781186548D0,.707106781186548D0,1.0D0,1.0D0,                  1995P   2888
1.22950000000002D0,-89.55D0,-31.6829681670589D0,                    1995P   2889
1.22950000000002D0,-89.55D0,-32.2D0,1.22950000000002D0,             1995P   2890
-90.7795D0,-31.6829681670589D0,1.22950000000002D0,-90.7795D0,       1995P   2891
-32.2D0,2.26340384386773D-14,-90.7795D0,-31.6829681670589D0,        1995P   2892
2.26340384386773D-14,-90.7795D0,-32.2D0,-1.22949999999998D0,        1995P   2893
-90.7795D0,-31.6829681670589D0,-1.22949999999998D0,-90.7795D0,      1995P   2894
-32.2D0,-1.22949999999998D0,-89.55D0,-31.6829681670589D0,           1995P   2895
-1.22949999999998D0,-89.55D0,-32.2D0,-1.22949999999998D0,           1995P   2896
-88.3205D0,-31.6829681670589D0,-1.22949999999998D0,-88.3205D0,      1995P   2897
-32.2D0,2.26340384386773D-14,-88.3205D0,-31.6829681670589D0,        1995P   2898
2.26340384386773D-14,-88.3205D0,-32.2D0,1.22950000000002D0,         1995P   2899
-88.3205D0,-31.6829681670589D0,1.22950000000002D0,-88.3205D0,       1995P   2900
-32.2D0,1.22950000000002D0,-89.55D0,-31.6829681670589D0,            1995P   2901
1.22950000000002D0,-89.55D0,-32.2D0,-52.3100379717662D0,            1995P   2902
-51.8895159441606D0,0.0D0,7.7251763351773D0;                        1995P   2903
100,0.0D0,0.0D0,0.0D0,1.2295D0,0.0D0,-1.2295D0,                     1997P   2904
-1.40456294473218D-14;                                              1997P   2905
508,5,0,457,39,1,0,0,457,119,1,0,0,457,131,1,0,0,457,41,0,0,0,      1999P   2906
457,230,0,0;                                                        1999P   2907
510,1995,1,1,1999;                                                  2001P   2908
128,1,8,1,2,0,1,0,0,0,-12.2502255983669D0,-12.2502255983669D0,      2003P   2909
-10.7264160745574D0,-10.7264160745574D0,0.0D0,0.0D0,0.0D0,          2003P   2910
8.24668071567321D0,8.24668071567321D0,16.4933614313464D0,           2003P   2911
16.4933614313464D0,24.7400421470196D0,24.7400421470196D0,           2003P   2912
32.9867228626928D0,32.9867228626928D0,32.9867228626928D0,1.0D0,     2003P   2913
1.0D0,.707106781186548D0,.707106781186548D0,1.0D0,1.0D0,            2003P   2914
.707106781186548D0,.707106781186548D0,1.0D0,1.0D0,                  2003P   2915
.707106781186548D0,.707106781186548D0,1.0D0,1.0D0,                  2003P   2916
.707106781186548D0,.707106781186548D0,1.0D0,1.0D0,                  2003P   2917
-5.24999999999998D0,-86.05D0,-18.7D0,-5.24999999999998D0,           2003P   2918
-94.05D0,-18.7D0,-5.24999999999998D0,-86.05D0,-23.95D0,             2003P   2919
-5.24999999999998D0,-94.05D0,-23.95D0,2.26340384386773D-14,         2003P   2920
-86.05D0,-23.95D0,2.26340384386773D-14,-94.05D0,-23.95D0,           2003P   2921
5.25000000000002D0,-86.05D0,-23.95D0,5.25000000000002D0,            2003P   2922
-94.05D0,-23.95D0,5.25000000000002D0,-86.05D0,-18.7D0,              2003P   2923
5.25000000000002D0,-94.05D0,-18.7D0,5.25000000000002D0,-86.05D0,    2003P   2924
-13.45D0,5.25000000000002D0,-94.05D0,-13.45D0,                      2003P   2925
2.26340384386773D-14,-86.05D0,-13.45D0,2.26340384386773D-14,        2003P   2926
-94.05D0,-13.45D0,-5.24999999999998D0,-86.05D0,-13.45D0,            2003P   2927
-5.24999999999998D0,-94.05D0,-13.45D0,-5.24999999999998D0,          2003P   2928
-86.05D0,-18.7D0,-5.24999999999998D0,-94.05D0,-18.7D0,              2003P   2929
-12.2502255983669D0,-10.7264160745574D0,0.0D0,                      2003P   2930
32.9867228626928D0;                                                 2003P   2931
100,0.0D0,0.0D0,0.0D0,-5.25D0,6.4293956955236D-16,5.25D0,           2005P   2932
-5.94881584253038D-15;                                              2005P   2933
100,0.0D0,0.0D0,0.0D0,5.25D0,3.5527136788005D-15,-5.25D0,           2007P   2934
2.97440792126519D-15;                                               2007P   2935
508,4,0,457,33,1,0,0,457,231,0,0,0,457,37,0,0,0,457,232,0,0;        2009P   2936
508,3,0,457,125,1,0,0,457,129,1,0,0,457,126,1,0;                    2011P   2937
510,2003,2,1,2009,2011;                                             2013P   2938
116,2.26340384386773D-14,-92.05D0,-11.7D0,0;                        2015P   2939
123,0.0D0,0.0D0,1.0D0;                                              2017P   2940
190,2015,2017,2021;                                                 2019P   2941
123,1.0D0,0.0D0,0.0D0;                                              2021P   2942
110,20.0D0,-92.05D0,-11.7D0,20.0D0,-87.05D0,-11.7D0;                2023P   2943
110,-20.0D0,-87.05D0,-11.7D0,20.0D0,-87.05D0,-11.7D0;               2025P   2944
110,-20.0D0,-87.05D0,-11.7D0,-20.0D0,-92.05D0,-11.7D0;              2027P   2945
110,-20.0D0,-92.05D0,-11.7D0,20.0D0,-92.05D0,-11.7D0;               2029P   2946
508,4,0,457,233,1,0,0,457,234,0,0,0,457,235,1,0,0,457,236,1,0;      2031P   2947
510,2019,1,1,2031;                                                  2033P   2948
116,2.26340384386773D-14,-48.4519237886467D0,                       2035P   2949
-23.6142135623731D0,0;                                              2035P   2950
123,1.15980947644889D-31,.866025403784439D0,-.5D0;                  2037P   2951
190,2035,2037,2041;                                                 2039P   2952
123,-1.0D0,0.0D0,0.0D0;                                             2041P   2953
110,-20.0D0,-48.4519237886467D0,-23.6142135623731D0,20.0D0,         2043P   2954
-48.4519237886467D0,-23.6142135623731D0;                            2043P   2955
110,20.0D0,-48.4519237886467D0,-23.6142135623731D0,20.0D0,          2045P   2956
-52.5429044958308D0,-30.7D0;                                        2045P   2957
110,-20.0D0,-52.5429044958308D0,-30.7D0,20.0D0,                     2047P   2958
-52.5429044958308D0,-30.7D0;                                        2047P   2959
110,-20.0D0,-52.5429044958308D0,-30.7D0,-20.0D0,                    2049P   2960
-48.4519237886467D0,-23.6142135623731D0;                            2049P   2961
508,4,0,457,237,1,0,0,457,238,1,0,0,457,239,0,0,0,457,240,1,0;      2051P   2962
510,2039,1,1,2051;                                                  2053P   2963
116,2.26340384386773D-14,-92.05D0,-13.7D0,0;                        2055P   2964
123,1.0D0,-1.4791141972894D-31,-2.42281987003917D-32;               2057P   2965
192,2055,2057,2.0D0,2061;                                           2059P   2966
123,0.0D0,0.0D0,1.0D0;                                              2061P   2967
110,1.60078105935823D0,-94.05D0,-13.7D0,20.0D0,-94.05D0,-13.7D0;    2063P   2968
100,0.0D0,0.0D0,0.0D0,-3.9201077185447D-15,-2.0D0,2.0D0,            2065P   2969
-4.89858719658941D-16;                                              2065P   2970
124,0.0D0,0.0D0,-1.0D0,20.0D0,0.0D0,1.0D0,0.0D0,-92.05D0,1.0D0,     2067P   2971
0.0D0,0.0D0,-13.7D0;                                                2067P   2972
100,0.0D0,0.0D0,0.0D0,2.0D0,0.0D0,-3.43024899888576D-15,2.0D0;      2069P   2973
124,0.0D0,0.0D0,1.0D0,-20.0D0,0.0D0,-1.0D0,0.0D0,-92.05D0,1.0D0,    2071P   2974
0.0D0,0.0D0,-13.7D0;                                                2071P   2975
110,-20.0D0,-94.05D0,-13.7D0,-1.60078105935818D0,-94.05D0,          2073P   2976
-13.7D0;                                                            2073P   2977
508,6,0,457,35,1,0,0,457,241,1,0,0,457,242,1,0,0,457,236,0,0,0,     2075P   2978
457,243,1,0,0,457,244,1,0;                                          2075P   2979
510,2059,1,1,2075;                                                  2077P   2980
116,-20.0D0,-72.9625106048989D0,-24.251800501049D0,0;               2079P   2981
123,-1.0D0,0.0D0,0.0D0;                                             2081P   2982
190,2079,2081,2085;                                                 2083P   2983
123,0.0D0,0.0D0,1.0D0;                                              2085P   2984
100,0.0D0,0.0D0,0.0D0,2.0D0,-2.26621555905919D-15,                  2087P   2985
-1.4142135623731D0,1.41421356237309D0;                              2087P   2986
124,1.21721091502245D-31,0.0D0,1.0D0,-20.0D0,.707106781186548D0,    2089P   2987
-.707106781186547D0,0.0D0,-57.05D0,.707106781186547D0,              2089P   2988
.707106781186548D0,0.0D0,-14.7D0;                                   2089P   2989
100,0.0D0,0.0D0,0.0D0,3.0D0,4.21884749357558D-15,                   2091P   2990
.776457135307567D0,2.8977774788672D0;                               2091P   2991
124,1.15980947644889D-31,0.0D0,1.0D0,-20.0D0,.866025403784439D0,    2093P   2992
.499999999999999D0,0.0D0,-51.05D0,-.499999999999999D0,              2093P   2993
.866025403784439D0,0.0D0,-22.1142135623731D0;                       2093P   2994
100,0.0D0,0.0D0,0.0D0,3.0D0,-8.72839385678954D-15,1.5D0,            2095P   2995
2.59807621135331D0;                                                 2095P   2996
124,0.0D0,0.0D0,1.0D0,-20.0D0,0.0D0,1.0D0,0.0D0,                    2097P   2997
-55.1409807071841D0,-1.0D0,0.0D0,0.0D0,-29.2D0;                     2097P   2998
110,-20.0D0,-92.05D0,-32.2D0,-20.0D0,-55.1409807071841D0,           2099P   2999
-32.2D0;                                                            2099P   3000
100,0.0D0,0.0D0,0.0D0,2.0D0,7.10542735760106D-15,                   2101P   3001
1.22464679914735D-16,2.0D0;                                         2101P   3002
124,0.0D0,0.0D0,1.0D0,-20.0D0,-1.0D0,0.0D0,0.0D0,-92.05D0,0.0D0,    2103P   3003
-1.0D0,0.0D0,-30.2D0;                                               2103P   3004
110,-20.0D0,-94.05D0,-13.7D0,-20.0D0,-94.05D0,-30.2D0;              2105P   3005
100,0.0D0,0.0D0,0.0D0,1.0D0,0.0D0,6.12323399573678D-17,1.0D0;       2107P   3006
124,0.0D0,0.0D0,1.0D0,-20.0D0,1.0D0,0.0D0,0.0D0,-87.05D0,0.0D0,     2109P   3007
1.0D0,0.0D0,-12.7D0;                                                2109P   3008
110,-20.0D0,-86.05D0,-24.7D0,-20.0D0,-86.05D0,-12.7D0;              2111P   3009
100,0.0D0,0.0D0,0.0D0,6.12323399573677D-17,1.0D0,-1.0D0,            2113P   3010
1.22464679914735D-16;                                               2113P   3011
124,0.0D0,0.0D0,-1.0D0,-20.0D0,1.0D0,0.0D0,0.0D0,-85.05D0,0.0D0,    2115P   3012
-1.0D0,0.0D0,-24.7D0;                                               2115P   3013
110,-20.0D0,-60.05D0,-25.7D0,-20.0D0,-85.05D0,-25.7D0;              2117P   3014
100,0.0D0,0.0D0,0.0D0,-3.49148133884315D-15,1.00000000000001D0,     2119P   3015
-1.00000000000001D0,1.22464679914736D-16;                           2119P   3016
124,0.0D0,0.0D0,-1.0D0,-20.0D0,0.0D0,1.0D0,0.0D0,-60.05D0,1.0D0,    2121P   3017
0.0D0,0.0D0,-24.7D0;                                                2121P   3018
508,18,0,457,216,0,0,0,457,245,0,0,0,457,221,1,0,0,457,229,1,0,     2123P   3019
0,457,227,0,0,0,457,246,0,0,0,457,240,0,0,0,457,247,0,0,0,457,      2123P   3020
248,0,0,0,457,249,0,0,0,457,250,0,0,0,457,243,0,0,0,457,235,0,0,    2123P   3021
0,457,251,0,0,0,457,252,0,0,0,457,253,0,0,0,457,254,0,0,0,457,      2123P   3022
255,0,0;                                                            2123P   3023
510,2083,1,1,2123;                                                  2125P   3024
116,2.26340384386773D-14,-51.05D0,-22.1142135623731D0,0;            2127P   3025
123,1.0D0,-1.4791141972894D-31,-2.42281987003917D-32;               2129P   3026
192,2127,2129,3.0D0,2133;                                           2131P   3027
123,1.15980947644889D-31,.866025403784439D0,-.499999999999999D0;    2133P   3028
100,0.0D0,0.0D0,0.0D0,.776457135307565D0,-2.8977774788672D0,        2135P   3029
3.0D0,-6.06385859768916D-15;                                        2135P   3030
124,1.15980947644889D-31,0.0D0,-1.0D0,20.0D0,.866025403784439D0,    2137P   3031
-.499999999999999D0,0.0D0,-51.05D0,-.499999999999999D0,             2137P   3032
-.866025403784439D0,0.0D0,-22.1142135623731D0;                      2137P   3033
508,4,0,457,237,0,0,0,457,246,1,0,0,457,226,1,0,0,457,256,1,0;      2139P   3034
510,2131,1,1,2139;                                                  2141P   3035
116,2.26340384386773D-14,-55.1409807071841D0,-29.2D0,0;             2143P   3036
123,1.0D0,-1.4791141972894D-31,-2.42281987003917D-32;               2145P   3037
192,2143,2145,3.0D0,2149;                                           2147P   3038
123,0.0D0,0.0D0,-1.0D0;                                             2149P   3039
100,0.0D0,0.0D0,0.0D0,1.5D0,-2.59807621135332D0,3.0D0,              2151P   3040
7.25881769781272D-15;                                               2151P   3041
124,0.0D0,0.0D0,-1.0D0,20.0D0,0.0D0,-1.0D0,0.0D0,                   2153P   3042
-55.1409807071841D0,-1.0D0,0.0D0,0.0D0,-29.2D0;                     2153P   3043
110,-20.0D0,-55.1409807071841D0,-32.2D0,20.0D0,                     2155P   3044
-55.1409807071841D0,-32.2D0;                                        2155P   3045
508,4,0,457,257,1,0,0,457,258,0,0,0,457,247,1,0,0,457,239,1,0;      2157P   3046
510,2147,1,1,2157;                                                  2159P   3047
116,2.26340384386773D-14,-55.1409807071841D0,-32.2D0,0;             2161P   3048
123,0.0D0,0.0D0,-1.0D0;                                             2163P   3049
190,2161,2163,2167;                                                 2165P   3050
123,-1.0D0,0.0D0,0.0D0;                                             2167P   3051
110,20.0D0,-55.1409807071841D0,-32.2D0,20.0D0,-92.05D0,-32.2D0;     2169P   3052
110,-20.0D0,-92.05D0,-32.2D0,20.0D0,-92.05D0,-32.2D0;               2171P   3053
508,4,0,457,259,1,0,0,457,260,0,0,0,457,248,1,0,0,457,258,1,0;      2173P   3054
508,2,0,457,230,1,0,0,457,40,1,0;                                   2175P   3055
510,2165,2,1,2173,2175;                                             2177P   3056
116,2.26340384386773D-14,-92.05D0,-30.2D0,0;                        2179P   3057
123,1.0D0,-1.4791141972894D-31,-2.42281987003917D-32;               2181P   3058
192,2179,2181,2.0D0,2185;                                           2183P   3059
123,0.0D0,-1.0D0,0.0D0;                                             2185P   3060
100,0.0D0,0.0D0,0.0D0,-3.67394039744206D-16,-2.0D0,2.0D0,           2187P   3061
-7.59528607725994D-15;                                              2187P   3062
124,0.0D0,0.0D0,-1.0D0,20.0D0,-1.0D0,0.0D0,0.0D0,-92.05D0,0.0D0,    2189P   3063
1.0D0,0.0D0,-30.2D0;                                                2189P   3064
110,-20.0D0,-94.05D0,-30.2D0,20.0D0,-94.05D0,-30.2D0;               2191P   3065
508,4,0,457,261,1,0,0,457,262,0,0,0,457,249,1,0,0,457,260,1,0;      2193P   3066
510,2183,1,1,2193;                                                  2195P   3067
116,2.26340384386773D-14,-94.05D0,-30.2D0,0;                        2197P   3068
123,0.0D0,-1.0D0,0.0D0;                                             2199P   3069
190,2197,2199,2203;                                                 2201P   3070
123,0.0D0,0.0D0,-1.0D0;                                             2203P   3071
110,20.0D0,-94.05D0,-30.2D0,20.0D0,-94.05D0,-13.7D0;                2205P   3072
508,8,0,457,34,1,0,0,457,232,1,0,0,457,36,1,0,0,457,244,0,0,0,      2207P   3073
457,250,1,0,0,457,262,1,0,0,457,263,1,0,0,457,241,0,0;              2207P   3074
510,2201,1,1,2207;                                                  2209P   3075
116,2.26340384386773D-14,-87.05D0,-12.7D0,0;                        2211P   3076
123,1.0D0,-1.4791141972894D-31,-2.42281987003917D-32;               2213P   3077
192,2211,2213,1.0D0,2217;                                           2215P   3078
123,0.0D0,1.0D0,0.0D0;                                              2217P   3079
100,0.0D0,0.0D0,0.0D0,-1.83697019872104D-16,-1.0D0,1.0D0,           2219P   3080
-2.44929359829471D-16;                                              2219P   3081
124,0.0D0,0.0D0,-1.0D0,20.0D0,1.0D0,0.0D0,0.0D0,-87.05D0,0.0D0,     2221P   3082
-1.0D0,0.0D0,-12.7D0;                                               2221P   3083
110,-20.0D0,-86.05D0,-12.7D0,20.0D0,-86.05D0,-12.7D0;               2223P   3084
508,4,0,457,264,1,0,0,457,265,0,0,0,457,251,1,0,0,457,234,1,0;      2225P   3085
510,2215,1,1,2225;                                                  2227P   3086
116,2.26340384386773D-14,-86.05D0,-12.7D0,0;                        2229P   3087
123,0.0D0,1.0D0,0.0D0;                                              2231P   3088
190,2229,2231,2235;                                                 2233P   3089
123,0.0D0,0.0D0,1.0D0;                                              2235P   3090
110,20.0D0,-86.05D0,-12.7D0,20.0D0,-86.05D0,-24.7D0;                2237P   3091
110,-20.0D0,-86.05D0,-24.7D0,20.0D0,-86.05D0,-24.7D0;               2239P   3092
508,4,0,457,266,1,0,0,457,267,0,0,0,457,252,1,0,0,457,265,1,0;      2241P   3093
508,2,0,457,231,1,0,0,457,38,1,0;                                   2243P   3094
510,2233,2,1,2241,2243;                                             2245P   3095
120,2251,2249,0.0D0,6.28318530717959D0;                             2247P   3096
110,-22.0D0,-84.05D0,-24.7D0,22.0D0,-84.05D0,-24.7D0;               2249P   3097
110,-22.0D0,-85.05D0,-24.7D0,-21.0D0,-85.05D0,-24.7D0;              2251P   3098
100,0.0D0,0.0D0,0.0D0,-1.0D0,1.22464679914735D-16,                  2253P   3099
-1.83697019872103D-16,-1.0D0;                                       2253P   3100
124,0.0D0,0.0D0,1.0D0,20.0D0,1.0D0,0.0D0,0.0D0,-85.05D0,0.0D0,      2255P   3101
1.0D0,0.0D0,-24.7D0;                                                2255P   3102
110,-20.0D0,-85.05D0,-25.7D0,20.0D0,-85.05D0,-25.7D0;               2257P   3103
508,4,0,457,268,1,0,0,457,269,0,0,0,457,253,1,0,0,457,267,1,0;      2259P   3104
510,2247,1,1,2259;                                                  2261P   3105
116,2.26340384386773D-14,-85.05D0,-25.7D0,0;                        2263P   3106
123,0.0D0,0.0D0,1.0D0;                                              2265P   3107
190,2263,2265,2269;                                                 2267P   3108
123,1.0D0,0.0D0,0.0D0;                                              2269P   3109
110,20.0D0,-85.05D0,-25.7D0,20.0D0,-60.05D0,-25.7D0;                2271P   3110
110,-20.0D0,-60.05D0,-25.7D0,20.0D0,-60.05D0,-25.7D0;               2273P   3111
508,4,0,457,270,1,0,0,457,271,0,0,0,457,254,1,0,0,457,269,1,0;      2275P   3112
510,2267,1,1,2275;                                                  2277P   3113
120,2283,2281,0.0D0,6.28318530717959D0;                             2279P   3114
110,-22.0D0,-60.05D0,-23.7D0,22.0D0,-60.05D0,-23.7D0;               2281P   3115
110,-22.0D0,-60.05D0,-24.7D0,-21.0D0,-60.05D0,-24.7D0;              2283P   3116
100,0.0D0,0.0D0,0.0D0,-1.00000000000001D0,1.22464679914736D-16,     2285P   3117
-3.73641069867262D-15,-1.00000000000001D0;                          2285P   3118
124,0.0D0,0.0D0,1.0D0,20.0D0,0.0D0,-1.0D0,0.0D0,-60.05D0,1.0D0,     2287P   3119
0.0D0,0.0D0,-24.7D0;                                                2287P   3120
508,4,0,457,272,1,0,0,457,217,0,0,0,457,255,1,0,0,457,271,1,0;      2289P   3121
510,2279,1,1,2289;                                                  2291P   3122
116,2.26340384386773D-14,-57.05D0,-14.7D0,0;                        2293P   3123
123,1.0D0,-1.4791141972894D-31,-2.42281987003917D-32;               2295P   3124
192,2293,2295,2.0D0,2299;                                           2297P   3125
123,1.21721091502245D-31,.707106781186548D0,.707106781186547D0;     2299P   3126
100,0.0D0,0.0D0,0.0D0,-1.4142135623731D0,-1.41421356237309D0,       2301P   3127
2.0D0,1.28649811974131D-15;                                         2301P   3128
124,1.21721091502245D-31,0.0D0,-1.0D0,20.0D0,.707106781186548D0,    2303P   3129
.707106781186547D0,0.0D0,-57.05D0,.707106781186547D0,               2303P   3130
-.707106781186548D0,0.0D0,-14.7D0;                                  2303P   3131
508,5,0,457,215,1,0,0,457,219,1,0,0,457,273,1,0,0,457,222,1,0,0,    2305P   3132
457,245,1,0;                                                        2305P   3133
510,2297,1,1,2305;                                                  2307P   3134
116,20.0D0,-72.9625106048989D0,-24.251800501049D0,0;                2309P   3135
123,1.0D0,0.0D0,0.0D0;                                              2311P   3136
190,2309,2311,2315;                                                 2313P   3137
123,0.0D0,0.0D0,-1.0D0;                                             2315P   3138
508,18,0,457,273,0,0,0,457,218,0,0,0,457,272,0,0,0,457,270,0,0,     2317P   3139
0,457,268,0,0,0,457,266,0,0,0,457,264,0,0,0,457,233,0,0,0,457,      2317P   3140
242,0,0,0,457,263,0,0,0,457,261,0,0,0,457,259,0,0,0,457,257,0,0,    2317P   3141
0,457,238,0,0,0,457,256,0,0,0,457,225,1,0,0,457,228,1,0,0,457,      2317P   3142
223,0,0;                                                            2317P   3143
510,2313,1,1,2317;                                                  2319P   3144
116,0.0D0,-63.5D0,-10.6D0,0;                                        2321P   3145
123,0.0D0,1.0D0,0.0D0;                                              2323P   3146
190,2321,2323,2327;                                                 2325P   3147
123,0.0D0,0.0D0,1.0D0;                                              2327P   3148
110,-50.0D0,-63.5D0,-23.6D0,-.994987437106493D0,-63.5D0,-23.6D0;    2329P   3149
110,-50.0D0,-63.5D0,-23.6D0,-50.0D0,-63.5D0,-11.6D0;                2331P   3150
110,50.0D0,-63.5D0,-11.6D0,-50.0D0,-63.5D0,-11.6D0;                 2333P   3151
110,50.0D0,-63.5D0,-11.6D0,50.0D0,-63.5D0,-23.6D0;                  2335P   3152
110,.994987437106498D0,-63.5D0,-23.6D0,50.0D0,-63.5D0,-23.6D0;      2337P   3153
508,7,0,457,81,1,0,0,457,200,1,0,0,457,274,0,0,0,457,275,1,0,0,     2339P   3154
457,276,0,0,0,457,277,1,0,0,457,278,0,0;                            2339P   3155
510,2325,1,1,2339;                                                  2341P   3156
116,0.0D0,-82.5D0,-25.6D0,0;                                        2343P   3157
123,0.0D0,-1.0D0,0.0D0;                                             2345P   3158
190,2343,2345,2349;                                                 2347P   3159
123,0.0D0,0.0D0,-1.0D0;                                             2349P   3160
110,50.0D0,-82.5D0,-23.6D0,.994987437106511D0,-82.5D0,-23.6D0;      2351P   3161
110,50.0D0,-82.5D0,-23.6D0,50.0D0,-82.5D0,-12.6D0;                  2353P   3162
110,-50.0D0,-82.5D0,-12.6D0,50.0D0,-82.5D0,-12.6D0;                 2355P   3163
110,-50.0D0,-82.5D0,-12.6D0,-50.0D0,-82.5D0,-23.6D0;                2357P   3164
110,-.994987437106479D0,-82.5D0,-23.6D0,-50.0D0,-82.5D0,-23.6D0;    2359P   3165
508,7,0,457,196,1,0,0,457,89,1,0,0,457,279,0,0,0,457,280,1,0,0,     2361P   3166
457,281,0,0,0,457,282,1,0,0,457,283,0,0;                            2361P   3167
510,2347,1,1,2361;                                                  2363P   3168
116,-50.0D0,-50.7D0,-10.9D0,0;                                      2365P   3169
123,0.0D0,-1.0D0,0.0D0;                                             2367P   3170
190,2365,2367,2371;                                                 2369P   3171
123,0.0D0,0.0D0,-1.0D0;                                             2371P   3172
110,-50.0D0,-50.7D0,-11.0D0,50.0D0,-50.7D0,-11.0D0;                 2373P   3173
110,50.0D0,-50.7D0,-10.9D0,50.0D0,-50.7D0,-11.0D0;                  2375P   3174
110,-50.0D0,-50.7D0,-10.9D0,50.0D0,-50.7D0,-10.9D0;                 2377P   3175
110,-50.0D0,-50.7D0,-10.9D0,-50.0D0,-50.7D0,-11.0D0;                2379P   3176
508,4,0,457,284,1,0,0,457,285,0,0,0,457,286,0,0,0,457,287,1,0;      2381P   3177
510,2369,1,1,2381;                                                  2383P   3178
116,50.0D0,-41.3D0,-10.9D0,0;                                       2385P   3179
123,0.0D0,1.0D0,0.0D0;                                              2387P   3180
190,2385,2387,2391;                                                 2389P   3181
123,0.0D0,0.0D0,1.0D0;                                              2391P   3182
110,50.0D0,-41.3D0,-11.0D0,-50.0D0,-41.3D0,-11.0D0;                 2393P   3183
110,-50.0D0,-41.3D0,-10.9D0,-50.0D0,-41.3D0,-11.0D0;                2395P   3184
110,50.0D0,-41.3D0,-10.9D0,-50.0D0,-41.3D0,-10.9D0;                 2397P   3185
110,50.0D0,-41.3D0,-10.9D0,50.0D0,-41.3D0,-11.0D0;                  2399P   3186
508,4,0,457,288,1,0,0,457,289,0,0,0,457,290,0,0,0,457,291,1,0;      2401P   3187
510,2389,1,1,2401;                                                  2403P   3188
116,0.0D0,-46.0D0,-11.0D0,0;                                        2405P   3189
123,0.0D0,0.0D0,-1.0D0;                                             2407P   3190
190,2405,2407,2411;                                                 2409P   3191
123,-1.0D0,0.0D0,0.0D0;                                             2411P   3192
110,-50.0D0,-41.3D0,-11.0D0,-50.0D0,-50.7D0,-11.0D0;                2413P   3193
110,50.0D0,-50.7D0,-11.0D0,50.0D0,-41.3D0,-11.0D0;                  2415P   3194
508,4,0,457,292,0,0,0,457,288,0,0,0,457,293,0,0,0,457,284,0,0;      2417P   3195
510,2409,1,1,2417;                                                  2419P   3196
116,32.0D0,41.3D0,-10.9D0,0;                                        2421P   3197
123,0.0D0,-1.0D0,0.0D0;                                             2423P   3198
190,2421,2423,2427;                                                 2425P   3199
123,0.0D0,0.0D0,-1.0D0;                                             2427P   3200
110,32.0D0,41.3D0,-11.0D0,50.0D0,41.3D0,-11.0D0;                    2429P   3201
110,50.0D0,41.3D0,-10.9D0,50.0D0,41.3D0,-11.0D0;                    2431P   3202
110,32.0D0,41.3D0,-10.9D0,50.0D0,41.3D0,-10.9D0;                    2433P   3203
110,32.0D0,41.3D0,-10.9D0,32.0D0,41.3D0,-11.0D0;                    2435P   3204
508,4,0,457,294,1,0,0,457,295,0,0,0,457,296,0,0,0,457,297,1,0;      2437P   3205
510,2425,1,1,2437;                                                  2439P   3206
116,50.0D0,48.7D0,-10.9D0,0;                                        2441P   3207
123,0.0D0,1.0D0,0.0D0;                                              2443P   3208
190,2441,2443,2447;                                                 2445P   3209
123,0.0D0,0.0D0,1.0D0;                                              2447P   3210
110,50.0D0,48.7D0,-11.0D0,32.0D0,48.7D0,-11.0D0;                    2449P   3211
110,32.0D0,48.7D0,-10.9D0,32.0D0,48.7D0,-11.0D0;                    2451P   3212
110,50.0D0,48.7D0,-10.9D0,32.0D0,48.7D0,-10.9D0;                    2453P   3213
110,50.0D0,48.7D0,-10.9D0,50.0D0,48.7D0,-11.0D0;                    2455P   3214
508,4,0,457,298,1,0,0,457,299,0,0,0,457,300,0,0,0,457,301,1,0;      2457P   3215
510,2445,1,1,2457;                                                  2459P   3216
116,41.0D0,45.0D0,-11.0D0,0;                                        2461P   3217
123,0.0D0,0.0D0,-1.0D0;                                             2463P   3218
190,2461,2463,2467;                                                 2465P   3219
123,-1.0D0,0.0D0,0.0D0;                                             2467P   3220
110,32.0D0,48.7D0,-11.0D0,32.0D0,41.3D0,-11.0D0;                    2469P   3221
110,50.0D0,41.3D0,-11.0D0,50.0D0,48.7D0,-11.0D0;                    2471P   3222
508,4,0,457,302,0,0,0,457,298,0,0,0,457,303,0,0,0,457,294,0,0;      2473P   3223
510,2465,1,1,2473;                                                  2475P   3224
116,-50.0D0,41.3D0,-10.9D0,0;                                       2477P   3225
123,0.0D0,-1.0D0,0.0D0;                                             2479P   3226
190,2477,2479,2483;                                                 2481P   3227
123,0.0D0,0.0D0,-1.0D0;                                             2483P   3228
110,-50.0D0,41.3D0,-11.0D0,-32.0D0,41.3D0,-11.0D0;                  2485P   3229
110,-32.0D0,41.3D0,-10.9D0,-32.0D0,41.3D0,-11.0D0;                  2487P   3230
110,-50.0D0,41.3D0,-10.9D0,-32.0D0,41.3D0,-10.9D0;                  2489P   3231
110,-50.0D0,41.3D0,-10.9D0,-50.0D0,41.3D0,-11.0D0;                  2491P   3232
508,4,0,457,304,1,0,0,457,305,0,0,0,457,306,0,0,0,457,307,1,0;      2493P   3233
510,2481,1,1,2493;                                                  2495P   3234
116,-32.0D0,48.7D0,-10.9D0,0;                                       2497P   3235
123,0.0D0,1.0D0,0.0D0;                                              2499P   3236
190,2497,2499,2503;                                                 2501P   3237
123,0.0D0,0.0D0,1.0D0;                                              2503P   3238
110,-32.0D0,48.7D0,-11.0D0,-50.0D0,48.7D0,-11.0D0;                  2505P   3239
110,-50.0D0,48.7D0,-10.9D0,-50.0D0,48.7D0,-11.0D0;                  2507P   3240
110,-32.0D0,48.7D0,-10.9D0,-50.0D0,48.7D0,-10.9D0;                  2509P   3241
110,-32.0D0,48.7D0,-10.9D0,-32.0D0,48.7D0,-11.0D0;                  2511P   3242
508,4,0,457,308,1,0,0,457,309,0,0,0,457,310,0,0,0,457,311,1,0;      2513P   3243
510,2501,1,1,2513;                                                  2515P   3244
116,-41.0D0,45.0D0,-11.0D0,0;                                       2517P   3245
123,0.0D0,0.0D0,-1.0D0;                                             2519P   3246
190,2517,2519,2523;                                                 2521P   3247
123,-1.0D0,0.0D0,0.0D0;                                             2523P   3248
110,-50.0D0,48.7D0,-11.0D0,-50.0D0,41.3D0,-11.0D0;                  2525P   3249
110,-32.0D0,41.3D0,-11.0D0,-32.0D0,48.7D0,-11.0D0;                  2527P   3250
508,4,0,457,312,0,0,0,457,308,0,0,0,457,313,0,0,0,457,304,0,0;      2529P   3251
510,2521,1,1,2529;                                                  2531P   3252
116,32.0D0,51.0D0,-17.92D0,0;                                       2533P   3253
123,0.0D0,.707106781186559D0,.707106781186536D0;                    2535P   3254
190,2533,2535,2539;                                                 2537P   3255
123,1.0D0,0.0D0,0.0D0;                                              2539P   3256
110,32.0D0,50.9292893218814D0,-17.8492893218813D0,50.0D0,           2541P   3257
50.9292893218813D0,-17.8492893218813D0;                             2541P   3258
110,50.0D0,51.0D0,-17.92D0,50.0D0,50.9292893218813D0,               2543P   3259
-17.8492893218813D0;                                                2543P   3260
110,32.0D0,51.0D0,-17.92D0,50.0D0,51.0D0,-17.92D0;                  2545P   3261
110,32.0D0,51.0D0,-17.92D0,32.0D0,50.9292893218814D0,               2547P   3262
-17.8492893218813D0;                                                2547P   3263
508,4,0,457,314,1,0,0,457,315,0,0,0,457,316,0,0,0,457,317,1,0;      2549P   3264
510,2537,1,1,2549;                                                  2551P   3265
116,50.0D0,47.4019920239599D0,-21.51800797604D0,0;                  2553P   3266
123,0.0D0,-.707106781186559D0,-.707106781186536D0;                  2555P   3267
190,2553,2555,2559;                                                 2557P   3268
123,-1.0D0,0.0D0,0.0D0;                                             2559P   3269
110,50.0D0,47.3312813458413D0,-21.4472972979214D0,32.0D0,           2561P   3270
47.3312813458413D0,-21.4472972979214D0;                             2561P   3271
110,32.0D0,47.4019920239599D0,-21.51800797604D0,32.0D0,             2563P   3272
47.3312813458413D0,-21.4472972979214D0;                             2563P   3273
110,32.0D0,47.4019920239599D0,-21.51800797604D0,50.0D0,             2565P   3274
47.4019920239599D0,-21.51800797604D0;                               2565P   3275
110,50.0D0,47.4019920239599D0,-21.51800797604D0,50.0D0,             2567P   3276
47.3312813458413D0,-21.4472972979214D0;                             2567P   3277
508,4,0,457,318,1,0,0,457,319,0,0,0,457,320,1,0,0,457,321,1,0;      2569P   3278
510,2557,1,1,2569;                                                  2571P   3279
116,41.0D0,49.1302853338613D0,-19.6482933099014D0,0;                2573P   3280
123,-6.14786525650087D-17,-.707106781186547D0,                      2575P   3281
.707106781186548D0;                                                 2575P   3282
190,2573,2575,2579;                                                 2577P   3283
123,1.0D0,0.0D0,0.0D0;                                              2579P   3284
110,32.0D0,47.3312813458413D0,-21.4472972979214D0,32.0D0,           2581P   3285
50.9292893218814D0,-17.8492893218813D0;                             2581P   3286
110,50.0D0,50.9292893218813D0,-17.8492893218813D0,50.0D0,           2583P   3287
47.3312813458413D0,-21.4472972979214D0;                             2583P   3288
508,4,0,457,314,0,0,0,457,322,0,0,0,457,318,0,0,0,457,323,0,0;      2585P   3289
510,2577,1,1,2585;                                                  2587P   3290
116,-32.0D0,47.4019920239599D0,-21.51800797604D0,0;                 2589P   3291
123,0.0D0,-.707106781186559D0,-.707106781186536D0;                  2591P   3292
190,2589,2591,2595;                                                 2593P   3293
123,-1.0D0,0.0D0,0.0D0;                                             2595P   3294
110,-32.0D0,47.3312813458413D0,-21.4472972979214D0,-50.0D0,         2597P   3295
47.3312813458413D0,-21.4472972979214D0;                             2597P   3296
110,-50.0D0,47.4019920239599D0,-21.51800797604D0,-50.0D0,           2599P   3297
47.3312813458413D0,-21.4472972979214D0;                             2599P   3298
110,-50.0D0,47.4019920239599D0,-21.51800797604D0,-32.0D0,           2601P   3299
47.4019920239599D0,-21.51800797604D0;                               2601P   3300
110,-32.0D0,47.4019920239599D0,-21.51800797604D0,-32.0D0,           2603P   3301
47.3312813458413D0,-21.4472972979214D0;                             2603P   3302
508,4,0,457,324,1,0,0,457,325,0,0,0,457,326,1,0,0,457,327,1,0;      2605P   3303
510,2593,1,1,2605;                                                  2607P   3304
116,-50.0D0,51.0D0,-17.92D0,0;                                      2609P   3305
123,0.0D0,.707106781186559D0,.707106781186536D0;                    2611P   3306
190,2609,2611,2615;                                                 2613P   3307
123,1.0D0,0.0D0,0.0D0;                                              2615P   3308
110,-50.0D0,50.9292893218814D0,-17.8492893218813D0,-32.0D0,         2617P   3309
50.9292893218814D0,-17.8492893218813D0;                             2617P   3310
110,-32.0D0,51.0D0,-17.92D0,-32.0D0,50.9292893218814D0,             2619P   3311
-17.8492893218813D0;                                                2619P   3312
110,-50.0D0,51.0D0,-17.92D0,-32.0D0,51.0D0,-17.92D0;                2621P   3313
110,-50.0D0,51.0D0,-17.92D0,-50.0D0,50.9292893218814D0,             2623P   3314
-17.8492893218813D0;                                                2623P   3315
508,4,0,457,328,1,0,0,457,329,0,0,0,457,330,0,0,0,457,331,1,0;      2625P   3316
510,2613,1,1,2625;                                                  2627P   3317
116,-41.0D0,49.1302853338613D0,-19.6482933099014D0,0;               2629P   3318
123,5.15335764147867D-17,-.707106781186548D0,.707106781186547D0;    2631P   3319
190,2629,2631,2635;                                                 2633P   3320
123,1.0D0,0.0D0,0.0D0;                                              2635P   3321
110,-32.0D0,50.9292893218814D0,-17.8492893218813D0,-32.0D0,         2637P   3322
47.3312813458413D0,-21.4472972979214D0;                             2637P   3323
110,-50.0D0,47.3312813458413D0,-21.4472972979214D0,-50.0D0,         2639P   3324
50.9292893218814D0,-17.8492893218813D0;                             2639P   3325
508,4,0,457,324,0,0,0,457,332,0,0,0,457,328,0,0,0,457,333,0,0;      2641P   3326
510,2633,1,1,2641;                                                  2643P   3327
128,1,1,1,1,0,0,1,0,0,0.0D0,0.0D0,11.0D0,11.0D0,0.0D0,0.0D0,        2645P   3328
11.0D0,11.0D0,1.0D0,1.0D0,1.0D0,1.0D0,-24.9055915910215D0,          2645P   3329
35.9055915910215D0,-3.60000000000003D0,-24.9055915910215D0,         2645P   3330
24.9055915910216D0,-3.60000000000003D0,-35.9055915910215D0,         2645P   3331
35.9055915910215D0,-3.60000000000003D0,-35.9055915910215D0,         2645P   3332
24.9055915910216D0,-3.60000000000003D0,0.0D0,11.0D0,0.0D0,          2645P   3333
11.0D0;                                                             2645P   3334
100,0.0D0,0.0D0,0.0D0,-5.5D0,6.73555739531044D-16,5.5D0,            2647P   3335
-6.23209278741278D-15;                                              2647P   3336
508,2,0,457,32,1,0,0,457,334,1,0;                                   2649P   3337
100,0.0D0,0.0D0,0.0D0,-3.5D0,4.28626379701574D-16,3.5D0,            2651P   3338
-3.96587722835358D-15;                                              2651P   3339
508,2,0,457,335,0,0,0,457,26,0,0;                                   2653P   3340
510,2645,2,1,2649,2653;                                             2655P   3341
128,1,8,1,2,0,1,0,0,0,-.636363636363634D0,-.636363636363634D0,      2657P   3342
.636363636363637D0,.636363636363637D0,0.0D0,0.0D0,0.0D0,            2657P   3343
8.63937979737193D0,8.63937979737193D0,17.2787595947439D0,           2657P   3344
17.2787595947439D0,25.9181393921158D0,25.9181393921158D0,           2657P   3345
34.5575191894877D0,34.5575191894877D0,34.5575191894877D0,1.0D0,     2657P   3346
1.0D0,.707106781186548D0,.707106781186548D0,1.0D0,1.0D0,            2657P   3347
.707106781186548D0,.707106781186548D0,1.0D0,1.0D0,                  2657P   3348
.707106781186548D0,.707106781186548D0,1.0D0,1.0D0,                  2657P   3349
.707106781186548D0,.707106781186548D0,1.0D0,1.0D0,                  2657P   3350
-30.4055915910215D0,24.9055915910216D0,-3.60000000000003D0,         2657P   3351
-30.4055915910215D0,24.9055915910216D0,-10.6D0,                     2657P   3352
-35.9055915910215D0,24.9055915910216D0,-3.60000000000003D0,         2657P   3353
-35.9055915910215D0,24.9055915910216D0,-10.6D0,                     2657P   3354
-35.9055915910215D0,30.4055915910216D0,-3.60000000000003D0,         2657P   3355
-35.9055915910215D0,30.4055915910216D0,-10.6D0,                     2657P   3356
-35.9055915910215D0,35.9055915910215D0,-3.60000000000003D0,         2657P   3357
-35.9055915910215D0,35.9055915910215D0,-10.6D0,                     2657P   3358
-30.4055915910215D0,35.9055915910215D0,-3.60000000000003D0,         2657P   3359
-30.4055915910215D0,35.9055915910215D0,-10.6D0,                     2657P   3360
-24.9055915910215D0,35.9055915910215D0,-3.60000000000003D0,         2657P   3361
-24.9055915910215D0,35.9055915910215D0,-10.6D0,                     2657P   3362
-24.9055915910215D0,30.4055915910216D0,-3.60000000000003D0,         2657P   3363
-24.9055915910215D0,30.4055915910216D0,-10.6D0,                     2657P   3364
-24.9055915910215D0,24.9055915910216D0,-3.60000000000003D0,         2657P   3365
-24.9055915910215D0,24.9055915910216D0,-10.6D0,                     2657P   3366
-30.4055915910215D0,24.9055915910216D0,-3.60000000000003D0,         2657P   3367
-30.4055915910215D0,24.9055915910216D0,-10.6D0,                     2657P   3368
-.636363636363634D0,.636363636363637D0,0.0D0,34.5575191894877D0;    2657P   3369
100,0.0D0,0.0D0,0.0D0,5.5D0,0.0D0,-5.5D0,6.73555739531044D-16;      2659P   3370
508,4,0,457,29,1,0,0,457,334,0,0,0,457,31,0,0,0,457,336,0,0;        2661P   3371
510,2657,1,1,2661;                                                  2663P   3372
128,1,8,1,2,0,1,0,0,0,-50.0246095612452D0,-50.0246095612452D0,      2665P   3373
-48.9960381326737D0,-48.9960381326737D0,0.0D0,0.0D0,0.0D0,          2665P   3374
5.49778714378214D0,5.49778714378214D0,10.9955742875643D0,           2665P   3375
10.9955742875643D0,16.4933614313464D0,16.4933614313464D0,           2665P   3376
21.9911485751286D0,21.9911485751286D0,21.9911485751286D0,1.0D0,     2665P   3377
1.0D0,.707106781186548D0,.707106781186548D0,1.0D0,1.0D0,            2665P   3378
.707106781186548D0,.707106781186548D0,1.0D0,1.0D0,                  2665P   3379
.707106781186548D0,.707106781186548D0,1.0D0,1.0D0,                  2665P   3380
.707106781186548D0,.707106781186548D0,1.0D0,1.0D0,                  2665P   3381
-30.4055915910215D0,26.9055915910216D0,0.0D0,                       2665P   3382
-30.4055915910215D0,26.9055915910216D0,-3.60000000000005D0,         2665P   3383
-33.9055915910215D0,26.9055915910215D0,-1.04252649873338D-15,       2665P   3384
-33.9055915910215D0,26.9055915910215D0,-3.60000000000005D0,         2665P   3385
-33.9055915910215D0,30.4055915910216D0,-1.04252649873338D-15,       2665P   3386
-33.9055915910215D0,30.4055915910216D0,-3.60000000000005D0,         2665P   3387
-33.9055915910215D0,33.9055915910216D0,-1.04252649873338D-15,       2665P   3388
-33.9055915910215D0,33.9055915910216D0,-3.60000000000005D0,         2665P   3389
-30.4055915910215D0,33.9055915910216D0,0.0D0,                       2665P   3390
-30.4055915910215D0,33.9055915910216D0,-3.60000000000005D0,         2665P   3391
-26.9055915910215D0,33.9055915910216D0,1.04252649873338D-15,        2665P   3392
-26.9055915910215D0,33.9055915910216D0,-3.60000000000005D0,         2665P   3393
-26.9055915910215D0,30.4055915910216D0,1.04252649873338D-15,        2665P   3394
-26.9055915910215D0,30.4055915910216D0,-3.60000000000005D0,         2665P   3395
-26.9055915910215D0,26.9055915910215D0,1.04252649873338D-15,        2665P   3396
-26.9055915910215D0,26.9055915910215D0,-3.60000000000005D0,         2665P   3397
-30.4055915910215D0,26.9055915910216D0,0.0D0,                       2665P   3398
-30.4055915910215D0,26.9055915910216D0,-3.60000000000005D0,         2665P   3399
-50.0246095612452D0,-48.9960381326737D0,0.0D0,                      2665P   3400
21.9911485751286D0;                                                 2665P   3401
100,0.0D0,0.0D0,0.0D0,-3.5D0,4.28626379701574D-16,3.5D0,            2667P   3402
-7.07450169730403D-15;                                              2667P   3403
508,4,0,457,25,1,0,0,457,337,0,0,0,457,27,0,0,0,457,335,1,0;        2669P   3404
510,2665,1,1,2669;                                                  2671P   3405
128,1,1,1,1,0,0,1,0,0,0.0D0,0.0D0,11.0D0,11.0D0,0.0D0,0.0D0,        2673P   3406
11.0D0,11.0D0,1.0D0,1.0D0,1.0D0,1.0D0,35.9055915910215D0,           2673P   3407
24.9055915910215D0,-3.60000000000003D0,24.9055915910215D0,          2673P   3408
24.9055915910215D0,-3.60000000000003D0,35.9055915910215D0,          2673P   3409
35.9055915910215D0,-3.60000000000003D0,24.9055915910215D0,          2673P   3410
35.9055915910215D0,-3.60000000000003D0,0.0D0,11.0D0,0.0D0,          2673P   3411
11.0D0;                                                             2673P   3412
100,0.0D0,0.0D0,0.0D0,-5.5D0,6.73555739531044D-16,5.5D0,            2675P   3413
-6.23209278741278D-15;                                              2675P   3414
508,2,0,457,24,1,0,0,457,338,1,0;                                   2677P   3415
100,0.0D0,0.0D0,0.0D0,-3.5D0,4.28626379701574D-16,3.5D0,            2679P   3416
-8.57252759403148D-16;                                              2679P   3417
508,2,0,457,339,0,0,0,457,18,0,0;                                   2681P   3418
510,2673,2,1,2677,2681;                                             2683P   3419
128,1,8,1,2,0,1,0,0,0,-.636363636363632D0,-.636363636363632D0,      2685P   3420
.636363636363637D0,.636363636363637D0,0.0D0,0.0D0,0.0D0,            2685P   3421
8.63937979737193D0,8.63937979737193D0,17.2787595947439D0,           2685P   3422
17.2787595947439D0,25.9181393921158D0,25.9181393921158D0,           2685P   3423
34.5575191894877D0,34.5575191894877D0,34.5575191894877D0,1.0D0,     2685P   3424
1.0D0,.707106781186548D0,.707106781186548D0,1.0D0,1.0D0,            2685P   3425
.707106781186548D0,.707106781186548D0,1.0D0,1.0D0,                  2685P   3426
.707106781186548D0,.707106781186548D0,1.0D0,1.0D0,                  2685P   3427
.707106781186548D0,.707106781186548D0,1.0D0,1.0D0,                  2685P   3428
24.9055915910215D0,30.4055915910215D0,-3.60000000000003D0,          2685P   3429
24.9055915910215D0,30.4055915910215D0,-10.6D0,                      2685P   3430
24.9055915910215D0,35.9055915910215D0,-3.60000000000003D0,          2685P   3431
24.9055915910215D0,35.9055915910215D0,-10.6D0,                      2685P   3432
30.4055915910215D0,35.9055915910215D0,-3.60000000000003D0,          2685P   3433
30.4055915910215D0,35.9055915910215D0,-10.6D0,                      2685P   3434
35.9055915910215D0,35.9055915910215D0,-3.60000000000003D0,          2685P   3435
35.9055915910215D0,35.9055915910215D0,-10.6D0,                      2685P   3436
35.9055915910215D0,30.4055915910215D0,-3.60000000000003D0,          2685P   3437
35.9055915910215D0,30.4055915910215D0,-10.6D0,                      2685P   3438
35.9055915910215D0,24.9055915910215D0,-3.60000000000003D0,          2685P   3439
35.9055915910215D0,24.9055915910215D0,-10.6D0,                      2685P   3440
30.4055915910215D0,24.9055915910215D0,-3.60000000000003D0,          2685P   3441
30.4055915910215D0,24.9055915910215D0,-10.6D0,                      2685P   3442
24.9055915910215D0,24.9055915910215D0,-3.60000000000003D0,          2685P   3443
24.9055915910215D0,24.9055915910215D0,-10.6D0,                      2685P   3444
24.9055915910215D0,30.4055915910215D0,-3.60000000000003D0,          2685P   3445
24.9055915910215D0,30.4055915910215D0,-10.6D0,                      2685P   3446
-.636363636363632D0,.636363636363637D0,0.0D0,34.5575191894877D0;    2685P   3447
100,0.0D0,0.0D0,0.0D0,5.5D0,0.0D0,-5.5D0,6.73555739531044D-16;      2687P   3448
508,4,0,457,21,1,0,0,457,338,0,0,0,457,23,0,0,0,457,340,0,0;        2689P   3449
510,2685,1,1,2689;                                                  2691P   3450
128,1,8,1,2,0,1,0,0,0,-50.0246095612451D0,-50.0246095612451D0,      2693P   3451
-48.9960381326737D0,-48.9960381326737D0,0.0D0,0.0D0,0.0D0,          2693P   3452
5.49778714378214D0,5.49778714378214D0,10.9955742875643D0,           2693P   3453
10.9955742875643D0,16.4933614313464D0,16.4933614313464D0,           2693P   3454
21.9911485751286D0,21.9911485751286D0,21.9911485751286D0,1.0D0,     2693P   3455
1.0D0,.707106781186548D0,.707106781186548D0,1.0D0,1.0D0,            2693P   3456
.707106781186548D0,.707106781186548D0,1.0D0,1.0D0,                  2693P   3457
.707106781186548D0,.707106781186548D0,1.0D0,1.0D0,                  2693P   3458
.707106781186548D0,.707106781186548D0,1.0D0,1.0D0,                  2693P   3459
26.9055915910215D0,30.4055915910215D0,-2.8421709430404D-14,         2693P   3460
26.9055915910215D0,30.4055915910215D0,-3.60000000000005D0,          2693P   3461
26.9055915910215D0,33.9055915910215D0,-2.94642359291374D-14,        2693P   3462
26.9055915910215D0,33.9055915910215D0,-3.60000000000005D0,          2693P   3463
30.4055915910215D0,33.9055915910215D0,-2.94642359291374D-14,        2693P   3464
30.4055915910215D0,33.9055915910215D0,-3.60000000000005D0,          2693P   3465
33.9055915910216D0,33.9055915910215D0,-2.94642359291374D-14,        2693P   3466
33.9055915910216D0,33.9055915910215D0,-3.60000000000005D0,          2693P   3467
33.9055915910216D0,30.4055915910215D0,-2.8421709430404D-14,         2693P   3468
33.9055915910216D0,30.4055915910215D0,-3.60000000000005D0,          2693P   3469
33.9055915910216D0,26.9055915910215D0,-2.73791829316706D-14,        2693P   3470
33.9055915910216D0,26.9055915910215D0,-3.60000000000005D0,          2693P   3471
30.4055915910215D0,26.9055915910215D0,-2.73791829316706D-14,        2693P   3472
30.4055915910215D0,26.9055915910215D0,-3.60000000000005D0,          2693P   3473
26.9055915910215D0,26.9055915910215D0,-2.73791829316706D-14,        2693P   3474
26.9055915910215D0,26.9055915910215D0,-3.60000000000005D0,          2693P   3475
26.9055915910215D0,30.4055915910215D0,-2.8421709430404D-14,         2693P   3476
26.9055915910215D0,30.4055915910215D0,-3.60000000000005D0,          2693P   3477
-50.0246095612451D0,-48.9960381326737D0,0.0D0,                      2693P   3478
21.9911485751286D0;                                                 2693P   3479
100,0.0D0,0.0D0,0.0D0,-3.5D0,4.28626379701574D-16,3.5D0,            2695P   3480
-3.96587722835358D-15;                                              2695P   3481
508,4,0,457,17,1,0,0,457,341,0,0,0,457,19,0,0,0,457,339,1,0;        2697P   3482
510,2693,1,1,2697;                                                  2699P   3483
128,1,1,1,1,0,0,1,0,0,0.0D0,0.0D0,11.0D0,11.0D0,0.0D0,0.0D0,        2701P   3484
11.0D0,11.0D0,1.0D0,1.0D0,1.0D0,1.0D0,24.9055915910215D0,           2701P   3485
-35.9055915910215D0,-3.60000000000003D0,24.9055915910215D0,         2701P   3486
-24.9055915910215D0,-3.60000000000003D0,35.9055915910215D0,         2701P   3487
-35.9055915910215D0,-3.60000000000003D0,35.9055915910215D0,         2701P   3488
-24.9055915910215D0,-3.60000000000003D0,0.0D0,11.0D0,0.0D0,         2701P   3489
11.0D0;                                                             2701P   3490
100,0.0D0,0.0D0,0.0D0,-5.5D0,6.73555739531044D-16,5.5D0,            2703P   3491
-6.23209278741278D-15;                                              2703P   3492
508,2,0,457,16,1,0,0,457,342,1,0;                                   2705P   3493
100,0.0D0,0.0D0,0.0D0,-3.5D0,4.28626379701574D-16,3.5D0,            2707P   3494
-8.57252759403148D-16;                                              2707P   3495
508,2,0,457,343,0,0,0,457,10,0,0;                                   2709P   3496
510,2701,2,1,2705,2709;                                             2711P   3497
128,1,8,1,2,0,1,0,0,0,-.636363636363634D0,-.636363636363634D0,      2713P   3498
.636363636363637D0,.636363636363637D0,0.0D0,0.0D0,0.0D0,            2713P   3499
8.63937979737193D0,8.63937979737193D0,17.2787595947439D0,           2713P   3500
17.2787595947439D0,25.9181393921158D0,25.9181393921158D0,           2713P   3501
34.5575191894877D0,34.5575191894877D0,34.5575191894877D0,1.0D0,     2713P   3502
1.0D0,.707106781186548D0,.707106781186548D0,1.0D0,1.0D0,            2713P   3503
.707106781186548D0,.707106781186548D0,1.0D0,1.0D0,                  2713P   3504
.707106781186548D0,.707106781186548D0,1.0D0,1.0D0,                  2713P   3505
.707106781186548D0,.707106781186548D0,1.0D0,1.0D0,                  2713P   3506
30.4055915910215D0,-24.9055915910215D0,-3.60000000000003D0,         2713P   3507
30.4055915910215D0,-24.9055915910215D0,-10.6D0,                     2713P   3508
35.9055915910215D0,-24.9055915910215D0,-3.60000000000003D0,         2713P   3509
35.9055915910215D0,-24.9055915910215D0,-10.6D0,                     2713P   3510
35.9055915910215D0,-30.4055915910215D0,-3.60000000000003D0,         2713P   3511
35.9055915910215D0,-30.4055915910215D0,-10.6D0,                     2713P   3512
35.9055915910215D0,-35.9055915910215D0,-3.60000000000003D0,         2713P   3513
35.9055915910215D0,-35.9055915910215D0,-10.6D0,                     2713P   3514
30.4055915910215D0,-35.9055915910215D0,-3.60000000000003D0,         2713P   3515
30.4055915910215D0,-35.9055915910215D0,-10.6D0,                     2713P   3516
24.9055915910215D0,-35.9055915910215D0,-3.60000000000003D0,         2713P   3517
24.9055915910215D0,-35.9055915910215D0,-10.6D0,                     2713P   3518
24.9055915910215D0,-30.4055915910215D0,-3.60000000000003D0,         2713P   3519
24.9055915910215D0,-30.4055915910215D0,-10.6D0,                     2713P   3520
24.9055915910215D0,-24.9055915910215D0,-3.60000000000003D0,         2713P   3521
24.9055915910215D0,-24.9055915910215D0,-10.6D0,                     2713P   3522
30.4055915910215D0,-24.9055915910215D0,-3.60000000000003D0,         2713P   3523
30.4055915910215D0,-24.9055915910215D0,-10.6D0,                     2713P   3524
-.636363636363634D0,.636363636363637D0,0.0D0,34.5575191894877D0;    2713P   3525
100,0.0D0,0.0D0,0.0D0,5.5D0,0.0D0,-5.5D0,6.73555739531044D-16;      2715P   3526
508,4,0,457,13,1,0,0,457,342,0,0,0,457,15,0,0,0,457,344,0,0;        2717P   3527
510,2713,1,1,2717;                                                  2719P   3528
128,1,8,1,2,0,1,0,0,0,-50.0246095612452D0,-50.0246095612452D0,      2721P   3529
-48.9960381326737D0,-48.9960381326737D0,0.0D0,0.0D0,0.0D0,          2721P   3530
5.49778714378214D0,5.49778714378214D0,10.9955742875643D0,           2721P   3531
10.9955742875643D0,16.4933614313464D0,16.4933614313464D0,           2721P   3532
21.9911485751286D0,21.9911485751286D0,21.9911485751286D0,1.0D0,     2721P   3533
1.0D0,.707106781186548D0,.707106781186548D0,1.0D0,1.0D0,            2721P   3534
.707106781186548D0,.707106781186548D0,1.0D0,1.0D0,                  2721P   3535
.707106781186548D0,.707106781186548D0,1.0D0,1.0D0,                  2721P   3536
.707106781186548D0,.707106781186548D0,1.0D0,1.0D0,                  2721P   3537
30.4055915910215D0,-26.9055915910215D0,0.0D0,30.4055915910215D0,    2721P   3538
-26.9055915910215D0,-3.60000000000005D0,33.9055915910215D0,         2721P   3539
-26.9055915910215D0,-1.04252649873338D-15,33.9055915910215D0,       2721P   3540
-26.9055915910215D0,-3.60000000000005D0,33.9055915910215D0,         2721P   3541
-30.4055915910215D0,-1.04252649873338D-15,33.9055915910215D0,       2721P   3542
-30.4055915910215D0,-3.60000000000005D0,33.9055915910215D0,         2721P   3543
-33.9055915910216D0,-1.04252649873338D-15,33.9055915910215D0,       2721P   3544
-33.9055915910216D0,-3.60000000000005D0,30.4055915910215D0,         2721P   3545
-33.9055915910216D0,0.0D0,30.4055915910215D0,                       2721P   3546
-33.9055915910216D0,-3.60000000000005D0,26.9055915910215D0,         2721P   3547
-33.9055915910216D0,1.04252649873338D-15,26.9055915910215D0,        2721P   3548
-33.9055915910216D0,-3.60000000000005D0,26.9055915910215D0,         2721P   3549
-30.4055915910215D0,1.04252649873338D-15,26.9055915910215D0,        2721P   3550
-30.4055915910215D0,-3.60000000000005D0,26.9055915910215D0,         2721P   3551
-26.9055915910215D0,1.04252649873338D-15,26.9055915910215D0,        2721P   3552
-26.9055915910215D0,-3.60000000000005D0,30.4055915910215D0,         2721P   3553
-26.9055915910215D0,0.0D0,30.4055915910215D0,                       2721P   3554
-26.9055915910215D0,-3.60000000000005D0,-50.0246095612452D0,        2721P   3555
-48.9960381326737D0,0.0D0,21.9911485751286D0;                       2721P   3556
100,0.0D0,0.0D0,0.0D0,-3.5D0,4.28626379701574D-16,3.5D0,            2723P   3557
-3.96587722835358D-15;                                              2723P   3558
508,4,0,457,9,1,0,0,457,345,0,0,0,457,11,0,0,0,457,343,1,0;         2725P   3559
510,2721,1,1,2725;                                                  2727P   3560
128,1,1,1,1,0,0,1,0,0,0.0D0,0.0D0,11.0D0,11.0D0,0.0D0,0.0D0,        2729P   3561
11.0D0,11.0D0,1.0D0,1.0D0,1.0D0,1.0D0,-35.9055915910215D0,          2729P   3562
-24.9055915910215D0,-3.60000000000003D0,-24.9055915910215D0,        2729P   3563
-24.9055915910215D0,-3.60000000000003D0,-35.9055915910215D0,        2729P   3564
-35.9055915910215D0,-3.60000000000003D0,-24.9055915910215D0,        2729P   3565
-35.9055915910215D0,-3.60000000000003D0,0.0D0,11.0D0,0.0D0,         2729P   3566
11.0D0;                                                             2729P   3567
100,0.0D0,0.0D0,0.0D0,-5.5D0,6.73555739531044D-16,5.5D0,            2731P   3568
-6.23209278741278D-15;                                              2731P   3569
508,2,0,457,8,1,0,0,457,346,1,0;                                    2733P   3570
100,0.0D0,0.0D0,0.0D0,-3.5D0,4.28626379701574D-16,3.5D0,            2735P   3571
-8.57252759403148D-16;                                              2735P   3572
508,2,0,457,347,0,0,0,457,2,0,0;                                    2737P   3573
510,2729,2,1,2733,2737;                                             2739P   3574
128,1,8,1,2,0,1,0,0,0,-.636363636363637D0,-.636363636363637D0,      2741P   3575
.636363636363637D0,.636363636363637D0,0.0D0,0.0D0,0.0D0,            2741P   3576
8.63937979737193D0,8.63937979737193D0,17.2787595947439D0,           2741P   3577
17.2787595947439D0,25.9181393921158D0,25.9181393921158D0,           2741P   3578
34.5575191894877D0,34.5575191894877D0,34.5575191894877D0,1.0D0,     2741P   3579
1.0D0,.707106781186548D0,.707106781186548D0,1.0D0,1.0D0,            2741P   3580
.707106781186548D0,.707106781186548D0,1.0D0,1.0D0,                  2741P   3581
.707106781186548D0,.707106781186548D0,1.0D0,1.0D0,                  2741P   3582
.707106781186548D0,.707106781186548D0,1.0D0,1.0D0,                  2741P   3583
-24.9055915910215D0,-30.4055915910215D0,-3.60000000000003D0,        2741P   3584
-24.9055915910215D0,-30.4055915910215D0,-10.6D0,                    2741P   3585
-24.9055915910215D0,-35.9055915910215D0,-3.60000000000003D0,        2741P   3586
-24.9055915910215D0,-35.9055915910215D0,-10.6D0,                    2741P   3587
-30.4055915910215D0,-35.9055915910215D0,-3.60000000000003D0,        2741P   3588
-30.4055915910215D0,-35.9055915910215D0,-10.6D0,                    2741P   3589
-35.9055915910215D0,-35.9055915910215D0,-3.60000000000003D0,        2741P   3590
-35.9055915910215D0,-35.9055915910215D0,-10.6D0,                    2741P   3591
-35.9055915910215D0,-30.4055915910215D0,-3.60000000000003D0,        2741P   3592
-35.9055915910215D0,-30.4055915910215D0,-10.6D0,                    2741P   3593
-35.9055915910215D0,-24.9055915910215D0,-3.60000000000003D0,        2741P   3594
-35.9055915910215D0,-24.9055915910215D0,-10.6D0,                    2741P   3595
-30.4055915910215D0,-24.9055915910215D0,-3.60000000000003D0,        2741P   3596
-30.4055915910215D0,-24.9055915910215D0,-10.6D0,                    2741P   3597
-24.9055915910215D0,-24.9055915910215D0,-3.60000000000003D0,        2741P   3598
-24.9055915910215D0,-24.9055915910215D0,-10.6D0,                    2741P   3599
-24.9055915910215D0,-30.4055915910215D0,-3.60000000000003D0,        2741P   3600
-24.9055915910215D0,-30.4055915910215D0,-10.6D0,                    2741P   3601
-.636363636363637D0,.636363636363637D0,0.0D0,34.5575191894877D0;    2741P   3602
100,0.0D0,0.0D0,0.0D0,5.5D0,0.0D0,-5.5D0,6.73555739531044D-16;      2743P   3603
508,4,0,457,5,1,0,0,457,346,0,0,0,457,7,0,0,0,457,348,0,0;          2745P   3604
510,2741,1,1,2745;                                                  2747P   3605
128,1,8,1,2,0,1,0,0,0,-50.0246095612451D0,-50.0246095612451D0,      2749P   3606
-48.9960381326737D0,-48.9960381326737D0,0.0D0,0.0D0,0.0D0,          2749P   3607
5.49778714378214D0,5.49778714378214D0,10.9955742875643D0,           2749P   3608
10.9955742875643D0,16.4933614313464D0,16.4933614313464D0,           2749P   3609
21.9911485751286D0,21.9911485751286D0,21.9911485751286D0,1.0D0,     2749P   3610
1.0D0,.707106781186548D0,.707106781186548D0,1.0D0,1.0D0,            2749P   3611
.707106781186548D0,.707106781186548D0,1.0D0,1.0D0,                  2749P   3612
.707106781186548D0,.707106781186548D0,1.0D0,1.0D0,                  2749P   3613
.707106781186548D0,.707106781186548D0,1.0D0,1.0D0,                  2749P   3614
-26.9055915910215D0,-30.4055915910215D0,5.6843418860808D-14,        2749P   3615
-26.9055915910215D0,-30.4055915910215D0,-3.60000000000005D0,        2749P   3616
-26.9055915910215D0,-33.9055915910215D0,5.58008923620746D-14,       2749P   3617
-26.9055915910215D0,-33.9055915910215D0,-3.60000000000005D0,        2749P   3618
-30.4055915910215D0,-33.9055915910215D0,5.58008923620746D-14,       2749P   3619
-30.4055915910215D0,-33.9055915910215D0,-3.60000000000005D0,        2749P   3620
-33.9055915910216D0,-33.9055915910215D0,5.58008923620746D-14,       2749P   3621
-33.9055915910216D0,-33.9055915910215D0,-3.60000000000005D0,        2749P   3622
-33.9055915910216D0,-30.4055915910215D0,5.6843418860808D-14,        2749P   3623
-33.9055915910216D0,-30.4055915910215D0,-3.60000000000005D0,        2749P   3624
-33.9055915910216D0,-26.9055915910215D0,5.78859453595414D-14,       2749P   3625
-33.9055915910216D0,-26.9055915910215D0,-3.60000000000005D0,        2749P   3626
-30.4055915910215D0,-26.9055915910215D0,5.78859453595414D-14,       2749P   3627
-30.4055915910215D0,-26.9055915910215D0,-3.60000000000005D0,        2749P   3628
-26.9055915910215D0,-26.9055915910215D0,5.78859453595414D-14,       2749P   3629
-26.9055915910215D0,-26.9055915910215D0,-3.60000000000005D0,        2749P   3630
-26.9055915910215D0,-30.4055915910215D0,5.6843418860808D-14,        2749P   3631
-26.9055915910215D0,-30.4055915910215D0,-3.60000000000005D0,        2749P   3632
-50.0246095612451D0,-48.9960381326737D0,0.0D0,                      2749P   3633
21.9911485751286D0;                                                 2749P   3634
100,0.0D0,0.0D0,0.0D0,-3.5D0,4.28626379701574D-16,3.5D0,            2751P   3635
-3.96587722835358D-15;                                              2751P   3636
508,4,0,457,1,1,0,0,457,349,0,0,0,457,3,0,0,0,457,347,1,0;          2753P   3637
510,2749,1,1,2753;                                                  2755P   3638
116,0.0D0,-65.5D0,-23.6D0,0;                                        2757P   3639
123,1.0D0,0.0D0,0.0D0;                                              2759P   3640
192,2757,2759,2.0D0,2763;                                           2761P   3641
123,0.0D0,.707106781186549D0,-.707106781186546D0;                   2763P   3642
100,0.0D0,0.0D0,0.0D0,1.4142135623731D0,-1.41421356237309D0,        2765P   3643
1.41421356237309D0,1.4142135623731D0;                               2765P   3644
124,0.0D0,0.0D0,-1.0D0,50.0D0,.707106781186549D0,                   2767P   3645
-.707106781186546D0,0.0D0,-65.5D0,-.707106781186546D0,              2767P   3646
-.707106781186549D0,0.0D0,-23.6D0;                                  2767P   3647
110,50.0D0,-65.5D0,-25.6D0,-50.0D0,-65.5D0,-25.6D0;                 2769P   3648
100,0.0D0,0.0D0,0.0D0,1.41421356237309D0,-1.4142135623731D0,        2771P   3649
1.4142135623731D0,1.41421356237309D0;                               2771P   3650
124,0.0D0,0.0D0,1.0D0,-50.0D0,.707106781186549D0,                   2773P   3651
.707106781186546D0,0.0D0,-65.5D0,-.707106781186546D0,               2773P   3652
.707106781186549D0,0.0D0,-23.6D0;                                   2773P   3653
508,7,0,457,199,1,0,0,457,82,1,0,0,457,278,1,0,0,457,350,1,0,0,     2775P   3654
457,351,1,0,0,457,352,1,0,0,457,274,1,0;                            2775P   3655
510,2761,1,1,2775;                                                  2777P   3656
116,0.0D0,-63.5D0,-25.6D0,0;                                        2779P   3657
123,0.0D0,0.0D0,-1.0D0;                                             2781P   3658
190,2779,2781,2785;                                                 2783P   3659
123,-1.0D0,0.0D0,0.0D0;                                             2785P   3660
110,50.0D0,-65.5D0,-25.6D0,50.0D0,-80.5D0,-25.6D0;                  2787P   3661
110,-50.0D0,-80.5D0,-25.6D0,50.0D0,-80.5D0,-25.6D0;                 2789P   3662
110,-50.0D0,-80.5D0,-25.6D0,-50.0D0,-65.5D0,-25.6D0;                2791P   3663
508,4,0,457,351,0,0,0,457,353,1,0,0,457,354,0,0,0,457,355,1,0;      2793P   3664
510,2783,1,1,2793;                                                  2795P   3665
116,50.0D0,-15.1267363204879D0,-8.19593681184234D0,0;               2797P   3666
123,1.0D0,0.0D0,0.0D0;                                              2799P   3667
190,2797,2799,2803;                                                 2801P   3668
123,0.0D0,0.0D0,-1.0D0;                                             2803P   3669
100,0.0D0,0.0D0,0.0D0,.707106781186549D0,-.707106781186546D0,       2805P   3670
.707106781186546D0,.707106781186549D0;                              2805P   3671
124,0.0D0,0.0D0,1.0D0,50.0D0,-.707106781186546D0,                   2807P   3672
-.707106781186549D0,0.0D0,-62.5D0,.707106781186549D0,               2807P   3673
-.707106781186546D0,0.0D0,-11.6D0;                                  2807P   3674
110,50.0D0,-51.0D0,-10.6D0,50.0D0,-62.5D0,-10.6D0;                  2809P   3675
110,50.0D0,-50.7D0,-10.9D0,50.0D0,-51.0D0,-10.6D0;                  2811P   3676
110,50.0D0,-41.0D0,-10.6D0,50.0D0,-41.3D0,-10.9D0;                  2813P   3677
110,50.0D0,41.0D0,-10.6D0,50.0D0,-41.0D0,-10.6D0;                   2815P   3678
110,50.0D0,41.3D0,-10.9D0,50.0D0,41.0D0,-10.6D0;                    2817P   3679
110,50.0D0,49.0D0,-10.6D0,50.0D0,48.7D0,-10.9D0;                    2819P   3680
110,50.0D0,51.0D0,-10.6D0,50.0D0,49.0D0,-10.6D0;                    2821P   3681
110,50.0D0,51.0D0,-17.92D0,50.0D0,51.0D0,-10.6D0;                   2823P   3682
100,0.0D0,0.0D0,0.0D0,-1.31991497424469D0,-1.8221757491429D0,       2825P   3683
2.24999999999996D0,-5.510910596163D-16;                             2825P   3684
124,0.0D0,0.0D0,-1.0D0,50.0D0,-.994670211573365D0,                  2827P   3685
.103107566204417D0,0.0D0,49.64D0,.103107566204417D0,                2827P   3686
.994670211573365D0,0.0D0,-21.75D0;                                  2827P   3687
110,50.0D0,58.0D0,-19.521427960928D0,50.0D0,50.765D0,               2829P   3688
-23.698557158515D0;                                                 2829P   3689
100,0.0D0,0.0D0,0.0D0,2.99421970704995D0,.186140661634515D0,        2831P   3690
2.59807621135332D0,1.49999999999999D0;                              2831P   3691
124,0.0D0,0.0D0,-1.0D0,50.0D0,.866025403784438D0,                   2833P   3692
-.500000000000001D0,0.0D0,56.5D0,-.500000000000001D0,               2833P   3693
-.866025403784438D0,0.0D0,-16.9233517495747D0;                      2833P   3694
110,50.0D0,59.0D0,-.5D0,50.0D0,59.0D0,-18.5816641447524D0;          2835P   3695
110,50.0D0,-90.0D0,-.5D0,50.0D0,59.0D0,-.5D0;                       2837P   3696
110,50.0D0,-90.0D0,-9.92287565553236D0,50.0D0,-90.0D0,-.5D0;        2839P   3697
100,0.0D0,0.0D0,0.0D0,1.4142135623731D0,-1.41421356237309D0,        2841P   3698
1.99607451847331D0,.125245825086317D0;                              2841P   3699
124,0.0D0,0.0D0,-1.0D0,50.0D0,-.707106781186547D0,                  2843P   3700
-.707106781186549D0,0.0D0,-88.5D0,-.707106781186549D0,              2843P   3701
.707106781186547D0,0.0D0,-8.60000000000005D0;                       2843P   3702
110,50.0D0,-84.5D0,-10.6D0,50.0D0,-88.5D0,-10.6D0;                  2845P   3703
100,0.0D0,0.0D0,0.0D0,1.41421356237309D0,-1.4142135623731D0,        2847P   3704
1.4142135623731D0,1.41421356237309D0;                               2847P   3705
124,0.0D0,0.0D0,1.0D0,50.0D0,.707106781186546D0,                    2849P   3706
-.707106781186549D0,0.0D0,-84.5D0,.707106781186549D0,               2849P   3707
.707106781186546D0,0.0D0,-12.6D0;                                   2849P   3708
100,0.0D0,0.0D0,0.0D0,1.4142135623731D0,-1.41421356237309D0,        2851P   3709
1.41421356237309D0,1.4142135623731D0;                               2851P   3710
124,0.0D0,0.0D0,-1.0D0,50.0D0,-.707106781186546D0,                  2853P   3711
-.707106781186549D0,0.0D0,-80.5D0,-.707106781186549D0,              2853P   3712
.707106781186546D0,0.0D0,-23.6D0;                                   2853P   3713
508,32,0,457,350,0,0,0,457,277,0,0,0,457,356,0,0,0,457,357,0,0,     2855P   3714
0,457,358,0,0,0,457,285,1,0,0,457,293,1,0,0,457,291,0,0,0,457,      2855P   3715
359,0,0,0,457,360,0,0,0,457,361,0,0,0,457,295,1,0,0,457,303,1,0,    2855P   3716
0,457,301,0,0,0,457,362,0,0,0,457,363,0,0,0,457,364,0,0,0,457,      2855P   3717
315,1,0,0,457,323,1,0,0,457,321,0,0,0,457,365,0,0,0,457,366,0,0,    2855P   3718
0,457,367,0,0,0,457,368,0,0,0,457,369,0,0,0,457,370,0,0,0,457,      2855P   3719
371,0,0,0,457,372,0,0,0,457,373,0,0,0,457,280,0,0,0,457,374,0,0,    2855P   3720
0,457,353,0,0;                                                      2855P   3721
510,2801,1,1,2855;                                                  2857P   3722
116,0.0D0,-80.5D0,-23.6D0,0;                                        2859P   3723
123,1.0D0,0.0D0,0.0D0;                                              2861P   3724
192,2859,2861,2.0D0,2865;                                           2863P   3725
123,0.0D0,-.707106781186546D0,-.707106781186549D0;                  2865P   3726
100,0.0D0,0.0D0,0.0D0,1.41421356237309D0,-1.4142135623731D0,        2867P   3727
1.4142135623731D0,1.41421356237309D0;                               2867P   3728
124,0.0D0,0.0D0,1.0D0,-50.0D0,-.707106781186546D0,                  2869P   3729
.707106781186549D0,0.0D0,-80.5D0,-.707106781186549D0,               2869P   3730
-.707106781186546D0,0.0D0,-23.6D0;                                  2869P   3731
508,7,0,457,88,1,0,0,457,197,1,0,0,457,283,1,0,0,457,375,1,0,0,     2871P   3732
457,354,1,0,0,457,374,1,0,0,457,279,1,0;                            2871P   3733
510,2863,1,1,2871;                                                  2873P   3734
116,-50.0D0,-15.1267363204879D0,-8.19593681184234D0,0;              2875P   3735
123,-1.0D0,0.0D0,0.0D0;                                             2877P   3736
190,2875,2877,2881;                                                 2879P   3737
123,0.0D0,0.0D0,1.0D0;                                              2881P   3738
100,0.0D0,0.0D0,0.0D0,1.4142135623731D0,-1.41421356237309D0,        2883P   3739
1.41421356237309D0,1.4142135623731D0;                               2883P   3740
124,0.0D0,0.0D0,-1.0D0,-50.0D0,.707106781186546D0,                  2885P   3741
.707106781186549D0,0.0D0,-84.5D0,.707106781186549D0,                2885P   3742
-.707106781186546D0,0.0D0,-12.6D0;                                  2885P   3743
110,-50.0D0,-88.5D0,-10.6D0,-50.0D0,-84.5D0,-10.6D0;                2887P   3744
100,0.0D0,0.0D0,0.0D0,1.99607451847331D0,-.125245825086318D0,       2889P   3745
1.4142135623731D0,1.41421356237309D0;                               2889P   3746
124,0.0D0,0.0D0,1.0D0,-50.0D0,-.707106781186547D0,                  2891P   3747
.707106781186549D0,0.0D0,-88.5D0,-.707106781186549D0,               2891P   3748
-.707106781186547D0,0.0D0,-8.60000000000005D0;                      2891P   3749
110,-50.0D0,-90.0D0,-.499999999999999D0,-50.0D0,-90.0D0,            2893P   3750
-9.92287565553236D0;                                                2893P   3751
110,-50.0D0,59.0D0,-.5D0,-50.0D0,-90.0D0,-.499999999999999D0;       2895P   3752
110,-50.0D0,59.0D0,-18.5816641447524D0,-50.0D0,59.0D0,-.5D0;        2897P   3753
100,0.0D0,0.0D0,0.0D0,2.59807621135332D0,-1.49999999999999D0,       2899P   3754
2.99421970704995D0,-.186140661634515D0;                             2899P   3755
124,0.0D0,0.0D0,1.0D0,-50.0D0,.866025403784438D0,                   2901P   3756
.500000000000001D0,0.0D0,56.5D0,-.500000000000001D0,                2901P   3757
.866025403784438D0,0.0D0,-16.9233517495747D0;                       2901P   3758
110,-50.0D0,50.765D0,-23.698557158515D0,-50.0D0,58.0D0,             2903P   3759
-19.521427960928D0;                                                 2903P   3760
100,0.0D0,0.0D0,0.0D0,2.24999999999996D0,9.15933995315742D-16,      2905P   3761
-1.31991497424469D0,1.8221757491429D0;                              2905P   3762
124,0.0D0,0.0D0,1.0D0,-50.0D0,-.994670211573365D0,                  2907P   3763
-.103107566204417D0,0.0D0,49.64D0,.103107566204417D0,               2907P   3764
-.994670211573365D0,0.0D0,-21.75D0;                                 2907P   3765
110,-50.0D0,51.0D0,-10.6D0,-50.0D0,51.0D0,-17.92D0;                 2909P   3766
110,-50.0D0,49.0D0,-10.6D0,-50.0D0,51.0D0,-10.6D0;                  2911P   3767
110,-50.0D0,48.7D0,-10.9D0,-50.0D0,49.0D0,-10.6D0;                  2913P   3768
110,-50.0D0,41.0D0,-10.6D0,-50.0D0,41.3D0,-10.9D0;                  2915P   3769
110,-50.0D0,-41.0D0,-10.6D0,-50.0D0,41.0D0,-10.6D0;                 2917P   3770
110,-50.0D0,-41.3D0,-10.9D0,-50.0D0,-41.0D0,-10.6D0;                2919P   3771
110,-50.0D0,-51.0D0,-10.6D0,-50.0D0,-50.7D0,-10.9D0;                2921P   3772
110,-50.0D0,-62.5D0,-10.6D0,-50.0D0,-51.0D0,-10.6D0;                2923P   3773
100,0.0D0,0.0D0,0.0D0,.707106781186546D0,-.70710678118655D0,        2925P   3774
.70710678118655D0,.707106781186546D0;                               2925P   3775
124,0.0D0,0.0D0,-1.0D0,-50.0D0,-.707106781186546D0,                 2927P   3776
.707106781186549D0,0.0D0,-62.5D0,.707106781186549D0,                2927P   3777
.707106781186546D0,0.0D0,-11.6D0;                                   2927P   3778
508,32,0,457,352,0,0,0,457,355,0,0,0,457,375,0,0,0,457,282,0,0,     2929P   3779
0,457,376,0,0,0,457,377,0,0,0,457,378,0,0,0,457,379,0,0,0,457,      2929P   3780
380,0,0,0,457,381,0,0,0,457,382,0,0,0,457,383,0,0,0,457,384,0,0,    2929P   3781
0,457,325,1,0,0,457,333,1,0,0,457,331,0,0,0,457,385,0,0,0,457,      2929P   3782
386,0,0,0,457,387,0,0,0,457,309,1,0,0,457,312,1,0,0,457,307,0,0,    2929P   3783
0,457,388,0,0,0,457,389,0,0,0,457,390,0,0,0,457,289,1,0,0,457,      2929P   3784
292,1,0,0,457,287,0,0,0,457,391,0,0,0,457,392,0,0,0,457,393,0,0,    2929P   3785
0,457,275,0,0;                                                      2929P   3786
510,2879,1,1,2929;                                                  2931P   3787
120,2937,2935,0.0D0,6.28318530717959D0;                             2933P   3788
110,-55.0D0,-83.0857864376269D0,-11.1857864376269D0,55.0D0,         2935P   3789
-83.0857864376269D0,-11.1857864376269D0;                            2935P   3790
110,-55.0D0,-84.5D0,-12.6D0,-54.0D0,-84.5D0,-12.6D0;                2937P   3791
110,50.0D0,-84.5D0,-10.6D0,-50.0D0,-84.5D0,-10.6D0;                 2939P   3792
508,4,0,457,376,1,0,0,457,281,1,0,0,457,373,1,0,0,457,394,1,0;      2941P   3793
510,2933,1,1,2941;                                                  2943P   3794
116,0.0D0,-88.5D0,-8.60000000000005D0,0;                            2945P   3795
123,1.0D0,0.0D0,0.0D0;                                              2947P   3796
192,2945,2947,2.0D0,2951;                                           2949P   3797
123,0.0D0,-.707106781186547D0,-.707106781186549D0;                  2951P   3798
104,4.0D0,0.0D0,7.99999999999986D0,0.0D0,0.0D0,                     2953P   3799
-31.9999999999995D0,0.0D0,2.1213203435596D0,-1.32287565553232D0,    2953P   3800
2.82842712474617D0,0.0D0;                                           2953P   3801
124,-.707106781186541D0,-3.46944695195361D-17,                      2955P   3802
-.707106781186554D0,51.4999999999999D0,-.707106781186554D0,         2955P   3803
-3.46944695195368D-17,.707106781186541D0,-88.5D0,                   2955P   3804
-4.90653893338684D-17,1.0D0,0.0D0,-8.60000000000005D0;              2955P   3805
110,49.5D0,-90.5D0,-8.60000000000005D0,-49.5D0,-90.5D0,             2957P   3806
-8.60000000000005D0;                                                2957P   3807
104,4.0D0,0.0D0,7.99999999999986D0,0.0D0,0.0D0,                     2959P   3808
-31.9999999999995D0,0.0D0,2.82842712474615D0,                       2959P   3809
-2.38418579591421D-7,2.12132034355961D0,1.32287565553231D0;         2959P   3810
124,.707106781186541D0,-3.46944695195361D-17,.707106781186554D0,    2961P   3811
-51.4999999999999D0,-.707106781186554D0,3.46944695195368D-17,       2961P   3812
.707106781186541D0,-88.5D0,-4.90653893338684D-17,-1.0D0,0.0D0,      2961P   3813
-8.60000000000005D0;                                                2961P   3814
110,-50.0D0,-88.5D0,-10.6D0,50.0D0,-88.5D0,-10.6D0;                 2963P   3815
508,6,0,457,395,1,0,0,457,396,1,0,0,457,397,1,0,0,457,378,1,0,0,    2965P   3816
457,398,1,0,0,457,371,1,0;                                          2965P   3817
510,2949,1,1,2965;                                                  2967P   3818
116,0.0D0,-90.5D0,-10.6D0,0;                                        2969P   3819
123,0.0D0,-1.0D0,0.0D0;                                             2971P   3820
190,2969,2971,2975;                                                 2973P   3821
123,0.0D0,0.0D0,-1.0D0;                                             2975P   3822
110,49.5D0,-90.5D0,-.5D0,49.5D0,-90.5D0,-8.60000000000005D0;        2977P   3823
110,-49.5D0,-90.5D0,-.5D0,49.5D0,-90.5D0,-.5D0;                     2979P   3824
110,-49.5D0,-90.5D0,-8.60000000000005D0,-49.5D0,-90.5D0,-.5D0;      2981P   3825
508,4,0,457,396,0,0,0,457,399,0,0,0,457,400,0,0,0,457,401,0,0;      2983P   3826
510,2973,1,1,2983;                                                  2985P   3827
116,49.75D0,-90.25D0,-9.39796840592119D0,0;                         2987P   3828
123,.707106781186554D0,-.707106781186541D0,0.0D0;                   2989P   3829
190,2987,2989,2993;                                                 2991P   3830
123,0.0D0,0.0D0,-1.0D0;                                             2993P   3831
110,49.5D0,-90.5D0,-.5D0,50.0D0,-90.0D0,-.5D0;                      2995P   3832
508,4,0,457,395,0,0,0,457,370,1,0,0,457,402,0,0,0,457,399,1,0;      2997P   3833
510,2991,1,1,2997;                                                  2999P   3834
120,3005,3003,0.0D0,6.28318530717959D0;                             3001P   3835
110,-55.0D0,-63.2071067811865D0,-10.8928932188135D0,55.0D0,         3003P   3836
-63.2071067811865D0,-10.8928932188135D0;                            3003P   3837
110,-55.0D0,-62.5D0,-11.6D0,-54.0D0,-62.5D0,-11.6D0;                3005P   3838
110,-50.0D0,-62.5D0,-10.6D0,50.0D0,-62.5D0,-10.6D0;                 3007P   3839
508,4,0,457,393,1,0,0,457,403,1,0,0,457,356,1,0,0,457,276,1,0;      3009P   3840
510,3001,1,1,3009;                                                  3011P   3841
116,0.0D0,-51.0D0,-10.6D0,0;                                        3013P   3842
123,0.0D0,0.0D0,-1.0D0;                                             3015P   3843
190,3013,3015,3019;                                                 3017P   3844
123,-1.0D0,0.0D0,0.0D0;                                             3019P   3845
110,-50.0D0,-51.0D0,-10.6D0,50.0D0,-51.0D0,-10.6D0;                 3021P   3846
508,4,0,457,403,0,0,0,457,392,1,0,0,457,404,1,0,0,457,357,1,0;      3023P   3847
510,3017,1,1,3023;                                                  3025P   3848
116,0.0D0,56.5D0,-16.9233517495747D0,0;                             3027P   3849
123,1.0D0,0.0D0,0.0D0;                                              3029P   3850
192,3027,3029,3.0D0,3033;                                           3031P   3851
123,0.0D0,.866025403784438D0,-.500000000000001D0;                   3033P   3852
100,0.0D0,0.0D0,0.0D0,2.59807621135331D0,-1.50000000000001D0,       3035P   3853
2.59807621135332D0,1.49999999999999D0;                              3035P   3854
124,0.0D0,0.0D0,-1.0D0,-32.0D0,.866025403784438D0,                  3037P   3855
-.500000000000001D0,0.0D0,56.5D0,-.500000000000001D0,               3037P   3856
-.866025403784438D0,0.0D0,-16.9233517495747D0;                      3037P   3857
110,-32.0D0,58.0D0,-19.521427960928D0,-50.0D0,58.0D0,               3039P   3858
-19.521427960928D0;                                                 3039P   3859
104,9.00000000000001D0,0.0D0,18.0D0,0.0D0,0.0D0,-162.0D0,0.0D0,     3041P   3860
3.53553390593273D0,-1.65831239517771D0,4.24264068711929D0,0.0D0;    3041P   3861
124,.707106781186547D0,5.30114097889906D-17,.707106781186548D0,     3043P   3862
-52.5D0,.707106781186547D0,-4.23085751330709D-16,                   3043P   3863
-.707106781186548D0,56.5D0,2.61682076447296D-16,1.0D0,              3043P   3864
-3.36651531131404D-16,-16.9233517495747D0;                          3043P   3865
110,-49.5D0,59.5D0,-16.9233517495747D0,-32.0D0,59.5D0,              3045P   3866
-16.9233517495747D0;                                                3045P   3867
508,5,0,457,405,1,0,0,457,406,1,0,0,457,382,1,0,0,457,407,1,0,0,    3047P   3868
457,408,1,0;                                                        3047P   3869
510,3031,1,1,3047;                                                  3049P   3870
116,0.0D0,59.5D0,-18.6554025571436D0,0;                             3051P   3871
123,0.0D0,.499999999999999D0,-.866025403784439D0;                   3053P   3872
190,3051,3053,3057;                                                 3055P   3873
123,-1.0D0,0.0D0,0.0D0;                                             3057P   3874
110,-32.0D0,58.0D0,-19.521427960928D0,-32.0D0,50.765D0,             3059P   3875
-23.698557158515D0;                                                 3059P   3876
110,-50.0D0,50.765D0,-23.698557158515D0,-32.0D0,50.765D0,           3061P   3877
-23.698557158515D0;                                                 3061P   3878
508,4,0,457,406,0,0,0,457,409,1,0,0,457,410,0,0,0,457,383,1,0;      3063P   3879
510,3055,1,1,3063;                                                  3065P   3880
116,-32.0D0,59.5D0,0.0D0,0;                                         3067P   3881
123,1.0D0,0.0D0,0.0D0;                                              3069P   3882
190,3067,3069,3073;                                                 3071P   3883
123,0.0D0,0.0D0,-1.0D0;                                             3073P   3884
110,-32.0D0,59.5D0,-.5D0,-32.0D0,59.5D0,-16.9233517495747D0;        3075P   3885
110,-32.0D0,59.0D0,2.62953635073677D-32,-32.0D0,59.5D0,-.5D0;       3077P   3886
110,-32.0D0,37.5D0,1.15699599432415D-30,-32.0D0,59.0D0,             3079P   3887
2.62953635073677D-32;                                               3079P   3888
110,-32.0D0,37.5D0,1.15699599432415D-30,-32.0D0,37.5D0,-10.6D0;     3081P   3889
110,-32.0D0,41.0D0,-10.6D0,-32.0D0,37.5D0,-10.6D0;                  3083P   3890
110,-32.0D0,41.3D0,-10.9D0,-32.0D0,41.0D0,-10.6D0;                  3085P   3891
110,-32.0D0,49.0D0,-10.6D0,-32.0D0,48.7D0,-10.9D0;                  3087P   3892
110,-32.0D0,51.0D0,-10.6D0,-32.0D0,49.0D0,-10.6D0;                  3089P   3893
110,-32.0D0,51.0D0,-17.92D0,-32.0D0,51.0D0,-10.6D0;                 3091P   3894
100,0.0D0,0.0D0,0.0D0,-1.31991497424469D0,-1.8221757491429D0,       3093P   3895
2.24999999999996D0,-5.510910596163D-16;                             3093P   3896
124,0.0D0,0.0D0,-1.0D0,-32.0D0,-.994670211573365D0,                 3095P   3897
.103107566204417D0,0.0D0,49.64D0,.103107566204417D0,                3095P   3898
.994670211573365D0,0.0D0,-21.75D0;                                  3095P   3899
508,18,0,457,405,0,0,0,457,411,0,0,0,457,412,0,0,0,457,413,0,0,     3097P   3900
0,457,414,1,0,0,457,415,0,0,0,457,416,0,0,0,457,305,1,0,0,457,      3097P   3901
313,1,0,0,457,311,0,0,0,457,417,0,0,0,457,418,0,0,0,457,419,0,0,    3097P   3902
0,457,329,1,0,0,457,332,1,0,0,457,327,0,0,0,457,420,0,0,0,457,      3097P   3903
409,0,0;                                                            3097P   3904
510,3071,1,1,3097;                                                  3099P   3905
116,0.0D0,56.5D0,-16.9233517495747D0,0;                             3101P   3906
123,1.0D0,0.0D0,0.0D0;                                              3103P   3907
192,3101,3103,3.0D0,3107;                                           3105P   3908
123,0.0D0,.866025403784438D0,-.500000000000001D0;                   3107P   3909
110,50.0D0,58.0D0,-19.521427960928D0,32.0D0,58.0D0,                 3109P   3910
-19.521427960928D0;                                                 3109P   3911
100,0.0D0,0.0D0,0.0D0,2.59807621135332D0,-1.49999999999999D0,       3111P   3912
2.59807621135331D0,1.50000000000001D0;                              3111P   3913
124,0.0D0,0.0D0,1.0D0,32.0D0,.866025403784438D0,                    3113P   3914
.500000000000001D0,0.0D0,56.5D0,-.500000000000001D0,                3113P   3915
.866025403784438D0,0.0D0,-16.9233517495747D0;                       3113P   3916
110,32.0D0,59.5D0,-16.9233517495747D0,49.5D0,59.5D0,                3115P   3917
-16.9233517495747D0;                                                3115P   3918
104,9.00000000000001D0,0.0D0,18.0D0,0.0D0,0.0D0,-162.0D0,0.0D0,     3117P   3919
4.24264068711928D0,-1.61180704185513D-7,3.53553390593273D0,         3117P   3920
1.65831239517771D0;                                                 3117P   3921
124,-.707106781186547D0,5.30114097889906D-17,                       3119P   3922
-.707106781186548D0,52.5D0,.707106781186547D0,                      3119P   3923
4.23085751330709D-16,-.707106781186548D0,56.5D0,                    3119P   3924
2.61682076447296D-16,-1.0D0,-3.36651531131404D-16,                  3119P   3925
-16.9233517495747D0;                                                3119P   3926
508,5,0,457,367,1,0,0,457,421,1,0,0,457,422,1,0,0,457,423,1,0,0,    3121P   3927
457,424,1,0;                                                        3121P   3928
510,3105,1,1,3121;                                                  3123P   3929
116,32.0D0,37.5D0,1.15699599432415D-30,0;                           3125P   3930
123,-1.0D0,0.0D0,0.0D0;                                             3127P   3931
190,3125,3127,3131;                                                 3129P   3932
123,0.0D0,0.0D0,1.0D0;                                              3131P   3933
110,32.0D0,50.765D0,-23.698557158515D0,32.0D0,58.0D0,               3133P   3934
-19.521427960928D0;                                                 3133P   3935
100,0.0D0,0.0D0,0.0D0,2.24999999999996D0,9.15933995315742D-16,      3135P   3936
-1.31991497424469D0,1.8221757491429D0;                              3135P   3937
124,0.0D0,0.0D0,1.0D0,32.0D0,-.994670211573365D0,                   3137P   3938
-.103107566204417D0,0.0D0,49.64D0,.103107566204417D0,               3137P   3939
-.994670211573365D0,0.0D0,-21.75D0;                                 3137P   3940
110,32.0D0,51.0D0,-10.6D0,32.0D0,51.0D0,-17.92D0;                   3139P   3941
110,32.0D0,49.0D0,-10.6D0,32.0D0,51.0D0,-10.6D0;                    3141P   3942
110,32.0D0,48.7D0,-10.9D0,32.0D0,49.0D0,-10.6D0;                    3143P   3943
110,32.0D0,41.0D0,-10.6D0,32.0D0,41.3D0,-10.9D0;                    3145P   3944
110,32.0D0,37.5D0,-10.6D0,32.0D0,41.0D0,-10.6D0;                    3147P   3945
110,32.0D0,37.5D0,1.15699599432415D-30,32.0D0,37.5D0,-10.6D0;       3149P   3946
110,32.0D0,59.0D0,2.62953635073668D-32,32.0D0,37.5D0,               3151P   3947
1.15699599432415D-30;                                               3151P   3948
110,32.0D0,59.5D0,-.5D0,32.0D0,59.0D0,2.62953635073668D-32;         3153P   3949
110,32.0D0,59.5D0,-16.9233517495747D0,32.0D0,59.5D0,-.5D0;          3155P   3950
508,18,0,457,422,0,0,0,457,425,0,0,0,457,426,0,0,0,457,319,1,0,     3157P   3951
0,457,322,1,0,0,457,317,0,0,0,457,427,0,0,0,457,428,0,0,0,457,      3157P   3952
429,0,0,0,457,299,1,0,0,457,302,1,0,0,457,297,0,0,0,457,430,0,0,    3157P   3953
0,457,431,0,0,0,457,432,0,0,0,457,433,0,0,0,457,434,0,0,0,457,      3157P   3954
435,0,0;                                                            3157P   3955
510,3129,1,1,3157;                                                  3159P   3956
116,0.0D0,59.5D0,-18.6554025571436D0,0;                             3161P   3957
123,0.0D0,.499999999999999D0,-.866025403784439D0;                   3163P   3958
190,3161,3163,3167;                                                 3165P   3959
123,-1.0D0,0.0D0,0.0D0;                                             3167P   3960
110,32.0D0,50.765D0,-23.698557158515D0,50.0D0,50.765D0,             3169P   3961
-23.698557158515D0;                                                 3169P   3962
508,4,0,457,421,0,0,0,457,366,1,0,0,457,436,0,0,0,457,425,1,0;      3171P   3963
510,3165,1,1,3171;                                                  3173P   3964
116,0.0D0,48.85D0,-10.75D0,0;                                       3175P   3965
123,0.0D0,.707106781186545D0,-.70710678118655D0;                    3177P   3966
190,3175,3177,3181;                                                 3179P   3967
123,-1.0D0,0.0D0,0.0D0;                                             3181P   3968
110,-50.0D0,49.0D0,-10.6D0,-32.0D0,49.0D0,-10.6D0;                  3183P   3969
508,4,0,457,417,1,0,0,457,310,1,0,0,457,387,1,0,0,457,437,1,0;      3185P   3970
510,3179,1,1,3185;                                                  3187P   3971
116,0.0D0,48.85D0,-10.75D0,0;                                       3189P   3972
123,0.0D0,.707106781186545D0,-.70710678118655D0;                    3191P   3973
190,3189,3191,3195;                                                 3193P   3974
123,-1.0D0,0.0D0,0.0D0;                                             3195P   3975
110,32.0D0,49.0D0,-10.6D0,50.0D0,49.0D0,-10.6D0;                    3197P   3976
508,4,0,457,362,1,0,0,457,300,1,0,0,457,429,1,0,0,457,438,1,0;      3199P   3977
510,3193,1,1,3199;                                                  3201P   3978
116,0.0D0,41.15D0,-10.75D0,0;                                       3203P   3979
123,0.0D0,-.707106781186545D0,-.70710678118655D0;                   3205P   3980
190,3203,3205,3209;                                                 3207P   3981
123,-1.0D0,0.0D0,0.0D0;                                             3209P   3982
110,-50.0D0,41.0D0,-10.6D0,-32.0D0,41.0D0,-10.6D0;                  3211P   3983
508,4,0,457,416,1,0,0,457,439,0,0,0,457,388,1,0,0,457,306,1,0;      3213P   3984
510,3207,1,1,3213;                                                  3215P   3985
116,0.0D0,41.15D0,-10.75D0,0;                                       3217P   3986
123,0.0D0,-.707106781186545D0,-.70710678118655D0;                   3219P   3987
190,3217,3219,3223;                                                 3221P   3988
123,-1.0D0,0.0D0,0.0D0;                                             3223P   3989
110,32.0D0,41.0D0,-10.6D0,50.0D0,41.0D0,-10.6D0;                    3225P   3990
508,4,0,457,361,1,0,0,457,440,0,0,0,457,430,1,0,0,457,296,1,0;      3227P   3991
510,3221,1,1,3227;                                                  3229P   3992
116,0.0D0,-41.15D0,-10.75D0,0;                                      3231P   3993
123,0.0D0,.707106781186555D0,-.70710678118654D0;                    3233P   3994
190,3231,3233,3237;                                                 3235P   3995
123,-1.0D0,0.0D0,0.0D0;                                             3237P   3996
110,-50.0D0,-41.0D0,-10.6D0,50.0D0,-41.0D0,-10.6D0;                 3239P   3997
508,4,0,457,359,1,0,0,457,290,1,0,0,457,390,1,0,0,457,441,1,0;      3241P   3998
510,3235,1,1,3241;                                                  3243P   3999
116,0.0D0,-50.85D0,-10.75D0,0;                                      3245P   4000
123,0.0D0,-.707106781186545D0,-.70710678118655D0;                   3247P   4001
190,3245,3247,3251;                                                 3249P   4002
123,-1.0D0,0.0D0,0.0D0;                                             3251P   4003
508,4,0,457,358,1,0,0,457,404,0,0,0,457,391,1,0,0,457,286,1,0;      3253P   4004
510,3249,1,1,3253;                                                  3255P   4005
116,0.0D0,59.25D0,-.25D0,0;                                         3257P   4006
123,0.0D0,.707106781186543D0,.707106781186552D0;                    3259P   4007
190,3257,3259,3263;                                                 3261P   4008
123,1.0D0,0.0D0,0.0D0;                                              3263P   4009
110,-32.0D0,59.5D0,-.5D0,-49.5D0,59.5D0,-.5D0;                      3265P   4010
110,-49.5D0,59.5D0,-.5D0,-49.2928932188135D0,59.0D0,                3267P   4011
-1.32021412346449D-30;                                              3267P   4012
110,-49.2928932188135D0,59.0D0,-1.32021412346449D-30,-32.0D0,       3269P   4013
59.0D0,2.62953635073677D-32;                                        3269P   4014
508,4,0,457,412,1,0,0,457,442,1,0,0,457,443,1,0,0,457,444,1,0;      3271P   4015
510,3261,1,1,3271;                                                  3273P   4016
116,0.0D0,59.25D0,-.25D0,0;                                         3275P   4017
123,0.0D0,.707106781186543D0,.707106781186552D0;                    3277P   4018
190,3275,3277,3281;                                                 3279P   4019
123,1.0D0,0.0D0,0.0D0;                                              3281P   4020
110,32.0D0,59.0D0,2.62953635073668D-32,49.2928932188135D0,          3283P   4021
59.0D0,-1.32021412346449D-30;                                       3283P   4022
110,49.2928932188135D0,59.0D0,-1.32021412346449D-30,49.5D0,         3285P   4023
59.5D0,-.5D0;                                                       3285P   4024
110,49.5D0,59.5D0,-.5D0,32.0D0,59.5D0,-.5D0;                        3287P   4025
508,4,0,457,434,1,0,0,457,445,1,0,0,457,446,1,0,0,457,447,1,0;      3289P   4026
510,3279,1,1,3289;                                                  3291P   4027
116,74.5732233047034D0,34.0732233047034D0,-.25D0,0;                 3293P   4028
123,.500000000000013D0,.500000000000013D0,.707106781186529D0;       3295P   4029
190,3293,3295,3299;                                                 3297P   4030
123,.816496580927712D0,0.0D0,-.577350269189646D0;                   3299P   4031
110,49.2928932188135D0,59.0D0,-1.32021412346449D-30,49.5D0,         3301P   4032
58.7928932188135D0,-5.86945442532107D-30;                           3301P   4033
110,49.5D0,58.7928932188135D0,-5.86945442532107D-30,50.0D0,         3303P   4034
59.0D0,-.5D0;                                                       3303P   4035
110,50.0D0,59.0D0,-.5D0,49.5D0,59.5D0,-.5D0;                        3305P   4036
508,4,0,457,448,1,0,0,457,449,1,0,0,457,450,1,0,0,457,446,0,0;      3307P   4037
510,3297,1,1,3307;                                                  3309P   4038
116,49.75D0,-52.813368160244D0,-.25D0,0;                            3311P   4039
123,.707106781186549D0,3.7187259699649D-32,.707106781186546D0;      3313P   4040
190,3311,3313,3317;                                                 3315P   4041
123,.707106781186546D0,0.0D0,-.707106781186549D0;                   3317P   4042
110,49.5D0,58.7928932188135D0,-5.86945442532107D-30,49.5D0,         3319P   4043
-89.7928932188134D0,-6.62830035780318D-31;                          3319P   4044
110,49.5D0,-89.7928932188134D0,-6.62830035780318D-31,50.0D0,        3321P   4045
-90.0D0,-.5D0;                                                      3321P   4046
508,4,0,457,369,1,0,0,457,449,0,0,0,457,451,1,0,0,457,452,1,0;      3323P   4047
510,3315,1,1,3323;                                                  3325P   4048
116,-37.0732233047036D0,-102.573223304703D0,-.25D0,0;               3327P   4049
123,-.500000000000003D0,-.499999999999994D0,.707106781186549D0;     3329P   4050
190,3327,3329,3333;                                                 3331P   4051
123,.816496580927725D0,2.77555756156286D-17,.577350269189628D0;     3333P   4052
110,-49.2928932188135D0,-90.0D0,0.0D0,-49.5D0,                      3335P   4053
-89.7928932188135D0,1.94478010748975D-30;                           3335P   4054
110,-49.5D0,-89.7928932188135D0,1.94478010748975D-30,-50.0D0,       3337P   4055
-90.0D0,-.499999999999999D0;                                        3337P   4056
110,-50.0D0,-90.0D0,-.499999999999999D0,-49.5D0,-90.5D0,-.5D0;      3339P   4057
110,-49.5D0,-90.5D0,-.5D0,-49.2928932188135D0,-90.0D0,0.0D0;        3341P   4058
508,4,0,457,453,1,0,0,457,454,1,0,0,457,455,1,0,0,457,456,1,0;      3343P   4059
510,3331,1,1,3343;                                                  3345P   4060
116,0.0D0,-90.25D0,-.25D0,0;                                        3347P   4061
123,0.0D0,-.707106781186543D0,.707106781186552D0;                   3349P   4062
190,3347,3349,3353;                                                 3351P   4063
123,1.0D0,0.0D0,0.0D0;                                              3353P   4064
110,49.2928932188135D0,-90.0D0,-6.51938139588036D-31,               3355P   4065
-49.2928932188135D0,-90.0D0,0.0D0;                                  3355P   4066
110,49.5D0,-90.5D0,-.5D0,49.2928932188135D0,-90.0D0,                3357P   4067
-6.51938139588036D-31;                                              3357P   4068
508,4,0,457,457,1,0,0,457,456,0,0,0,457,400,1,0,0,457,458,1,0;      3359P   4069
510,3351,1,1,3359;                                                  3361P   4070
116,37.0732233047036D0,-102.573223304703D0,-.25D0,0;                3363P   4071
123,.500000000000004D0,-.499999999999995D0,.707106781186549D0;      3365P   4072
190,3363,3365,3369;                                                 3367P   4073
123,.816496580927725D0,0.0D0,-.577350269189628D0;                   3369P   4074
110,49.5D0,-89.7928932188134D0,-6.62830035780318D-31,               3371P   4075
49.2928932188135D0,-90.0D0,-6.51938139588036D-31;                   3371P   4076
508,4,0,457,459,1,0,0,457,458,0,0,0,457,402,1,0,0,457,452,0,0;      3373P   4077
510,3367,1,1,3373;                                                  3375P   4078
116,-49.75D0,-52.813368160244D0,-.25D0,0;                           3377P   4079
123,-.707106781186549D0,3.7187259699649D-32,.707106781186546D0;     3379P   4080
190,3377,3379,3383;                                                 3381P   4081
123,.707106781186546D0,0.0D0,.707106781186549D0;                    3383P   4082
110,-49.5D0,-89.7928932188135D0,1.94478010748975D-30,-49.5D0,       3385P   4083
58.7928932188135D0,-1.30932222727221D-30;                           3385P   4084
110,-49.5D0,58.7928932188135D0,-1.30932222727221D-30,-50.0D0,       3387P   4085
59.0D0,-.5D0;                                                       3387P   4086
508,4,0,457,380,1,0,0,457,454,0,0,0,457,460,1,0,0,457,461,1,0;      3389P   4087
510,3381,1,1,3389;                                                  3391P   4088
116,-74.5732233047034D0,34.0732233047034D0,-.25D0,0;                3393P   4089
123,-.500000000000013D0,.500000000000013D0,.707106781186529D0;      3395P   4090
190,3393,3395,3399;                                                 3397P   4091
123,.816496580927712D0,0.0D0,.577350269189646D0;                    3399P   4092
110,-49.5D0,58.7928932188135D0,-1.30932222727221D-30,               3401P   4093
-49.2928932188135D0,59.0D0,-1.32021412346449D-30;                   3401P   4094
110,-49.5D0,59.5D0,-.5D0,-50.0D0,59.0D0,-.5D0;                      3403P   4095
508,4,0,457,462,1,0,0,457,443,0,0,0,457,463,1,0,0,457,461,0,0;      3405P   4096
510,3397,1,1,3405;                                                  3407P   4097
116,0.0D0,59.5D0,0.0D0,0;                                           3409P   4098
123,0.0D0,1.0D0,0.0D0;                                              3411P   4099
190,3409,3411,3415;                                                 3413P   4100
123,0.0D0,0.0D0,1.0D0;                                              3415P   4101
110,49.5D0,59.5D0,-16.9233517495747D0,49.5D0,59.5D0,-.5D0;          3417P   4102
508,4,0,457,423,0,0,0,457,435,1,0,0,457,447,0,0,0,457,464,0,0;      3419P   4103
510,3413,1,1,3419;                                                  3421P   4104
116,49.75D0,59.25D0,-4.09796840592115D0,0;                          3423P   4105
123,.707106781186548D0,.707106781186548D0,3.36651531131404D-16;     3425P   4106
190,3423,3425,3429;                                                 3427P   4107
123,0.0D0,0.0D0,-1.0D0;                                             3429P   4108
508,4,0,457,424,0,0,0,457,464,1,0,0,457,450,0,0,0,457,368,1,0;      3431P   4109
510,3427,1,1,3431;                                                  3433P   4110
116,-49.75D0,-90.25D0,-9.39796840592119D0,0;                        3435P   4111
123,-.707106781186554D0,-.707106781186541D0,0.0D0;                  3437P   4112
190,3435,3437,3441;                                                 3439P   4113
123,0.0D0,0.0D0,1.0D0;                                              3441P   4114
508,4,0,457,397,0,0,0,457,401,1,0,0,457,455,0,0,0,457,379,1,0;      3443P   4115
510,3439,1,1,3443;                                                  3445P   4116
116,0.0D0,-82.5D0,-10.6D0,0;                                        3447P   4117
123,0.0D0,0.0D0,-1.0D0;                                             3449P   4118
190,3447,3449,3453;                                                 3451P   4119
123,-1.0D0,0.0D0,0.0D0;                                             3453P   4120
508,4,0,457,394,0,0,0,457,372,1,0,0,457,398,0,0,0,457,377,1,0;      3455P   4121
510,3451,1,1,3455;                                                  3457P   4122
116,-49.75D0,59.25D0,-4.09796840592115D0,0;                         3459P   4123
123,-.707106781186548D0,.707106781186548D0,3.36651531131404D-16;    3461P   4124
190,3459,3461,3465;                                                 3463P   4125
123,0.0D0,0.0D0,1.0D0;                                              3465P   4126
110,-49.5D0,59.5D0,-.5D0,-49.5D0,59.5D0,-16.9233517495747D0;        3467P   4127
508,4,0,457,407,0,0,0,457,381,1,0,0,457,463,0,0,0,457,465,1,0;      3469P   4128
510,3463,1,1,3469;                                                  3471P   4129
116,0.0D0,59.5D0,0.0D0,0;                                           3473P   4130
123,0.0D0,1.0D0,0.0D0;                                              3475P   4131
190,3473,3475,3479;                                                 3477P   4132
123,0.0D0,0.0D0,1.0D0;                                              3479P   4133
508,4,0,457,408,0,0,0,457,465,0,0,0,457,442,0,0,0,457,411,1,0;      3481P   4134
510,3477,1,1,3481;                                                  3483P   4135
116,0.0D0,-90.5D0,7.88860905221012D-30,0;                           3485P   4136
123,0.0D0,0.0D0,1.0D0;                                              3487P   4137
190,3485,3487,3491;                                                 3489P   4138
123,1.0D0,0.0D0,0.0D0;                                              3491P   4139
110,32.0D0,37.5D0,1.15699599432415D-30,-32.0D0,37.5D0,              3493P   4140
1.15699599432415D-30;                                               3493P   4141
508,12,0,457,445,0,0,0,457,433,1,0,0,457,466,1,0,0,457,413,1,0,     3495P   4142
0,457,444,0,0,0,457,462,0,0,0,457,460,0,0,0,457,453,0,0,0,457,      3495P   4143
457,0,0,0,457,459,0,0,0,457,451,0,0,0,457,448,0,0;                  3495P   4144
508,2,0,457,337,1,0,0,457,28,1,0;                                   3497P   4145
508,2,0,457,341,1,0,0,457,20,1,0;                                   3499P   4146
508,2,0,457,345,1,0,0,457,12,1,0;                                   3501P   4147
508,2,0,457,349,1,0,0,457,4,1,0;                                    3503P   4148
510,3489,5,1,3495,3497,3499,3501,3503;                              3505P   4149
116,-32.0D0,37.5D0,1.15699599432415D-30,0;                          3507P   4150
123,0.0D0,1.0D0,0.0D0;                                              3509P   4151
190,3507,3509,3513;                                                 3511P   4152
123,0.0D0,0.0D0,1.0D0;                                              3513P   4153
110,-32.0D0,37.5D0,-10.6D0,32.0D0,37.5D0,-10.6D0;                   3515P   4154
508,4,0,457,467,0,0,0,457,414,0,0,0,457,466,0,0,0,457,432,1,0;      3517P   4155
510,3511,1,1,3517;                                                  3519P   4156
116,0.0D0,41.0D0,-10.6D0,0;                                         3521P   4157
123,0.0D0,0.0D0,-1.0D0;                                             3523P   4158
190,3521,3523,3527;                                                 3525P   4159
123,-1.0D0,0.0D0,0.0D0;                                             3527P   4160
508,8,0,457,415,1,0,0,457,467,1,0,0,457,431,1,0,0,457,440,1,0,0,    3529P   4161
457,360,1,0,0,457,441,0,0,0,457,389,1,0,0,457,439,1,0;              3529P   4162
508,2,0,457,336,1,0,0,457,30,1,0;                                   3531P   4163
508,2,0,457,340,1,0,0,457,22,1,0;                                   3533P   4164
508,2,0,457,344,1,0,0,457,14,1,0;                                   3535P   4165
508,2,0,457,348,1,0,0,457,6,1,0;                                    3537P   4166
510,3525,5,1,3529,3531,3533,3535,3537;                              3539P   4167
116,0.0D0,49.64D0,-21.75D0,0;                                       3541P   4168
123,1.0D0,0.0D0,0.0D0;                                              3543P   4169
192,3541,3543,2.24999999999996D0,3547;                              3545P   4170
123,0.0D0,-.994670211573365D0,.103107566204417D0;                   3547P   4171
508,4,0,457,426,1,0,0,457,436,1,0,0,457,365,1,0,0,457,320,0,0;      3549P   4172
510,3545,1,1,3549;                                                  3551P   4173
116,0.0D0,51.0D0,-10.6D0,0;                                         3553P   4174
123,0.0D0,0.0D0,-1.0D0;                                             3555P   4175
190,3553,3555,3559;                                                 3557P   4176
123,-1.0D0,0.0D0,0.0D0;                                             3559P   4177
110,32.0D0,51.0D0,-10.6D0,50.0D0,51.0D0,-10.6D0;                    3561P   4178
508,4,0,457,428,1,0,0,457,468,1,0,0,457,363,1,0,0,457,438,0,0;      3563P   4179
510,3557,1,1,3563;                                                  3565P   4180
116,0.0D0,51.0D0,-17.92D0,0;                                        3567P   4181
123,0.0D0,-1.0D0,0.0D0;                                             3569P   4182
190,3567,3569,3573;                                                 3571P   4183
123,0.0D0,0.0D0,-1.0D0;                                             3573P   4184
508,4,0,457,427,1,0,0,457,316,1,0,0,457,364,1,0,0,457,468,0,0;      3575P   4185
510,3571,1,1,3575;                                                  3577P   4186
116,0.0D0,49.64D0,-21.75D0,0;                                       3579P   4187
123,1.0D0,0.0D0,0.0D0;                                              3581P   4188
192,3579,3581,2.24999999999996D0,3585;                              3583P   4189
123,0.0D0,-.994670211573365D0,.103107566204417D0;                   3585P   4190
508,4,0,457,420,1,0,0,457,326,0,0,0,457,384,1,0,0,457,410,1,0;      3587P   4191
510,3583,1,1,3587;                                                  3589P   4192
116,0.0D0,51.0D0,-17.92D0,0;                                        3591P   4193
123,0.0D0,-1.0D0,0.0D0;                                             3593P   4194
190,3591,3593,3597;                                                 3595P   4195
123,0.0D0,0.0D0,-1.0D0;                                             3597P   4196
110,-50.0D0,51.0D0,-10.6D0,-32.0D0,51.0D0,-10.6D0;                  3599P   4197
508,4,0,457,419,1,0,0,457,469,0,0,0,457,385,1,0,0,457,330,1,0;      3601P   4198
510,3595,1,1,3601;                                                  3603P   4199
116,0.0D0,51.0D0,-10.6D0,0;                                         3605P   4200
123,0.0D0,0.0D0,-1.0D0;                                             3607P   4201
190,3605,3607,3611;                                                 3609P   4202
123,-1.0D0,0.0D0,0.0D0;                                             3611P   4203
508,4,0,457,418,1,0,0,457,437,0,0,0,457,386,1,0,0,457,469,1,0;      3613P   4204
510,3609,1,1,3613;                                                  3615P   4205
514,182,471,1,487,1,505,1,521,1,539,1,555,1,573,1,589,1,611,1,      3617P   4206
631,1,655,1,679,1,709,1,725,1,741,1,765,1,791,1,815,1,839,1,863,    3617P   4207
1,887,1,907,1,931,1,955,1,975,1,999,1,1023,1,1045,1,1067,1,1083,    3617P   4208
1,1097,1,1113,1,1125,1,1137,1,1163,1,1181,1,1197,1,1213,1,1229,     3617P   4209
1,1245,1,1259,1,1271,1,1287,1,1301,1,1315,1,1327,1,1341,1,1367,     3617P   4210
1,1385,1,1401,1,1417,1,1433,1,1449,1,1463,1,1475,1,1491,1,1505,     3617P   4211
1,1519,1,1531,1,1545,1,1571,1,1589,1,1605,1,1621,1,1637,1,1653,     3617P   4212
1,1667,1,1679,1,1697,1,1713,1,1733,1,1753,1,1767,1,1783,1,1797,     3617P   4213
1,1813,1,1827,1,1837,1,1849,1,1861,1,1875,1,1889,1,1903,1,1915,     3617P   4214
1,1937,1,1957,1,1977,1,1993,1,2001,1,2013,1,2033,1,2053,1,2077,     3617P   4215
1,2125,1,2141,1,2159,1,2177,1,2195,1,2209,1,2227,1,2245,1,2261,     3617P   4216
1,2277,1,2291,1,2307,1,2319,1,2341,1,2363,1,2383,1,2403,1,2419,     3617P   4217
1,2439,1,2459,1,2475,1,2495,1,2515,1,2531,1,2551,1,2571,1,2587,     3617P   4218
1,2607,1,2627,1,2643,1,2655,1,2663,1,2671,1,2683,1,2691,1,2699,     3617P   4219
1,2711,1,2719,1,2727,1,2739,1,2747,1,2755,1,2777,1,2795,1,2857,     3617P   4220
1,2873,1,2931,1,2943,1,2967,1,2985,1,2999,1,3011,1,3025,1,3049,     3617P   4221
1,3065,1,3099,1,3123,1,3159,1,3173,1,3187,1,3201,1,3215,1,3229,     3617P   4222
1,3243,1,3255,1,3273,1,3291,1,3309,1,3325,1,3345,1,3361,1,3375,     3617P   4223
1,3391,1,3407,1,3421,1,3433,1,3445,1,3457,1,3471,1,3483,1,3505,     3617P   4224
1,3519,1,3539,1,3551,1,3565,1,3577,1,3589,1,3603,1,3615,1;          3617P   4225
186,3617,1,0;                                                       3619P   4226
314,75.2941012382507D0,75.2941012382507D0,75.2941012382507D0,7HD    3621P   4227
efault;                                                             3621P   4228
S      1G      5D   3622P   4228                                        T      1
