                                                                        S      1
,,22HOBT-1000LUU-01-S01.ipt,27HNo Iges File Name specified,23HAutoDesk IG      1
nventor R12.0,37HAutoDesk Inventor Iges Exporter R12.0,32,38,6,99,15,   G      2
22HOBT-1000LUU-01-S01.ipt,1.0D0,2,2HMM,1,.08D0,15H20090803.095944,.01D0,G      3
10000.0D0,19HNo Author specified,25HNo Organization specified,11,0,,33HNG      4
o Application Protocol specified;                                       G      5
     406       1       0       0       1       0       0       000000000D      1
     406       0       0       1       3                               0D      2
     116       2       0       0       0       0       0       000010000D      3
     116       0       0       1       0                               0D      4
     123       3       0       0       0       0       0       000010200D      5
     123       0       0       1       0                               0D      6
     192       4       0       0       0       0       0       000010000D      7
     192       0       0       1       1                               0D      8
     123       5       0       0       0       0       0       000010200D      9
     123       0       0       1       0                               0D     10
     502       6       0       0       0       0       0       000010000D     11
     502       0       0     101       1                               0D     12
     104     107       0       0       0       0      15       000010000D     13
     104       0       0       3       1                               0D     14
     124     110       0       0       0       0       0       000000000D     15
     124       0       0       4       0                               0D     16
     504     114       0       0       0       0       0       000010001D     17
     504       0       0      72       1                               0D     18
     110     186       0       0       0       0       0       000010000D     19
     110       0       0       1       0                               0D     20
     104     187       0       0       0       0      23       000010000D     21
     104       0       0       3       1                               0D     22
     124     190       0       0       0       0       0       000000000D     23
     124       0       0       4       0                               0D     24
     110     194       0       0       0       0       0       000010000D     25
     110       0       0       1       0                               0D     26
     508     195       0       0       0       0       0       000010000D     27
     508       0       0       1       1                               0D     28
     510     196       0       0       0       0       0       000010001D     29
     510       0       0       1       1                               0D     30
     116     197       0       0       0       0       0       000010000D     31
     116       0       0       1       0                               0D     32
     123     198       0       0       0       0       0       000010200D     33
     123       0       0       1       0                               0D     34
     190     199       0       0       0       0       0       000010000D     35
     190       0       0       1       1                               0D     36
     123     200       0       0       0       0       0       000010200D     37
     123       0       0       1       0                               0D     38
     110     201       0       0       0       0       0       000010000D     39
     110       0       0       1       0                               0D     40
     110     202       0       0       0       0       0       000010000D     41
     110       0       0       1       0                               0D     42
     110     203       0       0       0       0       0       000010000D     43
     110       0       0       1       0                               0D     44
     508     204       0       0       0       0       0       000010000D     45
     508       0       0       1       1                               0D     46
     510     205       0       0       0       0       0       000010001D     47
     510       0       0       1       1                               0D     48
     116     206       0       0       0       0       0       000010000D     49
     116       0       0       1       0                               0D     50
     123     207       0       0       0       0       0       000010200D     51
     123       0       0       1       0                               0D     52
     190     208       0       0       0       0       0       000010000D     53
     190       0       0       1       1                               0D     54
     123     209       0       0       0       0       0       000010200D     55
     123       0       0       1       0                               0D     56
     110     210       0       0       0       0       0       000010000D     57
     110       0       0       1       0                               0D     58
     110     211       0       0       0       0       0       000010000D     59
     110       0       0       1       0                               0D     60
     110     212       0       0       0       0       0       000010000D     61
     110       0       0       1       0                               0D     62
     508     213       0       0       0       0       0       000010000D     63
     508       0       0       1       1                               0D     64
     510     214       0       0       0       0       0       000010001D     65
     510       0       0       1       1                               0D     66
     116     215       0       0       0       0       0       000010000D     67
     116       0       0       1       0                               0D     68
     123     216       0       0       0       0       0       000010200D     69
     123       0       0       1       0                               0D     70
     192     217       0       0       0       0       0       000010000D     71
     192       0       0       1       1                               0D     72
     123     218       0       0       0       0       0       000010200D     73
     123       0       0       1       0                               0D     74
     104     219       0       0       0       0      77       000010000D     75
     104       0       0       3       1                               0D     76
     124     222       0       0       0       0       0       000000000D     77
     124       0       0       4       0                               0D     78
     110     226       0       0       0       0       0       000010000D     79
     110       0       0       1       0                               0D     80
     104     227       0       0       0       0      83       000010000D     81
     104       0       0       2       1                               0D     82
     124     229       0       0       0       0       0       000000000D     83
     124       0       0       4       0                               0D     84
     110     233       0       0       0       0       0       000010000D     85
     110       0       0       1       0                               0D     86
     508     234       0       0       0       0       0       000010000D     87
     508       0       0       1       1                               0D     88
     510     235       0       0       0       0       0       000010001D     89
     510       0       0       1       1                               0D     90
     116     236       0       0       0       0       0       000010000D     91
     116       0       0       1       0                               0D     92
     123     237       0       0       0       0       0       000010200D     93
     123       0       0       1       0                               0D     94
     190     238       0       0       0       0       0       000010000D     95
     190       0       0       1       1                               0D     96
     123     239       0       0       0       0       0       000010200D     97
     123       0       0       1       0                               0D     98
     110     240       0       0       0       0       0       000010000D     99
     110       0       0       1       0                               0D    100
     110     241       0       0       0       0       0       000010000D    101
     110       0       0       1       0                               0D    102
     110     242       0       0       0       0       0       000010000D    103
     110       0       0       1       0                               0D    104
     508     243       0       0       0       0       0       000010000D    105
     508       0       0       1       1                               0D    106
     510     244       0       0       0       0       0       000010001D    107
     510       0       0       1       1                               0D    108
     116     245       0       0       0       0       0       000010000D    109
     116       0       0       1       0                               0D    110
     123     246       0       0       0       0       0       000010200D    111
     123       0       0       1       0                               0D    112
     190     247       0       0       0       0       0       000010000D    113
     190       0       0       1       1                               0D    114
     123     248       0       0       0       0       0       000010200D    115
     123       0       0       1       0                               0D    116
     110     249       0       0       0       0       0       000010000D    117
     110       0       0       1       0                               0D    118
     110     250       0       0       0       0       0       000010000D    119
     110       0       0       1       0                               0D    120
     110     251       0       0       0       0       0       000010000D    121
     110       0       0       1       0                               0D    122
     508     252       0       0       0       0       0       000010000D    123
     508       0       0       2       1                               0D    124
     510     254       0       0       0       0       0       000010001D    125
     510       0       0       1       1                               0D    126
     116     255       0       0       0       0       0       000010000D    127
     116       0       0       1       0                               0D    128
     123     256       0       0       0       0       0       000010200D    129
     123       0       0       1       0                               0D    130
     190     257       0       0       0       0       0       000010000D    131
     190       0       0       1       1                               0D    132
     123     258       0       0       0       0       0       000010200D    133
     123       0       0       1       0                               0D    134
     110     259       0       0       0       0       0       000010000D    135
     110       0       0       2       0                               0D    136
     110     261       0       0       0       0       0       000010000D    137
     110       0       0       2       0                               0D    138
     110     263       0       0       0       0       0       000010000D    139
     110       0       0       2       0                               0D    140
     110     265       0       0       0       0       0       000010000D    141
     110       0       0       2       0                               0D    142
     508     267       0       0       0       0       0       000010000D    143
     508       0       0       1       1                               0D    144
     510     268       0       0       0       0       0       000010001D    145
     510       0       0       1       1                               0D    146
     116     269       0       0       0       0       0       000010000D    147
     116       0       0       1       0                               0D    148
     123     270       0       0       0       0       0       000010200D    149
     123       0       0       1       0                               0D    150
     190     271       0       0       0       0       0       000010000D    151
     190       0       0       1       1                               0D    152
     123     272       0       0       0       0       0       000010200D    153
     123       0       0       1       0                               0D    154
     110     273       0       0       0       0       0       000010000D    155
     110       0       0       2       0                               0D    156
     110     275       0       0       0       0       0       000010000D    157
     110       0       0       1       0                               0D    158
     100     276       0       0       0       0     161       000010000D    159
     100       0       0       2       0                               0D    160
     124     278       0       0       0       0       0       000000000D    161
     124       0       0       2       0                               0D    162
     110     280       0       0       0       0       0       000010000D    163
     110       0       0       1       0                               0D    164
     110     281       0       0       0       0       0       000010000D    165
     110       0       0       2       0                               0D    166
     110     283       0       0       0       0       0       000010000D    167
     110       0       0       2       0                               0D    168
     110     285       0       0       0       0       0       000010000D    169
     110       0       0       2       0                               0D    170
     110     287       0       0       0       0       0       000010000D    171
     110       0       0       2       0                               0D    172
     110     289       0       0       0       0       0       000010000D    173
     110       0       0       1       0                               0D    174
     110     290       0       0       0       0       0       000010000D    175
     110       0       0       1       0                               0D    176
     100     291       0       0       0       0     179       000010000D    177
     100       0       0       2       0                               0D    178
     124     293       0       0       0       0       0       000000000D    179
     124       0       0       2       0                               0D    180
     110     295       0       0       0       0       0       000010000D    181
     110       0       0       2       0                               0D    182
     110     297       0       0       0       0       0       000010000D    183
     110       0       0       2       0                               0D    184
     110     299       0       0       0       0       0       000010000D    185
     110       0       0       2       0                               0D    186
     110     301       0       0       0       0       0       000010000D    187
     110       0       0       2       0                               0D    188
     100     303       0       0       0       0     191       000010000D    189
     100       0       0       2       0                               0D    190
     124     305       0       0       0       0       0       000000000D    191
     124       0       0       2       0                               0D    192
     110     307       0       0       0       0       0       000010000D    193
     110       0       0       2       0                               0D    194
     110     309       0       0       0       0       0       000010000D    195
     110       0       0       1       0                               0D    196
     110     310       0       0       0       0       0       000010000D    197
     110       0       0       2       0                               0D    198
     100     312       0       0       0       0     201       000010000D    199
     100       0       0       2       0                               0D    200
     124     314       0       0       0       0       0       000000000D    201
     124       0       0       3       0                               0D    202
     110     317       0       0       0       0       0       000010000D    203
     110       0       0       2       0                               0D    204
     100     319       0       0       0       0     207       000010000D    205
     100       0       0       2       0                               0D    206
     124     321       0       0       0       0       0       000000000D    207
     124       0       0       2       0                               0D    208
     110     323       0       0       0       0       0       000010000D    209
     110       0       0       2       0                               0D    210
     110     325       0       0       0       0       0       000010000D    211
     110       0       0       1       0                               0D    212
     110     326       0       0       0       0       0       000010000D    213
     110       0       0       1       0                               0D    214
     110     327       0       0       0       0       0       000010000D    215
     110       0       0       2       0                               0D    216
     100     329       0       0       0       0     219       000010000D    217
     100       0       0       2       0                               0D    218
     124     331       0       0       0       0       0       000000000D    219
     124       0       0       4       0                               0D    220
     110     335       0       0       0       0       0       000010000D    221
     110       0       0       2       0                               0D    222
     508     337       0       0       0       0       0       000010000D    223
     508       0       0       6       1                               0D    224
     510     343       0       0       0       0       0       000010001D    225
     510       0       0       1       1                               0D    226
     116     344       0       0       0       0       0       000010000D    227
     116       0       0       1       0                               0D    228
     123     345       0       0       0       0       0       000010200D    229
     123       0       0       1       0                               0D    230
     190     346       0       0       0       0       0       000010000D    231
     190       0       0       1       1                               0D    232
     123     347       0       0       0       0       0       000010200D    233
     123       0       0       1       0                               0D    234
     110     348       0       0       0       0       0       000010000D    235
     110       0       0       2       0                               0D    236
     110     350       0       0       0       0       0       000010000D    237
     110       0       0       2       0                               0D    238
     110     352       0       0       0       0       0       000010000D    239
     110       0       0       2       0                               0D    240
     110     354       0       0       0       0       0       000010000D    241
     110       0       0       2       0                               0D    242
     508     356       0       0       0       0       0       000010000D    243
     508       0       0       2       1                               0D    244
     510     358       0       0       0       0       0       000010001D    245
     510       0       0       1       1                               0D    246
     116     359       0       0       0       0       0       000010000D    247
     116       0       0       1       0                               0D    248
     123     360       0       0       0       0       0       000010200D    249
     123       0       0       1       0                               0D    250
     190     361       0       0       0       0       0       000010000D    251
     190       0       0       1       1                               0D    252
     123     362       0       0       0       0       0       000010200D    253
     123       0       0       1       0                               0D    254
     110     363       0       0       0       0       0       000010000D    255
     110       0       0       2       0                               0D    256
     110     365       0       0       0       0       0       000010000D    257
     110       0       0       2       0                               0D    258
     110     367       0       0       0       0       0       000010000D    259
     110       0       0       2       0                               0D    260
     508     369       0       0       0       0       0       000010000D    261
     508       0       0       1       1                               0D    262
     510     370       0       0       0       0       0       000010001D    263
     510       0       0       1       1                               0D    264
     116     371       0       0       0       0       0       000010000D    265
     116       0       0       1       0                               0D    266
     123     372       0       0       0       0       0       000010200D    267
     123       0       0       1       0                               0D    268
     190     373       0       0       0       0       0       000010000D    269
     190       0       0       1       1                               0D    270
     123     374       0       0       0       0       0       000010200D    271
     123       0       0       1       0                               0D    272
     110     375       0       0       0       0       0       000010000D    273
     110       0       0       2       0                               0D    274
     100     377       0       0       0       0     277       000010000D    275
     100       0       0       2       0                               0D    276
     124     379       0       0       0       0       0       000000000D    277
     124       0       0       3       0                               0D    278
     110     382       0       0       0       0       0       000010000D    279
     110       0       0       2       0                               0D    280
     110     384       0       0       0       0       0       000010000D    281
     110       0       0       1       0                               0D    282
     110     385       0       0       0       0       0       000010000D    283
     110       0       0       2       0                               0D    284
     100     387       0       0       0       0     287       000010000D    285
     100       0       0       2       0                               0D    286
     124     389       0       0       0       0       0       000000000D    287
     124       0       0       2       0                               0D    288
     110     391       0       0       0       0       0       000010000D    289
     110       0       0       2       0                               0D    290
     100     393       0       0       0       0     293       000010000D    291
     100       0       0       2       0                               0D    292
     124     395       0       0       0       0       0       000000000D    293
     124       0       0       3       0                               0D    294
     110     398       0       0       0       0       0       000010000D    295
     110       0       0       2       0                               0D    296
     110     400       0       0       0       0       0       000010000D    297
     110       0       0       1       0                               0D    298
     110     401       0       0       0       0       0       000010000D    299
     110       0       0       1       0                               0D    300
     110     402       0       0       0       0       0       000010000D    301
     110       0       0       2       0                               0D    302
     100     404       0       0       0       0     305       000010000D    303
     100       0       0       2       0                               0D    304
     124     406       0       0       0       0       0       000000000D    305
     124       0       0       2       0                               0D    306
     110     408       0       0       0       0       0       000010000D    307
     110       0       0       2       0                               0D    308
     110     410       0       0       0       0       0       000010000D    309
     110       0       0       2       0                               0D    310
     110     412       0       0       0       0       0       000010000D    311
     110       0       0       2       0                               0D    312
     110     414       0       0       0       0       0       000010000D    313
     110       0       0       2       0                               0D    314
     100     416       0       0       0       0     317       000010000D    315
     100       0       0       2       0                               0D    316
     124     418       0       0       0       0       0       000000000D    317
     124       0       0       2       0                               0D    318
     110     420       0       0       0       0       0       000010000D    319
     110       0       0       1       0                               0D    320
     110     421       0       0       0       0       0       000010000D    321
     110       0       0       1       0                               0D    322
     110     422       0       0       0       0       0       000010000D    323
     110       0       0       2       0                               0D    324
     110     424       0       0       0       0       0       000010000D    325
     110       0       0       2       0                               0D    326
     110     426       0       0       0       0       0       000010000D    327
     110       0       0       2       0                               0D    328
     110     428       0       0       0       0       0       000010000D    329
     110       0       0       2       0                               0D    330
     110     430       0       0       0       0       0       000010000D    331
     110       0       0       1       0                               0D    332
     100     431       0       0       0       0     335       000010000D    333
     100       0       0       2       0                               0D    334
     124     433       0       0       0       0       0       000000000D    335
     124       0       0       2       0                               0D    336
     110     435       0       0       0       0       0       000010000D    337
     110       0       0       1       0                               0D    338
     508     436       0       0       0       0       0       000010000D    339
     508       0       0       6       1                               0D    340
     510     442       0       0       0       0       0       000010001D    341
     510       0       0       1       1                               0D    342
     116     443       0       0       0       0       0       000010000D    343
     116       0       0       1       0                               0D    344
     123     444       0       0       0       0       0       000010200D    345
     123       0       0       2       0                               0D    346
     190     446       0       0       0       0       0       000010000D    347
     190       0       0       1       1                               0D    348
     123     447       0       0       0       0       0       000010200D    349
     123       0       0       1       0                               0D    350
     110     448       0       0       0       0       0       000010000D    351
     110       0       0       1       0                               0D    352
     110     449       0       0       0       0       0       000010000D    353
     110       0       0       1       0                               0D    354
     508     450       0       0       0       0       0       000010000D    355
     508       0       0       1       1                               0D    356
     510     451       0       0       0       0       0       000010001D    357
     510       0       0       1       1                               0D    358
     116     452       0       0       0       0       0       000010000D    359
     116       0       0       1       0                               0D    360
     123     453       0       0       0       0       0       000010200D    361
     123       0       0       1       0                               0D    362
     190     454       0       0       0       0       0       000010000D    363
     190       0       0       1       1                               0D    364
     123     455       0       0       0       0       0       000010200D    365
     123       0       0       1       0                               0D    366
     110     456       0       0       0       0       0       000010000D    367
     110       0       0       2       0                               0D    368
     508     458       0       0       0       0       0       000010000D    369
     508       0       0       2       1                               0D    370
     510     460       0       0       0       0       0       000010001D    371
     510       0       0       1       1                               0D    372
     116     461       0       0       0       0       0       000010000D    373
     116       0       0       1       0                               0D    374
     123     462       0       0       0       0       0       000010200D    375
     123       0       0       1       0                               0D    376
     190     463       0       0       0       0       0       000010000D    377
     190       0       0       1       1                               0D    378
     123     464       0       0       0       0       0       000010200D    379
     123       0       0       1       0                               0D    380
     110     465       0       0       0       0       0       000010000D    381
     110       0       0       2       0                               0D    382
     110     467       0       0       0       0       0       000010000D    383
     110       0       0       1       0                               0D    384
     508     468       0       0       0       0       0       000010000D    385
     508       0       0       2       1                               0D    386
     510     470       0       0       0       0       0       000010001D    387
     510       0       0       1       1                               0D    388
     116     471       0       0       0       0       0       000010000D    389
     116       0       0       1       0                               0D    390
     123     472       0       0       0       0       0       000010200D    391
     123       0       0       1       0                               0D    392
     190     473       0       0       0       0       0       000010000D    393
     190       0       0       1       1                               0D    394
     123     474       0       0       0       0       0       000010200D    395
     123       0       0       1       0                               0D    396
     110     475       0       0       0       0       0       000010000D    397
     110       0       0       1       0                               0D    398
     508     476       0       0       0       0       0       000010000D    399
     508       0       0       2       1                               0D    400
     510     478       0       0       0       0       0       000010001D    401
     510       0       0       1       1                               0D    402
     116     479       0       0       0       0       0       000010000D    403
     116       0       0       1       0                               0D    404
     123     480       0       0       0       0       0       000010200D    405
     123       0       0       1       0                               0D    406
     190     481       0       0       0       0       0       000010000D    407
     190       0       0       1       1                               0D    408
     123     482       0       0       0       0       0       000010200D    409
     123       0       0       1       0                               0D    410
     110     483       0       0       0       0       0       000010000D    411
     110       0       0       2       0                               0D    412
     110     485       0       0       0       0       0       000010000D    413
     110       0       0       2       0                               0D    414
     110     487       0       0       0       0       0       000010000D    415
     110       0       0       2       0                               0D    416
     508     489       0       0       0       0       0       000010000D    417
     508       0       0       1       1                               0D    418
     510     490       0       0       0       0       0       000010001D    419
     510       0       0       1       1                               0D    420
     116     491       0       0       0       0       0       000010000D    421
     116       0       0       1       0                               0D    422
     123     492       0       0       0       0       0       000010200D    423
     123       0       0       1       0                               0D    424
     190     493       0       0       0       0       0       000010000D    425
     190       0       0       1       1                               0D    426
     123     494       0       0       0       0       0       000010200D    427
     123       0       0       1       0                               0D    428
     110     495       0       0       0       0       0       000010000D    429
     110       0       0       2       0                               0D    430
     110     497       0       0       0       0       0       000010000D    431
     110       0       0       2       0                               0D    432
     110     499       0       0       0       0       0       000010000D    433
     110       0       0       2       0                               0D    434
     508     501       0       0       0       0       0       000010000D    435
     508       0       0       1       1                               0D    436
     510     502       0       0       0       0       0       000010001D    437
     510       0       0       1       1                               0D    438
     116     503       0       0       0       0       0       000010000D    439
     116       0       0       1       0                               0D    440
     123     504       0       0       0       0       0       000010200D    441
     123       0       0       1       0                               0D    442
     190     505       0       0       0       0       0       000010000D    443
     190       0       0       1       1                               0D    444
     123     506       0       0       0       0       0       000010200D    445
     123       0       0       1       0                               0D    446
     110     507       0       0       0       0       0       000010000D    447
     110       0       0       2       0                               0D    448
     110     509       0       0       0       0       0       000010000D    449
     110       0       0       2       0                               0D    450
     508     511       0       0       0       0       0       000010000D    451
     508       0       0       2       1                               0D    452
     510     513       0       0       0       0       0       000010001D    453
     510       0       0       1       1                               0D    454
     116     514       0       0       0       0       0       000010000D    455
     116       0       0       1       0                               0D    456
     123     515       0       0       0       0       0       000010200D    457
     123       0       0       1       0                               0D    458
     190     516       0       0       0       0       0       000010000D    459
     190       0       0       1       1                               0D    460
     123     517       0       0       0       0       0       000010200D    461
     123       0       0       1       0                               0D    462
     110     518       0       0       0       0       0       000010000D    463
     110       0       0       2       0                               0D    464
     508     520       0       0       0       0       0       000010000D    465
     508       0       0       1       1                               0D    466
     510     521       0       0       0       0       0       000010001D    467
     510       0       0       1       1                               0D    468
     120     522       0       0       0       0       0       000010000D    469
     120       0       0       1       0                               0D    470
     110     523       0       0       0       0       0       000010000D    471
     110       0       0       2       0                               0D    472
     110     525       0       0       0       0       0       001010000D    473
     110       0       0       1       0                               0D    474
     100     526       0       0       0       0     477       000010000D    475
     100       0       0       2       0                               0D    476
     124     528       0       0       0       0       0       000000000D    477
     124       0       0       2       0                               0D    478
     110     530       0       0       0       0       0       000010000D    479
     110       0       0       1       0                               0D    480
     100     531       0       0       0       0     483       000010000D    481
     100       0       0       2       0                               0D    482
     124     533       0       0       0       0       0       000000000D    483
     124       0       0       2       0                               0D    484
     110     535       0       0       0       0       0       000010000D    485
     110       0       0       2       0                               0D    486
     508     537       0       0       0       0       0       000010000D    487
     508       0       0       1       1                               0D    488
     510     538       0       0       0       0       0       000010001D    489
     510       0       0       1       1                               0D    490
     116     539       0       0       0       0       0       000010000D    491
     116       0       0       1       0                               0D    492
     123     540       0       0       0       0       0       000010200D    493
     123       0       0       1       0                               0D    494
     190     541       0       0       0       0       0       000010000D    495
     190       0       0       1       1                               0D    496
     123     542       0       0       0       0       0       000010200D    497
     123       0       0       1       0                               0D    498
     110     543       0       0       0       0       0       000010000D    499
     110       0       0       2       0                               0D    500
     110     545       0       0       0       0       0       000010000D    501
     110       0       0       2       0                               0D    502
     110     547       0       0       0       0       0       000010000D    503
     110       0       0       2       0                               0D    504
     508     549       0       0       0       0       0       000010000D    505
     508       0       0       1       1                               0D    506
     510     550       0       0       0       0       0       000010001D    507
     510       0       0       1       1                               0D    508
     120     551       0       0       0       0       0       000010000D    509
     120       0       0       1       0                               0D    510
     110     552       0       0       0       0       0       000010000D    511
     110       0       0       2       0                               0D    512
     110     554       0       0       0       0       0       001010000D    513
     110       0       0       2       0                               0D    514
     100     556       0       0       0       0     517       000010000D    515
     100       0       0       2       0                               0D    516
     124     558       0       0       0       0       0       000000000D    517
     124       0       0       2       0                               0D    518
     100     560       0       0       0       0     521       000010000D    519
     100       0       0       1       0                               0D    520
     124     561       0       0       0       0       0       000000000D    521
     124       0       0       2       0                               0D    522
     110     563       0       0       0       0       0       000010000D    523
     110       0       0       1       0                               0D    524
     508     564       0       0       0       0       0       000010000D    525
     508       0       0       1       1                               0D    526
     510     565       0       0       0       0       0       000010001D    527
     510       0       0       1       1                               0D    528
     116     566       0       0       0       0       0       000010000D    529
     116       0       0       1       0                               0D    530
     123     567       0       0       0       0       0       000010200D    531
     123       0       0       1       0                               0D    532
     190     568       0       0       0       0       0       000010000D    533
     190       0       0       1       1                               0D    534
     123     569       0       0       0       0       0       000010200D    535
     123       0       0       1       0                               0D    536
     110     570       0       0       0       0       0       000010000D    537
     110       0       0       1       0                               0D    538
     110     571       0       0       0       0       0       000010000D    539
     110       0       0       1       0                               0D    540
     508     572       0       0       0       0       0       000010000D    541
     508       0       0       1       1                               0D    542
     510     573       0       0       0       0       0       000010001D    543
     510       0       0       1       1                               0D    544
     116     574       0       0       0       0       0       000010000D    545
     116       0       0       1       0                               0D    546
     123     575       0       0       0       0       0       000010200D    547
     123       0       0       1       0                               0D    548
     190     576       0       0       0       0       0       000010000D    549
     190       0       0       1       1                               0D    550
     123     577       0       0       0       0       0       000010200D    551
     123       0       0       1       0                               0D    552
     508     578       0       0       0       0       0       000010000D    553
     508       0       0       1       1                               0D    554
     110     579       0       0       0       0       0       000010000D    555
     110       0       0       1       0                               0D    556
     100     580       0       0       0       0     559       000010000D    557
     100       0       0       1       0                               0D    558
     124     581       0       0       0       0       0       000000000D    559
     124       0       0       2       0                               0D    560
     110     583       0       0       0       0       0       000010000D    561
     110       0       0       1       0                               0D    562
     100     584       0       0       0       0     565       000010000D    563
     100       0       0       1       0                               0D    564
     124     585       0       0       0       0       0       000000000D    565
     124       0       0       2       0                               0D    566
     508     587       0       0       0       0       0       000010000D    567
     508       0       0       1       1                               0D    568
     510     588       0       0       0       0       0       000010001D    569
     510       0       0       1       1                               0D    570
     116     589       0       0       0       0       0       000010000D    571
     116       0       0       1       0                               0D    572
     123     590       0       0       0       0       0       000010200D    573
     123       0       0       1       0                               0D    574
     190     591       0       0       0       0       0       000010000D    575
     190       0       0       1       1                               0D    576
     123     592       0       0       0       0       0       000010200D    577
     123       0       0       1       0                               0D    578
     110     593       0       0       0       0       0       000010000D    579
     110       0       0       2       0                               0D    580
     110     595       0       0       0       0       0       000010000D    581
     110       0       0       2       0                               0D    582
     110     597       0       0       0       0       0       000010000D    583
     110       0       0       1       0                               0D    584
     508     598       0       0       0       0       0       000010000D    585
     508       0       0       1       1                               0D    586
     510     599       0       0       0       0       0       000010001D    587
     510       0       0       1       1                               0D    588
     120     600       0       0       0       0       0       000010000D    589
     120       0       0       1       0                               0D    590
     110     601       0       0       0       0       0       000010000D    591
     110       0       0       1       0                               0D    592
     110     602       0       0       0       0       0       001010000D    593
     110       0       0       1       0                               0D    594
     100     603       0       0       0       0     597       000010000D    595
     100       0       0       2       0                               0D    596
     124     605       0       0       0       0       0       000000000D    597
     124       0       0       2       0                               0D    598
     110     607       0       0       0       0       0       000010000D    599
     110       0       0       1       0                               0D    600
     508     608       0       0       0       0       0       000010000D    601
     508       0       0       1       1                               0D    602
     510     609       0       0       0       0       0       000010001D    603
     510       0       0       1       1                               0D    604
     120     610       0       0       0       0       0       000010000D    605
     120       0       0       1       0                               0D    606
     110     611       0       0       0       0       0       000010000D    607
     110       0       0       2       0                               0D    608
     110     613       0       0       0       0       0       001010000D    609
     110       0       0       2       0                               0D    610
     110     615       0       0       0       0       0       000010000D    611
     110       0       0       2       0                               0D    612
     100     617       0       0       0       0     615       000010000D    613
     100       0       0       2       0                               0D    614
     124     619       0       0       0       0       0       000000000D    615
     124       0       0       2       0                               0D    616
     508     621       0       0       0       0       0       000010000D    617
     508       0       0       1       1                               0D    618
     510     622       0       0       0       0       0       000010001D    619
     510       0       0       1       1                               0D    620
     116     623       0       0       0       0       0       000010000D    621
     116       0       0       1       0                               0D    622
     123     624       0       0       0       0       0       000010200D    623
     123       0       0       1       0                               0D    624
     190     625       0       0       0       0       0       000010000D    625
     190       0       0       1       1                               0D    626
     123     626       0       0       0       0       0       000010200D    627
     123       0       0       1       0                               0D    628
     110     627       0       0       0       0       0       000010000D    629
     110       0       0       2       0                               0D    630
     508     629       0       0       0       0       0       000010000D    631
     508       0       0       1       1                               0D    632
     510     630       0       0       0       0       0       000010001D    633
     510       0       0       1       1                               0D    634
     120     631       0       0       0       0       0       000010000D    635
     120       0       0       1       0                               0D    636
     110     632       0       0       0       0       0       000010000D    637
     110       0       0       2       0                               0D    638
     110     634       0       0       0       0       0       001010000D    639
     110       0       0       1       0                               0D    640
     100     635       0       0       0       0     643       000010000D    641
     100       0       0       2       0                               0D    642
     124     637       0       0       0       0       0       000000000D    643
     124       0       0       2       0                               0D    644
     110     639       0       0       0       0       0       000010000D    645
     110       0       0       1       0                               0D    646
     100     640       0       0       0       0     649       000010000D    647
     100       0       0       2       0                               0D    648
     124     642       0       0       0       0       0       000000000D    649
     124       0       0       2       0                               0D    650
     110     644       0       0       0       0       0       000010000D    651
     110       0       0       2       0                               0D    652
     508     646       0       0       0       0       0       000010000D    653
     508       0       0       1       1                               0D    654
     510     647       0       0       0       0       0       000010001D    655
     510       0       0       1       1                               0D    656
     116     648       0       0       0       0       0       000010000D    657
     116       0       0       1       0                               0D    658
     123     649       0       0       0       0       0       000010200D    659
     123       0       0       1       0                               0D    660
     190     650       0       0       0       0       0       000010000D    661
     190       0       0       1       1                               0D    662
     123     651       0       0       0       0       0       000010200D    663
     123       0       0       1       0                               0D    664
     110     652       0       0       0       0       0       000010000D    665
     110       0       0       2       0                               0D    666
     110     654       0       0       0       0       0       000010000D    667
     110       0       0       2       0                               0D    668
     110     656       0       0       0       0       0       000010000D    669
     110       0       0       2       0                               0D    670
     508     658       0       0       0       0       0       000010000D    671
     508       0       0       1       1                               0D    672
     510     659       0       0       0       0       0       000010001D    673
     510       0       0       1       1                               0D    674
     120     660       0       0       0       0       0       000010000D    675
     120       0       0       1       0                               0D    676
     110     661       0       0       0       0       0       000010000D    677
     110       0       0       2       0                               0D    678
     110     663       0       0       0       0       0       001010000D    679
     110       0       0       2       0                               0D    680
     100     665       0       0       0       0     683       000010000D    681
     100       0       0       2       0                               0D    682
     124     667       0       0       0       0       0       000000000D    683
     124       0       0       2       0                               0D    684
     100     669       0       0       0       0     687       000010000D    685
     100       0       0       1       0                               0D    686
     124     670       0       0       0       0       0       000000000D    687
     124       0       0       2       0                               0D    688
     110     672       0       0       0       0       0       000010000D    689
     110       0       0       1       0                               0D    690
     508     673       0       0       0       0       0       000010000D    691
     508       0       0       1       1                               0D    692
     510     674       0       0       0       0       0       000010001D    693
     510       0       0       1       1                               0D    694
     116     675       0       0       0       0       0       000010000D    695
     116       0       0       1       0                               0D    696
     123     676       0       0       0       0       0       000010200D    697
     123       0       0       1       0                               0D    698
     190     677       0       0       0       0       0       000010000D    699
     190       0       0       1       1                               0D    700
     123     678       0       0       0       0       0       000010200D    701
     123       0       0       1       0                               0D    702
     110     679       0       0       0       0       0       000010000D    703
     110       0       0       1       0                               0D    704
     110     680       0       0       0       0       0       000010000D    705
     110       0       0       1       0                               0D    706
     508     681       0       0       0       0       0       000010000D    707
     508       0       0       1       1                               0D    708
     510     682       0       0       0       0       0       000010001D    709
     510       0       0       1       1                               0D    710
     116     683       0       0       0       0       0       000010000D    711
     116       0       0       1       0                               0D    712
     123     684       0       0       0       0       0       000010200D    713
     123       0       0       1       0                               0D    714
     190     685       0       0       0       0       0       000010000D    715
     190       0       0       1       1                               0D    716
     123     686       0       0       0       0       0       000010200D    717
     123       0       0       1       0                               0D    718
     508     687       0       0       0       0       0       000010000D    719
     508       0       0       1       1                               0D    720
     110     688       0       0       0       0       0       000010000D    721
     110       0       0       1       0                               0D    722
     100     689       0       0       0       0     725       000010000D    723
     100       0       0       1       0                               0D    724
     124     690       0       0       0       0       0       000000000D    725
     124       0       0       2       0                               0D    726
     110     692       0       0       0       0       0       000010000D    727
     110       0       0       1       0                               0D    728
     100     693       0       0       0       0     731       000010000D    729
     100       0       0       1       0                               0D    730
     124     694       0       0       0       0       0       000000000D    731
     124       0       0       2       0                               0D    732
     508     696       0       0       0       0       0       000010000D    733
     508       0       0       1       1                               0D    734
     510     697       0       0       0       0       0       000010001D    735
     510       0       0       1       1                               0D    736
     116     698       0       0       0       0       0       000010000D    737
     116       0       0       1       0                               0D    738
     123     699       0       0       0       0       0       000010200D    739
     123       0       0       1       0                               0D    740
     190     700       0       0       0       0       0       000010000D    741
     190       0       0       1       1                               0D    742
     123     701       0       0       0       0       0       000010200D    743
     123       0       0       1       0                               0D    744
     110     702       0       0       0       0       0       000010000D    745
     110       0       0       2       0                               0D    746
     110     704       0       0       0       0       0       000010000D    747
     110       0       0       2       0                               0D    748
     110     706       0       0       0       0       0       000010000D    749
     110       0       0       1       0                               0D    750
     508     707       0       0       0       0       0       000010000D    751
     508       0       0       1       1                               0D    752
     510     708       0       0       0       0       0       000010001D    753
     510       0       0       1       1                               0D    754
     120     709       0       0       0       0       0       000010000D    755
     120       0       0       1       0                               0D    756
     110     710       0       0       0       0       0       000010000D    757
     110       0       0       1       0                               0D    758
     110     711       0       0       0       0       0       001010000D    759
     110       0       0       1       0                               0D    760
     100     712       0       0       0       0     763       000010000D    761
     100       0       0       2       0                               0D    762
     124     714       0       0       0       0       0       000000000D    763
     124       0       0       2       0                               0D    764
     110     716       0       0       0       0       0       000010000D    765
     110       0       0       1       0                               0D    766
     508     717       0       0       0       0       0       000010000D    767
     508       0       0       1       1                               0D    768
     510     718       0       0       0       0       0       000010001D    769
     510       0       0       1       1                               0D    770
     120     719       0       0       0       0       0       000010000D    771
     120       0       0       1       0                               0D    772
     110     720       0       0       0       0       0       000010000D    773
     110       0       0       2       0                               0D    774
     110     722       0       0       0       0       0       001010000D    775
     110       0       0       2       0                               0D    776
     110     724       0       0       0       0       0       000010000D    777
     110       0       0       2       0                               0D    778
     100     726       0       0       0       0     781       000010000D    779
     100       0       0       2       0                               0D    780
     124     728       0       0       0       0       0       000000000D    781
     124       0       0       2       0                               0D    782
     508     730       0       0       0       0       0       000010000D    783
     508       0       0       1       1                               0D    784
     510     731       0       0       0       0       0       000010001D    785
     510       0       0       1       1                               0D    786
     116     732       0       0       0       0       0       000010000D    787
     116       0       0       1       0                               0D    788
     123     733       0       0       0       0       0       000010200D    789
     123       0       0       1       0                               0D    790
     190     734       0       0       0       0       0       000010000D    791
     190       0       0       1       1                               0D    792
     123     735       0       0       0       0       0       000010200D    793
     123       0       0       1       0                               0D    794
     110     736       0       0       0       0       0       000010000D    795
     110       0       0       2       0                               0D    796
     508     738       0       0       0       0       0       000010000D    797
     508       0       0       1       1                               0D    798
     510     739       0       0       0       0       0       000010001D    799
     510       0       0       1       1                               0D    800
     120     740       0       0       0       0       0       000010000D    801
     120       0       0       1       0                               0D    802
     110     741       0       0       0       0       0       000010000D    803
     110       0       0       2       0                               0D    804
     110     743       0       0       0       0       0       001010000D    805
     110       0       0       1       0                               0D    806
     100     744       0       0       0       0     809       000010000D    807
     100       0       0       2       0                               0D    808
     124     746       0       0       0       0       0       000000000D    809
     124       0       0       2       0                               0D    810
     110     748       0       0       0       0       0       000010000D    811
     110       0       0       1       0                               0D    812
     100     749       0       0       0       0     815       000010000D    813
     100       0       0       2       0                               0D    814
     124     751       0       0       0       0       0       000000000D    815
     124       0       0       2       0                               0D    816
     110     753       0       0       0       0       0       000010000D    817
     110       0       0       2       0                               0D    818
     508     755       0       0       0       0       0       000010000D    819
     508       0       0       1       1                               0D    820
     510     756       0       0       0       0       0       000010001D    821
     510       0       0       1       1                               0D    822
     116     757       0       0       0       0       0       000010000D    823
     116       0       0       1       0                               0D    824
     123     758       0       0       0       0       0       000010200D    825
     123       0       0       1       0                               0D    826
     190     759       0       0       0       0       0       000010000D    827
     190       0       0       1       1                               0D    828
     123     760       0       0       0       0       0       000010200D    829
     123       0       0       1       0                               0D    830
     110     761       0       0       0       0       0       000010000D    831
     110       0       0       2       0                               0D    832
     110     763       0       0       0       0       0       000010000D    833
     110       0       0       2       0                               0D    834
     110     765       0       0       0       0       0       000010000D    835
     110       0       0       2       0                               0D    836
     508     767       0       0       0       0       0       000010000D    837
     508       0       0       1       1                               0D    838
     510     768       0       0       0       0       0       000010001D    839
     510       0       0       1       1                               0D    840
     120     769       0       0       0       0       0       000010000D    841
     120       0       0       1       0                               0D    842
     110     770       0       0       0       0       0       000010000D    843
     110       0       0       2       0                               0D    844
     110     772       0       0       0       0       0       001010000D    845
     110       0       0       2       0                               0D    846
     100     774       0       0       0       0     849       000010000D    847
     100       0       0       2       0                               0D    848
     124     776       0       0       0       0       0       000000000D    849
     124       0       0       2       0                               0D    850
     100     778       0       0       0       0     853       000010000D    851
     100       0       0       1       0                               0D    852
     124     779       0       0       0       0       0       000000000D    853
     124       0       0       2       0                               0D    854
     110     781       0       0       0       0       0       000010000D    855
     110       0       0       2       0                               0D    856
     508     783       0       0       0       0       0       000010000D    857
     508       0       0       1       1                               0D    858
     510     784       0       0       0       0       0       000010001D    859
     510       0       0       1       1                               0D    860
     116     785       0       0       0       0       0       000010000D    861
     116       0       0       1       0                               0D    862
     123     786       0       0       0       0       0       000010200D    863
     123       0       0       1       0                               0D    864
     190     787       0       0       0       0       0       000010000D    865
     190       0       0       1       1                               0D    866
     123     788       0       0       0       0       0       000010200D    867
     123       0       0       1       0                               0D    868
     110     789       0       0       0       0       0       000010000D    869
     110       0       0       1       0                               0D    870
     110     790       0       0       0       0       0       000010000D    871
     110       0       0       1       0                               0D    872
     508     791       0       0       0       0       0       000010000D    873
     508       0       0       1       1                               0D    874
     510     792       0       0       0       0       0       000010001D    875
     510       0       0       1       1                               0D    876
     116     793       0       0       0       0       0       000010000D    877
     116       0       0       1       0                               0D    878
     123     794       0       0       0       0       0       000010200D    879
     123       0       0       1       0                               0D    880
     190     795       0       0       0       0       0       000010000D    881
     190       0       0       1       1                               0D    882
     123     796       0       0       0       0       0       000010200D    883
     123       0       0       1       0                               0D    884
     508     797       0       0       0       0       0       000010000D    885
     508       0       0       1       1                               0D    886
     110     798       0       0       0       0       0       000010000D    887
     110       0       0       2       0                               0D    888
     100     800       0       0       0       0     891       000010000D    889
     100       0       0       1       0                               0D    890
     124     801       0       0       0       0       0       000000000D    891
     124       0       0       2       0                               0D    892
     110     803       0       0       0       0       0       000010000D    893
     110       0       0       2       0                               0D    894
     100     805       0       0       0       0     897       000010000D    895
     100       0       0       1       0                               0D    896
     124     806       0       0       0       0       0       000000000D    897
     124       0       0       2       0                               0D    898
     508     808       0       0       0       0       0       000010000D    899
     508       0       0       1       1                               0D    900
     510     809       0       0       0       0       0       000010001D    901
     510       0       0       1       1                               0D    902
     116     810       0       0       0       0       0       000010000D    903
     116       0       0       1       0                               0D    904
     123     811       0       0       0       0       0       000010200D    905
     123       0       0       1       0                               0D    906
     190     812       0       0       0       0       0       000010000D    907
     190       0       0       1       1                               0D    908
     123     813       0       0       0       0       0       000010200D    909
     123       0       0       1       0                               0D    910
     110     814       0       0       0       0       0       000010000D    911
     110       0       0       2       0                               0D    912
     110     816       0       0       0       0       0       000010000D    913
     110       0       0       2       0                               0D    914
     110     818       0       0       0       0       0       000010000D    915
     110       0       0       1       0                               0D    916
     508     819       0       0       0       0       0       000010000D    917
     508       0       0       1       1                               0D    918
     510     820       0       0       0       0       0       000010001D    919
     510       0       0       1       1                               0D    920
     120     821       0       0       0       0       0       000010000D    921
     120       0       0       1       0                               0D    922
     110     822       0       0       0       0       0       000010000D    923
     110       0       0       1       0                               0D    924
     110     823       0       0       0       0       0       001010000D    925
     110       0       0       1       0                               0D    926
     100     824       0       0       0       0     929       000010000D    927
     100       0       0       2       0                               0D    928
     124     826       0       0       0       0       0       000000000D    929
     124       0       0       2       0                               0D    930
     110     828       0       0       0       0       0       000010000D    931
     110       0       0       1       0                               0D    932
     508     829       0       0       0       0       0       000010000D    933
     508       0       0       1       1                               0D    934
     510     830       0       0       0       0       0       000010001D    935
     510       0       0       1       1                               0D    936
     120     831       0       0       0       0       0       000010000D    937
     120       0       0       1       0                               0D    938
     110     832       0       0       0       0       0       000010000D    939
     110       0       0       2       0                               0D    940
     110     834       0       0       0       0       0       001010000D    941
     110       0       0       2       0                               0D    942
     110     836       0       0       0       0       0       000010000D    943
     110       0       0       2       0                               0D    944
     100     838       0       0       0       0     947       000010000D    945
     100       0       0       2       0                               0D    946
     124     840       0       0       0       0       0       000000000D    947
     124       0       0       2       0                               0D    948
     508     842       0       0       0       0       0       000010000D    949
     508       0       0       1       1                               0D    950
     510     843       0       0       0       0       0       000010001D    951
     510       0       0       1       1                               0D    952
     116     844       0       0       0       0       0       000010000D    953
     116       0       0       1       0                               0D    954
     123     845       0       0       0       0       0       000010200D    955
     123       0       0       1       0                               0D    956
     190     846       0       0       0       0       0       000010000D    957
     190       0       0       1       1                               0D    958
     123     847       0       0       0       0       0       000010200D    959
     123       0       0       1       0                               0D    960
     110     848       0       0       0       0       0       000010000D    961
     110       0       0       2       0                               0D    962
     508     850       0       0       0       0       0       000010000D    963
     508       0       0       1       1                               0D    964
     510     851       0       0       0       0       0       000010001D    965
     510       0       0       1       1                               0D    966
     120     852       0       0       0       0       0       000010000D    967
     120       0       0       1       0                               0D    968
     110     853       0       0       0       0       0       000010000D    969
     110       0       0       2       0                               0D    970
     110     855       0       0       0       0       0       001010000D    971
     110       0       0       2       0                               0D    972
     100     857       0       0       0       0     975       000010000D    973
     100       0       0       2       0                               0D    974
     124     859       0       0       0       0       0       000000000D    975
     124       0       0       2       0                               0D    976
     110     861       0       0       0       0       0       000010000D    977
     110       0       0       2       0                               0D    978
     100     863       0       0       0       0     981       000010000D    979
     100       0       0       2       0                               0D    980
     124     865       0       0       0       0       0       000000000D    981
     124       0       0       2       0                               0D    982
     110     867       0       0       0       0       0       000010000D    983
     110       0       0       2       0                               0D    984
     508     869       0       0       0       0       0       000010000D    985
     508       0       0       1       1                               0D    986
     510     870       0       0       0       0       0       000010001D    987
     510       0       0       1       1                               0D    988
     116     871       0       0       0       0       0       000010000D    989
     116       0       0       1       0                               0D    990
     123     872       0       0       0       0       0       000010200D    991
     123       0       0       1       0                               0D    992
     190     873       0       0       0       0       0       000010000D    993
     190       0       0       1       1                               0D    994
     123     874       0       0       0       0       0       000010200D    995
     123       0       0       1       0                               0D    996
     110     875       0       0       0       0       0       000010000D    997
     110       0       0       2       0                               0D    998
     110     877       0       0       0       0       0       000010000D    999
     110       0       0       2       0                               0D   1000
     110     879       0       0       0       0       0       000010000D   1001
     110       0       0       2       0                               0D   1002
     508     881       0       0       0       0       0       000010000D   1003
     508       0       0       1       1                               0D   1004
     510     882       0       0       0       0       0       000010001D   1005
     510       0       0       1       1                               0D   1006
     120     883       0       0       0       0       0       000010000D   1007
     120       0       0       1       0                               0D   1008
     110     884       0       0       0       0       0       000010000D   1009
     110       0       0       2       0                               0D   1010
     110     886       0       0       0       0       0       001010000D   1011
     110       0       0       2       0                               0D   1012
     100     888       0       0       0       0    1015       000010000D   1013
     100       0       0       2       0                               0D   1014
     124     890       0       0       0       0       0       000000000D   1015
     124       0       0       2       0                               0D   1016
     100     892       0       0       0       0    1019       000010000D   1017
     100       0       0       1       0                               0D   1018
     124     893       0       0       0       0       0       000000000D   1019
     124       0       0       2       0                               0D   1020
     110     895       0       0       0       0       0       000010000D   1021
     110       0       0       1       0                               0D   1022
     508     896       0       0       0       0       0       000010000D   1023
     508       0       0       1       1                               0D   1024
     510     897       0       0       0       0       0       000010001D   1025
     510       0       0       1       1                               0D   1026
     116     898       0       0       0       0       0       000010000D   1027
     116       0       0       1       0                               0D   1028
     123     899       0       0       0       0       0       000010200D   1029
     123       0       0       1       0                               0D   1030
     190     900       0       0       0       0       0       000010000D   1031
     190       0       0       1       1                               0D   1032
     123     901       0       0       0       0       0       000010200D   1033
     123       0       0       1       0                               0D   1034
     110     902       0       0       0       0       0       000010000D   1035
     110       0       0       1       0                               0D   1036
     110     903       0       0       0       0       0       000010000D   1037
     110       0       0       1       0                               0D   1038
     508     904       0       0       0       0       0       000010000D   1039
     508       0       0       1       1                               0D   1040
     510     905       0       0       0       0       0       000010001D   1041
     510       0       0       1       1                               0D   1042
     116     906       0       0       0       0       0       000010000D   1043
     116       0       0       1       0                               0D   1044
     123     907       0       0       0       0       0       000010200D   1045
     123       0       0       1       0                               0D   1046
     190     908       0       0       0       0       0       000010000D   1047
     190       0       0       1       1                               0D   1048
     123     909       0       0       0       0       0       000010200D   1049
     123       0       0       1       0                               0D   1050
     508     910       0       0       0       0       0       000010000D   1051
     508       0       0       1       1                               0D   1052
     110     911       0       0       0       0       0       000010000D   1053
     110       0       0       2       0                               0D   1054
     100     913       0       0       0       0    1057       000010000D   1055
     100       0       0       1       0                               0D   1056
     124     914       0       0       0       0       0       000000000D   1057
     124       0       0       2       0                               0D   1058
     110     916       0       0       0       0       0       000010000D   1059
     110       0       0       2       0                               0D   1060
     100     918       0       0       0       0    1063       000010000D   1061
     100       0       0       1       0                               0D   1062
     124     919       0       0       0       0       0       000000000D   1063
     124       0       0       2       0                               0D   1064
     508     921       0       0       0       0       0       000010000D   1065
     508       0       0       1       1                               0D   1066
     510     922       0       0       0       0       0       000010001D   1067
     510       0       0       1       1                               0D   1068
     116     923       0       0       0       0       0       000010000D   1069
     116       0       0       1       0                               0D   1070
     123     924       0       0       0       0       0       000010200D   1071
     123       0       0       1       0                               0D   1072
     190     925       0       0       0       0       0       000010000D   1073
     190       0       0       1       1                               0D   1074
     123     926       0       0       0       0       0       000010200D   1075
     123       0       0       1       0                               0D   1076
     110     927       0       0       0       0       0       000010000D   1077
     110       0       0       2       0                               0D   1078
     110     929       0       0       0       0       0       000010000D   1079
     110       0       0       2       0                               0D   1080
     110     931       0       0       0       0       0       000010000D   1081
     110       0       0       2       0                               0D   1082
     508     933       0       0       0       0       0       000010000D   1083
     508       0       0       1       1                               0D   1084
     510     934       0       0       0       0       0       000010001D   1085
     510       0       0       1       1                               0D   1086
     120     935       0       0       0       0       0       000010000D   1087
     120       0       0       1       0                               0D   1088
     110     936       0       0       0       0       0       000010000D   1089
     110       0       0       2       0                               0D   1090
     110     938       0       0       0       0       0       001010000D   1091
     110       0       0       2       0                               0D   1092
     100     940       0       0       0       0    1095       000010000D   1093
     100       0       0       2       0                               0D   1094
     124     942       0       0       0       0       0       000000000D   1095
     124       0       0       2       0                               0D   1096
     110     944       0       0       0       0       0       000010000D   1097
     110       0       0       2       0                               0D   1098
     508     946       0       0       0       0       0       000010000D   1099
     508       0       0       1       1                               0D   1100
     510     947       0       0       0       0       0       000010001D   1101
     510       0       0       1       1                               0D   1102
     120     948       0       0       0       0       0       000010000D   1103
     120       0       0       1       0                               0D   1104
     110     949       0       0       0       0       0       000010000D   1105
     110       0       0       2       0                               0D   1106
     110     951       0       0       0       0       0       001010000D   1107
     110       0       0       2       0                               0D   1108
     110     953       0       0       0       0       0       000010000D   1109
     110       0       0       2       0                               0D   1110
     100     955       0       0       0       0    1113       000010000D   1111
     100       0       0       2       0                               0D   1112
     124     957       0       0       0       0       0       000000000D   1113
     124       0       0       2       0                               0D   1114
     508     959       0       0       0       0       0       000010000D   1115
     508       0       0       1       1                               0D   1116
     510     960       0       0       0       0       0       000010001D   1117
     510       0       0       1       1                               0D   1118
     116     961       0       0       0       0       0       000010000D   1119
     116       0       0       1       0                               0D   1120
     123     962       0       0       0       0       0       000010200D   1121
     123       0       0       1       0                               0D   1122
     190     963       0       0       0       0       0       000010000D   1123
     190       0       0       1       1                               0D   1124
     123     964       0       0       0       0       0       000010200D   1125
     123       0       0       1       0                               0D   1126
     110     965       0       0       0       0       0       000010000D   1127
     110       0       0       2       0                               0D   1128
     508     967       0       0       0       0       0       000010000D   1129
     508       0       0       1       1                               0D   1130
     510     968       0       0       0       0       0       000010001D   1131
     510       0       0       1       1                               0D   1132
     120     969       0       0       0       0       0       000010000D   1133
     120       0       0       1       0                               0D   1134
     110     970       0       0       0       0       0       000010000D   1135
     110       0       0       2       0                               0D   1136
     110     972       0       0       0       0       0       001010000D   1137
     110       0       0       1       0                               0D   1138
     100     973       0       0       0       0    1141       000010000D   1139
     100       0       0       2       0                               0D   1140
     124     975       0       0       0       0       0       000000000D   1141
     124       0       0       2       0                               0D   1142
     110     977       0       0       0       0       0       000010000D   1143
     110       0       0       1       0                               0D   1144
     100     978       0       0       0       0    1147       000010000D   1145
     100       0       0       2       0                               0D   1146
     124     980       0       0       0       0       0       000000000D   1147
     124       0       0       2       0                               0D   1148
     110     982       0       0       0       0       0       000010000D   1149
     110       0       0       2       0                               0D   1150
     508     984       0       0       0       0       0       000010000D   1151
     508       0       0       1       1                               0D   1152
     510     985       0       0       0       0       0       000010001D   1153
     510       0       0       1       1                               0D   1154
     116     986       0       0       0       0       0       000010000D   1155
     116       0       0       1       0                               0D   1156
     123     987       0       0       0       0       0       000010200D   1157
     123       0       0       1       0                               0D   1158
     190     988       0       0       0       0       0       000010000D   1159
     190       0       0       1       1                               0D   1160
     123     989       0       0       0       0       0       000010200D   1161
     123       0       0       1       0                               0D   1162
     110     990       0       0       0       0       0       000010000D   1163
     110       0       0       2       0                               0D   1164
     110     992       0       0       0       0       0       000010000D   1165
     110       0       0       2       0                               0D   1166
     110     994       0       0       0       0       0       000010000D   1167
     110       0       0       2       0                               0D   1168
     508     996       0       0       0       0       0       000010000D   1169
     508       0       0       1       1                               0D   1170
     510     997       0       0       0       0       0       000010001D   1171
     510       0       0       1       1                               0D   1172
     120     998       0       0       0       0       0       000010000D   1173
     120       0       0       1       0                               0D   1174
     110     999       0       0       0       0       0       000010000D   1175
     110       0       0       2       0                               0D   1176
     110    1001       0       0       0       0       0       001010000D   1177
     110       0       0       2       0                               0D   1178
     100    1003       0       0       0       0    1181       000010000D   1179
     100       0       0       2       0                               0D   1180
     124    1005       0       0       0       0       0       000000000D   1181
     124       0       0       2       0                               0D   1182
     100    1007       0       0       0       0    1185       000010000D   1183
     100       0       0       1       0                               0D   1184
     124    1008       0       0       0       0       0       000000000D   1185
     124       0       0       2       0                               0D   1186
     110    1010       0       0       0       0       0       000010000D   1187
     110       0       0       1       0                               0D   1188
     508    1011       0       0       0       0       0       000010000D   1189
     508       0       0       1       1                               0D   1190
     510    1012       0       0       0       0       0       000010001D   1191
     510       0       0       1       1                               0D   1192
     116    1013       0       0       0       0       0       000010000D   1193
     116       0       0       1       0                               0D   1194
     123    1014       0       0       0       0       0       000010200D   1195
     123       0       0       1       0                               0D   1196
     190    1015       0       0       0       0       0       000010000D   1197
     190       0       0       1       1                               0D   1198
     123    1016       0       0       0       0       0       000010200D   1199
     123       0       0       1       0                               0D   1200
     110    1017       0       0       0       0       0       000010000D   1201
     110       0       0       1       0                               0D   1202
     110    1018       0       0       0       0       0       000010000D   1203
     110       0       0       1       0                               0D   1204
     508    1019       0       0       0       0       0       000010000D   1205
     508       0       0       1       1                               0D   1206
     510    1020       0       0       0       0       0       000010001D   1207
     510       0       0       1       1                               0D   1208
     116    1021       0       0       0       0       0       000010000D   1209
     116       0       0       1       0                               0D   1210
     123    1022       0       0       0       0       0       000010200D   1211
     123       0       0       1       0                               0D   1212
     190    1023       0       0       0       0       0       000010000D   1213
     190       0       0       1       1                               0D   1214
     123    1024       0       0       0       0       0       000010200D   1215
     123       0       0       1       0                               0D   1216
     508    1025       0       0       0       0       0       000010000D   1217
     508       0       0       1       1                               0D   1218
     110    1026       0       0       0       0       0       000010000D   1219
     110       0       0       1       0                               0D   1220
     100    1027       0       0       0       0    1223       000010000D   1221
     100       0       0       1       0                               0D   1222
     124    1028       0       0       0       0       0       000000000D   1223
     124       0       0       2       0                               0D   1224
     110    1030       0       0       0       0       0       000010000D   1225
     110       0       0       1       0                               0D   1226
     100    1031       0       0       0       0    1229       000010000D   1227
     100       0       0       1       0                               0D   1228
     124    1032       0       0       0       0       0       000000000D   1229
     124       0       0       2       0                               0D   1230
     508    1034       0       0       0       0       0       000010000D   1231
     508       0       0       1       1                               0D   1232
     510    1035       0       0       0       0       0       000010001D   1233
     510       0       0       1       1                               0D   1234
     116    1036       0       0       0       0       0       000010000D   1235
     116       0       0       1       0                               0D   1236
     123    1037       0       0       0       0       0       000010200D   1237
     123       0       0       1       0                               0D   1238
     190    1038       0       0       0       0       0       000010000D   1239
     190       0       0       1       1                               0D   1240
     123    1039       0       0       0       0       0       000010200D   1241
     123       0       0       1       0                               0D   1242
     110    1040       0       0       0       0       0       000010000D   1243
     110       0       0       2       0                               0D   1244
     110    1042       0       0       0       0       0       000010000D   1245
     110       0       0       2       0                               0D   1246
     110    1044       0       0       0       0       0       000010000D   1247
     110       0       0       1       0                               0D   1248
     508    1045       0       0       0       0       0       000010000D   1249
     508       0       0       1       1                               0D   1250
     510    1046       0       0       0       0       0       000010001D   1251
     510       0       0       1       1                               0D   1252
     120    1047       0       0       0       0       0       000010000D   1253
     120       0       0       1       0                               0D   1254
     110    1048       0       0       0       0       0       000010000D   1255
     110       0       0       1       0                               0D   1256
     110    1049       0       0       0       0       0       001010000D   1257
     110       0       0       1       0                               0D   1258
     100    1050       0       0       0       0    1261       000010000D   1259
     100       0       0       2       0                               0D   1260
     124    1052       0       0       0       0       0       000000000D   1261
     124       0       0       2       0                               0D   1262
     110    1054       0       0       0       0       0       000010000D   1263
     110       0       0       1       0                               0D   1264
     508    1055       0       0       0       0       0       000010000D   1265
     508       0       0       1       1                               0D   1266
     510    1056       0       0       0       0       0       000010001D   1267
     510       0       0       1       1                               0D   1268
     120    1057       0       0       0       0       0       000010000D   1269
     120       0       0       1       0                               0D   1270
     110    1058       0       0       0       0       0       000010000D   1271
     110       0       0       2       0                               0D   1272
     110    1060       0       0       0       0       0       001010000D   1273
     110       0       0       2       0                               0D   1274
     110    1062       0       0       0       0       0       000010000D   1275
     110       0       0       2       0                               0D   1276
     100    1064       0       0       0       0    1279       000010000D   1277
     100       0       0       2       0                               0D   1278
     124    1066       0       0       0       0       0       000000000D   1279
     124       0       0       2       0                               0D   1280
     508    1068       0       0       0       0       0       000010000D   1281
     508       0       0       1       1                               0D   1282
     510    1069       0       0       0       0       0       000010001D   1283
     510       0       0       1       1                               0D   1284
     116    1070       0       0       0       0       0       000010000D   1285
     116       0       0       1       0                               0D   1286
     123    1071       0       0       0       0       0       000010200D   1287
     123       0       0       1       0                               0D   1288
     190    1072       0       0       0       0       0       000010000D   1289
     190       0       0       1       1                               0D   1290
     123    1073       0       0       0       0       0       000010200D   1291
     123       0       0       1       0                               0D   1292
     110    1074       0       0       0       0       0       000010000D   1293
     110       0       0       2       0                               0D   1294
     508    1076       0       0       0       0       0       000010000D   1295
     508       0       0       1       1                               0D   1296
     510    1077       0       0       0       0       0       000010001D   1297
     510       0       0       1       1                               0D   1298
     120    1078       0       0       0       0       0       000010000D   1299
     120       0       0       1       0                               0D   1300
     110    1079       0       0       0       0       0       000010000D   1301
     110       0       0       2       0                               0D   1302
     110    1081       0       0       0       0       0       001010000D   1303
     110       0       0       1       0                               0D   1304
     100    1082       0       0       0       0    1307       000010000D   1305
     100       0       0       2       0                               0D   1306
     124    1084       0       0       0       0       0       000000000D   1307
     124       0       0       2       0                               0D   1308
     110    1086       0       0       0       0       0       000010000D   1309
     110       0       0       1       0                               0D   1310
     100    1087       0       0       0       0    1313       000010000D   1311
     100       0       0       2       0                               0D   1312
     124    1089       0       0       0       0       0       000000000D   1313
     124       0       0       2       0                               0D   1314
     110    1091       0       0       0       0       0       000010000D   1315
     110       0       0       2       0                               0D   1316
     508    1093       0       0       0       0       0       000010000D   1317
     508       0       0       1       1                               0D   1318
     510    1094       0       0       0       0       0       000010001D   1319
     510       0       0       1       1                               0D   1320
     116    1095       0       0       0       0       0       000010000D   1321
     116       0       0       1       0                               0D   1322
     123    1096       0       0       0       0       0       000010200D   1323
     123       0       0       1       0                               0D   1324
     190    1097       0       0       0       0       0       000010000D   1325
     190       0       0       1       1                               0D   1326
     123    1098       0       0       0       0       0       000010200D   1327
     123       0       0       1       0                               0D   1328
     110    1099       0       0       0       0       0       000010000D   1329
     110       0       0       2       0                               0D   1330
     110    1101       0       0       0       0       0       000010000D   1331
     110       0       0       2       0                               0D   1332
     110    1103       0       0       0       0       0       000010000D   1333
     110       0       0       2       0                               0D   1334
     508    1105       0       0       0       0       0       000010000D   1335
     508       0       0       1       1                               0D   1336
     510    1106       0       0       0       0       0       000010001D   1337
     510       0       0       1       1                               0D   1338
     120    1107       0       0       0       0       0       000010000D   1339
     120       0       0       1       0                               0D   1340
     110    1108       0       0       0       0       0       000010000D   1341
     110       0       0       2       0                               0D   1342
     110    1110       0       0       0       0       0       001010000D   1343
     110       0       0       2       0                               0D   1344
     100    1112       0       0       0       0    1347       000010000D   1345
     100       0       0       2       0                               0D   1346
     124    1114       0       0       0       0       0       000000000D   1347
     124       0       0       2       0                               0D   1348
     100    1116       0       0       0       0    1351       000010000D   1349
     100       0       0       1       0                               0D   1350
     124    1117       0       0       0       0       0       000000000D   1351
     124       0       0       2       0                               0D   1352
     110    1119       0       0       0       0       0       000010000D   1353
     110       0       0       1       0                               0D   1354
     508    1120       0       0       0       0       0       000010000D   1355
     508       0       0       1       1                               0D   1356
     510    1121       0       0       0       0       0       000010001D   1357
     510       0       0       1       1                               0D   1358
     116    1122       0       0       0       0       0       000010000D   1359
     116       0       0       1       0                               0D   1360
     123    1123       0       0       0       0       0       000010200D   1361
     123       0       0       1       0                               0D   1362
     190    1124       0       0       0       0       0       000010000D   1363
     190       0       0       1       1                               0D   1364
     123    1125       0       0       0       0       0       000010200D   1365
     123       0       0       1       0                               0D   1366
     110    1126       0       0       0       0       0       000010000D   1367
     110       0       0       1       0                               0D   1368
     110    1127       0       0       0       0       0       000010000D   1369
     110       0       0       1       0                               0D   1370
     508    1128       0       0       0       0       0       000010000D   1371
     508       0       0       1       1                               0D   1372
     510    1129       0       0       0       0       0       000010001D   1373
     510       0       0       1       1                               0D   1374
     116    1130       0       0       0       0       0       000010000D   1375
     116       0       0       1       0                               0D   1376
     123    1131       0       0       0       0       0       000010200D   1377
     123       0       0       1       0                               0D   1378
     190    1132       0       0       0       0       0       000010000D   1379
     190       0       0       1       1                               0D   1380
     123    1133       0       0       0       0       0       000010200D   1381
     123       0       0       1       0                               0D   1382
     508    1134       0       0       0       0       0       000010000D   1383
     508       0       0       1       1                               0D   1384
     110    1135       0       0       0       0       0       000010000D   1385
     110       0       0       1       0                               0D   1386
     100    1136       0       0       0       0    1307       000010000D   1387
     100       0       0       2       0                               0D   1388
     110    1138       0       0       0       0       0       000010000D   1389
     110       0       0       1       0                               0D   1390
     100    1139       0       0       0       0    1347       000010000D   1391
     100       0       0       2       0                               0D   1392
     508    1141       0       0       0       0       0       000010000D   1393
     508       0       0       1       1                               0D   1394
     510    1142       0       0       0       0       0       000010001D   1395
     510       0       0       1       1                               0D   1396
     120    1143       0       0       0       0       0       000010000D   1397
     120       0       0       1       0                               0D   1398
     110    1144       0       0       0       0       0       000010000D   1399
     110       0       0       2       0                               0D   1400
     110    1146       0       0       0       0       0       001010000D   1401
     110       0       0       2       0                               0D   1402
     110    1148       0       0       0       0       0       000010000D   1403
     110       0       0       2       0                               0D   1404
     100    1150       0       0       0       0    1407       000010000D   1405
     100       0       0       2       0                               0D   1406
     124    1152       0       0       0       0       0       000000000D   1407
     124       0       0       2       0                               0D   1408
     110    1154       0       0       0       0       0       000010000D   1409
     110       0       0       2       0                               0D   1410
     508    1156       0       0       0       0       0       000010000D   1411
     508       0       0       1       1                               0D   1412
     510    1157       0       0       0       0       0       000010001D   1413
     510       0       0       1       1                               0D   1414
     116    1158       0       0       0       0       0       000010000D   1415
     116       0       0       1       0                               0D   1416
     123    1159       0       0       0       0       0       000010200D   1417
     123       0       0       1       0                               0D   1418
     190    1160       0       0       0       0       0       000010000D   1419
     190       0       0       1       1                               0D   1420
     123    1161       0       0       0       0       0       000010200D   1421
     123       0       0       1       0                               0D   1422
     110    1162       0       0       0       0       0       000010000D   1423
     110       0       0       1       0                               0D   1424
     110    1163       0       0       0       0       0       000010000D   1425
     110       0       0       2       0                               0D   1426
     508    1165       0       0       0       0       0       000010000D   1427
     508       0       0       1       1                               0D   1428
     510    1166       0       0       0       0       0       000010001D   1429
     510       0       0       1       1                               0D   1430
     120    1167       0       0       0       0       0       000010000D   1431
     120       0       0       1       0                               0D   1432
     110    1168       0       0       0       0       0       000010000D   1433
     110       0       0       1       0                               0D   1434
     110    1169       0       0       0       0       0       001010000D   1435
     110       0       0       1       0                               0D   1436
     110    1170       0       0       0       0       0       000010000D   1437
     110       0       0       1       0                               0D   1438
     100    1171       0       0       0       0    1441       000010000D   1439
     100       0       0       2       0                               0D   1440
     124    1173       0       0       0       0       0       000000000D   1441
     124       0       0       2       0                               0D   1442
     508    1175       0       0       0       0       0       000010000D   1443
     508       0       0       1       1                               0D   1444
     510    1176       0       0       0       0       0       000010001D   1445
     510       0       0       1       1                               0D   1446
     116    1177       0       0       0       0       0       000010000D   1447
     116       0       0       1       0                               0D   1448
     123    1178       0       0       0       0       0       000010200D   1449
     123       0       0       1       0                               0D   1450
     190    1179       0       0       0       0       0       000010000D   1451
     190       0       0       1       1                               0D   1452
     123    1180       0       0       0       0       0       000010200D   1453
     123       0       0       1       0                               0D   1454
     110    1181       0       0       0       0       0       000010000D   1455
     110       0       0       2       0                               0D   1456
     508    1183       0       0       0       0       0       000010000D   1457
     508       0       0       1       1                               0D   1458
     510    1184       0       0       0       0       0       000010001D   1459
     510       0       0       1       1                               0D   1460
     116    1185       0       0       0       0       0       000010000D   1461
     116       0       0       1       0                               0D   1462
     123    1186       0       0       0       0       0       000010200D   1463
     123       0       0       1       0                               0D   1464
     190    1187       0       0       0       0       0       000010000D   1465
     190       0       0       1       1                               0D   1466
     123    1188       0       0       0       0       0       000010200D   1467
     123       0       0       1       0                               0D   1468
     110    1189       0       0       0       0       0       000010000D   1469
     110       0       0       2       0                               0D   1470
     508    1191       0       0       0       0       0       000010000D   1471
     508       0       0       2       1                               0D   1472
     510    1193       0       0       0       0       0       000010001D   1473
     510       0       0       1       1                               0D   1474
     120    1194       0       0       0       0       0       000010000D   1475
     120       0       0       1       0                               0D   1476
     110    1195       0       0       0       0       0       000010000D   1477
     110       0       0       2       0                               0D   1478
     110    1197       0       0       0       0       0       001010000D   1479
     110       0       0       2       0                               0D   1480
     508    1199       0       0       0       0       0       000010000D   1481
     508       0       0       1       1                               0D   1482
     510    1200       0       0       0       0       0       000010001D   1483
     510       0       0       1       1                               0D   1484
     116    1201       0       0       0       0       0       000010000D   1485
     116       0       0       1       0                               0D   1486
     123    1202       0       0       0       0       0       000010200D   1487
     123       0       0       1       0                               0D   1488
     190    1203       0       0       0       0       0       000010000D   1489
     190       0       0       1       1                               0D   1490
     123    1204       0       0       0       0       0       000010200D   1491
     123       0       0       1       0                               0D   1492
     110    1205       0       0       0       0       0       000010000D   1493
     110       0       0       2       0                               0D   1494
     508    1207       0       0       0       0       0       000010000D   1495
     508       0       0       2       1                               0D   1496
     510    1209       0       0       0       0       0       000010001D   1497
     510       0       0       1       1                               0D   1498
     116    1210       0       0       0       0       0       000010000D   1499
     116       0       0       1       0                               0D   1500
     123    1211       0       0       0       0       0       000010200D   1501
     123       0       0       1       0                               0D   1502
     190    1212       0       0       0       0       0       000010000D   1503
     190       0       0       1       1                               0D   1504
     123    1213       0       0       0       0       0       000010200D   1505
     123       0       0       1       0                               0D   1506
     110    1214       0       0       0       0       0       000010000D   1507
     110       0       0       2       0                               0D   1508
     508    1216       0       0       0       0       0       000010000D   1509
     508       0       0       1       1                               0D   1510
     510    1217       0       0       0       0       0       000010001D   1511
     510       0       0       1       1                               0D   1512
     120    1218       0       0       0       0       0       000010000D   1513
     120       0       0       1       0                               0D   1514
     110    1219       0       0       0       0       0       000010000D   1515
     110       0       0       2       0                               0D   1516
     110    1221       0       0       0       0       0       001010000D   1517
     110       0       0       2       0                               0D   1518
     110    1223       0       0       0       0       0       000010000D   1519
     110       0       0       2       0                               0D   1520
     508    1225       0       0       0       0       0       000010000D   1521
     508       0       0       1       1                               0D   1522
     510    1226       0       0       0       0       0       000010001D   1523
     510       0       0       1       1                               0D   1524
     116    1227       0       0       0       0       0       000010000D   1525
     116       0       0       1       0                               0D   1526
     123    1228       0       0       0       0       0       000010200D   1527
     123       0       0       1       0                               0D   1528
     190    1229       0       0       0       0       0       000010000D   1529
     190       0       0       1       1                               0D   1530
     123    1230       0       0       0       0       0       000010200D   1531
     123       0       0       1       0                               0D   1532
     110    1231       0       0       0       0       0       000010000D   1533
     110       0       0       2       0                               0D   1534
     508    1233       0       0       0       0       0       000010000D   1535
     508       0       0       1       1                               0D   1536
     508    1234       0       0       0       0       0       000010000D   1537
     508       0       0       1       1                               0D   1538
     508    1235       0       0       0       0       0       000010000D   1539
     508       0       0       1       1                               0D   1540
     508    1236       0       0       0       0       0       000010000D   1541
     508       0       0       1       1                               0D   1542
     508    1237       0       0       0       0       0       000010000D   1543
     508       0       0       1       1                               0D   1544
     508    1238       0       0       0       0       0       000010000D   1545
     508       0       0       1       1                               0D   1546
     508    1239       0       0       0       0       0       000010000D   1547
     508       0       0       1       1                               0D   1548
     510    1240       0       0       0       0       0       000010001D   1549
     510       0       0       1       1                               0D   1550
     120    1241       0       0       0       0       0       000010000D   1551
     120       0       0       1       0                               0D   1552
     110    1242       0       0       0       0       0       000010000D   1553
     110       0       0       2       0                               0D   1554
     110    1244       0       0       0       0       0       001010000D   1555
     110       0       0       2       0                               0D   1556
     110    1246       0       0       0       0       0       000010000D   1557
     110       0       0       2       0                               0D   1558
     508    1248       0       0       0       0       0       000010000D   1559
     508       0       0       1       1                               0D   1560
     510    1249       0       0       0       0       0       000010001D   1561
     510       0       0       1       1                               0D   1562
     116    1250       0       0       0       0       0       000010000D   1563
     116       0       0       1       0                               0D   1564
     123    1251       0       0       0       0       0       000010200D   1565
     123       0       0       1       0                               0D   1566
     190    1252       0       0       0       0       0       000010000D   1567
     190       0       0       1       1                               0D   1568
     123    1253       0       0       0       0       0       000010200D   1569
     123       0       0       1       0                               0D   1570
     110    1254       0       0       0       0       0       000010000D   1571
     110       0       0       2       0                               0D   1572
     508    1256       0       0       0       0       0       000010000D   1573
     508       0       0       1       1                               0D   1574
     510    1257       0       0       0       0       0       000010001D   1575
     510       0       0       1       1                               0D   1576
     116    1258       0       0       0       0       0       000010000D   1577
     116       0       0       1       0                               0D   1578
     123    1259       0       0       0       0       0       000010200D   1579
     123       0       0       1       0                               0D   1580
     190    1260       0       0       0       0       0       000010000D   1581
     190       0       0       1       1                               0D   1582
     123    1261       0       0       0       0       0       000010200D   1583
     123       0       0       1       0                               0D   1584
     508    1262       0       0       0       0       0       000010000D   1585
     508       0       0       2       1                               0D   1586
     510    1264       0       0       0       0       0       000010001D   1587
     510       0       0       1       1                               0D   1588
     120    1265       0       0       0       0       0       000010000D   1589
     120       0       0       1       0                               0D   1590
     110    1266       0       0       0       0       0       000010000D   1591
     110       0       0       2       0                               0D   1592
     110    1268       0       0       0       0       0       001010000D   1593
     110       0       0       2       0                               0D   1594
     110    1270       0       0       0       0       0       000010000D   1595
     110       0       0       2       0                               0D   1596
     508    1272       0       0       0       0       0       000010000D   1597
     508       0       0       1       1                               0D   1598
     510    1273       0       0       0       0       0       000010001D   1599
     510       0       0       1       1                               0D   1600
     116    1274       0       0       0       0       0       000010000D   1601
     116       0       0       1       0                               0D   1602
     123    1275       0       0       0       0       0       000010200D   1603
     123       0       0       1       0                               0D   1604
     190    1276       0       0       0       0       0       000010000D   1605
     190       0       0       1       1                               0D   1606
     123    1277       0       0       0       0       0       000010200D   1607
     123       0       0       1       0                               0D   1608
     110    1278       0       0       0       0       0       000010000D   1609
     110       0       0       2       0                               0D   1610
     508    1280       0       0       0       0       0       000010000D   1611
     508       0       0       2       1                               0D   1612
     510    1282       0       0       0       0       0       000010001D   1613
     510       0       0       1       1                               0D   1614
     116    1283       0       0       0       0       0       000010000D   1615
     116       0       0       1       0                               0D   1616
     123    1284       0       0       0       0       0       000010200D   1617
     123       0       0       1       0                               0D   1618
     190    1285       0       0       0       0       0       000010000D   1619
     190       0       0       1       1                               0D   1620
     123    1286       0       0       0       0       0       000010200D   1621
     123       0       0       1       0                               0D   1622
     508    1287       0       0       0       0       0       000010000D   1623
     508       0       0       1       1                               0D   1624
     510    1288       0       0       0       0       0       000010001D   1625
     510       0       0       1       1                               0D   1626
     116    1289       0       0       0       0       0       000010000D   1627
     116       0       0       1       0                               0D   1628
     123    1290       0       0       0       0       0       000010200D   1629
     123       0       0       1       0                               0D   1630
     190    1291       0       0       0       0       0       000010000D   1631
     190       0       0       1       1                               0D   1632
     123    1292       0       0       0       0       0       000010200D   1633
     123       0       0       1       0                               0D   1634
     110    1293       0       0       0       0       0       000010000D   1635
     110       0       0       1       0                               0D   1636
     508    1294       0       0       0       0       0       000010000D   1637
     508       0       0       1       1                               0D   1638
     510    1295       0       0       0       0       0       000010001D   1639
     510       0       0       1       1                               0D   1640
     120    1296       0       0       0       0       0       000010000D   1641
     120       0       0       1       0                               0D   1642
     110    1297       0       0       0       0       0       000010000D   1643
     110       0       0       1       0                               0D   1644
     110    1298       0       0       0       0       0       001010000D   1645
     110       0       0       1       0                               0D   1646
     110    1299       0       0       0       0       0       000010000D   1647
     110       0       0       1       0                               0D   1648
     508    1300       0       0       0       0       0       000010000D   1649
     508       0       0       1       1                               0D   1650
     510    1301       0       0       0       0       0       000010001D   1651
     510       0       0       1       1                               0D   1652
     116    1302       0       0       0       0       0       000010000D   1653
     116       0       0       1       0                               0D   1654
     123    1303       0       0       0       0       0       000010200D   1655
     123       0       0       1       0                               0D   1656
     190    1304       0       0       0       0       0       000010000D   1657
     190       0       0       1       1                               0D   1658
     123    1305       0       0       0       0       0       000010200D   1659
     123       0       0       1       0                               0D   1660
     110    1306       0       0       0       0       0       000010000D   1661
     110       0       0       2       0                               0D   1662
     508    1308       0       0       0       0       0       000010000D   1663
     508       0       0       1       1                               0D   1664
     510    1309       0       0       0       0       0       000010001D   1665
     510       0       0       1       1                               0D   1666
     116    1310       0       0       0       0       0       000010000D   1667
     116       0       0       1       0                               0D   1668
     123    1311       0       0       0       0       0       000010200D   1669
     123       0       0       1       0                               0D   1670
     190    1312       0       0       0       0       0       000010000D   1671
     190       0       0       1       1                               0D   1672
     123    1313       0       0       0       0       0       000010200D   1673
     123       0       0       1       0                               0D   1674
     110    1314       0       0       0       0       0       000010000D   1675
     110       0       0       2       0                               0D   1676
     508    1316       0       0       0       0       0       000010000D   1677
     508       0       0       1       1                               0D   1678
     510    1317       0       0       0       0       0       000010001D   1679
     510       0       0       1       1                               0D   1680
     116    1318       0       0       0       0       0       000010000D   1681
     116       0       0       1       0                               0D   1682
     123    1319       0       0       0       0       0       000010200D   1683
     123       0       0       1       0                               0D   1684
     190    1320       0       0       0       0       0       000010000D   1685
     190       0       0       1       1                               0D   1686
     123    1321       0       0       0       0       0       000010200D   1687
     123       0       0       1       0                               0D   1688
     110    1322       0       0       0       0       0       000010000D   1689
     110       0       0       2       0                               0D   1690
     508    1324       0       0       0       0       0       000010000D   1691
     508       0       0       1       1                               0D   1692
     510    1325       0       0       0       0       0       000010001D   1693
     510       0       0       1       1                               0D   1694
     116    1326       0       0       0       0       0       000010000D   1695
     116       0       0       1       0                               0D   1696
     123    1327       0       0       0       0       0       000010200D   1697
     123       0       0       1       0                               0D   1698
     190    1328       0       0       0       0       0       000010000D   1699
     190       0       0       1       1                               0D   1700
     123    1329       0       0       0       0       0       000010200D   1701
     123       0       0       1       0                               0D   1702
     110    1330       0       0       0       0       0       000010000D   1703
     110       0       0       2       0                               0D   1704
     508    1332       0       0       0       0       0       000010000D   1705
     508       0       0       1       1                               0D   1706
     508    1333       0       0       0       0       0       000010000D   1707
     508       0       0       1       1                               0D   1708
     508    1334       0       0       0       0       0       000010000D   1709
     508       0       0       1       1                               0D   1710
     508    1335       0       0       0       0       0       000010000D   1711
     508       0       0       1       1                               0D   1712
     508    1336       0       0       0       0       0       000010000D   1713
     508       0       0       1       1                               0D   1714
     508    1337       0       0       0       0       0       000010000D   1715
     508       0       0       1       1                               0D   1716
     508    1338       0       0       0       0       0       000010000D   1717
     508       0       0       1       1                               0D   1718
     510    1339       0       0       0       0       0       000010001D   1719
     510       0       0       1       1                               0D   1720
     116    1340       0       0       0       0       0       000010000D   1721
     116       0       0       1       0                               0D   1722
     123    1341       0       0       0       0       0       000010200D   1723
     123       0       0       1       0                               0D   1724
     190    1342       0       0       0       0       0       000010000D   1725
     190       0       0       1       1                               0D   1726
     123    1343       0       0       0       0       0       000010200D   1727
     123       0       0       1       0                               0D   1728
     110    1344       0       0       0       0       0       000010000D   1729
     110       0       0       2       0                               0D   1730
     508    1346       0       0       0       0       0       000010000D   1731
     508       0       0       1       1                               0D   1732
     510    1347       0       0       0       0       0       000010001D   1733
     510       0       0       1       1                               0D   1734
     116    1348       0       0       0       0       0       000010000D   1735
     116       0       0       1       0                               0D   1736
     123    1349       0       0       0       0       0       000010200D   1737
     123       0       0       1       0                               0D   1738
     190    1350       0       0       0       0       0       000010000D   1739
     190       0       0       1       1                               0D   1740
     123    1351       0       0       0       0       0       000010200D   1741
     123       0       0       1       0                               0D   1742
     110    1352       0       0       0       0       0       000010000D   1743
     110       0       0       1       0                               0D   1744
     508    1353       0       0       0       0       0       000010000D   1745
     508       0       0       1       1                               0D   1746
     510    1354       0       0       0       0       0       000010001D   1747
     510       0       0       1       1                               0D   1748
     116    1355       0       0       0       0       0       000010000D   1749
     116       0       0       1       0                               0D   1750
     123    1356       0       0       0       0       0       000010200D   1751
     123       0       0       1       0                               0D   1752
     190    1357       0       0       0       0       0       000010000D   1753
     190       0       0       1       1                               0D   1754
     123    1358       0       0       0       0       0       000010200D   1755
     123       0       0       1       0                               0D   1756
     110    1359       0       0       0       0       0       000010000D   1757
     110       0       0       1       0                               0D   1758
     508    1360       0       0       0       0       0       000010000D   1759
     508       0       0       1       1                               0D   1760
     510    1361       0       0       0       0       0       000010001D   1761
     510       0       0       1       1                               0D   1762
     120    1362       0       0       0       0       0       000010000D   1763
     120       0       0       1       0                               0D   1764
     110    1363       0       0       0       0       0       000010000D   1765
     110       0       0       2       0                               0D   1766
     110    1365       0       0       0       0       0       001010000D   1767
     110       0       0       1       0                               0D   1768
     110    1366       0       0       0       0       0       000010000D   1769
     110       0       0       1       0                               0D   1770
     508    1367       0       0       0       0       0       000010000D   1771
     508       0       0       1       1                               0D   1772
     510    1368       0       0       0       0       0       000010001D   1773
     510       0       0       1       1                               0D   1774
     116    1369       0       0       0       0       0       000010000D   1775
     116       0       0       1       0                               0D   1776
     123    1370       0       0       0       0       0       000010200D   1777
     123       0       0       1       0                               0D   1778
     190    1371       0       0       0       0       0       000010000D   1779
     190       0       0       1       1                               0D   1780
     123    1372       0       0       0       0       0       000010200D   1781
     123       0       0       1       0                               0D   1782
     508    1373       0       0       0       0       0       000010000D   1783
     508       0       0       1       1                               0D   1784
     510    1374       0       0       0       0       0       000010001D   1785
     510       0       0       1       1                               0D   1786
     514    1375       0       0       0       0       0       000010000D   1787
     514       0       0      10       1                               0D   1788
     186    1385       0       0       1       0       0       000000000D   1789
     186       0   -1791       1       0                               0D   1790
     314    1386       0       0       0       0       0       000000200D   1791
     314       0       0       2       0                               0D   1792
406,2,0,18HOBT-1000LUU-01-S01;                                         1P      1
116,0.0D0,49.0D0,24.0D0,0;                                             3P      2
123,1.0D0,0.0D0,0.0D0;                                                 5P      3
192,3,5,1.0D0,9;                                                       7P      4
123,0.0D0,.707106781186548D0,.707106781186548D0;                       9P      5
502,176,499.5D0,49.0D0,25.0D0,498.5D0,50.0D0,24.0D0,-498.5D0,         11P      6
50.0D0,24.0D0,-499.5D0,49.0D0,25.0D0,498.5D0,50.0D0,17.2D0,           11P      7
-498.5D0,50.0D0,17.2D0,500.0D0,48.5D0,25.0D0,500.0D0,48.5D0,          11P      8
15.7D0,498.5D0,-50.0D0,24.0D0,499.5D0,-49.0D0,25.0D0,-499.5D0,        11P      9
-49.0D0,25.0D0,-498.5D0,-50.0D0,24.0D0,-498.5D0,-50.0D0,17.2D0,       11P     10
498.5D0,-50.0D0,17.2D0,-500.0D0,-48.5D0,25.0D0,-500.0D0,-48.5D0,      11P     11
15.7D0,-498.5D0,50.0D0,2.99760216648792D-14,-500.0D0,48.5D0,          11P     12
2.95826355537916D-14,-500.0D0,48.5D0,5.70000000000006D0,              11P     13
-498.5D0,50.0D0,5.70000000000009D0,-500.0D0,37.3D0,                   11P     14
2.66453525910038D-14,-500.0D0,37.3D0,11.8D0,-500.0D0,34.1D0,          11P     15
15.0D0,-500.0D0,18.4999999999999D0,15.0D0,-500.0D0,12.7D0,            11P     16
9.20000000000007D0,-500.0D0,12.7D0,.100000000000016D0,-500.0D0,       11P     17
-12.7D0,.100000000000016D0,-500.0D0,-12.7D0,9.20000000000002D0,       11P     18
-500.0D0,-18.5D0,15.0D0,-500.0D0,-34.1D0,15.0D0,-500.0D0,             11P     19
-37.3D0,11.8D0,-500.0D0,-37.3D0,-7.21644966006352D-15,-500.0D0,       11P     20
-48.5D0,-1.26014684251745D-14,-500.0D0,-48.5D0,                       11P     21
5.69999999999999D0,-500.0D0,-45.1577164466275D0,5.7D0,-500.0D0,       11P     22
-43.2077164466275D0,10.4077164466275D0,-500.0D0,                      11P     23
-42.243650813896D0,25.0D0,-500.0D0,-39.0888780924207D0,               11P     24
21.8452272785248D0,-500.0D0,-34.6341053709455D0,20.0D0,-500.0D0,      11P     25
34.6341053709455D0,20.0D0,-500.0D0,39.0888780924207D0,                11P     26
21.8452272785248D0,-500.0D0,42.243650813896D0,25.0D0,-500.0D0,        11P     27
48.5D0,25.0D0,-500.0D0,48.5D0,15.7D0,-500.0D0,                        11P     28
43.2077164466275D0,10.4077164466275D0,-500.0D0,                       11P     29
45.1577164466275D0,5.7D0,498.5D0,50.0D0,2.99760216648792D-14,         11P     30
500.0D0,48.5D0,2.95826355537916D-14,500.0D0,37.3D0,                   11P     31
2.66453525910038D-14,498.5D0,50.0D0,5.70000000000009D0,500.0D0,       11P     32
48.5D0,5.70000000000006D0,500.0D0,45.1577164466275D0,5.7D0,           11P     33
500.0D0,43.2077164466275D0,10.4077164466275D0,500.0D0,                11P     34
42.243650813896D0,25.0D0,500.0D0,39.0888780924207D0,                  11P     35
21.8452272785248D0,500.0D0,34.6341053709455D0,20.0D0,500.0D0,         11P     36
-34.6341053709455D0,20.0D0,500.0D0,-39.0888780924207D0,               11P     37
21.8452272785248D0,500.0D0,-42.243650813896D0,25.0D0,500.0D0,         11P     38
-48.5D0,25.0D0,500.0D0,-48.5D0,15.7D0,500.0D0,                        11P     39
-43.2077164466275D0,10.4077164466275D0,500.0D0,                       11P     40
-45.1577164466275D0,5.7D0,500.0D0,-48.5D0,5.69999999999999D0,         11P     41
500.0D0,-48.5D0,-1.26014684251745D-14,500.0D0,-37.3D0,                11P     42
-7.21644966006352D-15,500.0D0,-37.3D0,11.8D0,500.0D0,-34.1D0,         11P     43
15.0D0,500.0D0,-18.5D0,15.0D0,500.0D0,-12.7D0,                        11P     44
9.20000000000002D0,500.0D0,-12.7D0,.100000000000016D0,500.0D0,        11P     45
12.7D0,.100000000000016D0,500.0D0,12.7D0,9.20000000000007D0,          11P     46
500.0D0,18.4999999999999D0,15.0D0,500.0D0,34.1D0,15.0D0,500.0D0,      11P     47
37.3D0,11.8D0,-498.5D0,-50.0D0,-1.33226762955019D-14,-498.5D0,        11P     48
-50.0D0,5.69999999999998D0,498.5D0,-50.0D0,                           11P     49
-1.33226762955019D-14,498.5D0,-50.0D0,5.69999999999998D0,             11P     50
-469.9D0,5.5D0,10.0D0,-469.9D0,-5.50000000000001D0,10.0D0,            11P     51
-469.9D0,5.5D0,20.0D0,-469.9D0,-5.50000000000001D0,20.0D0,            11P     52
-419.1D0,-5.50000000000001D0,10.0D0,-419.1D0,                         11P     53
-5.50000000000001D0,20.0D0,-419.1D0,5.5D0,10.0D0,-419.1D0,5.5D0,      11P     54
20.0D0,-419.1D0,-3.49999999999999D0,10.0D0,-469.9D0,-3.5D0,           11P     55
10.0D0,-469.9D0,3.5D0,10.0D0,-419.1D0,3.50000000000001D0,10.0D0,      11P     56
-419.1D0,-3.49999999999999D0,.100000000000016D0,-469.9D0,-3.5D0,      11P     57
.100000000000016D0,-469.9D0,3.5D0,.100000000000016D0,-419.1D0,        11P     58
3.50000000000001D0,.100000000000016D0,-292.1D0,5.5D0,10.0D0,          11P     59
-292.1D0,-5.50000000000001D0,10.0D0,-292.1D0,5.5D0,20.0D0,            11P     60
-292.1D0,-5.50000000000001D0,20.0D0,-241.3D0,                         11P     61
-5.50000000000001D0,10.0D0,-241.3D0,-5.50000000000001D0,20.0D0,       11P     62
-241.3D0,5.5D0,10.0D0,-241.3D0,5.5D0,20.0D0,-241.3D0,                 11P     63
-3.49999999999999D0,10.0D0,-292.1D0,-3.5D0,10.0D0,-292.1D0,           11P     64
3.5D0,10.0D0,-241.3D0,3.50000000000001D0,10.0D0,-241.3D0,             11P     65
-3.49999999999999D0,.100000000000016D0,-292.1D0,-3.5D0,               11P     66
.100000000000016D0,-292.1D0,3.5D0,.100000000000016D0,-241.3D0,        11P     67
3.50000000000001D0,.100000000000016D0,-114.3D0,5.5D0,10.0D0,          11P     68
-114.3D0,-5.50000000000001D0,10.0D0,-114.3D0,5.5D0,20.0D0,            11P     69
-114.3D0,-5.50000000000001D0,20.0D0,-63.4999999999999D0,              11P     70
-5.50000000000001D0,10.0D0,-63.4999999999999D0,                       11P     71
-5.50000000000001D0,20.0D0,-63.4999999999999D0,5.5D0,10.0D0,          11P     72
-63.4999999999999D0,5.5D0,20.0D0,-63.4999999999999D0,                 11P     73
-3.49999999999999D0,10.0D0,-114.3D0,-3.5D0,10.0D0,-114.3D0,           11P     74
3.5D0,10.0D0,-63.4999999999999D0,3.50000000000001D0,10.0D0,           11P     75
-63.4999999999999D0,-3.49999999999999D0,.100000000000016D0,           11P     76
-114.3D0,-3.5D0,.100000000000016D0,-114.3D0,3.5D0,                    11P     77
.100000000000016D0,-63.4999999999999D0,3.50000000000001D0,            11P     78
.100000000000016D0,63.4999999999999D0,5.5D0,10.0D0,                   11P     79
63.4999999999999D0,-5.50000000000001D0,10.0D0,                        11P     80
63.4999999999999D0,5.5D0,20.0D0,63.4999999999999D0,                   11P     81
-5.50000000000001D0,20.0D0,114.3D0,-5.50000000000001D0,10.0D0,        11P     82
114.3D0,-5.50000000000001D0,20.0D0,114.3D0,5.5D0,10.0D0,114.3D0,      11P     83
5.5D0,20.0D0,114.3D0,-3.49999999999999D0,10.0D0,                      11P     84
63.4999999999999D0,-3.5D0,10.0D0,63.4999999999999D0,3.5D0,            11P     85
10.0D0,114.3D0,3.50000000000001D0,10.0D0,114.3D0,                     11P     86
-3.49999999999999D0,.100000000000016D0,63.4999999999999D0,            11P     87
-3.5D0,.100000000000016D0,63.4999999999999D0,3.5D0,                   11P     88
.100000000000016D0,114.3D0,3.50000000000001D0,                        11P     89
.100000000000016D0,241.3D0,5.5D0,10.0D0,241.3D0,                      11P     90
-5.50000000000001D0,10.0D0,241.3D0,5.5D0,20.0D0,241.3D0,              11P     91
-5.50000000000001D0,20.0D0,292.1D0,-5.50000000000001D0,10.0D0,        11P     92
292.1D0,-5.50000000000001D0,20.0D0,292.1D0,5.5D0,10.0D0,292.1D0,      11P     93
5.5D0,20.0D0,292.1D0,-3.49999999999999D0,10.0D0,241.3D0,-3.5D0,       11P     94
10.0D0,241.3D0,3.5D0,10.0D0,292.1D0,3.50000000000001D0,10.0D0,        11P     95
292.1D0,-3.49999999999999D0,.100000000000016D0,241.3D0,-3.5D0,        11P     96
.100000000000016D0,241.3D0,3.5D0,.100000000000016D0,292.1D0,          11P     97
3.50000000000001D0,.100000000000016D0,419.1D0,5.5D0,10.0D0,           11P     98
419.1D0,-5.50000000000001D0,10.0D0,419.1D0,5.5D0,20.0D0,419.1D0,      11P     99
-5.50000000000001D0,20.0D0,469.9D0,-5.50000000000001D0,10.0D0,        11P    100
469.9D0,-5.50000000000001D0,20.0D0,469.9D0,5.5D0,10.0D0,469.9D0,      11P    101
5.5D0,20.0D0,419.1D0,-3.5D0,10.0D0,469.9D0,-3.49999999999999D0,       11P    102
10.0D0,419.1D0,3.5D0,10.0D0,469.9D0,3.50000000000001D0,10.0D0,        11P    103
469.9D0,3.50000000000001D0,.100000000000016D0,469.9D0,                11P    104
-3.49999999999999D0,.100000000000016D0,419.1D0,3.5D0,                 11P    105
.100000000000016D0,419.1D0,-3.5D0,.100000000000016D0;                 11P    106
104,1.0D0,0.0D0,1.99999999999998D0,0.0D0,0.0D0,                       13P    107
-1.99999999999998D0,0.0D0,-2.98023221374369D-8,-1.0D0,                13P    108
1.41421356237309D0,0.0D0;                                             13P    109
124,-.707106781186543D0,4.71488944752677D-17,                         15P    110
-.707106781186552D0,499.5D0,.707106781186552D0,                       15P    111
-4.60191002114257D-15,-.707106781186543D0,49.0D0,                     15P    112
-3.28738108536917D-15,-1.0D0,3.22070247935131D-15,24.0D0;             15P    113
504,264,13,11,1,11,2,19,11,2,11,3,21,11,3,11,4,25,11,4,11,1,39,       17P    114
11,5,11,2,41,11,6,11,5,43,11,3,11,6,57,11,1,11,7,59,11,7,11,8,        17P    115
61,11,8,11,5,75,11,9,11,10,79,11,10,11,11,81,11,11,11,12,85,11,       17P    116
12,11,9,99,11,13,11,12,101,11,13,11,14,103,11,9,11,14,117,11,11,      17P    117
11,15,119,11,15,11,16,121,11,16,11,13,135,11,17,11,18,137,11,18,      17P    118
11,19,139,11,19,11,20,141,11,20,11,17,155,11,21,11,18,157,11,22,      17P    119
11,21,159,11,23,11,22,163,11,24,11,23,165,11,25,11,24,167,11,26,      17P    120
11,25,169,11,27,11,26,171,11,28,11,27,173,11,29,11,28,175,11,30,      17P    121
11,29,177,11,31,11,30,181,11,32,11,31,183,11,33,11,32,185,11,34,      17P    122
11,33,187,11,35,11,34,189,11,36,11,35,193,11,16,11,36,195,11,37,      17P    123
11,15,197,11,38,11,37,199,11,39,11,38,203,11,40,11,39,205,11,41,      17P    124
11,40,209,11,42,11,41,211,11,43,11,42,213,11,44,11,43,215,11,45,      17P    125
11,44,217,11,46,11,45,221,11,19,11,46,235,11,17,11,47,237,11,48,      17P    126
11,47,239,11,48,11,49,241,11,21,11,49,255,11,47,11,50,257,11,50,      17P    127
11,51,259,11,51,11,48,273,11,52,11,51,275,11,53,11,52,279,11,8,       17P    128
11,53,281,11,54,11,7,283,11,55,11,54,285,11,56,11,55,289,11,57,       17P    129
11,56,291,11,58,11,57,295,11,59,11,58,297,11,60,11,59,299,11,61,      17P    130
11,60,301,11,62,11,61,303,11,63,11,62,307,11,64,11,63,309,11,65,      17P    131
11,64,311,11,66,11,65,313,11,67,11,66,315,11,68,11,67,319,11,69,      17P    132
11,68,321,11,70,11,69,323,11,71,11,70,325,11,72,11,71,327,11,73,      17P    133
11,72,329,11,74,11,73,331,11,75,11,74,333,11,76,11,75,337,11,49,      17P    134
11,76,351,11,6,11,44,353,11,43,11,4,367,11,45,11,53,381,11,36,        17P    135
11,62,383,11,14,11,61,397,11,60,11,10,411,11,33,11,77,413,11,77,      17P    136
11,78,415,11,78,11,34,429,11,79,11,77,431,11,80,11,79,433,11,78,      17P    137
11,80,447,11,32,11,66,449,11,79,11,65,463,11,64,11,80,475,11,81,      17P    138
11,82,479,11,83,11,81,481,11,84,11,83,485,11,84,11,82,499,11,82,      17P    139
11,85,501,11,86,11,84,503,11,86,11,85,515,11,85,11,87,519,11,88,      17P    140
11,86,523,11,88,11,87,537,11,87,11,81,539,11,83,11,88,555,11,89,      17P    141
11,90,557,11,90,11,91,561,11,91,11,92,563,11,92,11,89,579,11,89,      17P    142
11,93,581,11,94,11,93,583,11,90,11,94,595,11,95,11,94,599,11,91,      17P    143
11,95,611,11,92,11,96,613,11,93,11,96,629,11,96,11,95,641,11,97,      17P    144
11,98,645,11,99,11,97,647,11,100,11,99,651,11,100,11,98,665,11,       17P    145
98,11,101,667,11,102,11,100,669,11,102,11,101,681,11,101,11,103,      17P    146
685,11,104,11,102,689,11,104,11,103,703,11,103,11,97,705,11,99,       17P    147
11,104,721,11,105,11,106,723,11,106,11,107,727,11,107,11,108,         17P    148
729,11,108,11,105,745,11,105,11,109,747,11,110,11,109,749,11,         17P    149
106,11,110,761,11,111,11,110,765,11,107,11,111,777,11,108,11,         17P    150
112,779,11,109,11,112,795,11,112,11,111,807,11,113,11,114,811,        17P    151
11,115,11,113,813,11,116,11,115,817,11,116,11,114,831,11,114,11,      17P    152
117,833,11,118,11,116,835,11,118,11,117,847,11,117,11,119,851,        17P    153
11,120,11,118,855,11,120,11,119,869,11,119,11,113,871,11,115,11,      17P    154
120,887,11,121,11,122,889,11,122,11,123,893,11,123,11,124,895,        17P    155
11,124,11,121,911,11,121,11,125,913,11,126,11,125,915,11,122,11,      17P    156
126,927,11,127,11,126,931,11,123,11,127,943,11,124,11,128,945,        17P    157
11,125,11,128,961,11,128,11,127,973,11,129,11,130,977,11,131,11,      17P    158
129,979,11,132,11,131,983,11,132,11,130,997,11,130,11,133,999,        17P    159
11,134,11,132,1001,11,134,11,133,1013,11,133,11,135,1017,11,136,      17P    160
11,134,1021,11,136,11,135,1035,11,135,11,129,1037,11,131,11,136,      17P    161
1053,11,137,11,138,1055,11,138,11,139,1059,11,139,11,140,1061,        17P    162
11,140,11,137,1077,11,137,11,141,1079,11,142,11,141,1081,11,138,      17P    163
11,142,1093,11,143,11,142,1097,11,139,11,143,1109,11,140,11,144,      17P    164
1111,11,141,11,144,1127,11,144,11,143,1139,11,145,11,146,1143,        17P    165
11,147,11,145,1145,11,148,11,147,1149,11,148,11,146,1163,11,146,      17P    166
11,149,1165,11,150,11,148,1167,11,150,11,149,1179,11,149,11,151,      17P    167
1183,11,152,11,150,1187,11,152,11,151,1201,11,151,11,145,1203,        17P    168
11,147,11,152,1219,11,153,11,154,1221,11,154,11,155,1225,11,155,      17P    169
11,156,1227,11,156,11,153,1243,11,153,11,157,1245,11,158,11,157,      17P    170
1247,11,154,11,158,1259,11,159,11,158,1263,11,155,11,159,1275,        17P    171
11,156,11,160,1277,11,157,11,160,1293,11,160,11,159,1305,11,161,      17P    172
11,162,1309,11,163,11,161,1311,11,164,11,163,1315,11,164,11,162,      17P    173
1329,11,162,11,165,1331,11,166,11,164,1333,11,166,11,165,1345,        17P    174
11,165,11,167,1349,11,168,11,166,1353,11,168,11,167,1367,11,167,      17P    175
11,161,1369,11,163,11,168,1385,11,169,11,170,1387,11,171,11,169,      17P    176
1389,11,172,11,171,1391,11,170,11,172,1403,11,172,11,173,1405,        17P    177
11,174,11,173,1409,11,170,11,174,1423,11,171,11,175,1425,11,173,      17P    178
11,175,1437,11,169,11,176,1439,11,175,11,176,1455,11,176,11,174,      17P    179
1469,11,35,11,63,1493,11,37,11,59,1507,11,38,11,58,1519,11,39,        17P    180
11,57,1533,11,40,11,56,1557,11,41,11,55,1571,11,42,11,54,1595,        17P    181
11,46,11,52,1609,11,20,11,50,1635,11,22,11,76,1647,11,23,11,75,       17P    182
1661,11,24,11,74,1675,11,25,11,73,1689,11,26,11,72,1703,11,27,        17P    183
11,71,1729,11,28,11,70,1743,11,29,11,69,1757,11,30,11,68,1769,        17P    184
11,31,11,67;                                                          17P    185
110,498.5D0,50.0D0,24.0D0,-498.5D0,50.0D0,24.0D0;                     19P    186
104,1.0D0,0.0D0,1.99999999999998D0,0.0D0,0.0D0,                       21P    187
-1.99999999999998D0,0.0D0,1.41421356237306D0,                         21P    188
-1.95994174912574D-7,0.0D0,1.0D0;                                     21P    189
124,.707106781186543D0,4.71488944752677D-17,.707106781186552D0,       23P    190
-499.5D0,.707106781186552D0,4.60191002114257D-15,                     23P    191
-.707106781186543D0,49.0D0,-3.28738108536917D-15,1.0D0,               23P    192
3.22070247935131D-15,24.0D0;                                          23P    193
110,-499.5D0,49.0D0,25.0D0,499.5D0,49.0D0,25.0D0;                     25P    194
508,4,0,17,1,1,0,0,17,2,1,0,0,17,3,1,0,0,17,4,1,0;                    27P    195
510,7,1,1,27;                                                         29P    196
116,0.0D0,50.0D0,25.0D0,0;                                            31P    197
123,0.0D0,1.0D0,0.0D0;                                                33P    198
190,31,33,37;                                                         35P    199
123,0.0D0,0.0D0,1.0D0;                                                37P    200
110,498.5D0,50.0D0,17.2D0,498.5D0,50.0D0,24.0D0;                      39P    201
110,-498.5D0,50.0D0,17.2D0,498.5D0,50.0D0,17.2D0;                     41P    202
110,-498.5D0,50.0D0,24.0D0,-498.5D0,50.0D0,17.2D0;                    43P    203
508,4,0,17,2,0,0,0,17,5,0,0,0,17,6,0,0,0,17,7,0,0;                    45P    204
510,35,1,1,45;                                                        47P    205
116,499.25D0,49.25D0,18.6966552819588D0,0;                            49P    206
123,.707106781186552D0,.707106781186543D0,-3.22070247935131D-15;      51P    207
190,49,51,55;                                                         53P    208
123,0.0D0,0.0D0,-1.0D0;                                               55P    209
110,499.5D0,49.0D0,25.0D0,500.0D0,48.5D0,25.0D0;                      57P    210
110,500.0D0,48.5D0,25.0D0,500.0D0,48.5D0,15.7D0;                      59P    211
110,500.0D0,48.5D0,15.7D0,498.5D0,50.0D0,17.2D0;                      61P    212
508,5,0,17,1,0,0,0,17,8,1,0,0,17,9,1,0,0,17,10,1,0,0,17,5,1,0;        63P    213
510,53,1,1,63;                                                        65P    214
116,0.0D0,-49.0D0,24.0D0,0;                                           67P    215
123,1.0D0,0.0D0,0.0D0;                                                69P    216
192,67,69,1.0D0,73;                                                   71P    217
123,0.0D0,-.707106781186544D0,.707106781186551D0;                     73P    218
104,1.0D0,0.0D0,1.99999999999999D0,0.0D0,0.0D0,                       75P    219
-1.99999999999999D0,0.0D0,1.41421356237305D0,                         75P    220
-2.25002599907999D-7,0.0D0,1.0D0;                                     75P    221
124,-.707106781186545D0,-1.18317037079443D-16,                        77P    222
-.70710678118655D0,499.5D0,-.70710678118655D0,                        77P    223
1.02037324458738D-15,.707106781186545D0,-49.0D0,                      77P    224
6.37850061340285D-16,1.0D0,-8.0517561983783D-16,24.0D0;               77P    225
110,499.5D0,-49.0D0,25.0D0,-499.5D0,-49.0D0,25.0D0;                   79P    226
104,1.0D0,0.0D0,1.99999999999999D0,0.0D0,0.0D0,                       81P    227
-1.99999999999999D0,0.0D0,0.0D0,-1.0D0,1.41421356237309D0,0.0D0;      81P    228
124,.707106781186545D0,-1.18317037079443D-16,.70710678118655D0,       83P    229
-499.5D0,-.70710678118655D0,-1.02037324458738D-15,                    83P    230
.707106781186545D0,-49.0D0,6.37850061340285D-16,-1.0D0,               83P    231
-8.0517561983783D-16,24.0D0;                                          83P    232
110,-498.5D0,-50.0D0,24.0D0,498.5D0,-50.0D0,24.0D0;                   85P    233
508,4,0,17,11,1,0,0,17,12,1,0,0,17,13,1,0,0,17,14,1,0;                87P    234
510,71,1,1,87;                                                        89P    235
116,0.0D0,-50.0D0,17.2D0,0;                                           91P    236
123,0.0D0,-1.0D0,0.0D0;                                               93P    237
190,91,93,97;                                                         95P    238
123,0.0D0,0.0D0,-1.0D0;                                               97P    239
110,-498.5D0,-50.0D0,17.2D0,-498.5D0,-50.0D0,24.0D0;                  99P    240
110,-498.5D0,-50.0D0,17.2D0,498.5D0,-50.0D0,17.2D0;                  101P    241
110,498.5D0,-50.0D0,24.0D0,498.5D0,-50.0D0,17.2D0;                   103P    242
508,4,0,17,14,0,0,0,17,15,0,0,0,17,16,1,0,0,17,17,0,0;               105P    243
510,95,1,1,105;                                                      107P    244
116,-499.25D0,-49.25D0,14.7966552819589D0,0;                         109P    245
123,-.70710678118655D0,-.707106781186545D0,8.0517561983783D-16;      111P    246
190,109,111,115;                                                     113P    247
123,0.0D0,0.0D0,1.0D0;                                               115P    248
110,-499.5D0,-49.0D0,25.0D0,-500.0D0,-48.5D0,25.0D0;                 117P    249
110,-500.0D0,-48.5D0,25.0D0,-500.0D0,-48.5D0,15.7D0;                 119P    250
110,-500.0D0,-48.5D0,15.7D0,-498.5D0,-50.0D0,17.2D0;                 121P    251
508,5,0,17,13,0,0,0,17,18,1,0,0,17,19,1,0,0,17,20,1,0,0,17,15,1,     123P    252
0;                                                                   123P    253
510,113,1,1,123;                                                     125P    254
116,-499.25D0,49.25D0,9.04665528195898D0,0;                          127P    255
123,-.70710678118655D0,.707106781186545D0,1.10181926925176D-15;      129P    256
190,127,129,133;                                                     131P    257
123,0.0D0,0.0D0,1.0D0;                                               133P    258
110,-498.5D0,50.0D0,2.99760216648792D-14,-500.0D0,48.5D0,            135P    259
2.95826355537916D-14;                                                135P    260
110,-500.0D0,48.5D0,2.95826355537916D-14,-500.0D0,48.5D0,            137P    261
5.70000000000006D0;                                                  137P    262
110,-500.0D0,48.5D0,5.70000000000006D0,-498.5D0,50.0D0,              139P    263
5.70000000000009D0;                                                  139P    264
110,-498.5D0,50.0D0,5.70000000000009D0,-498.5D0,50.0D0,              141P    265
2.99760216648792D-14;                                                141P    266
508,4,0,17,21,1,0,0,17,22,1,0,0,17,23,1,0,0,17,24,1,0;               143P    267
510,131,1,1,143;                                                     145P    268
116,-500.0D0,1.4432899320127D-14,12.3933105639178D0,0;               147P    269
123,-1.0D0,0.0D0,0.0D0;                                              149P    270
190,147,149,153;                                                     151P    271
123,0.0D0,0.0D0,1.0D0;                                               153P    272
110,-500.0D0,37.3D0,2.66453525910038D-14,-500.0D0,48.5D0,            155P    273
2.95826355537916D-14;                                                155P    274
110,-500.0D0,37.3D0,11.8D0,-500.0D0,37.3D0,2.66453525910038D-14;     157P    275
100,0.0D0,0.0D0,0.0D0,1.95943487863577D-16,3.2D0,-3.2D0,             159P    276
3.91886975727153D-16;                                                159P    277
124,0.0D0,0.0D0,-1.0D0,-500.0D0,-1.0D0,0.0D0,0.0D0,34.1D0,0.0D0,     161P    278
1.0D0,0.0D0,11.8D0;                                                  161P    279
110,-500.0D0,18.4999999999999D0,15.0D0,-500.0D0,34.1D0,15.0D0;       163P    280
110,-500.0D0,12.7D0,9.20000000000007D0,-500.0D0,                     165P    281
18.4999999999999D0,15.0D0;                                           165P    282
110,-500.0D0,12.7D0,.100000000000016D0,-500.0D0,12.7D0,              167P    283
9.20000000000007D0;                                                  167P    284
110,-500.0D0,-12.7D0,.100000000000016D0,-500.0D0,12.7D0,             169P    285
.100000000000016D0;                                                  169P    286
110,-500.0D0,-12.7D0,9.20000000000002D0,-500.0D0,-12.7D0,            171P    287
.100000000000016D0;                                                  171P    288
110,-500.0D0,-18.5D0,15.0D0,-500.0D0,-12.7D0,9.20000000000002D0;     173P    289
110,-500.0D0,-34.1D0,15.0D0,-500.0D0,-18.5D0,15.0D0;                 175P    290
100,0.0D0,0.0D0,0.0D0,1.95943487863577D-16,3.2D0,-3.2D0,             177P    291
3.91886975727153D-16;                                                177P    292
124,0.0D0,0.0D0,-1.0D0,-500.0D0,0.0D0,-1.0D0,0.0D0,-34.1D0,          179P    293
-1.0D0,0.0D0,0.0D0,11.8D0;                                           179P    294
110,-500.0D0,-37.3D0,-7.21644966006352D-15,-500.0D0,-37.3D0,         181P    295
11.8D0;                                                              181P    296
110,-500.0D0,-48.5D0,-1.26014684251745D-14,-500.0D0,-37.3D0,         183P    297
-7.21644966006352D-15;                                               183P    298
110,-500.0D0,-48.5D0,5.69999999999999D0,-500.0D0,-48.5D0,            185P    299
-1.26014684251745D-14;                                               185P    300
110,-500.0D0,-45.1577164466275D0,5.7D0,-500.0D0,-48.5D0,             187P    301
5.69999999999999D0;                                                  187P    302
100,0.0D0,0.0D0,0.0D0,1.95D0,1.95D0,-2.75771644662754D0,             189P    303
3.37722861931842D-16;                                                189P    304
124,0.0D0,0.0D0,-1.0D0,-500.0D0,0.0D0,1.0D0,0.0D0,                   191P    305
-45.1577164466275D0,1.0D0,0.0D0,0.0D0,8.45771644662753D0;            191P    306
110,-500.0D0,-48.5D0,15.7D0,-500.0D0,-43.2077164466275D0,            193P    307
10.4077164466275D0;                                                  193P    308
110,-500.0D0,-42.243650813896D0,25.0D0,-500.0D0,-48.5D0,25.0D0;      195P    309
110,-500.0D0,-39.0888780924207D0,21.8452272785248D0,-500.0D0,        197P    310
-42.243650813896D0,25.0D0;                                           197P    311
100,0.0D0,0.0D0,0.0D0,-4.45477272147524D0,4.45477272147524D0,        199P    312
-6.29999999999999D0,7.71527483462831D-16;                            199P    313
124,0.0D0,0.0D0,-1.0D0,-500.0D0,.707106781186548D0,                  201P    314
.707106781186547D0,0.0D0,-34.6341053709455D0,.707106781186547D0,     201P    315
-.707106781186548D0,0.0D0,26.3D0;                                    201P    316
110,-500.0D0,34.6341053709455D0,20.0D0,-500.0D0,                     203P    317
-34.6341053709455D0,20.0D0;                                          203P    318
100,0.0D0,0.0D0,0.0D0,-4.45477272147525D0,4.45477272147525D0,        205P    319
-6.3D0,7.71527483462832D-16;                                         205P    320
124,0.0D0,0.0D0,-1.0D0,-500.0D0,0.0D0,1.0D0,0.0D0,                   207P    321
34.6341053709455D0,1.0D0,0.0D0,0.0D0,26.3D0;                         207P    322
110,-500.0D0,42.243650813896D0,25.0D0,-500.0D0,                      209P    323
39.0888780924207D0,21.8452272785248D0;                               209P    324
110,-500.0D0,48.5D0,25.0D0,-500.0D0,42.243650813896D0,25.0D0;        211P    325
110,-500.0D0,48.5D0,15.7D0,-500.0D0,48.5D0,25.0D0;                   213P    326
110,-500.0D0,43.2077164466275D0,10.4077164466275D0,-500.0D0,         215P    327
48.5D0,15.7D0;                                                       215P    328
100,0.0D0,0.0D0,0.0D0,1.95D0,1.95D0,-2.75771644662754D0,             217P    329
3.37722861931842D-16;                                                217P    330
124,0.0D0,0.0D0,-1.0D0,-500.0D0,.707106781186548D0,                  219P    331
-.707106781186548D0,0.0D0,45.1577164466275D0,                        219P    332
-.707106781186548D0,-.707106781186548D0,0.0D0,                       219P    333
8.45771644662753D0;                                                  219P    334
110,-500.0D0,48.5D0,5.70000000000006D0,-500.0D0,                     221P    335
45.1577164466275D0,5.7D0;                                            221P    336
508,30,0,17,22,0,0,0,17,25,0,0,0,17,26,0,0,0,17,27,0,0,0,17,28,      223P    337
0,0,0,17,29,0,0,0,17,30,0,0,0,17,31,0,0,0,17,32,0,0,0,17,33,0,0,     223P    338
0,17,34,0,0,0,17,35,0,0,0,17,36,0,0,0,17,37,0,0,0,17,38,0,0,0,       223P    339
17,39,0,0,0,17,40,0,0,0,17,41,0,0,0,17,19,0,0,0,17,42,0,0,0,17,      223P    340
43,0,0,0,17,44,0,0,0,17,45,0,0,0,17,46,0,0,0,17,47,0,0,0,17,48,      223P    341
0,0,0,17,49,0,0,0,17,50,0,0,0,17,51,0,0,0,17,52,0,0;                 223P    342
510,151,1,1,223;                                                     225P    343
116,0.0D0,50.0D0,2.99760216648792D-14,0;                             227P    344
123,0.0D0,0.0D0,-1.0D0;                                              229P    345
190,227,229,233;                                                     231P    346
123,-1.0D0,0.0D0,0.0D0;                                              233P    347
110,-498.5D0,50.0D0,2.99760216648792D-14,498.5D0,50.0D0,             235P    348
2.99760216648792D-14;                                                235P    349
110,500.0D0,48.5D0,2.95826355537916D-14,498.5D0,50.0D0,              237P    350
2.99760216648792D-14;                                                237P    351
110,500.0D0,48.5D0,2.95826355537916D-14,500.0D0,37.3D0,              239P    352
2.66453525910038D-14;                                                239P    353
110,-500.0D0,37.3D0,2.66453525910038D-14,500.0D0,37.3D0,             241P    354
2.66453525910038D-14;                                                241P    355
508,6,0,17,21,0,0,0,17,53,1,0,0,17,54,0,0,0,17,55,1,0,0,17,56,0,     243P    356
0,0,17,25,1,0;                                                       243P    357
510,231,1,1,243;                                                     245P    358
116,499.25D0,49.25D0,9.04665528195898D0,0;                           247P    359
123,.70710678118655D0,.707106781186545D0,1.10181926925176D-15;       249P    360
190,247,249,253;                                                     251P    361
123,0.0D0,0.0D0,-1.0D0;                                              253P    362
110,498.5D0,50.0D0,2.99760216648792D-14,498.5D0,50.0D0,              255P    363
5.70000000000009D0;                                                  255P    364
110,498.5D0,50.0D0,5.70000000000009D0,500.0D0,48.5D0,                257P    365
5.70000000000006D0;                                                  257P    366
110,500.0D0,48.5D0,5.70000000000006D0,500.0D0,48.5D0,                259P    367
2.95826355537916D-14;                                                259P    368
508,4,0,17,54,1,0,0,17,57,1,0,0,17,58,1,0,0,17,59,1,0;               261P    369
510,251,1,1,261;                                                     263P    370
116,500.0D0,1.29063426612674D-14,12.3933105639178D0,0;               265P    371
123,1.0D0,0.0D0,0.0D0;                                               267P    372
190,265,267,271;                                                     269P    373
123,0.0D0,0.0D0,-1.0D0;                                              271P    374
110,500.0D0,45.1577164466275D0,5.7D0,500.0D0,48.5D0,                 273P    375
5.70000000000006D0;                                                  273P    376
100,0.0D0,0.0D0,0.0D0,-2.75771644662754D0,3.37722861931842D-16,      275P    377
1.95D0,-1.95D0;                                                      275P    378
124,0.0D0,0.0D0,1.0D0,500.0D0,.707106781186548D0,                    277P    379
.707106781186548D0,0.0D0,45.1577164466275D0,-.707106781186548D0,     277P    380
.707106781186548D0,0.0D0,8.45771644662753D0;                         277P    381
110,500.0D0,48.5D0,15.7D0,500.0D0,43.2077164466275D0,                279P    382
10.4077164466275D0;                                                  279P    383
110,500.0D0,42.243650813896D0,25.0D0,500.0D0,48.5D0,25.0D0;          281P    384
110,500.0D0,39.0888780924207D0,21.8452272785248D0,500.0D0,           283P    385
42.243650813896D0,25.0D0;                                            283P    386
100,0.0D0,0.0D0,0.0D0,-6.3D0,7.71527483462832D-16,                   285P    387
-4.45477272147525D0,-4.45477272147525D0;                             285P    388
124,0.0D0,0.0D0,1.0D0,500.0D0,0.0D0,-1.0D0,0.0D0,                    287P    389
34.6341053709455D0,1.0D0,0.0D0,0.0D0,26.3D0;                         287P    390
110,500.0D0,-34.6341053709455D0,20.0D0,500.0D0,                      289P    391
34.6341053709455D0,20.0D0;                                           289P    392
100,0.0D0,0.0D0,0.0D0,-6.29999999999999D0,7.71527483462831D-16,      291P    393
-4.45477272147524D0,-4.45477272147524D0;                             291P    394
124,0.0D0,0.0D0,1.0D0,500.0D0,.707106781186548D0,                    293P    395
-.707106781186547D0,0.0D0,-34.6341053709455D0,                       293P    396
.707106781186547D0,.707106781186548D0,0.0D0,26.3D0;                  293P    397
110,500.0D0,-42.243650813896D0,25.0D0,500.0D0,                       295P    398
-39.0888780924207D0,21.8452272785248D0;                              295P    399
110,500.0D0,-48.5D0,25.0D0,500.0D0,-42.243650813896D0,25.0D0;        297P    400
110,500.0D0,-48.5D0,15.7D0,500.0D0,-48.5D0,25.0D0;                   299P    401
110,500.0D0,-43.2077164466275D0,10.4077164466275D0,500.0D0,          301P    402
-48.5D0,15.7D0;                                                      301P    403
100,0.0D0,0.0D0,0.0D0,-2.75771644662754D0,3.37722861931842D-16,      303P    404
1.95D0,-1.95D0;                                                      303P    405
124,0.0D0,0.0D0,1.0D0,500.0D0,0.0D0,-1.0D0,0.0D0,                    305P    406
-45.1577164466275D0,1.0D0,0.0D0,0.0D0,8.45771644662753D0;            305P    407
110,500.0D0,-48.5D0,5.69999999999999D0,500.0D0,                      307P    408
-45.1577164466275D0,5.7D0;                                           307P    409
110,500.0D0,-48.5D0,-1.26014684251745D-14,500.0D0,-48.5D0,           309P    410
5.69999999999999D0;                                                  309P    411
110,500.0D0,-37.3D0,-7.21644966006352D-15,500.0D0,-48.5D0,           311P    412
-1.26014684251745D-14;                                               311P    413
110,500.0D0,-37.3D0,11.8D0,500.0D0,-37.3D0,                          313P    414
-7.21644966006352D-15;                                               313P    415
100,0.0D0,0.0D0,0.0D0,-3.2D0,3.91886975727153D-16,                   315P    416
-5.8783046359073D-16,-3.2D0;                                         315P    417
124,0.0D0,0.0D0,1.0D0,500.0D0,0.0D0,1.0D0,0.0D0,-34.1D0,-1.0D0,      317P    418
0.0D0,0.0D0,11.8D0;                                                  317P    419
110,500.0D0,-18.5D0,15.0D0,500.0D0,-34.1D0,15.0D0;                   319P    420
110,500.0D0,-12.7D0,9.20000000000002D0,500.0D0,-18.5D0,15.0D0;       321P    421
110,500.0D0,-12.7D0,.100000000000016D0,500.0D0,-12.7D0,              323P    422
9.20000000000002D0;                                                  323P    423
110,500.0D0,12.7D0,.100000000000016D0,500.0D0,-12.7D0,               325P    424
.100000000000016D0;                                                  325P    425
110,500.0D0,12.7D0,9.20000000000007D0,500.0D0,12.7D0,                327P    426
.100000000000016D0;                                                  327P    427
110,500.0D0,18.4999999999999D0,15.0D0,500.0D0,12.7D0,                329P    428
9.20000000000007D0;                                                  329P    429
110,500.0D0,34.1D0,15.0D0,500.0D0,18.4999999999999D0,15.0D0;         331P    430
100,0.0D0,0.0D0,0.0D0,-3.2D0,3.91886975727153D-16,                   333P    431
-5.8783046359073D-16,-3.2D0;                                         333P    432
124,0.0D0,0.0D0,1.0D0,500.0D0,-1.0D0,0.0D0,0.0D0,34.1D0,0.0D0,       335P    433
-1.0D0,0.0D0,11.8D0;                                                 335P    434
110,500.0D0,37.3D0,2.66453525910038D-14,500.0D0,37.3D0,11.8D0;       337P    435
508,30,0,17,59,0,0,0,17,60,0,0,0,17,61,0,0,0,17,62,0,0,0,17,9,0,     339P    436
0,0,17,63,0,0,0,17,64,0,0,0,17,65,0,0,0,17,66,0,0,0,17,67,0,0,0,     339P    437
17,68,0,0,0,17,69,0,0,0,17,70,0,0,0,17,71,0,0,0,17,72,0,0,0,17,      339P    438
73,0,0,0,17,74,0,0,0,17,75,0,0,0,17,76,0,0,0,17,77,0,0,0,17,78,      339P    439
0,0,0,17,79,0,0,0,17,80,0,0,0,17,81,0,0,0,17,82,0,0,0,17,83,0,0,     339P    440
0,17,84,0,0,0,17,85,0,0,0,17,86,0,0,0,17,55,0,0;                     339P    441
510,269,1,1,339;                                                     341P    442
116,-499.25D0,49.25D0,18.6966552819588D0,0;                          343P    443
123,-.707106781186552D0,.707106781186543D0,                          345P    444
-3.22070247935131D-15;                                               345P    445
190,343,345,349;                                                     347P    446
123,0.0D0,0.0D0,1.0D0;                                               349P    447
110,-498.5D0,50.0D0,17.2D0,-500.0D0,48.5D0,15.7D0;                   351P    448
110,-500.0D0,48.5D0,25.0D0,-499.5D0,49.0D0,25.0D0;                   353P    449
508,5,0,17,3,0,0,0,17,7,1,0,0,17,87,1,0,0,17,49,1,0,0,17,88,1,0;     355P    450
510,347,1,1,355;                                                     357P    451
116,0.0D0,50.0D0,17.2D0,0;                                           359P    452
123,0.0D0,.707106781186548D0,-.707106781186547D0;                    361P    453
190,359,361,365;                                                     363P    454
123,-1.0D0,0.0D0,0.0D0;                                              365P    455
110,-500.0D0,43.2077164466275D0,10.4077164466275D0,500.0D0,          367P    456
43.2077164466275D0,10.4077164466275D0;                               367P    457
508,6,0,17,87,0,0,0,17,6,1,0,0,17,10,0,0,0,17,62,1,0,0,17,89,0,      369P    458
0,0,17,50,1,0;                                                       369P    459
510,363,1,1,369;                                                     371P    460
116,0.0D0,-43.2077164466275D0,10.4077164466275D0,0;                  373P    461
123,0.0D0,-.707106781186546D0,-.707106781186549D0;                   375P    462
190,373,375,379;                                                     377P    463
123,-1.0D0,0.0D0,0.0D0;                                              379P    464
110,-500.0D0,-43.2077164466275D0,10.4077164466275D0,500.0D0,         381P    465
-43.2077164466275D0,10.4077164466275D0;                              381P    466
110,498.5D0,-50.0D0,17.2D0,500.0D0,-48.5D0,15.7D0;                   383P    467
508,6,0,17,20,0,0,0,17,41,1,0,0,17,90,1,0,0,17,71,1,0,0,17,91,0,     385P    468
0,0,17,16,0,0;                                                       385P    469
510,377,1,1,385;                                                     387P    470
116,499.25D0,-49.25D0,14.7966552819589D0,0;                          389P    471
123,.70710678118655D0,-.707106781186545D0,8.0517561983783D-16;       391P    472
190,389,391,395;                                                     393P    473
123,0.0D0,0.0D0,-1.0D0;                                              395P    474
110,500.0D0,-48.5D0,25.0D0,499.5D0,-49.0D0,25.0D0;                   397P    475
508,5,0,17,11,0,0,0,17,17,1,0,0,17,91,1,0,0,17,70,1,0,0,17,92,1,     399P    476
0;                                                                   399P    477
510,393,1,1,399;                                                     401P    478
116,-499.25D0,-49.25D0,6.19665528195889D0,0;                         403P    479
123,-.707106781186552D0,-.707106781186543D0,0.0D0;                   405P    480
190,403,405,409;                                                     407P    481
123,0.0D0,0.0D0,1.0D0;                                               409P    482
110,-500.0D0,-48.5D0,-1.26014684251745D-14,-498.5D0,-50.0D0,         411P    483
-1.33226762955019D-14;                                               411P    484
110,-498.5D0,-50.0D0,-1.33226762955019D-14,-498.5D0,-50.0D0,         413P    485
5.69999999999998D0;                                                  413P    486
110,-498.5D0,-50.0D0,5.69999999999998D0,-500.0D0,-48.5D0,            415P    487
5.69999999999999D0;                                                  415P    488
508,4,0,17,93,1,0,0,17,94,1,0,0,17,95,1,0,0,17,38,1,0;               417P    489
510,407,1,1,417;                                                     419P    490
116,0.0D0,-50.0D0,-1.33226762955019D-14,0;                           421P    491
123,0.0D0,-1.0D0,0.0D0;                                              423P    492
190,421,423,427;                                                     425P    493
123,0.0D0,0.0D0,-1.0D0;                                              427P    494
110,498.5D0,-50.0D0,-1.33226762955019D-14,-498.5D0,-50.0D0,          429P    495
-1.33226762955019D-14;                                               429P    496
110,498.5D0,-50.0D0,5.69999999999998D0,498.5D0,-50.0D0,              431P    497
-1.33226762955019D-14;                                               431P    498
110,-498.5D0,-50.0D0,5.69999999999998D0,498.5D0,-50.0D0,             433P    499
5.69999999999998D0;                                                  433P    500
508,4,0,17,94,0,0,0,17,96,0,0,0,17,97,0,0,0,17,98,0,0;               435P    501
510,425,1,1,435;                                                     437P    502
116,0.0D0,-37.3D0,-7.21644966006352D-15,0;                           439P    503
123,0.0D0,0.0D0,-1.0D0;                                              441P    504
190,439,441,445;                                                     443P    505
123,-1.0D0,0.0D0,0.0D0;                                              445P    506
110,-500.0D0,-37.3D0,-7.21644966006352D-15,500.0D0,-37.3D0,          447P    507
-7.21644966006352D-15;                                               447P    508
110,498.5D0,-50.0D0,-1.33226762955019D-14,500.0D0,-48.5D0,           449P    509
-1.26014684251745D-14;                                               449P    510
508,6,0,17,93,0,0,0,17,37,1,0,0,17,99,1,0,0,17,75,1,0,0,17,100,      451P    511
0,0,0,17,96,1,0;                                                     451P    512
510,443,1,1,451;                                                     453P    513
116,499.25D0,-49.25D0,6.19665528195889D0,0;                          455P    514
123,.707106781186552D0,-.707106781186543D0,0.0D0;                    457P    515
190,455,457,461;                                                     459P    516
123,0.0D0,0.0D0,-1.0D0;                                              461P    517
110,500.0D0,-48.5D0,5.69999999999999D0,498.5D0,-50.0D0,              463P    518
5.69999999999998D0;                                                  463P    519
508,4,0,17,100,1,0,0,17,74,1,0,0,17,101,1,0,0,17,97,1,0;             465P    520
510,459,1,1,465;                                                     467P    521
120,473,471,0.0D0,6.28318530717959D0;                                469P    522
110,-469.9D0,-5.50000000000001D0,20.5D0,-469.9D0,                    471P    523
-5.50000000000001D0,9.50000000000001D0;                              471P    524
110,-469.9D0,0.0D0,20.5D0,-469.9D0,0.0D0,19.5D0;                     473P    525
100,0.0D0,0.0D0,0.0D0,-5.50000000000001D0,6.73555739531046D-16,      475P    526
5.50000000000001D0,-1.34711147906209D-15;                            475P    527
124,0.0D0,1.0D0,0.0D0,-469.9D0,-1.0D0,0.0D0,0.0D0,0.0D0,0.0D0,       477P    528
0.0D0,1.0D0,10.0D0;                                                  477P    529
110,-469.9D0,5.5D0,20.0D0,-469.9D0,5.5D0,10.0D0;                     479P    530
100,0.0D0,0.0D0,0.0D0,5.50000000000001D0,0.0D0,                      481P    531
-5.50000000000001D0,6.73555739531046D-16;                            481P    532
124,0.0D0,-1.0D0,0.0D0,-469.9D0,-1.0D0,0.0D0,0.0D0,0.0D0,0.0D0,      483P    533
0.0D0,-1.0D0,20.0D0;                                                 483P    534
110,-469.9D0,-5.50000000000001D0,20.0D0,-469.9D0,                    485P    535
-5.50000000000001D0,10.0D0;                                          485P    536
508,4,0,17,102,0,0,0,17,103,0,0,0,17,104,0,0,0,17,105,1,0;           487P    537
510,469,1,1,487;                                                     489P    538
116,-469.9D0,-5.50000000000001D0,20.0D0,0;                           491P    539
123,0.0D0,1.0D0,0.0D0;                                               493P    540
190,491,493,497;                                                     495P    541
123,0.0D0,0.0D0,1.0D0;                                               497P    542
110,-469.9D0,-5.50000000000001D0,10.0D0,-419.1D0,                    499P    543
-5.50000000000001D0,10.0D0;                                          499P    544
110,-419.1D0,-5.50000000000001D0,20.0D0,-469.9D0,                    501P    545
-5.50000000000001D0,20.0D0;                                          501P    546
110,-419.1D0,-5.50000000000001D0,20.0D0,-419.1D0,                    503P    547
-5.50000000000001D0,10.0D0;                                          503P    548
508,4,0,17,106,0,0,0,17,105,0,0,0,17,107,0,0,0,17,108,1,0;           505P    549
510,495,1,1,505;                                                     507P    550
120,513,511,0.0D0,6.28318530717959D0;                                509P    551
110,-419.1D0,5.50000000000001D0,20.5D0,-419.1D0,                     511P    552
5.50000000000001D0,9.50000000000001D0;                               511P    553
110,-419.1D0,8.88178419700125D-15,20.5D0,-419.1D0,                   513P    554
8.88178419700125D-15,19.5D0;                                         513P    555
100,0.0D0,0.0D0,0.0D0,-5.5D0,6.73555739531044D-16,5.5D0,             515P    556
-1.34711147906209D-15;                                               515P    557
124,0.0D0,-1.0D0,0.0D0,-419.1D0,1.0D0,0.0D0,0.0D0,                   517P    558
8.88178419700125D-15,0.0D0,0.0D0,1.0D0,10.0D0;                       517P    559
100,0.0D0,0.0D0,0.0D0,5.5D0,0.0D0,-5.5D0,6.73555739531044D-16;       519P    560
124,0.0D0,1.0D0,0.0D0,-419.1D0,1.0D0,0.0D0,0.0D0,                    521P    561
8.88178419700125D-15,0.0D0,0.0D0,-1.0D0,20.0D0;                      521P    562
110,-419.1D0,5.5D0,20.0D0,-419.1D0,5.5D0,10.0D0;                     523P    563
508,4,0,17,109,0,0,0,17,108,0,0,0,17,110,0,0,0,17,111,1,0;           525P    564
510,509,1,1,525;                                                     527P    565
116,-419.1D0,5.5D0,20.0D0,0;                                         529P    566
123,0.0D0,-1.0D0,0.0D0;                                              531P    567
190,529,531,535;                                                     533P    568
123,0.0D0,0.0D0,-1.0D0;                                              535P    569
110,-419.1D0,5.5D0,10.0D0,-469.9D0,5.5D0,10.0D0;                     537P    570
110,-469.9D0,5.5D0,20.0D0,-419.1D0,5.5D0,20.0D0;                     539P    571
508,4,0,17,112,0,0,0,17,111,0,0,0,17,113,0,0,0,17,103,1,0;           541P    572
510,533,1,1,541;                                                     543P    573
116,-444.5D0,-2.90363967259029D-16,10.0D0,0;                         545P    574
123,0.0D0,0.0D0,1.0D0;                                               547P    575
190,545,547,551;                                                     549P    576
123,1.0D0,0.0D0,0.0D0;                                               551P    577
508,4,0,17,102,1,0,0,17,106,1,0,0,17,109,1,0,0,17,112,1,0;           553P    578
110,-419.1D0,-3.49999999999999D0,10.0D0,-469.9D0,-3.5D0,10.0D0;      555P    579
100,0.0D0,0.0D0,0.0D0,3.5D0,0.0D0,-3.5D0,4.28626379701574D-16;       557P    580
124,0.0D0,-1.0D0,0.0D0,-469.9D0,-1.0D0,0.0D0,0.0D0,0.0D0,0.0D0,      559P    581
0.0D0,-1.0D0,10.0D0;                                                 559P    582
110,-469.9D0,3.5D0,10.0D0,-419.1D0,3.50000000000001D0,10.0D0;        561P    583
100,0.0D0,0.0D0,0.0D0,3.5D0,0.0D0,-3.5D0,4.28626379701574D-16;       563P    584
124,0.0D0,1.0D0,0.0D0,-419.1D0,1.0D0,0.0D0,0.0D0,                    565P    585
8.88178419700125D-15,0.0D0,0.0D0,-1.0D0,10.0D0;                      565P    586
508,4,0,17,114,1,0,0,17,115,1,0,0,17,116,1,0,0,17,117,1,0;           567P    587
510,549,2,1,553,567;                                                 569P    588
116,-469.9D0,-3.5D0,20.0D0,0;                                        571P    589
123,0.0D0,1.0D0,0.0D0;                                               573P    590
190,571,573,577;                                                     575P    591
123,0.0D0,0.0D0,1.0D0;                                               577P    592
110,-419.1D0,-3.49999999999999D0,10.0D0,-419.1D0,                    579P    593
-3.49999999999999D0,.100000000000016D0;                              579P    594
110,-469.9D0,-3.5D0,.100000000000016D0,-419.1D0,                     581P    595
-3.49999999999999D0,.100000000000016D0;                              581P    596
110,-469.9D0,-3.5D0,10.0D0,-469.9D0,-3.5D0,.100000000000016D0;       583P    597
508,4,0,17,114,0,0,0,17,118,1,0,0,17,119,0,0,0,17,120,0,0;           585P    598
510,575,1,1,585;                                                     587P    599
120,593,591,0.0D0,6.28318530717959D0;                                589P    600
110,-469.9D0,-3.5D0,20.0D0,-469.9D0,-3.5D0,-.394999999999985D0;      591P    601
110,-469.9D0,0.0D0,20.0D0,-469.9D0,0.0D0,19.0D0;                     593P    602
100,0.0D0,0.0D0,0.0D0,-3.5D0,4.28626379701574D-16,3.5D0,             595P    603
-8.57252759403148D-16;                                               595P    604
124,0.0D0,1.0D0,0.0D0,-469.9D0,-1.0D0,0.0D0,0.0D0,0.0D0,0.0D0,       597P    605
0.0D0,1.0D0,.100000000000016D0;                                      597P    606
110,-469.9D0,3.5D0,10.0D0,-469.9D0,3.5D0,.100000000000016D0;         599P    607
508,4,0,17,115,0,0,0,17,120,1,0,0,17,121,0,0,0,17,122,0,0;           601P    608
510,589,1,1,601;                                                     603P    609
120,609,607,0.0D0,6.28318530717959D0;                                605P    610
110,-419.1D0,3.50000000000001D0,20.0D0,-419.1D0,                     607P    611
3.50000000000001D0,-.394999999999985D0;                              607P    612
110,-419.1D0,8.88178419700125D-15,20.0D0,-419.1D0,                   609P    613
8.88178419700125D-15,19.0D0;                                         609P    614
110,-419.1D0,3.50000000000001D0,10.0D0,-419.1D0,                     611P    615
3.50000000000001D0,.100000000000016D0;                               611P    616
100,0.0D0,0.0D0,0.0D0,-3.5D0,4.28626379701574D-16,3.5D0,             613P    617
-8.57252759403148D-16;                                               613P    618
124,0.0D0,-1.0D0,0.0D0,-419.1D0,1.0D0,0.0D0,0.0D0,                   615P    619
8.88178419700125D-15,0.0D0,0.0D0,1.0D0,.100000000000016D0;           615P    620
508,4,0,17,117,0,0,0,17,123,1,0,0,17,124,0,0,0,17,118,0,0;           617P    621
510,605,1,1,617;                                                     619P    622
116,-419.1D0,3.50000000000001D0,20.0D0,0;                            621P    623
123,0.0D0,-1.0D0,0.0D0;                                              623P    624
190,621,623,627;                                                     625P    625
123,0.0D0,0.0D0,-1.0D0;                                              627P    626
110,-419.1D0,3.50000000000001D0,.100000000000016D0,-469.9D0,         629P    627
3.5D0,.100000000000016D0;                                            629P    628
508,4,0,17,116,0,0,0,17,122,1,0,0,17,125,0,0,0,17,123,0,0;           631P    629
510,625,1,1,631;                                                     633P    630
120,639,637,0.0D0,6.28318530717959D0;                                635P    631
110,-292.1D0,-5.50000000000001D0,20.5D0,-292.1D0,                    637P    632
-5.50000000000001D0,9.50000000000001D0;                              637P    633
110,-292.1D0,0.0D0,20.5D0,-292.1D0,0.0D0,19.5D0;                     639P    634
100,0.0D0,0.0D0,0.0D0,-5.50000000000001D0,6.73555739531046D-16,      641P    635
5.50000000000001D0,-1.34711147906209D-15;                            641P    636
124,0.0D0,1.0D0,0.0D0,-292.1D0,-1.0D0,0.0D0,0.0D0,0.0D0,0.0D0,       643P    637
0.0D0,1.0D0,10.0D0;                                                  643P    638
110,-292.1D0,5.5D0,20.0D0,-292.1D0,5.5D0,10.0D0;                     645P    639
100,0.0D0,0.0D0,0.0D0,5.50000000000001D0,0.0D0,                      647P    640
-5.50000000000001D0,6.73555739531046D-16;                            647P    641
124,0.0D0,-1.0D0,0.0D0,-292.1D0,-1.0D0,0.0D0,0.0D0,0.0D0,0.0D0,      649P    642
0.0D0,-1.0D0,20.0D0;                                                 649P    643
110,-292.1D0,-5.50000000000001D0,20.0D0,-292.1D0,                    651P    644
-5.50000000000001D0,10.0D0;                                          651P    645
508,4,0,17,126,0,0,0,17,127,0,0,0,17,128,0,0,0,17,129,1,0;           653P    646
510,635,1,1,653;                                                     655P    647
116,-292.1D0,-5.50000000000001D0,20.0D0,0;                           657P    648
123,0.0D0,1.0D0,0.0D0;                                               659P    649
190,657,659,663;                                                     661P    650
123,0.0D0,0.0D0,1.0D0;                                               663P    651
110,-292.1D0,-5.50000000000001D0,10.0D0,-241.3D0,                    665P    652
-5.50000000000001D0,10.0D0;                                          665P    653
110,-241.3D0,-5.50000000000001D0,20.0D0,-292.1D0,                    667P    654
-5.50000000000001D0,20.0D0;                                          667P    655
110,-241.3D0,-5.50000000000001D0,20.0D0,-241.3D0,                    669P    656
-5.50000000000001D0,10.0D0;                                          669P    657
508,4,0,17,130,0,0,0,17,129,0,0,0,17,131,0,0,0,17,132,1,0;           671P    658
510,661,1,1,671;                                                     673P    659
120,679,677,0.0D0,6.28318530717959D0;                                675P    660
110,-241.3D0,5.50000000000001D0,20.5D0,-241.3D0,                     677P    661
5.50000000000001D0,9.50000000000001D0;                               677P    662
110,-241.3D0,8.88178419700125D-15,20.5D0,-241.3D0,                   679P    663
8.88178419700125D-15,19.5D0;                                         679P    664
100,0.0D0,0.0D0,0.0D0,-5.5D0,6.73555739531044D-16,5.5D0,             681P    665
-1.34711147906209D-15;                                               681P    666
124,0.0D0,-1.0D0,0.0D0,-241.3D0,1.0D0,0.0D0,0.0D0,                   683P    667
8.88178419700125D-15,0.0D0,0.0D0,1.0D0,10.0D0;                       683P    668
100,0.0D0,0.0D0,0.0D0,5.5D0,0.0D0,-5.5D0,6.73555739531044D-16;       685P    669
124,0.0D0,1.0D0,0.0D0,-241.3D0,1.0D0,0.0D0,0.0D0,                    687P    670
8.88178419700125D-15,0.0D0,0.0D0,-1.0D0,20.0D0;                      687P    671
110,-241.3D0,5.5D0,20.0D0,-241.3D0,5.5D0,10.0D0;                     689P    672
508,4,0,17,133,0,0,0,17,132,0,0,0,17,134,0,0,0,17,135,1,0;           691P    673
510,675,1,1,691;                                                     693P    674
116,-241.3D0,5.5D0,20.0D0,0;                                         695P    675
123,0.0D0,-1.0D0,0.0D0;                                              697P    676
190,695,697,701;                                                     699P    677
123,0.0D0,0.0D0,-1.0D0;                                              701P    678
110,-241.3D0,5.5D0,10.0D0,-292.1D0,5.5D0,10.0D0;                     703P    679
110,-292.1D0,5.5D0,20.0D0,-241.3D0,5.5D0,20.0D0;                     705P    680
508,4,0,17,136,0,0,0,17,135,0,0,0,17,137,0,0,0,17,127,1,0;           707P    681
510,699,1,1,707;                                                     709P    682
116,-266.7D0,-2.90363967259029D-16,10.0D0,0;                         711P    683
123,0.0D0,0.0D0,1.0D0;                                               713P    684
190,711,713,717;                                                     715P    685
123,1.0D0,0.0D0,0.0D0;                                               717P    686
508,4,0,17,126,1,0,0,17,130,1,0,0,17,133,1,0,0,17,136,1,0;           719P    687
110,-241.3D0,-3.49999999999999D0,10.0D0,-292.1D0,-3.5D0,10.0D0;      721P    688
100,0.0D0,0.0D0,0.0D0,3.5D0,0.0D0,-3.5D0,4.28626379701574D-16;       723P    689
124,0.0D0,-1.0D0,0.0D0,-292.1D0,-1.0D0,0.0D0,0.0D0,0.0D0,0.0D0,      725P    690
0.0D0,-1.0D0,10.0D0;                                                 725P    691
110,-292.1D0,3.5D0,10.0D0,-241.3D0,3.50000000000001D0,10.0D0;        727P    692
100,0.0D0,0.0D0,0.0D0,3.5D0,0.0D0,-3.5D0,4.28626379701574D-16;       729P    693
124,0.0D0,1.0D0,0.0D0,-241.3D0,1.0D0,0.0D0,0.0D0,                    731P    694
8.88178419700125D-15,0.0D0,0.0D0,-1.0D0,10.0D0;                      731P    695
508,4,0,17,138,1,0,0,17,139,1,0,0,17,140,1,0,0,17,141,1,0;           733P    696
510,715,2,1,719,733;                                                 735P    697
116,-292.1D0,-3.5D0,20.0D0,0;                                        737P    698
123,0.0D0,1.0D0,0.0D0;                                               739P    699
190,737,739,743;                                                     741P    700
123,0.0D0,0.0D0,1.0D0;                                               743P    701
110,-241.3D0,-3.49999999999999D0,10.0D0,-241.3D0,                    745P    702
-3.49999999999999D0,.100000000000016D0;                              745P    703
110,-292.1D0,-3.5D0,.100000000000016D0,-241.3D0,                     747P    704
-3.49999999999999D0,.100000000000016D0;                              747P    705
110,-292.1D0,-3.5D0,10.0D0,-292.1D0,-3.5D0,.100000000000016D0;       749P    706
508,4,0,17,138,0,0,0,17,142,1,0,0,17,143,0,0,0,17,144,0,0;           751P    707
510,741,1,1,751;                                                     753P    708
120,759,757,0.0D0,6.28318530717959D0;                                755P    709
110,-292.1D0,-3.5D0,20.0D0,-292.1D0,-3.5D0,-.394999999999985D0;      757P    710
110,-292.1D0,0.0D0,20.0D0,-292.1D0,0.0D0,19.0D0;                     759P    711
100,0.0D0,0.0D0,0.0D0,-3.5D0,4.28626379701574D-16,3.5D0,             761P    712
-8.57252759403148D-16;                                               761P    713
124,0.0D0,1.0D0,0.0D0,-292.1D0,-1.0D0,0.0D0,0.0D0,0.0D0,0.0D0,       763P    714
0.0D0,1.0D0,.100000000000016D0;                                      763P    715
110,-292.1D0,3.5D0,10.0D0,-292.1D0,3.5D0,.100000000000016D0;         765P    716
508,4,0,17,139,0,0,0,17,144,1,0,0,17,145,0,0,0,17,146,0,0;           767P    717
510,755,1,1,767;                                                     769P    718
120,775,773,0.0D0,6.28318530717959D0;                                771P    719
110,-241.3D0,3.50000000000001D0,20.0D0,-241.3D0,                     773P    720
3.50000000000001D0,-.394999999999985D0;                              773P    721
110,-241.3D0,8.88178419700125D-15,20.0D0,-241.3D0,                   775P    722
8.88178419700125D-15,19.0D0;                                         775P    723
110,-241.3D0,3.50000000000001D0,10.0D0,-241.3D0,                     777P    724
3.50000000000001D0,.100000000000016D0;                               777P    725
100,0.0D0,0.0D0,0.0D0,-3.5D0,4.28626379701574D-16,3.5D0,             779P    726
-8.57252759403148D-16;                                               779P    727
124,0.0D0,-1.0D0,0.0D0,-241.3D0,1.0D0,0.0D0,0.0D0,                   781P    728
8.88178419700125D-15,0.0D0,0.0D0,1.0D0,.100000000000016D0;           781P    729
508,4,0,17,141,0,0,0,17,147,1,0,0,17,148,0,0,0,17,142,0,0;           783P    730
510,771,1,1,783;                                                     785P    731
116,-241.3D0,3.50000000000001D0,20.0D0,0;                            787P    732
123,0.0D0,-1.0D0,0.0D0;                                              789P    733
190,787,789,793;                                                     791P    734
123,0.0D0,0.0D0,-1.0D0;                                              793P    735
110,-241.3D0,3.50000000000001D0,.100000000000016D0,-292.1D0,         795P    736
3.5D0,.100000000000016D0;                                            795P    737
508,4,0,17,140,0,0,0,17,146,1,0,0,17,149,0,0,0,17,147,0,0;           797P    738
510,791,1,1,797;                                                     799P    739
120,805,803,0.0D0,6.28318530717959D0;                                801P    740
110,-114.3D0,-5.50000000000001D0,20.5D0,-114.3D0,                    803P    741
-5.50000000000001D0,9.50000000000001D0;                              803P    742
110,-114.3D0,0.0D0,20.5D0,-114.3D0,0.0D0,19.5D0;                     805P    743
100,0.0D0,0.0D0,0.0D0,-5.50000000000001D0,6.73555739531046D-16,      807P    744
5.50000000000001D0,-1.34711147906209D-15;                            807P    745
124,0.0D0,1.0D0,0.0D0,-114.3D0,-1.0D0,0.0D0,0.0D0,0.0D0,0.0D0,       809P    746
0.0D0,1.0D0,10.0D0;                                                  809P    747
110,-114.3D0,5.5D0,20.0D0,-114.3D0,5.5D0,10.0D0;                     811P    748
100,0.0D0,0.0D0,0.0D0,5.50000000000001D0,0.0D0,                      813P    749
-5.50000000000001D0,6.73555739531046D-16;                            813P    750
124,0.0D0,-1.0D0,0.0D0,-114.3D0,-1.0D0,0.0D0,0.0D0,0.0D0,0.0D0,      815P    751
0.0D0,-1.0D0,20.0D0;                                                 815P    752
110,-114.3D0,-5.50000000000001D0,20.0D0,-114.3D0,                    817P    753
-5.50000000000001D0,10.0D0;                                          817P    754
508,4,0,17,150,0,0,0,17,151,0,0,0,17,152,0,0,0,17,153,1,0;           819P    755
510,801,1,1,819;                                                     821P    756
116,-114.3D0,-5.50000000000001D0,20.0D0,0;                           823P    757
123,0.0D0,1.0D0,0.0D0;                                               825P    758
190,823,825,829;                                                     827P    759
123,0.0D0,0.0D0,1.0D0;                                               829P    760
110,-114.3D0,-5.50000000000001D0,10.0D0,-63.4999999999999D0,         831P    761
-5.50000000000001D0,10.0D0;                                          831P    762
110,-63.4999999999999D0,-5.50000000000001D0,20.0D0,-114.3D0,         833P    763
-5.50000000000001D0,20.0D0;                                          833P    764
110,-63.4999999999999D0,-5.50000000000001D0,20.0D0,                  835P    765
-63.4999999999999D0,-5.50000000000001D0,10.0D0;                      835P    766
508,4,0,17,154,0,0,0,17,153,0,0,0,17,155,0,0,0,17,156,1,0;           837P    767
510,827,1,1,837;                                                     839P    768
120,845,843,0.0D0,6.28318530717959D0;                                841P    769
110,-63.4999999999999D0,5.50000000000001D0,20.5D0,                   843P    770
-63.4999999999999D0,5.50000000000001D0,9.50000000000001D0;           843P    771
110,-63.4999999999999D0,8.88178419700125D-15,20.5D0,                 845P    772
-63.4999999999999D0,8.88178419700125D-15,19.5D0;                     845P    773
100,0.0D0,0.0D0,0.0D0,-5.5D0,6.73555739531044D-16,5.5D0,             847P    774
-1.34711147906209D-15;                                               847P    775
124,0.0D0,-1.0D0,0.0D0,-63.4999999999999D0,1.0D0,0.0D0,0.0D0,        849P    776
8.88178419700125D-15,0.0D0,0.0D0,1.0D0,10.0D0;                       849P    777
100,0.0D0,0.0D0,0.0D0,5.5D0,0.0D0,-5.5D0,6.73555739531044D-16;       851P    778
124,0.0D0,1.0D0,0.0D0,-63.4999999999999D0,1.0D0,0.0D0,0.0D0,         853P    779
8.88178419700125D-15,0.0D0,0.0D0,-1.0D0,20.0D0;                      853P    780
110,-63.4999999999999D0,5.5D0,20.0D0,-63.4999999999999D0,5.5D0,      855P    781
10.0D0;                                                              855P    782
508,4,0,17,157,0,0,0,17,156,0,0,0,17,158,0,0,0,17,159,1,0;           857P    783
510,841,1,1,857;                                                     859P    784
116,-63.4999999999999D0,5.5D0,20.0D0,0;                              861P    785
123,0.0D0,-1.0D0,0.0D0;                                              863P    786
190,861,863,867;                                                     865P    787
123,0.0D0,0.0D0,-1.0D0;                                              867P    788
110,-63.4999999999999D0,5.5D0,10.0D0,-114.3D0,5.5D0,10.0D0;          869P    789
110,-114.3D0,5.5D0,20.0D0,-63.4999999999999D0,5.5D0,20.0D0;          871P    790
508,4,0,17,160,0,0,0,17,159,0,0,0,17,161,0,0,0,17,151,1,0;           873P    791
510,865,1,1,873;                                                     875P    792
116,-88.8999999999999D0,-2.90363967259029D-16,10.0D0,0;              877P    793
123,0.0D0,0.0D0,1.0D0;                                               879P    794
190,877,879,883;                                                     881P    795
123,1.0D0,0.0D0,0.0D0;                                               883P    796
508,4,0,17,150,1,0,0,17,154,1,0,0,17,157,1,0,0,17,160,1,0;           885P    797
110,-63.4999999999999D0,-3.49999999999999D0,10.0D0,-114.3D0,         887P    798
-3.5D0,10.0D0;                                                       887P    799
100,0.0D0,0.0D0,0.0D0,3.5D0,0.0D0,-3.5D0,4.28626379701574D-16;       889P    800
124,0.0D0,-1.0D0,0.0D0,-114.3D0,-1.0D0,0.0D0,0.0D0,0.0D0,0.0D0,      891P    801
0.0D0,-1.0D0,10.0D0;                                                 891P    802
110,-114.3D0,3.5D0,10.0D0,-63.4999999999999D0,                       893P    803
3.50000000000001D0,10.0D0;                                           893P    804
100,0.0D0,0.0D0,0.0D0,3.5D0,0.0D0,-3.5D0,4.28626379701574D-16;       895P    805
124,0.0D0,1.0D0,0.0D0,-63.4999999999999D0,1.0D0,0.0D0,0.0D0,         897P    806
8.88178419700125D-15,0.0D0,0.0D0,-1.0D0,10.0D0;                      897P    807
508,4,0,17,162,1,0,0,17,163,1,0,0,17,164,1,0,0,17,165,1,0;           899P    808
510,881,2,1,885,899;                                                 901P    809
116,-114.3D0,-3.5D0,20.0D0,0;                                        903P    810
123,0.0D0,1.0D0,0.0D0;                                               905P    811
190,903,905,909;                                                     907P    812
123,0.0D0,0.0D0,1.0D0;                                               909P    813
110,-63.4999999999999D0,-3.49999999999999D0,10.0D0,                  911P    814
-63.4999999999999D0,-3.49999999999999D0,.100000000000016D0;          911P    815
110,-114.3D0,-3.5D0,.100000000000016D0,-63.4999999999999D0,          913P    816
-3.49999999999999D0,.100000000000016D0;                              913P    817
110,-114.3D0,-3.5D0,10.0D0,-114.3D0,-3.5D0,.100000000000016D0;       915P    818
508,4,0,17,162,0,0,0,17,166,1,0,0,17,167,0,0,0,17,168,0,0;           917P    819
510,907,1,1,917;                                                     919P    820
120,925,923,0.0D0,6.28318530717959D0;                                921P    821
110,-114.3D0,-3.5D0,20.0D0,-114.3D0,-3.5D0,-.394999999999985D0;      923P    822
110,-114.3D0,0.0D0,20.0D0,-114.3D0,0.0D0,19.0D0;                     925P    823
100,0.0D0,0.0D0,0.0D0,-3.5D0,4.28626379701574D-16,3.5D0,             927P    824
-8.57252759403148D-16;                                               927P    825
124,0.0D0,1.0D0,0.0D0,-114.3D0,-1.0D0,0.0D0,0.0D0,0.0D0,0.0D0,       929P    826
0.0D0,1.0D0,.100000000000016D0;                                      929P    827
110,-114.3D0,3.5D0,10.0D0,-114.3D0,3.5D0,.100000000000016D0;         931P    828
508,4,0,17,163,0,0,0,17,168,1,0,0,17,169,0,0,0,17,170,0,0;           933P    829
510,921,1,1,933;                                                     935P    830
120,941,939,0.0D0,6.28318530717959D0;                                937P    831
110,-63.4999999999999D0,3.50000000000001D0,20.0D0,                   939P    832
-63.4999999999999D0,3.50000000000001D0,-.394999999999985D0;          939P    833
110,-63.4999999999999D0,8.88178419700125D-15,20.0D0,                 941P    834
-63.4999999999999D0,8.88178419700125D-15,19.0D0;                     941P    835
110,-63.4999999999999D0,3.50000000000001D0,10.0D0,                   943P    836
-63.4999999999999D0,3.50000000000001D0,.100000000000016D0;           943P    837
100,0.0D0,0.0D0,0.0D0,-3.5D0,4.28626379701574D-16,3.5D0,             945P    838
-8.57252759403148D-16;                                               945P    839
124,0.0D0,-1.0D0,0.0D0,-63.4999999999999D0,1.0D0,0.0D0,0.0D0,        947P    840
8.88178419700125D-15,0.0D0,0.0D0,1.0D0,.100000000000016D0;           947P    841
508,4,0,17,165,0,0,0,17,171,1,0,0,17,172,0,0,0,17,166,0,0;           949P    842
510,937,1,1,949;                                                     951P    843
116,-63.4999999999999D0,3.50000000000001D0,20.0D0,0;                 953P    844
123,0.0D0,-1.0D0,0.0D0;                                              955P    845
190,953,955,959;                                                     957P    846
123,0.0D0,0.0D0,-1.0D0;                                              959P    847
110,-63.4999999999999D0,3.50000000000001D0,.100000000000016D0,       961P    848
-114.3D0,3.5D0,.100000000000016D0;                                   961P    849
508,4,0,17,164,0,0,0,17,170,1,0,0,17,173,0,0,0,17,171,0,0;           963P    850
510,957,1,1,963;                                                     965P    851
120,971,969,0.0D0,6.28318530717959D0;                                967P    852
110,63.4999999999999D0,-5.50000000000001D0,20.5D0,                   969P    853
63.4999999999999D0,-5.50000000000001D0,9.50000000000001D0;           969P    854
110,63.4999999999999D0,0.0D0,20.5D0,63.4999999999999D0,0.0D0,        971P    855
19.5D0;                                                              971P    856
100,0.0D0,0.0D0,0.0D0,-5.50000000000001D0,6.73555739531046D-16,      973P    857
5.50000000000001D0,-1.34711147906209D-15;                            973P    858
124,0.0D0,1.0D0,0.0D0,63.4999999999999D0,-1.0D0,0.0D0,0.0D0,         975P    859
0.0D0,0.0D0,0.0D0,1.0D0,10.0D0;                                      975P    860
110,63.4999999999999D0,5.5D0,20.0D0,63.4999999999999D0,5.5D0,        977P    861
10.0D0;                                                              977P    862
100,0.0D0,0.0D0,0.0D0,5.50000000000001D0,0.0D0,                      979P    863
-5.50000000000001D0,6.73555739531046D-16;                            979P    864
124,0.0D0,-1.0D0,0.0D0,63.4999999999999D0,-1.0D0,0.0D0,0.0D0,        981P    865
0.0D0,0.0D0,0.0D0,-1.0D0,20.0D0;                                     981P    866
110,63.4999999999999D0,-5.50000000000001D0,20.0D0,                   983P    867
63.4999999999999D0,-5.50000000000001D0,10.0D0;                       983P    868
508,4,0,17,174,0,0,0,17,175,0,0,0,17,176,0,0,0,17,177,1,0;           985P    869
510,967,1,1,985;                                                     987P    870
116,63.4999999999999D0,-5.50000000000001D0,20.0D0,0;                 989P    871
123,0.0D0,1.0D0,0.0D0;                                               991P    872
190,989,991,995;                                                     993P    873
123,0.0D0,0.0D0,1.0D0;                                               995P    874
110,63.4999999999999D0,-5.50000000000001D0,10.0D0,114.3D0,           997P    875
-5.50000000000001D0,10.0D0;                                          997P    876
110,114.3D0,-5.50000000000001D0,20.0D0,63.4999999999999D0,           999P    877
-5.50000000000001D0,20.0D0;                                          999P    878
110,114.3D0,-5.50000000000001D0,20.0D0,114.3D0,                     1001P    879
-5.50000000000001D0,10.0D0;                                         1001P    880
508,4,0,17,178,0,0,0,17,177,0,0,0,17,179,0,0,0,17,180,1,0;          1003P    881
510,993,1,1,1003;                                                   1005P    882
120,1011,1009,0.0D0,6.28318530717959D0;                             1007P    883
110,114.3D0,5.50000000000001D0,20.5D0,114.3D0,                      1009P    884
5.50000000000001D0,9.50000000000001D0;                              1009P    885
110,114.3D0,8.88178419700125D-15,20.5D0,114.3D0,                    1011P    886
8.88178419700125D-15,19.5D0;                                        1011P    887
100,0.0D0,0.0D0,0.0D0,-5.5D0,6.73555739531044D-16,5.5D0,            1013P    888
-1.34711147906209D-15;                                              1013P    889
124,0.0D0,-1.0D0,0.0D0,114.3D0,1.0D0,0.0D0,0.0D0,                   1015P    890
8.88178419700125D-15,0.0D0,0.0D0,1.0D0,10.0D0;                      1015P    891
100,0.0D0,0.0D0,0.0D0,5.5D0,0.0D0,-5.5D0,6.73555739531044D-16;      1017P    892
124,0.0D0,1.0D0,0.0D0,114.3D0,1.0D0,0.0D0,0.0D0,                    1019P    893
8.88178419700125D-15,0.0D0,0.0D0,-1.0D0,20.0D0;                     1019P    894
110,114.3D0,5.5D0,20.0D0,114.3D0,5.5D0,10.0D0;                      1021P    895
508,4,0,17,181,0,0,0,17,180,0,0,0,17,182,0,0,0,17,183,1,0;          1023P    896
510,1007,1,1,1023;                                                  1025P    897
116,114.3D0,5.5D0,20.0D0,0;                                         1027P    898
123,0.0D0,-1.0D0,0.0D0;                                             1029P    899
190,1027,1029,1033;                                                 1031P    900
123,0.0D0,0.0D0,-1.0D0;                                             1033P    901
110,114.3D0,5.5D0,10.0D0,63.4999999999999D0,5.5D0,10.0D0;           1035P    902
110,63.4999999999999D0,5.5D0,20.0D0,114.3D0,5.5D0,20.0D0;           1037P    903
508,4,0,17,184,0,0,0,17,183,0,0,0,17,185,0,0,0,17,175,1,0;          1039P    904
510,1031,1,1,1039;                                                  1041P    905
116,88.9000000000001D0,-2.90363967259029D-16,10.0D0,0;              1043P    906
123,0.0D0,0.0D0,1.0D0;                                              1045P    907
190,1043,1045,1049;                                                 1047P    908
123,1.0D0,0.0D0,0.0D0;                                              1049P    909
508,4,0,17,174,1,0,0,17,178,1,0,0,17,181,1,0,0,17,184,1,0;          1051P    910
110,114.3D0,-3.49999999999999D0,10.0D0,63.4999999999999D0,          1053P    911
-3.5D0,10.0D0;                                                      1053P    912
100,0.0D0,0.0D0,0.0D0,3.5D0,0.0D0,-3.5D0,4.28626379701574D-16;      1055P    913
124,0.0D0,-1.0D0,0.0D0,63.4999999999999D0,-1.0D0,0.0D0,0.0D0,       1057P    914
0.0D0,0.0D0,0.0D0,-1.0D0,10.0D0;                                    1057P    915
110,63.4999999999999D0,3.5D0,10.0D0,114.3D0,3.50000000000001D0,     1059P    916
10.0D0;                                                             1059P    917
100,0.0D0,0.0D0,0.0D0,3.5D0,0.0D0,-3.5D0,4.28626379701574D-16;      1061P    918
124,0.0D0,1.0D0,0.0D0,114.3D0,1.0D0,0.0D0,0.0D0,                    1063P    919
8.88178419700125D-15,0.0D0,0.0D0,-1.0D0,10.0D0;                     1063P    920
508,4,0,17,186,1,0,0,17,187,1,0,0,17,188,1,0,0,17,189,1,0;          1065P    921
510,1047,2,1,1051,1065;                                             1067P    922
116,63.4999999999999D0,-3.5D0,20.0D0,0;                             1069P    923
123,0.0D0,1.0D0,0.0D0;                                              1071P    924
190,1069,1071,1075;                                                 1073P    925
123,0.0D0,0.0D0,1.0D0;                                              1075P    926
110,114.3D0,-3.49999999999999D0,10.0D0,114.3D0,                     1077P    927
-3.49999999999999D0,.100000000000016D0;                             1077P    928
110,63.4999999999999D0,-3.5D0,.100000000000016D0,114.3D0,           1079P    929
-3.49999999999999D0,.100000000000016D0;                             1079P    930
110,63.4999999999999D0,-3.5D0,10.0D0,63.4999999999999D0,-3.5D0,     1081P    931
.100000000000016D0;                                                 1081P    932
508,4,0,17,186,0,0,0,17,190,1,0,0,17,191,0,0,0,17,192,0,0;          1083P    933
510,1073,1,1,1083;                                                  1085P    934
120,1091,1089,0.0D0,6.28318530717959D0;                             1087P    935
110,63.4999999999999D0,-3.5D0,20.0D0,63.4999999999999D0,-3.5D0,     1089P    936
-.394999999999985D0;                                                1089P    937
110,63.4999999999999D0,0.0D0,20.0D0,63.4999999999999D0,0.0D0,       1091P    938
19.0D0;                                                             1091P    939
100,0.0D0,0.0D0,0.0D0,-3.5D0,4.28626379701574D-16,3.5D0,            1093P    940
-8.57252759403148D-16;                                              1093P    941
124,0.0D0,1.0D0,0.0D0,63.4999999999999D0,-1.0D0,0.0D0,0.0D0,        1095P    942
0.0D0,0.0D0,0.0D0,1.0D0,.100000000000016D0;                         1095P    943
110,63.4999999999999D0,3.5D0,10.0D0,63.4999999999999D0,3.5D0,       1097P    944
.100000000000016D0;                                                 1097P    945
508,4,0,17,187,0,0,0,17,192,1,0,0,17,193,0,0,0,17,194,0,0;          1099P    946
510,1087,1,1,1099;                                                  1101P    947
120,1107,1105,0.0D0,6.28318530717959D0;                             1103P    948
110,114.3D0,3.50000000000001D0,20.0D0,114.3D0,                      1105P    949
3.50000000000001D0,-.394999999999985D0;                             1105P    950
110,114.3D0,8.88178419700125D-15,20.0D0,114.3D0,                    1107P    951
8.88178419700125D-15,19.0D0;                                        1107P    952
110,114.3D0,3.50000000000001D0,10.0D0,114.3D0,                      1109P    953
3.50000000000001D0,.100000000000016D0;                              1109P    954
100,0.0D0,0.0D0,0.0D0,-3.5D0,4.28626379701574D-16,3.5D0,            1111P    955
-8.57252759403148D-16;                                              1111P    956
124,0.0D0,-1.0D0,0.0D0,114.3D0,1.0D0,0.0D0,0.0D0,                   1113P    957
8.88178419700125D-15,0.0D0,0.0D0,1.0D0,.100000000000016D0;          1113P    958
508,4,0,17,189,0,0,0,17,195,1,0,0,17,196,0,0,0,17,190,0,0;          1115P    959
510,1103,1,1,1115;                                                  1117P    960
116,114.3D0,3.50000000000001D0,20.0D0,0;                            1119P    961
123,0.0D0,-1.0D0,0.0D0;                                             1121P    962
190,1119,1121,1125;                                                 1123P    963
123,0.0D0,0.0D0,-1.0D0;                                             1125P    964
110,114.3D0,3.50000000000001D0,.100000000000016D0,                  1127P    965
63.4999999999999D0,3.5D0,.100000000000016D0;                        1127P    966
508,4,0,17,188,0,0,0,17,194,1,0,0,17,197,0,0,0,17,195,0,0;          1129P    967
510,1123,1,1,1129;                                                  1131P    968
120,1137,1135,0.0D0,6.28318530717959D0;                             1133P    969
110,241.3D0,-5.50000000000001D0,20.5D0,241.3D0,                     1135P    970
-5.50000000000001D0,9.50000000000001D0;                             1135P    971
110,241.3D0,0.0D0,20.5D0,241.3D0,0.0D0,19.5D0;                      1137P    972
100,0.0D0,0.0D0,0.0D0,-5.50000000000001D0,6.73555739531046D-16,     1139P    973
5.50000000000001D0,-1.34711147906209D-15;                           1139P    974
124,0.0D0,1.0D0,0.0D0,241.3D0,-1.0D0,0.0D0,0.0D0,0.0D0,0.0D0,       1141P    975
0.0D0,1.0D0,10.0D0;                                                 1141P    976
110,241.3D0,5.5D0,20.0D0,241.3D0,5.5D0,10.0D0;                      1143P    977
100,0.0D0,0.0D0,0.0D0,5.50000000000001D0,0.0D0,                     1145P    978
-5.50000000000001D0,6.73555739531046D-16;                           1145P    979
124,0.0D0,-1.0D0,0.0D0,241.3D0,-1.0D0,0.0D0,0.0D0,0.0D0,0.0D0,      1147P    980
0.0D0,-1.0D0,20.0D0;                                                1147P    981
110,241.3D0,-5.50000000000001D0,20.0D0,241.3D0,                     1149P    982
-5.50000000000001D0,10.0D0;                                         1149P    983
508,4,0,17,198,0,0,0,17,199,0,0,0,17,200,0,0,0,17,201,1,0;          1151P    984
510,1133,1,1,1151;                                                  1153P    985
116,241.3D0,-5.50000000000001D0,20.0D0,0;                           1155P    986
123,0.0D0,1.0D0,0.0D0;                                              1157P    987
190,1155,1157,1161;                                                 1159P    988
123,0.0D0,0.0D0,1.0D0;                                              1161P    989
110,241.3D0,-5.50000000000001D0,10.0D0,292.1D0,                     1163P    990
-5.50000000000001D0,10.0D0;                                         1163P    991
110,292.1D0,-5.50000000000001D0,20.0D0,241.3D0,                     1165P    992
-5.50000000000001D0,20.0D0;                                         1165P    993
110,292.1D0,-5.50000000000001D0,20.0D0,292.1D0,                     1167P    994
-5.50000000000001D0,10.0D0;                                         1167P    995
508,4,0,17,202,0,0,0,17,201,0,0,0,17,203,0,0,0,17,204,1,0;          1169P    996
510,1159,1,1,1169;                                                  1171P    997
120,1177,1175,0.0D0,6.28318530717959D0;                             1173P    998
110,292.1D0,5.50000000000001D0,20.5D0,292.1D0,                      1175P    999
5.50000000000001D0,9.50000000000001D0;                              1175P   1000
110,292.1D0,8.88178419700125D-15,20.5D0,292.1D0,                    1177P   1001
8.88178419700125D-15,19.5D0;                                        1177P   1002
100,0.0D0,0.0D0,0.0D0,-5.5D0,6.73555739531044D-16,5.5D0,            1179P   1003
-1.34711147906209D-15;                                              1179P   1004
124,0.0D0,-1.0D0,0.0D0,292.1D0,1.0D0,0.0D0,0.0D0,                   1181P   1005
8.88178419700125D-15,0.0D0,0.0D0,1.0D0,10.0D0;                      1181P   1006
100,0.0D0,0.0D0,0.0D0,5.5D0,0.0D0,-5.5D0,6.73555739531044D-16;      1183P   1007
124,0.0D0,1.0D0,0.0D0,292.1D0,1.0D0,0.0D0,0.0D0,                    1185P   1008
8.88178419700125D-15,0.0D0,0.0D0,-1.0D0,20.0D0;                     1185P   1009
110,292.1D0,5.5D0,20.0D0,292.1D0,5.5D0,10.0D0;                      1187P   1010
508,4,0,17,205,0,0,0,17,204,0,0,0,17,206,0,0,0,17,207,1,0;          1189P   1011
510,1173,1,1,1189;                                                  1191P   1012
116,292.1D0,5.5D0,20.0D0,0;                                         1193P   1013
123,0.0D0,-1.0D0,0.0D0;                                             1195P   1014
190,1193,1195,1199;                                                 1197P   1015
123,0.0D0,0.0D0,-1.0D0;                                             1199P   1016
110,292.1D0,5.5D0,10.0D0,241.3D0,5.5D0,10.0D0;                      1201P   1017
110,241.3D0,5.5D0,20.0D0,292.1D0,5.5D0,20.0D0;                      1203P   1018
508,4,0,17,208,0,0,0,17,207,0,0,0,17,209,0,0,0,17,199,1,0;          1205P   1019
510,1197,1,1,1205;                                                  1207P   1020
116,266.7D0,-2.90363967259029D-16,10.0D0,0;                         1209P   1021
123,0.0D0,0.0D0,1.0D0;                                              1211P   1022
190,1209,1211,1215;                                                 1213P   1023
123,1.0D0,0.0D0,0.0D0;                                              1215P   1024
508,4,0,17,198,1,0,0,17,202,1,0,0,17,205,1,0,0,17,208,1,0;          1217P   1025
110,292.1D0,-3.49999999999999D0,10.0D0,241.3D0,-3.5D0,10.0D0;       1219P   1026
100,0.0D0,0.0D0,0.0D0,3.5D0,0.0D0,-3.5D0,4.28626379701574D-16;      1221P   1027
124,0.0D0,-1.0D0,0.0D0,241.3D0,-1.0D0,0.0D0,0.0D0,0.0D0,0.0D0,      1223P   1028
0.0D0,-1.0D0,10.0D0;                                                1223P   1029
110,241.3D0,3.5D0,10.0D0,292.1D0,3.50000000000001D0,10.0D0;         1225P   1030
100,0.0D0,0.0D0,0.0D0,3.5D0,0.0D0,-3.5D0,4.28626379701574D-16;      1227P   1031
124,0.0D0,1.0D0,0.0D0,292.1D0,1.0D0,0.0D0,0.0D0,                    1229P   1032
8.88178419700125D-15,0.0D0,0.0D0,-1.0D0,10.0D0;                     1229P   1033
508,4,0,17,210,1,0,0,17,211,1,0,0,17,212,1,0,0,17,213,1,0;          1231P   1034
510,1213,2,1,1217,1231;                                             1233P   1035
116,241.3D0,-3.5D0,20.0D0,0;                                        1235P   1036
123,0.0D0,1.0D0,0.0D0;                                              1237P   1037
190,1235,1237,1241;                                                 1239P   1038
123,0.0D0,0.0D0,1.0D0;                                              1241P   1039
110,292.1D0,-3.49999999999999D0,10.0D0,292.1D0,                     1243P   1040
-3.49999999999999D0,.100000000000016D0;                             1243P   1041
110,241.3D0,-3.5D0,.100000000000016D0,292.1D0,                      1245P   1042
-3.49999999999999D0,.100000000000016D0;                             1245P   1043
110,241.3D0,-3.5D0,10.0D0,241.3D0,-3.5D0,.100000000000016D0;        1247P   1044
508,4,0,17,210,0,0,0,17,214,1,0,0,17,215,0,0,0,17,216,0,0;          1249P   1045
510,1239,1,1,1249;                                                  1251P   1046
120,1257,1255,0.0D0,6.28318530717959D0;                             1253P   1047
110,241.3D0,-3.5D0,20.0D0,241.3D0,-3.5D0,-.394999999999985D0;       1255P   1048
110,241.3D0,0.0D0,20.0D0,241.3D0,0.0D0,19.0D0;                      1257P   1049
100,0.0D0,0.0D0,0.0D0,-3.5D0,4.28626379701574D-16,3.5D0,            1259P   1050
-8.57252759403148D-16;                                              1259P   1051
124,0.0D0,1.0D0,0.0D0,241.3D0,-1.0D0,0.0D0,0.0D0,0.0D0,0.0D0,       1261P   1052
0.0D0,1.0D0,.100000000000016D0;                                     1261P   1053
110,241.3D0,3.5D0,10.0D0,241.3D0,3.5D0,.100000000000016D0;          1263P   1054
508,4,0,17,211,0,0,0,17,216,1,0,0,17,217,0,0,0,17,218,0,0;          1265P   1055
510,1253,1,1,1265;                                                  1267P   1056
120,1273,1271,0.0D0,6.28318530717959D0;                             1269P   1057
110,292.1D0,3.50000000000001D0,20.0D0,292.1D0,                      1271P   1058
3.50000000000001D0,-.394999999999985D0;                             1271P   1059
110,292.1D0,8.88178419700125D-15,20.0D0,292.1D0,                    1273P   1060
8.88178419700125D-15,19.0D0;                                        1273P   1061
110,292.1D0,3.50000000000001D0,10.0D0,292.1D0,                      1275P   1062
3.50000000000001D0,.100000000000016D0;                              1275P   1063
100,0.0D0,0.0D0,0.0D0,-3.5D0,4.28626379701574D-16,3.5D0,            1277P   1064
-8.57252759403148D-16;                                              1277P   1065
124,0.0D0,-1.0D0,0.0D0,292.1D0,1.0D0,0.0D0,0.0D0,                   1279P   1066
8.88178419700125D-15,0.0D0,0.0D0,1.0D0,.100000000000016D0;          1279P   1067
508,4,0,17,213,0,0,0,17,219,1,0,0,17,220,0,0,0,17,214,0,0;          1281P   1068
510,1269,1,1,1281;                                                  1283P   1069
116,292.1D0,3.50000000000001D0,20.0D0,0;                            1285P   1070
123,0.0D0,-1.0D0,0.0D0;                                             1287P   1071
190,1285,1287,1291;                                                 1289P   1072
123,0.0D0,0.0D0,-1.0D0;                                             1291P   1073
110,292.1D0,3.50000000000001D0,.100000000000016D0,241.3D0,3.5D0,    1293P   1074
.100000000000016D0;                                                 1293P   1075
508,4,0,17,212,0,0,0,17,218,1,0,0,17,221,0,0,0,17,219,0,0;          1295P   1076
510,1289,1,1,1295;                                                  1297P   1077
120,1303,1301,0.0D0,6.28318530717959D0;                             1299P   1078
110,419.1D0,-5.50000000000001D0,20.5D0,419.1D0,                     1301P   1079
-5.50000000000001D0,9.50000000000001D0;                             1301P   1080
110,419.1D0,0.0D0,20.5D0,419.1D0,0.0D0,19.5D0;                      1303P   1081
100,0.0D0,0.0D0,0.0D0,-5.50000000000001D0,6.73555739531046D-16,     1305P   1082
5.50000000000001D0,-1.34711147906209D-15;                           1305P   1083
124,0.0D0,1.0D0,0.0D0,419.1D0,-1.0D0,0.0D0,0.0D0,0.0D0,0.0D0,       1307P   1084
0.0D0,1.0D0,10.0D0;                                                 1307P   1085
110,419.1D0,5.5D0,20.0D0,419.1D0,5.5D0,10.0D0;                      1309P   1086
100,0.0D0,0.0D0,0.0D0,5.50000000000001D0,0.0D0,                     1311P   1087
-5.50000000000001D0,6.73555739531046D-16;                           1311P   1088
124,0.0D0,-1.0D0,0.0D0,419.1D0,-1.0D0,0.0D0,0.0D0,0.0D0,0.0D0,      1313P   1089
0.0D0,-1.0D0,20.0D0;                                                1313P   1090
110,419.1D0,-5.50000000000001D0,20.0D0,419.1D0,                     1315P   1091
-5.50000000000001D0,10.0D0;                                         1315P   1092
508,4,0,17,222,0,0,0,17,223,0,0,0,17,224,0,0,0,17,225,1,0;          1317P   1093
510,1299,1,1,1317;                                                  1319P   1094
116,419.1D0,-5.50000000000001D0,20.0D0,0;                           1321P   1095
123,0.0D0,1.0D0,0.0D0;                                              1323P   1096
190,1321,1323,1327;                                                 1325P   1097
123,0.0D0,0.0D0,1.0D0;                                              1327P   1098
110,419.1D0,-5.50000000000001D0,10.0D0,469.9D0,                     1329P   1099
-5.50000000000001D0,10.0D0;                                         1329P   1100
110,469.9D0,-5.50000000000001D0,20.0D0,419.1D0,                     1331P   1101
-5.50000000000001D0,20.0D0;                                         1331P   1102
110,469.9D0,-5.50000000000001D0,20.0D0,469.9D0,                     1333P   1103
-5.50000000000001D0,10.0D0;                                         1333P   1104
508,4,0,17,226,0,0,0,17,225,0,0,0,17,227,0,0,0,17,228,1,0;          1335P   1105
510,1325,1,1,1335;                                                  1337P   1106
120,1343,1341,0.0D0,6.28318530717959D0;                             1339P   1107
110,469.9D0,5.50000000000001D0,20.5D0,469.9D0,                      1341P   1108
5.50000000000001D0,9.50000000000001D0;                              1341P   1109
110,469.9D0,8.88178419700125D-15,20.5D0,469.9D0,                    1343P   1110
8.88178419700125D-15,19.5D0;                                        1343P   1111
100,0.0D0,0.0D0,0.0D0,-5.5D0,6.73555739531044D-16,5.5D0,            1345P   1112
-1.34711147906209D-15;                                              1345P   1113
124,0.0D0,-1.0D0,0.0D0,469.9D0,1.0D0,0.0D0,0.0D0,                   1347P   1114
8.88178419700125D-15,0.0D0,0.0D0,1.0D0,10.0D0;                      1347P   1115
100,0.0D0,0.0D0,0.0D0,5.5D0,0.0D0,-5.5D0,6.73555739531044D-16;      1349P   1116
124,0.0D0,1.0D0,0.0D0,469.9D0,1.0D0,0.0D0,0.0D0,                    1351P   1117
8.88178419700125D-15,0.0D0,0.0D0,-1.0D0,20.0D0;                     1351P   1118
110,469.9D0,5.5D0,20.0D0,469.9D0,5.5D0,10.0D0;                      1353P   1119
508,4,0,17,229,0,0,0,17,228,0,0,0,17,230,0,0,0,17,231,1,0;          1355P   1120
510,1339,1,1,1355;                                                  1357P   1121
116,469.9D0,5.5D0,20.0D0,0;                                         1359P   1122
123,0.0D0,-1.0D0,0.0D0;                                             1361P   1123
190,1359,1361,1365;                                                 1363P   1124
123,0.0D0,0.0D0,-1.0D0;                                             1365P   1125
110,469.9D0,5.5D0,10.0D0,419.1D0,5.5D0,10.0D0;                      1367P   1126
110,419.1D0,5.5D0,20.0D0,469.9D0,5.5D0,20.0D0;                      1369P   1127
508,4,0,17,232,0,0,0,17,231,0,0,0,17,233,0,0,0,17,223,1,0;          1371P   1128
510,1363,1,1,1371;                                                  1373P   1129
116,444.5D0,-2.90363967259029D-16,10.0D0,0;                         1375P   1130
123,0.0D0,0.0D0,1.0D0;                                              1377P   1131
190,1375,1377,1381;                                                 1379P   1132
123,1.0D0,0.0D0,0.0D0;                                              1381P   1133
508,4,0,17,222,1,0,0,17,226,1,0,0,17,229,1,0,0,17,232,1,0;          1383P   1134
110,419.1D0,-3.5D0,10.0D0,469.9D0,-3.49999999999999D0,10.0D0;       1385P   1135
100,0.0D0,0.0D0,0.0D0,-3.5D0,4.28626379701574D-16,3.5D0,            1387P   1136
-8.57252759403148D-16;                                              1387P   1137
110,469.9D0,3.50000000000001D0,10.0D0,419.1D0,3.5D0,10.0D0;         1389P   1138
100,0.0D0,0.0D0,0.0D0,-3.5D0,4.28626379701574D-16,3.5D0,            1391P   1139
-8.57252759403148D-16;                                              1391P   1140
508,4,0,17,234,0,0,0,17,235,0,0,0,17,236,0,0,0,17,237,0,0;          1393P   1141
510,1379,2,1,1383,1393;                                             1395P   1142
120,1401,1399,0.0D0,6.28318530717959D0;                             1397P   1143
110,469.9D0,3.50000000000001D0,20.0D0,469.9D0,                      1399P   1144
3.50000000000001D0,-.394999999999985D0;                             1399P   1145
110,469.9D0,8.88178419700125D-15,20.0D0,469.9D0,                    1401P   1146
8.88178419700125D-15,19.0D0;                                        1401P   1147
110,469.9D0,3.50000000000001D0,10.0D0,469.9D0,                      1403P   1148
3.50000000000001D0,.100000000000016D0;                              1403P   1149
100,0.0D0,0.0D0,0.0D0,-3.5D0,4.28626379701574D-16,3.5D0,            1405P   1150
-8.57252759403148D-16;                                              1405P   1151
124,0.0D0,-1.0D0,0.0D0,469.9D0,1.0D0,0.0D0,0.0D0,                   1407P   1152
8.88178419700125D-15,0.0D0,0.0D0,1.0D0,.100000000000016D0;          1407P   1153
110,469.9D0,-3.49999999999999D0,10.0D0,469.9D0,                     1409P   1154
-3.49999999999999D0,.100000000000016D0;                             1409P   1155
508,4,0,17,237,1,0,0,17,238,1,0,0,17,239,0,0,0,17,240,0,0;          1411P   1156
510,1397,1,1,1411;                                                  1413P   1157
116,469.9D0,3.50000000000001D0,20.0D0,0;                            1415P   1158
123,0.0D0,-1.0D0,0.0D0;                                             1417P   1159
190,1415,1417,1421;                                                 1419P   1160
123,0.0D0,0.0D0,-1.0D0;                                             1421P   1161
110,419.1D0,3.5D0,10.0D0,419.1D0,3.5D0,.100000000000016D0;          1423P   1162
110,469.9D0,3.50000000000001D0,.100000000000016D0,419.1D0,3.5D0,    1425P   1163
.100000000000016D0;                                                 1425P   1164
508,4,0,17,236,1,0,0,17,241,1,0,0,17,242,0,0,0,17,238,0,0;          1427P   1165
510,1419,1,1,1427;                                                  1429P   1166
120,1435,1433,0.0D0,6.28318530717959D0;                             1431P   1167
110,419.1D0,-3.5D0,20.0D0,419.1D0,-3.5D0,-.394999999999985D0;       1433P   1168
110,419.1D0,0.0D0,20.0D0,419.1D0,0.0D0,19.0D0;                      1435P   1169
110,419.1D0,-3.5D0,10.0D0,419.1D0,-3.5D0,.100000000000016D0;        1437P   1170
100,0.0D0,0.0D0,0.0D0,-3.5D0,4.28626379701574D-16,3.5D0,            1439P   1171
-8.57252759403148D-16;                                              1439P   1172
124,0.0D0,1.0D0,0.0D0,419.1D0,-1.0D0,0.0D0,0.0D0,0.0D0,0.0D0,       1441P   1173
0.0D0,1.0D0,.100000000000016D0;                                     1441P   1174
508,4,0,17,235,1,0,0,17,243,1,0,0,17,244,0,0,0,17,241,0,0;          1443P   1175
510,1431,1,1,1443;                                                  1445P   1176
116,419.1D0,-3.5D0,20.0D0,0;                                        1447P   1177
123,0.0D0,1.0D0,0.0D0;                                              1449P   1178
190,1447,1449,1453;                                                 1451P   1179
123,0.0D0,0.0D0,1.0D0;                                              1453P   1180
110,419.1D0,-3.5D0,.100000000000016D0,469.9D0,                      1455P   1181
-3.49999999999999D0,.100000000000016D0;                             1455P   1182
508,4,0,17,234,1,0,0,17,240,1,0,0,17,245,0,0,0,17,243,0,0;          1457P   1183
510,1451,1,1,1457;                                                  1459P   1184
116,0.0D0,-50.0D0,5.69999999999998D0,0;                             1461P   1185
123,0.0D0,0.0D0,1.0D0;                                              1463P   1186
190,1461,1463,1467;                                                 1465P   1187
123,1.0D0,0.0D0,0.0D0;                                              1467P   1188
110,-500.0D0,-45.1577164466275D0,5.7D0,500.0D0,                     1469P   1189
-45.1577164466275D0,5.7D0;                                          1469P   1190
508,6,0,17,95,0,0,0,17,98,1,0,0,17,101,0,0,0,17,73,1,0,0,17,246,    1471P   1191
0,0,0,17,39,1,0;                                                    1471P   1192
510,1465,1,1,1471;                                                  1473P   1193
120,1479,1477,0.0D0,6.28318530717959D0;                             1475P   1194
110,-550.0D0,-45.1577164466275D0,11.2154328932551D0,550.0D0,        1477P   1195
-45.1577164466275D0,11.2154328932551D0;                             1477P   1196
110,-550.0D0,-45.1577164466275D0,8.45771644662753D0,-549.0D0,       1479P   1197
-45.1577164466275D0,8.45771644662753D0;                             1479P   1198
508,4,0,17,72,1,0,0,17,90,0,0,0,17,40,1,0,0,17,246,1,0;             1481P   1199
510,1475,1,1,1481;                                                  1483P   1200
116,0.0D0,-50.0D0,25.0D0,0;                                         1485P   1201
123,0.0D0,0.0D0,1.0D0;                                              1487P   1202
190,1485,1487,1491;                                                 1489P   1203
123,1.0D0,0.0D0,0.0D0;                                              1491P   1204
110,-500.0D0,-42.243650813896D0,25.0D0,500.0D0,                     1493P   1205
-42.243650813896D0,25.0D0;                                          1493P   1206
508,6,0,17,12,0,0,0,17,92,0,0,0,17,69,1,0,0,17,247,0,0,0,17,42,     1495P   1207
1,0,0,17,18,0,0;                                                    1495P   1208
510,1489,1,1,1495;                                                  1497P   1209
116,0.0D0,-42.243650813896D0,25.0D0,0;                              1499P   1210
123,0.0D0,.707106781186547D0,.707106781186549D0;                    1501P   1211
190,1499,1501,1505;                                                 1503P   1212
123,1.0D0,0.0D0,0.0D0;                                              1505P   1213
110,-500.0D0,-39.0888780924207D0,21.8452272785248D0,500.0D0,        1507P   1214
-39.0888780924207D0,21.8452272785248D0;                             1507P   1215
508,4,0,17,68,1,0,0,17,248,0,0,0,17,43,1,0,0,17,247,1,0;            1509P   1216
510,1503,1,1,1509;                                                  1511P   1217
120,1517,1515,0.0D0,6.28318530717959D0;                             1513P   1218
110,-550.0D0,-30.1793326494703D0,30.7547727214752D0,550.0D0,        1515P   1219
-30.1793326494703D0,30.7547727214752D0;                             1515P   1220
110,-550.0D0,-34.6341053709455D0,26.3D0,-549.0D0,                   1517P   1221
-34.6341053709455D0,26.3D0;                                         1517P   1222
110,-500.0D0,-34.6341053709455D0,20.0D0,500.0D0,                    1519P   1223
-34.6341053709455D0,20.0D0;                                         1519P   1224
508,4,0,17,67,1,0,0,17,249,0,0,0,17,44,1,0,0,17,248,1,0;            1521P   1225
510,1513,1,1,1521;                                                  1523P   1226
116,0.0D0,-34.6341053709455D0,20.0D0,0;                             1525P   1227
123,0.0D0,0.0D0,1.0D0;                                              1527P   1228
190,1525,1527,1531;                                                 1529P   1229
123,1.0D0,0.0D0,0.0D0;                                              1531P   1230
110,-500.0D0,34.6341053709455D0,20.0D0,500.0D0,                     1533P   1231
34.6341053709455D0,20.0D0;                                          1533P   1232
508,4,0,17,66,1,0,0,17,250,0,0,0,17,45,1,0,0,17,249,1,0;            1535P   1233
508,4,0,17,104,1,0,0,17,113,1,0,0,17,110,1,0,0,17,107,1,0;          1537P   1234
508,4,0,17,128,1,0,0,17,137,1,0,0,17,134,1,0,0,17,131,1,0;          1539P   1235
508,4,0,17,152,1,0,0,17,161,1,0,0,17,158,1,0,0,17,155,1,0;          1541P   1236
508,4,0,17,176,1,0,0,17,185,1,0,0,17,182,1,0,0,17,179,1,0;          1543P   1237
508,4,0,17,200,1,0,0,17,209,1,0,0,17,206,1,0,0,17,203,1,0;          1545P   1238
508,4,0,17,224,1,0,0,17,233,1,0,0,17,230,1,0,0,17,227,1,0;          1547P   1239
510,1529,7,1,1535,1537,1539,1541,1543,1545,1547;                    1549P   1240
120,1555,1553,0.0D0,6.28318530717959D0;                             1551P   1241
110,-550.0D0,34.6341053709455D0,32.6D0,550.0D0,                     1553P   1242
34.6341053709455D0,32.6D0;                                          1553P   1243
110,-550.0D0,34.6341053709455D0,26.3D0,-549.0D0,                    1555P   1244
34.6341053709455D0,26.3D0;                                          1555P   1245
110,-500.0D0,39.0888780924207D0,21.8452272785248D0,500.0D0,         1557P   1246
39.0888780924207D0,21.8452272785248D0;                              1557P   1247
508,4,0,17,65,1,0,0,17,251,0,0,0,17,46,1,0,0,17,250,1,0;            1559P   1248
510,1551,1,1,1559;                                                  1561P   1249
116,0.0D0,39.0888780924207D0,21.8452272785248D0,0;                  1563P   1250
123,0.0D0,-.707106781186548D0,.707106781186548D0;                   1565P   1251
190,1563,1565,1569;                                                 1567P   1252
123,1.0D0,0.0D0,0.0D0;                                              1569P   1253
110,-500.0D0,42.243650813896D0,25.0D0,500.0D0,42.243650813896D0,    1571P   1254
25.0D0;                                                             1571P   1255
508,4,0,17,64,1,0,0,17,252,0,0,0,17,47,1,0,0,17,251,1,0;            1573P   1256
510,1567,1,1,1573;                                                  1575P   1257
116,0.0D0,42.243650813896D0,25.0D0,0;                               1577P   1258
123,0.0D0,0.0D0,1.0D0;                                              1579P   1259
190,1577,1579,1583;                                                 1581P   1260
123,1.0D0,0.0D0,0.0D0;                                              1583P   1261
508,6,0,17,4,0,0,0,17,88,0,0,0,17,48,1,0,0,17,252,1,0,0,17,63,1,    1585P   1262
0,0,17,8,0,0;                                                       1585P   1263
510,1581,1,1,1585;                                                  1587P   1264
120,1593,1591,0.0D0,6.28318530717959D0;                             1589P   1265
110,-550.0D0,47.1077164466276D0,6.50771644662753D0,550.0D0,         1591P   1266
47.1077164466276D0,6.50771644662753D0;                              1591P   1267
110,-550.0D0,45.1577164466275D0,8.45771644662753D0,-549.0D0,        1593P   1268
45.1577164466275D0,8.45771644662753D0;                              1593P   1269
110,-500.0D0,45.1577164466275D0,5.7D0,500.0D0,                      1595P   1270
45.1577164466275D0,5.7D0;                                           1595P   1271
508,4,0,17,61,1,0,0,17,253,0,0,0,17,51,1,0,0,17,89,1,0;             1597P   1272
510,1589,1,1,1597;                                                  1599P   1273
116,0.0D0,45.1577164466275D0,5.7D0,0;                               1601P   1274
123,0.0D0,0.0D0,1.0D0;                                              1603P   1275
190,1601,1603,1607;                                                 1605P   1276
123,1.0D0,0.0D0,0.0D0;                                              1607P   1277
110,-498.5D0,50.0D0,5.70000000000009D0,498.5D0,50.0D0,              1609P   1278
5.70000000000009D0;                                                 1609P   1279
508,6,0,17,23,0,0,0,17,52,1,0,0,17,253,1,0,0,17,60,1,0,0,17,58,     1611P   1280
0,0,0,17,254,0,0;                                                   1611P   1281
510,1605,1,1,1611;                                                  1613P   1282
116,0.0D0,50.0D0,5.70000000000009D0,0;                              1615P   1283
123,0.0D0,1.0D0,0.0D0;                                              1617P   1284
190,1615,1617,1621;                                                 1619P   1285
123,0.0D0,0.0D0,1.0D0;                                              1621P   1286
508,4,0,17,24,0,0,0,17,254,1,0,0,17,57,0,0,0,17,53,0,0;             1623P   1287
510,1619,1,1,1623;                                                  1625P   1288
116,0.0D0,37.3D0,2.66453525910038D-14,0;                            1627P   1289
123,0.0D0,-1.0D0,0.0D0;                                             1629P   1290
190,1627,1629,1633;                                                 1631P   1291
123,0.0D0,0.0D0,-1.0D0;                                             1633P   1292
110,-500.0D0,37.3D0,11.8D0,500.0D0,37.3D0,11.8D0;                   1635P   1293
508,4,0,17,86,1,0,0,17,255,0,0,0,17,26,1,0,0,17,56,1,0;             1637P   1294
510,1631,1,1,1637;                                                  1639P   1295
120,1645,1643,0.0D0,6.28318530717959D0;                             1641P   1296
110,-550.0D0,30.9D0,11.8D0,550.0D0,30.9D0,11.8D0;                   1643P   1297
110,-550.0D0,34.1D0,11.8D0,-549.0D0,34.1D0,11.8D0;                  1645P   1298
110,-500.0D0,34.1D0,15.0D0,500.0D0,34.1D0,15.0D0;                   1647P   1299
508,4,0,17,85,1,0,0,17,256,0,0,0,17,27,1,0,0,17,255,1,0;            1649P   1300
510,1641,1,1,1649;                                                  1651P   1301
116,0.0D0,34.1D0,15.0D0,0;                                          1653P   1302
123,0.0D0,0.0D0,-1.0D0;                                             1655P   1303
190,1653,1655,1659;                                                 1657P   1304
123,-1.0D0,0.0D0,0.0D0;                                             1659P   1305
110,-500.0D0,18.4999999999999D0,15.0D0,500.0D0,                     1661P   1306
18.4999999999999D0,15.0D0;                                          1661P   1307
508,4,0,17,84,1,0,0,17,257,0,0,0,17,28,1,0,0,17,256,1,0;            1663P   1308
510,1657,1,1,1663;                                                  1665P   1309
116,0.0D0,18.4999999999999D0,15.0D0,0;                              1667P   1310
123,0.0D0,.707106781186547D0,-.707106781186548D0;                   1669P   1311
190,1667,1669,1673;                                                 1671P   1312
123,-1.0D0,0.0D0,0.0D0;                                             1673P   1313
110,-500.0D0,12.7D0,9.20000000000007D0,500.0D0,12.7D0,              1675P   1314
9.20000000000007D0;                                                 1675P   1315
508,4,0,17,83,1,0,0,17,258,0,0,0,17,29,1,0,0,17,257,1,0;            1677P   1316
510,1671,1,1,1677;                                                  1679P   1317
116,0.0D0,12.7D0,9.20000000000007D0,0;                              1681P   1318
123,0.0D0,1.0D0,0.0D0;                                              1683P   1319
190,1681,1683,1687;                                                 1685P   1320
123,0.0D0,0.0D0,1.0D0;                                              1687P   1321
110,-500.0D0,12.7D0,.100000000000016D0,500.0D0,12.7D0,              1689P   1322
.100000000000016D0;                                                 1689P   1323
508,4,0,17,82,1,0,0,17,259,0,0,0,17,30,1,0,0,17,258,1,0;            1691P   1324
510,1685,1,1,1691;                                                  1693P   1325
116,0.0D0,12.7D0,.100000000000016D0,0;                              1695P   1326
123,0.0D0,0.0D0,-1.0D0;                                             1697P   1327
190,1695,1697,1701;                                                 1699P   1328
123,-1.0D0,0.0D0,0.0D0;                                             1701P   1329
110,-500.0D0,-12.7D0,.100000000000016D0,500.0D0,-12.7D0,            1703P   1330
.100000000000016D0;                                                 1703P   1331
508,4,0,17,81,1,0,0,17,260,0,0,0,17,31,1,0,0,17,259,1,0;            1705P   1332
508,4,0,17,119,1,0,0,17,124,1,0,0,17,125,1,0,0,17,121,1,0;          1707P   1333
508,4,0,17,143,1,0,0,17,148,1,0,0,17,149,1,0,0,17,145,1,0;          1709P   1334
508,4,0,17,167,1,0,0,17,172,1,0,0,17,173,1,0,0,17,169,1,0;          1711P   1335
508,4,0,17,191,1,0,0,17,196,1,0,0,17,197,1,0,0,17,193,1,0;          1713P   1336
508,4,0,17,215,1,0,0,17,220,1,0,0,17,221,1,0,0,17,217,1,0;          1715P   1337
508,4,0,17,244,1,0,0,17,245,1,0,0,17,239,1,0,0,17,242,1,0;          1717P   1338
510,1699,7,1,1705,1707,1709,1711,1713,1715,1717;                    1719P   1339
116,0.0D0,-12.7D0,.100000000000016D0,0;                             1721P   1340
123,0.0D0,-1.0D0,0.0D0;                                             1723P   1341
190,1721,1723,1727;                                                 1725P   1342
123,0.0D0,0.0D0,-1.0D0;                                             1727P   1343
110,-500.0D0,-12.7D0,9.20000000000002D0,500.0D0,-12.7D0,            1729P   1344
9.20000000000002D0;                                                 1729P   1345
508,4,0,17,80,1,0,0,17,261,0,0,0,17,32,1,0,0,17,260,1,0;            1731P   1346
510,1725,1,1,1731;                                                  1733P   1347
116,0.0D0,-12.7D0,9.20000000000002D0,0;                             1735P   1348
123,0.0D0,-.707106781186548D0,-.707106781186548D0;                  1737P   1349
190,1735,1737,1741;                                                 1739P   1350
123,-1.0D0,0.0D0,0.0D0;                                             1741P   1351
110,-500.0D0,-18.5D0,15.0D0,500.0D0,-18.5D0,15.0D0;                 1743P   1352
508,4,0,17,79,1,0,0,17,262,0,0,0,17,33,1,0,0,17,261,1,0;            1745P   1353
510,1739,1,1,1745;                                                  1747P   1354
116,0.0D0,-18.5D0,15.0D0,0;                                         1749P   1355
123,0.0D0,0.0D0,-1.0D0;                                             1751P   1356
190,1749,1751,1755;                                                 1753P   1357
123,-1.0D0,0.0D0,0.0D0;                                             1755P   1358
110,-500.0D0,-34.1D0,15.0D0,500.0D0,-34.1D0,15.0D0;                 1757P   1359
508,4,0,17,78,1,0,0,17,263,0,0,0,17,34,1,0,0,17,262,1,0;            1759P   1360
510,1753,1,1,1759;                                                  1761P   1361
120,1767,1765,0.0D0,6.28318530717959D0;                             1763P   1362
110,-550.0D0,-34.1D0,8.60000000000002D0,550.0D0,-34.1D0,            1765P   1363
8.60000000000002D0;                                                 1765P   1364
110,-550.0D0,-34.1D0,11.8D0,-549.0D0,-34.1D0,11.8D0;                1767P   1365
110,-500.0D0,-37.3D0,11.8D0,500.0D0,-37.3D0,11.8D0;                 1769P   1366
508,4,0,17,77,1,0,0,17,264,0,0,0,17,35,1,0,0,17,263,1,0;            1771P   1367
510,1763,1,1,1771;                                                  1773P   1368
116,0.0D0,-37.3D0,11.8D0,0;                                         1775P   1369
123,0.0D0,1.0D0,0.0D0;                                              1777P   1370
190,1775,1777,1781;                                                 1779P   1371
123,0.0D0,0.0D0,1.0D0;                                              1781P   1372
508,4,0,17,76,1,0,0,17,99,0,0,0,17,36,1,0,0,17,264,1,0;             1783P   1373
510,1779,1,1,1783;                                                  1785P   1374
514,96,29,1,47,1,65,1,89,1,107,1,125,1,145,1,225,1,245,1,263,1,     1787P   1375
341,1,357,1,371,1,387,1,401,1,419,1,437,1,453,1,467,1,489,1,507,    1787P   1376
1,527,1,543,1,569,1,587,1,603,1,619,1,633,1,655,1,673,1,693,1,      1787P   1377
709,1,735,1,753,1,769,1,785,1,799,1,821,1,839,1,859,1,875,1,901,    1787P   1378
1,919,1,935,1,951,1,965,1,987,1,1005,1,1025,1,1041,1,1067,1,        1787P   1379
1085,1,1101,1,1117,1,1131,1,1153,1,1171,1,1191,1,1207,1,1233,1,     1787P   1380
1251,1,1267,1,1283,1,1297,1,1319,1,1337,1,1357,1,1373,1,1395,1,     1787P   1381
1413,1,1429,1,1445,1,1459,1,1473,1,1483,1,1497,1,1511,1,1523,1,     1787P   1382
1549,1,1561,1,1575,1,1587,1,1599,1,1613,1,1625,1,1639,1,1651,1,     1787P   1383
1665,1,1679,1,1693,1,1719,1,1733,1,1747,1,1761,1,1773,1,1785,1;     1787P   1384
186,1787,1,0;                                                       1789P   1385
314,75.2941012382507D0,75.2941012382507D0,75.2941012382507D0,7HD    1791P   1386
efault;                                                             1791P   1387
S      1G      5D   1792P   1387                                        T      1
