ISO-10303-21;
HEADER;
FILE_DESCRIPTION((''),'2;1');
FILE_NAME('T21WN_5-20','2019-07-26T',('ESCHE'),(''),
'CREO PARAMETRIC BY PTC INC, 2017170','CREO PARAMETRIC BY PTC INC, 2017170','');
FILE_SCHEMA(('AUTOMOTIVE_DESIGN { 1 0 10303 214 1 1 1 1 }'));
ENDSEC;
DATA;
#36=DIRECTION('',(1.E0,0.E0,0.E0));
#37=VECTOR('',#36,1.5E0);
#38=CARTESIAN_POINT('',(-4.237439109255E1,-1.330340988170E1,1.9E1));
#39=LINE('',#38,#37);
#40=DIRECTION('',(0.E0,-1.E0,0.E0));
#41=VECTOR('',#40,5.7E1);
#42=CARTESIAN_POINT('',(-4.087439109255E1,2.319659011830E1,2.05E1));
#43=LINE('',#42,#41);
#44=CARTESIAN_POINT('',(-4.087439109255E1,-1.330340988170E1,
4.981125664511E-14));
#45=DIRECTION('',(1.E0,0.E0,0.E0));
#46=DIRECTION('',(0.E0,0.E0,-1.E0));
#47=AXIS2_PLACEMENT_3D('',#44,#45,#46);
#49=CARTESIAN_POINT('',(-4.087439109255E1,-1.330340988170E1,
4.981125664511E-14));
#50=DIRECTION('',(1.E0,0.E0,0.E0));
#51=DIRECTION('',(0.E0,0.E0,1.E0));
#52=AXIS2_PLACEMENT_3D('',#49,#50,#51);
#54=CARTESIAN_POINT('',(-4.087439109255E1,2.960046085593E0,-1.626345596729E1));
#55=DIRECTION('',(1.E0,0.E0,0.E0));
#56=DIRECTION('',(0.E0,1.E0,0.E0));
#57=AXIS2_PLACEMENT_3D('',#54,#55,#56);
#59=CARTESIAN_POINT('',(-4.087439109255E1,2.960046085593E0,-1.626345596729E1));
#60=DIRECTION('',(1.E0,0.E0,0.E0));
#61=DIRECTION('',(0.E0,-1.E0,0.E0));
#62=AXIS2_PLACEMENT_3D('',#59,#60,#61);
#64=CARTESIAN_POINT('',(-4.087439109255E1,2.960046085593E0,1.626344403271E1));
#65=DIRECTION('',(1.E0,0.E0,0.E0));
#66=DIRECTION('',(0.E0,1.E0,0.E0));
#67=AXIS2_PLACEMENT_3D('',#64,#65,#66);
#69=CARTESIAN_POINT('',(-4.087439109255E1,2.960046085593E0,1.626344403271E1));
#70=DIRECTION('',(1.E0,0.E0,0.E0));
#71=DIRECTION('',(0.E0,-1.E0,0.E0));
#72=AXIS2_PLACEMENT_3D('',#69,#70,#71);
#74=CARTESIAN_POINT('',(-4.087439109255E1,-2.956685391441E1,-1.626345596729E1));
#75=DIRECTION('',(1.E0,0.E0,0.E0));
#76=DIRECTION('',(0.E0,1.E0,0.E0));
#77=AXIS2_PLACEMENT_3D('',#74,#75,#76);
#79=CARTESIAN_POINT('',(-4.087439109255E1,-2.956685391441E1,-1.626345596729E1));
#80=DIRECTION('',(1.E0,0.E0,0.E0));
#81=DIRECTION('',(0.E0,-1.E0,0.E0));
#82=AXIS2_PLACEMENT_3D('',#79,#80,#81);
#84=CARTESIAN_POINT('',(-4.087439109255E1,-2.956685391441E1,1.626344403271E1));
#85=DIRECTION('',(1.E0,0.E0,0.E0));
#86=DIRECTION('',(0.E0,1.E0,0.E0));
#87=AXIS2_PLACEMENT_3D('',#84,#85,#86);
#89=CARTESIAN_POINT('',(-4.087439109255E1,-2.956685391441E1,1.626344403271E1));
#90=DIRECTION('',(1.E0,0.E0,0.E0));
#91=DIRECTION('',(0.E0,-1.E0,0.E0));
#92=AXIS2_PLACEMENT_3D('',#89,#90,#91);
#94=DIRECTION('',(0.E0,-1.E0,0.E0));
#95=VECTOR('',#94,5.7E1);
#96=CARTESIAN_POINT('',(-4.087439109255E1,2.319659011830E1,-2.05E1));
#97=LINE('',#96,#95);
#98=DIRECTION('',(0.E0,1.E0,0.E0));
#99=VECTOR('',#98,5.7E1);
#100=CARTESIAN_POINT('',(3.762560890745E1,-3.380340988170E1,-2.1E1));
#101=LINE('',#100,#99);
#102=DIRECTION('',(0.E0,-1.E0,0.E0));
#103=VECTOR('',#102,5.7E1);
#104=CARTESIAN_POINT('',(-4.037439109255E1,2.319659011830E1,-2.1E1));
#105=LINE('',#104,#103);
#106=DIRECTION('',(0.E0,1.E0,0.E0));
#107=VECTOR('',#106,5.7E1);
#108=CARTESIAN_POINT('',(3.812560890745E1,-3.380340988170E1,-2.05E1));
#109=LINE('',#108,#107);
#110=DIRECTION('',(0.E0,1.E0,0.E0));
#111=VECTOR('',#110,5.7E1);
#112=CARTESIAN_POINT('',(3.812560890745E1,-3.380340988170E1,2.05E1));
#113=LINE('',#112,#111);
#114=CARTESIAN_POINT('',(3.812560890745E1,-1.330340988170E1,
3.845150511775E-14));
#115=DIRECTION('',(-1.E0,0.E0,0.E0));
#116=DIRECTION('',(0.E0,0.E0,1.E0));
#117=AXIS2_PLACEMENT_3D('',#114,#115,#116);
#119=CARTESIAN_POINT('',(3.812560890745E1,-1.330340988170E1,
3.845150511775E-14));
#120=DIRECTION('',(-1.E0,0.E0,0.E0));
#121=DIRECTION('',(0.E0,0.E0,-1.E0));
#122=AXIS2_PLACEMENT_3D('',#119,#120,#121);
#124=CARTESIAN_POINT('',(3.812560890745E1,2.960046085592E0,1.626345596729E1));
#125=DIRECTION('',(-1.E0,0.E0,0.E0));
#126=DIRECTION('',(0.E0,-1.E0,0.E0));
#127=AXIS2_PLACEMENT_3D('',#124,#125,#126);
#129=CARTESIAN_POINT('',(3.812560890745E1,2.960046085592E0,1.626345596729E1));
#130=DIRECTION('',(-1.E0,0.E0,0.E0));
#131=DIRECTION('',(0.E0,1.E0,0.E0));
#132=AXIS2_PLACEMENT_3D('',#129,#130,#131);
#134=CARTESIAN_POINT('',(3.812560890745E1,2.960046085592E0,-1.626344403271E1));
#135=DIRECTION('',(-1.E0,0.E0,0.E0));
#136=DIRECTION('',(0.E0,-1.E0,0.E0));
#137=AXIS2_PLACEMENT_3D('',#134,#135,#136);
#139=CARTESIAN_POINT('',(3.812560890745E1,2.960046085592E0,-1.626344403271E1));
#140=DIRECTION('',(-1.E0,0.E0,0.E0));
#141=DIRECTION('',(0.E0,1.E0,0.E0));
#142=AXIS2_PLACEMENT_3D('',#139,#140,#141);
#144=CARTESIAN_POINT('',(3.812560890745E1,-2.956685391441E1,1.626345596729E1));
#145=DIRECTION('',(-1.E0,0.E0,0.E0));
#146=DIRECTION('',(0.E0,-1.E0,0.E0));
#147=AXIS2_PLACEMENT_3D('',#144,#145,#146);
#149=CARTESIAN_POINT('',(3.812560890745E1,-2.956685391441E1,1.626345596729E1));
#150=DIRECTION('',(-1.E0,0.E0,0.E0));
#151=DIRECTION('',(0.E0,1.E0,0.E0));
#152=AXIS2_PLACEMENT_3D('',#149,#150,#151);
#154=CARTESIAN_POINT('',(3.812560890745E1,-2.956685391441E1,-1.626344403271E1));
#155=DIRECTION('',(-1.E0,0.E0,0.E0));
#156=DIRECTION('',(0.E0,-1.E0,0.E0));
#157=AXIS2_PLACEMENT_3D('',#154,#155,#156);
#159=CARTESIAN_POINT('',(3.812560890745E1,-2.956685391441E1,-1.626344403271E1));
#160=DIRECTION('',(-1.E0,0.E0,0.E0));
#161=DIRECTION('',(0.E0,1.E0,0.E0));
#162=AXIS2_PLACEMENT_3D('',#159,#160,#161);
#164=DIRECTION('',(0.E0,1.E0,0.E0));
#165=VECTOR('',#164,5.7E1);
#166=CARTESIAN_POINT('',(-4.037439109255E1,-3.380340988170E1,2.1E1));
#167=LINE('',#166,#165);
#168=DIRECTION('',(0.E0,-1.E0,0.E0));
#169=VECTOR('',#168,5.7E1);
#170=CARTESIAN_POINT('',(3.762560890745E1,2.319659011830E1,2.1E1));
#171=LINE('',#170,#169);
#172=DIRECTION('',(-5.773502691896E-1,-5.773502691896E-1,5.773502691896E-1));
#173=VECTOR('',#172,4.330127018922E-1);
#174=CARTESIAN_POINT('',(-4.062439109255E1,2.344659011830E1,-2.075E1));
#175=LINE('',#174,#173);
#176=DIRECTION('',(0.E0,0.E0,-1.E0));
#177=VECTOR('',#176,4.1E1);
#178=CARTESIAN_POINT('',(-4.037439109255E1,2.369659011830E1,2.05E1));
#179=LINE('',#178,#177);
#180=DIRECTION('',(5.773502691896E-1,5.773502691896E-1,5.773502691896E-1));
#181=VECTOR('',#180,4.330127018922E-1);
#182=CARTESIAN_POINT('',(-4.087439109255E1,2.319659011830E1,2.05E1));
#183=LINE('',#182,#181);
#184=DIRECTION('',(0.E0,0.E0,1.E0));
#185=VECTOR('',#184,4.1E1);
#186=CARTESIAN_POINT('',(-4.087439109255E1,2.319659011830E1,-2.05E1));
#187=LINE('',#186,#185);
#188=DIRECTION('',(-1.E0,0.E0,0.E0));
#189=VECTOR('',#188,7.8E1);
#190=CARTESIAN_POINT('',(3.762560890745E1,2.319659011830E1,-2.1E1));
#191=LINE('',#190,#189);
#192=DIRECTION('',(-5.773502691896E-1,-5.773502691896E-1,-5.773502691896E-1));
#193=VECTOR('',#192,4.330127018922E-1);
#194=CARTESIAN_POINT('',(3.787560890745E1,2.344659011830E1,-2.075E1));
#195=LINE('',#194,#193);
#196=DIRECTION('',(1.E0,0.E0,0.E0));
#197=VECTOR('',#196,7.8E1);
#198=CARTESIAN_POINT('',(-4.037439109255E1,2.369659011830E1,-2.05E1));
#199=LINE('',#198,#197);
#200=DIRECTION('',(5.773502691896E-1,5.773502691897E-1,5.773502691896E-1));
#201=VECTOR('',#200,4.330127018922E-1);
#202=CARTESIAN_POINT('',(-4.062439109255E1,2.344659011830E1,-2.075E1));
#203=LINE('',#202,#201);
#204=DIRECTION('',(-5.773502691896E-1,5.773502691896E-1,5.773502691896E-1));
#205=VECTOR('',#204,4.330127018922E-1);
#206=CARTESIAN_POINT('',(-4.037439109255E1,2.319659011830E1,-2.1E1));
#207=LINE('',#206,#205);
#208=DIRECTION('',(0.E0,0.E0,-1.E0));
#209=VECTOR('',#208,4.1E1);
#210=CARTESIAN_POINT('',(3.812560890745E1,2.319659011830E1,2.05E1));
#211=LINE('',#210,#209);
#212=DIRECTION('',(5.773502691896E-1,-5.773502691896E-1,-5.773502691896E-1));
#213=VECTOR('',#212,4.330127018922E-1);
#214=CARTESIAN_POINT('',(3.787560890745E1,2.344659011830E1,2.075E1));
#215=LINE('',#214,#213);
#216=DIRECTION('',(5.773502691897E-1,-5.773502691896E-1,5.773502691896E-1));
#217=VECTOR('',#216,4.330127018922E-1);
#218=CARTESIAN_POINT('',(3.762560890745E1,2.369659011830E1,2.05E1));
#219=LINE('',#218,#217);
#220=DIRECTION('',(0.E0,0.E0,1.E0));
#221=VECTOR('',#220,4.1E1);
#222=CARTESIAN_POINT('',(3.762560890745E1,2.369659011830E1,-2.05E1));
#223=LINE('',#222,#221);
#224=DIRECTION('',(-5.773502691896E-1,5.773502691896E-1,5.773502691896E-1));
#225=VECTOR('',#224,4.330127018922E-1);
#226=CARTESIAN_POINT('',(3.787560890745E1,2.344659011830E1,-2.075E1));
#227=LINE('',#226,#225);
#228=DIRECTION('',(-5.773502691897E-1,5.773502691896E-1,-5.773502691896E-1));
#229=VECTOR('',#228,4.330127018923E-1);
#230=CARTESIAN_POINT('',(3.812560890745E1,2.319659011830E1,-2.05E1));
#231=LINE('',#230,#229);
#232=DIRECTION('',(5.773502691896E-1,5.773502691896E-1,-5.773502691896E-1));
#233=VECTOR('',#232,4.330127018922E-1);
#234=CARTESIAN_POINT('',(3.762560890745E1,2.319659011830E1,2.1E1));
#235=LINE('',#234,#233);
#236=DIRECTION('',(1.E0,0.E0,0.E0));
#237=VECTOR('',#236,7.8E1);
#238=CARTESIAN_POINT('',(-4.037439109255E1,2.319659011830E1,2.1E1));
#239=LINE('',#238,#237);
#240=DIRECTION('',(5.773502691896E-1,-5.773502691896E-1,5.773502691896E-1));
#241=VECTOR('',#240,4.330127018922E-1);
#242=CARTESIAN_POINT('',(-4.062439109255E1,2.344659011830E1,2.075E1));
#243=LINE('',#242,#241);
#244=DIRECTION('',(-5.773502691896E-1,-5.773502691896E-1,5.773502691896E-1));
#245=VECTOR('',#244,4.330127018922E-1);
#246=CARTESIAN_POINT('',(-4.037439109255E1,2.369659011830E1,2.05E1));
#247=LINE('',#246,#245);
#248=DIRECTION('',(-1.E0,0.E0,0.E0));
#249=VECTOR('',#248,7.8E1);
#250=CARTESIAN_POINT('',(3.762560890745E1,2.369659011830E1,2.05E1));
#251=LINE('',#250,#249);
#252=CARTESIAN_POINT('',(-3.187439109255E1,2.369659011830E1,1.6E1));
#253=DIRECTION('',(0.E0,-1.E0,0.E0));
#254=DIRECTION('',(0.E0,0.E0,-1.E0));
#255=AXIS2_PLACEMENT_3D('',#252,#253,#254);
#257=CARTESIAN_POINT('',(-3.187439109255E1,2.369659011830E1,1.6E1));
#258=DIRECTION('',(0.E0,-1.E0,0.E0));
#259=DIRECTION('',(0.E0,0.E0,1.E0));
#260=AXIS2_PLACEMENT_3D('',#257,#258,#259);
#262=CARTESIAN_POINT('',(2.912560890745E1,2.369659011830E1,-1.6E1));
#263=DIRECTION('',(0.E0,-1.E0,0.E0));
#264=DIRECTION('',(0.E0,0.E0,-1.E0));
#265=AXIS2_PLACEMENT_3D('',#262,#263,#264);
#267=CARTESIAN_POINT('',(2.912560890745E1,2.369659011830E1,-1.6E1));
#268=DIRECTION('',(0.E0,-1.E0,0.E0));
#269=DIRECTION('',(0.E0,0.E0,1.E0));
#270=AXIS2_PLACEMENT_3D('',#267,#268,#269);
#272=DIRECTION('',(0.E0,0.E0,1.E0));
#273=VECTOR('',#272,1.109555691643E0);
#274=CARTESIAN_POINT('',(2.560890744606E-2,2.369659011830E1,-1.E1));
#275=LINE('',#274,#273);
#276=DIRECTION('',(1.E0,0.E0,0.E0));
#277=VECTOR('',#276,2.8E0);
#278=CARTESIAN_POINT('',(-2.774391092554E0,2.369659011830E1,-1.E1));
#279=LINE('',#278,#277);
#280=DIRECTION('',(0.E0,0.E0,-1.E0));
#281=VECTOR('',#280,1.109555691643E0);
#282=CARTESIAN_POINT('',(-2.774391092554E0,2.369659011830E1,-8.890444308357E0));
#283=LINE('',#282,#281);
#284=DIRECTION('',(0.E0,-7.071067811865E-1,7.071067811866E-1));
#285=VECTOR('',#284,4.949747468306E-1);
#286=CARTESIAN_POINT('',(-3.187439109255E1,2.369659011830E1,1.285E1));
#287=LINE('',#286,#285);
#288=CARTESIAN_POINT('',(-3.187439109255E1,2.334659011830E1,1.6E1));
#289=DIRECTION('',(0.E0,1.E0,0.E0));
#290=DIRECTION('',(0.E0,0.E0,-1.E0));
#291=AXIS2_PLACEMENT_3D('',#288,#289,#290);
#293=CARTESIAN_POINT('',(-3.187439109255E1,2.334659011830E1,1.6E1));
#294=DIRECTION('',(0.E0,1.E0,0.E0));
#295=DIRECTION('',(7.808266644885E-1,0.E0,-6.247477251049E-1));
#296=AXIS2_PLACEMENT_3D('',#293,#294,#295);
#298=DIRECTION('',(1.015061051086E-14,-1.E0,0.E0));
#299=VECTOR('',#298,3.5E-1);
#300=CARTESIAN_POINT('',(-2.968807643199E1,2.369659011830E1,1.425070636971E1));
#301=LINE('',#300,#299);
#302=DIRECTION('',(0.E0,-7.071067811865E-1,-7.071067811866E-1));
#303=VECTOR('',#302,4.949747468306E-1);
#304=CARTESIAN_POINT('',(-3.187439109255E1,2.369659011830E1,1.915E1));
#305=LINE('',#304,#303);
#306=CARTESIAN_POINT('',(-3.187439109255E1,2.334659011830E1,1.6E1));
#307=DIRECTION('',(0.E0,1.E0,0.E0));
#308=DIRECTION('',(-7.808266644885E-1,0.E0,6.247477251049E-1));
#309=AXIS2_PLACEMENT_3D('',#306,#307,#308);
#311=DIRECTION('',(0.E0,-1.E0,0.E0));
#312=VECTOR('',#311,3.5E-1);
#313=CARTESIAN_POINT('',(-3.406070575312E1,2.369659011830E1,1.774929363029E1));
#314=LINE('',#313,#312);
#315=CARTESIAN_POINT('',(-3.187439109255E1,2.334659011830E1,1.6E1));
#316=DIRECTION('',(0.E0,1.E0,0.E0));
#317=DIRECTION('',(0.E0,0.E0,1.E0));
#318=AXIS2_PLACEMENT_3D('',#315,#316,#317);
#320=CARTESIAN_POINT('',(-3.187439109255E1,2.369659011830E1,1.6E1));
#321=DIRECTION('',(0.E0,-1.E0,0.E0));
#322=DIRECTION('',(-7.808266644885E-1,0.E0,6.247477251049E-1));
#323=AXIS2_PLACEMENT_3D('',#320,#321,#322);
#325=CARTESIAN_POINT('',(-3.187439109255E1,2.369659011830E1,1.6E1));
#326=DIRECTION('',(0.E0,-1.E0,0.E0));
#327=DIRECTION('',(7.808266644885E-1,0.E0,-6.247477251049E-1));
#328=AXIS2_PLACEMENT_3D('',#325,#326,#327);
#330=CARTESIAN_POINT('',(-3.093726950490E1,1.884492345164E1,1.717123999673E1));
#331=DIRECTION('',(-6.247477251049E-1,0.E0,-7.808266644885E-1));
#332=DIRECTION('',(-5.787010940579E-2,9.972497830595E-1,4.630249048491E-2));
#333=AXIS2_PLACEMENT_3D('',#330,#331,#332);
#335=CARTESIAN_POINT('',(-3.107791333737E1,2.438826805976E1,1.587500725822E1));
#336=CARTESIAN_POINT('',(-3.109331856444E1,2.439075943779E1,1.588733314437E1));
#337=CARTESIAN_POINT('',(-3.112162583262E1,2.439523538646E1,1.591498621283E1));
#338=CARTESIAN_POINT('',(-3.115503166458E1,2.440019484704E1,1.596373584203E1));
#339=CARTESIAN_POINT('',(-3.117828629638E1,2.440324518622E1,1.601799556451E1));
#340=CARTESIAN_POINT('',(-3.119053705747E1,2.440428000113E1,1.607566299075E1));
#341=CARTESIAN_POINT('',(-3.119133957453E1,2.440326075336E1,1.613475526010E1));
#342=CARTESIAN_POINT('',(-3.118060573484E1,2.440021750396E1,1.619289197844E1));
#343=CARTESIAN_POINT('',(-3.115869690617E1,2.439525275284E1,1.624794901871E1));
#344=CARTESIAN_POINT('',(-3.113709721886E1,2.439076637344E1,1.628123146205E1));
#345=CARTESIAN_POINT('',(-3.112473701919E1,2.438826805976E1,1.629667957510E1));
#347=CARTESIAN_POINT('',(-3.162449200251E1,1.884492345164E1,1.631233066580E1));
#348=DIRECTION('',(6.247477251049E-1,0.E0,7.808266644885E-1));
#349=DIRECTION('',(2.096228880288E-1,9.632900611735E-1,-1.677215038651E-1));
#350=AXIS2_PLACEMENT_3D('',#347,#348,#349);
#352=CARTESIAN_POINT('',(-3.070315109582E1,1.884492345164E1,1.506287841234E1));
#353=DIRECTION('',(-7.808266644885E-1,0.E0,6.247477251049E-1));
#354=DIRECTION('',(4.630249048491E-2,9.972497830595E-1,5.787010940579E-2));
#355=AXIS2_PLACEMENT_3D('',#352,#353,#354);
#357=CARTESIAN_POINT('',(-3.212429018260E1,1.884492345164E1,1.568766933420E1));
#358=DIRECTION('',(-6.247477251049E-1,0.E0,-7.808266644885E-1));
#359=DIRECTION('',(9.782401441346E-2,9.921210933166E-1,-7.827003513702E-2));
#360=AXIS2_PLACEMENT_3D('',#357,#358,#359);
#362=CARTESIAN_POINT('',(-3.199938383433E1,2.438826805976E1,1.520352224482E1));
#363=CARTESIAN_POINT('',(-3.198703706203E1,2.439076365942E1,1.521895357597E1));
#364=CARTESIAN_POINT('',(-3.195934210300E1,2.439524400147E1,1.524729030880E1));
#365=CARTESIAN_POINT('',(-3.191058075122E1,2.440020046324E1,1.528068056047E1));
#366=CARTESIAN_POINT('',(-3.185632225418E1,2.440324784899E1,1.530391838455E1));
#367=CARTESIAN_POINT('',(-3.179864921153E1,2.440428001261E1,1.531615478999E1));
#368=CARTESIAN_POINT('',(-3.173955912947E1,2.440325810249E1,1.531694202226E1));
#369=CARTESIAN_POINT('',(-3.168141741304E1,2.440021188303E1,1.530619197197E1));
#370=CARTESIAN_POINT('',(-3.162636849288E1,2.439524412360E1,1.528426530606E1));
#371=CARTESIAN_POINT('',(-3.159313347825E1,2.439076214402E1,1.526268520161E1));
#372=CARTESIAN_POINT('',(-3.157771151745E1,2.438826805976E1,1.525034592663E1));
#374=CARTESIAN_POINT('',(-3.281151268021E1,1.884492345164E1,1.482876000327E1));
#375=DIRECTION('',(6.247477251049E-1,0.E0,7.808266644885E-1));
#376=DIRECTION('',(5.787010940579E-2,9.972497830595E-1,-4.630249048490E-2));
#377=AXIS2_PLACEMENT_3D('',#374,#375,#376);
#379=CARTESIAN_POINT('',(-3.267086884774E1,2.438826805976E1,1.612499274178E1));
#380=CARTESIAN_POINT('',(-3.265546362066E1,2.439075943779E1,1.611266685563E1));
#381=CARTESIAN_POINT('',(-3.262715635249E1,2.439523538646E1,1.608501378717E1));
#382=CARTESIAN_POINT('',(-3.259375052052E1,2.440019484704E1,1.603626415797E1));
#383=CARTESIAN_POINT('',(-3.257049588873E1,2.440324518622E1,1.598200443549E1));
#384=CARTESIAN_POINT('',(-3.255824512764E1,2.440428000113E1,1.592433700925E1));
#385=CARTESIAN_POINT('',(-3.255744261057E1,2.440326075336E1,1.586524473990E1));
#386=CARTESIAN_POINT('',(-3.256817645027E1,2.440021750396E1,1.580710802156E1));
#387=CARTESIAN_POINT('',(-3.259008527894E1,2.439525275284E1,1.575205098129E1));
#388=CARTESIAN_POINT('',(-3.261168496624E1,2.439076637344E1,1.571876853795E1));
#389=CARTESIAN_POINT('',(-3.262404516592E1,2.438826805976E1,1.570332042490E1));
#391=CARTESIAN_POINT('',(-3.212429018260E1,1.884492345164E1,1.568766933420E1));
#392=DIRECTION('',(-6.247477251049E-1,0.E0,-7.808266644885E-1));
#393=DIRECTION('',(-2.096228880288E-1,9.632900611735E-1,1.677215038651E-1));
#394=AXIS2_PLACEMENT_3D('',#391,#392,#393);
#396=CARTESIAN_POINT('',(-3.162449200251E1,1.884492345164E1,1.631233066580E1));
#397=DIRECTION('',(6.247477251049E-1,0.E0,7.808266644885E-1));
#398=DIRECTION('',(-9.782401441346E-2,9.921210933166E-1,7.827003513703E-2));
#399=AXIS2_PLACEMENT_3D('',#396,#397,#398);
#401=CARTESIAN_POINT('',(-3.174939835078E1,2.438826805976E1,1.679647775518E1));
#402=CARTESIAN_POINT('',(-3.176174512308E1,2.439076365942E1,1.678104642403E1));
#403=CARTESIAN_POINT('',(-3.178944008211E1,2.439524400147E1,1.675270969120E1));
#404=CARTESIAN_POINT('',(-3.183820143389E1,2.440020046324E1,1.671931943953E1));
#405=CARTESIAN_POINT('',(-3.189245993092E1,2.440324784899E1,1.669608161545E1));
#406=CARTESIAN_POINT('',(-3.195013297358E1,2.440428001261E1,1.668384521001E1));
#407=CARTESIAN_POINT('',(-3.200922305563E1,2.440325810249E1,1.668305797774E1));
#408=CARTESIAN_POINT('',(-3.206736477207E1,2.440021188303E1,1.669380802803E1));
#409=CARTESIAN_POINT('',(-3.212241369223E1,2.439524412360E1,1.671573469394E1));
#410=CARTESIAN_POINT('',(-3.215564870686E1,2.439076214402E1,1.673731479839E1));
#411=CARTESIAN_POINT('',(-3.217107066765E1,2.438826805976E1,1.674965407337E1));
#413=DIRECTION('',(0.E0,-1.E0,0.E0));
#414=VECTOR('',#413,3.058838530222E-2);
#415=CARTESIAN_POINT('',(-3.062493883910E1,2.422717850360E1,1.692134090669E1));
#416=LINE('',#415,#414);
#417=DIRECTION('',(-6.247477251049E-1,0.E0,-7.808266644885E-1));
#418=VECTOR('',#417,2.226497308104E-1);
#419=CARTESIAN_POINT('',(-3.098563710637E1,2.319659011830E1,1.647053042176E1));
#420=LINE('',#419,#418);
#421=CARTESIAN_POINT('',(-3.156206042676E1,1.884492345164E1,1.575010090996E1));
#422=DIRECTION('',(-7.808266644885E-1,0.E0,6.247477251049E-1));
#423=DIRECTION('',(1.677215038651E-1,9.632900611735E-1,2.096228880288E-1));
#424=AXIS2_PLACEMENT_3D('',#421,#422,#423);
#426=DIRECTION('',(3.123738625525E-1,8.660254037844E-1,3.904133322443E-1));
#427=VECTOR('',#426,1.154700538379E0);
#428=CARTESIAN_POINT('',(-3.098563710637E1,2.319659011830E1,1.647053042176E1));
#429=LINE('',#428,#427);
#430=CARTESIAN_POINT('',(-3.176513583499E1,2.319659011830E1,1.501609792728E1));
#431=DIRECTION('',(0.E0,1.E0,0.E0));
#432=DIRECTION('',(-7.808266644885E-1,0.E0,6.247477251049E-1));
#433=AXIS2_PLACEMENT_3D('',#430,#431,#432);
#435=DIRECTION('',(0.E0,-1.E0,0.E0));
#436=VECTOR('',#435,1.191677941460E0);
#437=CARTESIAN_POINT('',(-3.199938383433E1,2.438826805976E1,1.520352224482E1));
#438=LINE('',#437,#436);
#439=DIRECTION('',(0.E0,1.E0,0.E0));
#440=VECTOR('',#439,1.191677941460E0);
#441=CARTESIAN_POINT('',(-3.157771151745E1,2.319659011830E1,1.525034592663E1));
#442=LINE('',#441,#440);
#443=DIRECTION('',(6.247477251049E-1,0.E0,7.808266644885E-1));
#444=VECTOR('',#443,2.226497308104E-1);
#445=CARTESIAN_POINT('',(-3.213848374715E1,2.319659011830E1,1.502967139816E1));
#446=LINE('',#445,#444);
#447=DIRECTION('',(3.123738625525E-1,-8.660254037844E-1,3.904133322443E-1));
#448=VECTOR('',#447,1.154700538379E0);
#449=CARTESIAN_POINT('',(-3.249918201442E1,2.419659011830E1,1.457886091323E1));
#450=LINE('',#449,#448);
#451=DIRECTION('',(0.E0,-1.E0,5.807291956898E-14));
#452=VECTOR('',#451,3.058838530221E-2);
#453=CARTESIAN_POINT('',(-3.249918201442E1,2.422717850360E1,1.457886091323E1));
#454=LINE('',#453,#452);
#455=CARTESIAN_POINT('',(-3.156206042676E1,1.884492345164E1,1.575010090996E1));
#456=DIRECTION('',(-7.808266644885E-1,0.E0,6.247477251049E-1));
#457=DIRECTION('',(-7.827003513702E-2,9.921210933166E-1,-9.782401441346E-2));
#458=AXIS2_PLACEMENT_3D('',#455,#456,#457);
#460=DIRECTION('',(7.808266644885E-1,0.E0,-6.247477251049E-1));
#461=VECTOR('',#460,8.E-1);
#462=CARTESIAN_POINT('',(-3.276314507874E1,2.319659011830E1,1.552946957824E1));
#463=LINE('',#462,#461);
#464=DIRECTION('',(-7.808266644885E-1,0.E0,6.247477251049E-1));
#465=VECTOR('',#464,8.E-1);
#466=CARTESIAN_POINT('',(-3.249918201442E1,2.419659011830E1,1.457886091323E1));
#467=LINE('',#466,#465);
#468=DIRECTION('',(-6.247477251049E-1,0.E0,-7.808266644885E-1));
#469=VECTOR('',#468,2.226497308104E-1);
#470=CARTESIAN_POINT('',(-3.262404516592E1,2.319659011830E1,1.570332042490E1));
#471=LINE('',#470,#469);
#472=CARTESIAN_POINT('',(-3.218672175835E1,1.884492345164E1,1.624989909004E1));
#473=DIRECTION('',(7.808266644885E-1,0.E0,-6.247477251049E-1));
#474=DIRECTION('',(-1.677215038651E-1,9.632900611735E-1,-2.096228880288E-1));
#475=AXIS2_PLACEMENT_3D('',#472,#473,#474);
#477=DIRECTION('',(-3.123738625525E-1,8.660254037844E-1,-3.904133322443E-1));
#478=VECTOR('',#477,1.154700538379E0);
#479=CARTESIAN_POINT('',(-3.276314507874E1,2.319659011830E1,1.552946957824E1));
#480=LINE('',#479,#478);
#481=CARTESIAN_POINT('',(-3.285829316527E1,2.319659011830E1,1.589074474243E1));
#482=DIRECTION('',(0.E0,1.E0,0.E0));
#483=DIRECTION('',(6.247477251045E-1,0.E0,7.808266644888E-1));
#484=AXIS2_PLACEMENT_3D('',#481,#482,#483);
#486=DIRECTION('',(-4.173777979164E-14,-1.E0,4.173777979164E-14));
#487=VECTOR('',#486,1.191677941460E0);
#488=CARTESIAN_POINT('',(-3.267086884774E1,2.438826805976E1,1.612499274178E1));
#489=LINE('',#488,#487);
#490=DIRECTION('',(0.E0,1.E0,0.E0));
#491=VECTOR('',#490,1.191677941460E0);
#492=CARTESIAN_POINT('',(-3.262404516592E1,2.319659011830E1,1.570332042490E1));
#493=LINE('',#492,#491);
#494=DIRECTION('',(7.808266644885E-1,0.E0,-6.247477251049E-1));
#495=VECTOR('',#494,2.226497308103E-1);
#496=CARTESIAN_POINT('',(-3.284471969440E1,2.319659011830E1,1.626409265460E1));
#497=LINE('',#496,#495);
#498=DIRECTION('',(3.904133322443E-1,-8.660254037844E-1,-3.123738625525E-1));
#499=VECTOR('',#498,1.154700538379E0);
#500=CARTESIAN_POINT('',(-3.329553017933E1,2.419659011830E1,1.662479092186E1));
#501=LINE('',#500,#499);
#502=DIRECTION('',(2.322916782758E-13,-1.E0,1.161458391379E-13));
#503=VECTOR('',#502,3.058838530222E-2);
#504=CARTESIAN_POINT('',(-3.329553017933E1,2.422717850360E1,1.662479092186E1));
#505=LINE('',#504,#503);
#506=DIRECTION('',(-6.247477251049E-1,0.E0,-7.808266644885E-1));
#507=VECTOR('',#506,8.E-1);
#508=CARTESIAN_POINT('',(-3.234492151431E1,2.319659011830E1,1.688875398619E1));
#509=LINE('',#508,#507);
#510=DIRECTION('',(6.247477251049E-1,1.332267629550E-14,7.808266644885E-1));
#511=VECTOR('',#510,8.E-1);
#512=CARTESIAN_POINT('',(-3.329553017933E1,2.419659011830E1,1.662479092186E1));
#513=LINE('',#512,#511);
#514=DIRECTION('',(-7.808266644885E-1,0.E0,6.247477251049E-1));
#515=VECTOR('',#514,2.226497308104E-1);
#516=CARTESIAN_POINT('',(-3.217107066765E1,2.319659011830E1,1.674965407337E1));
#517=LINE('',#516,#515);
#518=DIRECTION('',(-3.904133322443E-1,8.660254037844E-1,3.123738625525E-1));
#519=VECTOR('',#518,1.154700538379E0);
#520=CARTESIAN_POINT('',(-3.234492151431E1,2.319659011830E1,1.688875398619E1));
#521=LINE('',#520,#519);
#522=CARTESIAN_POINT('',(-3.198364635012E1,2.319659011830E1,1.698390207272E1));
#523=DIRECTION('',(0.E0,1.E0,0.E0));
#524=DIRECTION('',(7.808266644888E-1,0.E0,-6.247477251046E-1));
#525=AXIS2_PLACEMENT_3D('',#522,#523,#524);
#527=DIRECTION('',(1.788761991070E-14,-1.E0,2.086888989582E-14));
#528=VECTOR('',#527,1.191677941460E0);
#529=CARTESIAN_POINT('',(-3.174939835078E1,2.438826805976E1,1.679647775518E1));
#530=LINE('',#529,#528);
#531=DIRECTION('',(0.E0,1.E0,0.E0));
#532=VECTOR('',#531,1.191677941460E0);
#533=CARTESIAN_POINT('',(-3.217107066765E1,2.319659011830E1,1.674965407337E1));
#534=LINE('',#533,#532);
#535=DIRECTION('',(-6.247477251049E-1,0.E0,-7.808266644885E-1));
#536=VECTOR('',#535,2.226497308103E-1);
#537=CARTESIAN_POINT('',(-3.161029843796E1,2.319659011830E1,1.697032860184E1));
#538=LINE('',#537,#536);
#539=DIRECTION('',(-3.123738625525E-1,-8.660254037844E-1,-3.904133322443E-1));
#540=VECTOR('',#539,1.154700538379E0);
#541=CARTESIAN_POINT('',(-3.124960017069E1,2.419659011830E1,1.742113908677E1));
#542=LINE('',#541,#540);
#543=DIRECTION('',(1.161458391380E-13,-1.E0,1.161458391380E-13));
#544=VECTOR('',#543,3.058838530221E-2);
#545=CARTESIAN_POINT('',(-3.124960017069E1,2.422717850360E1,1.742113908677E1));
#546=LINE('',#545,#544);
#547=CARTESIAN_POINT('',(-3.218672175835E1,1.884492345164E1,1.624989909004E1));
#548=DIRECTION('',(7.808266644885E-1,0.E0,-6.247477251049E-1));
#549=DIRECTION('',(7.827003513702E-2,9.921210933166E-1,9.782401441346E-2));
#550=AXIS2_PLACEMENT_3D('',#547,#548,#549);
#552=DIRECTION('',(7.808266644885E-1,0.E0,-6.247477251049E-1));
#553=VECTOR('',#552,8.E-1);
#554=CARTESIAN_POINT('',(-3.161029843796E1,2.319659011830E1,1.697032860184E1));
#555=LINE('',#554,#553);
#556=DIRECTION('',(7.808266644885E-1,0.E0,-6.247477251049E-1));
#557=VECTOR('',#556,8.E-1);
#558=CARTESIAN_POINT('',(-3.124960017069E1,2.419659011830E1,1.742113908677E1));
#559=LINE('',#558,#557);
#560=DIRECTION('',(0.E0,-1.E0,0.E0));
#561=VECTOR('',#560,3.058838530222E-2);
#562=CARTESIAN_POINT('',(-3.279573199924E1,2.422717850360E1,1.724945225345E1));
#563=LINE('',#562,#561);
#564=CARTESIAN_POINT('',(-3.304563108929E1,1.884492345164E1,1.693712158766E1));
#565=DIRECTION('',(7.808266644885E-1,0.E0,-6.247477251049E-1));
#566=DIRECTION('',(-4.630249048490E-2,9.972497830595E-1,-5.787010940579E-2));
#567=AXIS2_PLACEMENT_3D('',#564,#565,#566);
#569=DIRECTION('',(0.E0,-1.E0,1.161458391379E-13));
#570=VECTOR('',#569,3.058838530222E-2);
#571=CARTESIAN_POINT('',(-3.312384334601E1,2.422717850360E1,1.507865909331E1));
#572=LINE('',#571,#570);
#573=DIRECTION('',(7.808266644885E-1,0.E0,-6.247477251049E-1));
#574=VECTOR('',#573,2.226497308104E-1);
#575=CARTESIAN_POINT('',(-3.157771151745E1,2.319659011830E1,1.525034592663E1));
#576=LINE('',#575,#574);
#577=DIRECTION('',(3.904133322442E-1,8.660254037844E-1,-3.123738625525E-1));
#578=VECTOR('',#577,1.154700538379E0);
#579=CARTESIAN_POINT('',(-3.140386067080E1,2.319659011830E1,1.511124601381E1));
#580=LINE('',#579,#578);
#581=DIRECTION('',(0.E0,-1.E0,5.807291956896E-14));
#582=VECTOR('',#581,3.058838530222E-2);
#583=CARTESIAN_POINT('',(-3.095305018586E1,2.422717850360E1,1.475054774655E1));
#584=LINE('',#583,#582);
#585=DIRECTION('',(-7.808266644885E-1,0.E0,6.247477251049E-1));
#586=VECTOR('',#585,2.226497308104E-1);
#587=CARTESIAN_POINT('',(-3.090406249071E1,2.319659011830E1,1.573590734540E1));
#588=LINE('',#587,#586);
#589=DIRECTION('',(-3.904133322442E-1,-8.660254037844E-1,3.123738625525E-1));
#590=VECTOR('',#589,1.154700538379E0);
#591=CARTESIAN_POINT('',(-3.045325200578E1,2.419659011830E1,1.537520907814E1));
#592=LINE('',#591,#590);
#593=DIRECTION('',(-1.161458391379E-13,-1.E0,0.E0));
#594=VECTOR('',#593,3.058838530222E-2);
#595=CARTESIAN_POINT('',(-3.045325200578E1,2.422717850360E1,1.537520907814E1));
#596=LINE('',#595,#594);
#597=DIRECTION('',(-6.247477251049E-1,0.E0,-7.808266644885E-1));
#598=VECTOR('',#597,8.E-1);
#599=CARTESIAN_POINT('',(-3.090406249071E1,2.319659011830E1,1.573590734540E1));
#600=LINE('',#599,#598);
#601=DIRECTION('',(-6.247477251049E-1,0.E0,-7.808266644885E-1));
#602=VECTOR('',#601,8.E-1);
#603=CARTESIAN_POINT('',(-3.045325200578E1,2.419659011830E1,1.537520907814E1));
#604=LINE('',#603,#602);
#605=CARTESIAN_POINT('',(-3.089048901984E1,2.319659011830E1,1.610925525757E1));
#606=DIRECTION('',(0.E0,1.E0,0.E0));
#607=DIRECTION('',(-6.247477251052E-1,0.E0,-7.808266644883E-1));
#608=AXIS2_PLACEMENT_3D('',#605,#606,#607);
#610=DIRECTION('',(-2.086888989582E-14,-1.E0,2.235952488838E-14));
#611=VECTOR('',#610,1.191677941460E0);
#612=CARTESIAN_POINT('',(-3.107791333737E1,2.438826805976E1,1.587500725822E1));
#613=LINE('',#612,#611);
#614=DIRECTION('',(0.E0,1.E0,0.E0));
#615=VECTOR('',#614,1.191677941460E0);
#616=CARTESIAN_POINT('',(-3.112473701919E1,2.319659011830E1,1.629667957510E1));
#617=LINE('',#616,#615);
#618=DIRECTION('',(-1.435513105082E-14,-7.071067811865E-1,7.071067811866E-1));
#619=VECTOR('',#618,4.949747468306E-1);
#620=CARTESIAN_POINT('',(2.912560890745E1,2.369659011830E1,-1.915E1));
#621=LINE('',#620,#619);
#622=CARTESIAN_POINT('',(2.912560890745E1,2.334659011830E1,-1.6E1));
#623=DIRECTION('',(0.E0,1.E0,0.E0));
#624=DIRECTION('',(-3.436589706275E-2,0.E0,-9.994093181070E-1));
#625=AXIS2_PLACEMENT_3D('',#622,#623,#624);
#627=DIRECTION('',(0.E0,-1.E0,0.E0));
#628=VECTOR('',#627,3.5E-1);
#629=CARTESIAN_POINT('',(2.902938439567E1,2.369659011830E1,-1.879834609070E1));
#630=LINE('',#629,#628);
#631=CARTESIAN_POINT('',(2.912560890745E1,2.334659011830E1,-1.6E1));
#632=DIRECTION('',(0.E0,1.E0,0.E0));
#633=DIRECTION('',(0.E0,0.E0,1.E0));
#634=AXIS2_PLACEMENT_3D('',#631,#632,#633);
#636=DIRECTION('',(-1.435513105082E-14,-7.071067811865E-1,-7.071067811865E-1));
#637=VECTOR('',#636,4.949747468306E-1);
#638=CARTESIAN_POINT('',(2.912560890745E1,2.369659011830E1,-1.285E1));
#639=LINE('',#638,#637);
#640=CARTESIAN_POINT('',(2.912560890745E1,2.334659011830E1,-1.6E1));
#641=DIRECTION('',(0.E0,1.E0,0.E0));
#642=DIRECTION('',(0.E0,0.E0,-1.E0));
#643=AXIS2_PLACEMENT_3D('',#640,#641,#642);
#645=CARTESIAN_POINT('',(2.912560890745E1,2.334659011830E1,-1.6E1));
#646=DIRECTION('',(0.E0,1.E0,0.E0));
#647=DIRECTION('',(3.436589706275E-2,0.E0,9.994093181070E-1));
#648=AXIS2_PLACEMENT_3D('',#645,#646,#647);
#650=DIRECTION('',(0.E0,-1.E0,0.E0));
#651=VECTOR('',#650,3.5E-1);
#652=CARTESIAN_POINT('',(2.922183341922E1,2.369659011830E1,-1.320165390930E1));
#653=LINE('',#652,#651);
#654=CARTESIAN_POINT('',(2.912560890745E1,2.369659011830E1,-1.6E1));
#655=DIRECTION('',(0.E0,-1.E0,0.E0));
#656=DIRECTION('',(-3.436589706275E-2,0.E0,-9.994093181070E-1));
#657=AXIS2_PLACEMENT_3D('',#654,#655,#656);
#659=CARTESIAN_POINT('',(2.912560890745E1,2.369659011830E1,-1.6E1));
#660=DIRECTION('',(0.E0,-1.E0,0.E0));
#661=DIRECTION('',(3.436589706275E-2,0.E0,9.994093181070E-1));
#662=AXIS2_PLACEMENT_3D('',#659,#660,#661);
#664=CARTESIAN_POINT('',(2.762649493029E1,1.884492345164E1,-1.594845115441E1));
#665=DIRECTION('',(9.994093181070E-1,0.E0,-3.436589706275E-2));
#666=DIRECTION('',(-2.546990661689E-3,9.972497830595E-1,-7.407012235923E-2));
#667=AXIS2_PLACEMENT_3D('',#664,#665,#666);
#669=CARTESIAN_POINT('',(2.874990130815E1,2.438826805976E1,-1.528666711850E1));
#670=CARTESIAN_POINT('',(2.874922329026E1,2.439075943779E1,-1.530638484612E1));
#671=CARTESIAN_POINT('',(2.874396494280E1,2.439523538646E1,-1.534560656725E1));
#672=CARTESIAN_POINT('',(2.872483724559E1,2.440019484704E1,-1.540152263968E1));
#673=CARTESIAN_POINT('',(2.869522556242E1,2.440324518622E1,-1.545259164793E1));
#674=CARTESIAN_POINT('',(2.865630615483E1,2.440428000113E1,-1.549687361840E1));
#675=CARTESIAN_POINT('',(2.860940341781E1,2.440326075336E1,-1.553282738858E1));
#676=CARTESIAN_POINT('',(2.855637338444E1,2.440021750396E1,-1.555895991420E1));
#677=CARTESIAN_POINT('',(2.849913518861E1,2.439525275284E1,-1.557429169151E1));
#678=CARTESIAN_POINT('',(2.845954136258E1,2.439076637344E1,-1.557686005021E1));
#679=CARTESIAN_POINT('',(2.843976874360E1,2.438826805976E1,-1.557618014481E1));
#681=CARTESIAN_POINT('',(2.872584518020E1,1.884492345164E1,-1.598625364117E1));
#682=DIRECTION('',(-9.994093181070E-1,0.E0,3.436589706275E-2));
#683=DIRECTION('',(9.225963865765E-3,9.632900611735E-1,2.683041923546E-1));
#684=AXIS2_PLACEMENT_3D('',#681,#682,#683);
#686=CARTESIAN_POINT('',(2.917715775304E1,1.884492345164E1,-1.450088602284E1));
#687=DIRECTION('',(-3.436589706275E-2,0.E0,-9.994093181070E-1));
#688=DIRECTION('',(-7.407012235923E-2,9.972497830595E-1,2.546990661689E-3));
#689=AXIS2_PLACEMENT_3D('',#686,#687,#688);
#691=CARTESIAN_POINT('',(2.952537263469E1,1.884492345164E1,-1.601374635883E1));
#692=DIRECTION('',(9.994093181070E-1,0.E0,-3.436589706275E-2));
#693=DIRECTION('',(4.305449804024E-3,9.921210933166E-1,1.252086230988E-1));
#694=AXIS2_PLACEMENT_3D('',#691,#692,#693);
#696=CARTESIAN_POINT('',(2.983894178895E1,2.438826805976E1,-1.562429240070E1));
#697=CARTESIAN_POINT('',(2.981919064974E1,2.439076365942E1,-1.562361323391E1));
#698=CARTESIAN_POINT('',(2.977992027130E1,2.439524400147E1,-1.561833890357E1));
#699=CARTESIAN_POINT('',(2.972400968694E1,2.440020046324E1,-1.559919249685E1));
#700=CARTESIAN_POINT('',(2.967295488797E1,2.440324784899E1,-1.556957175292E1));
#701=CARTESIAN_POINT('',(2.962868107231E1,2.440428001261E1,-1.553063926375E1));
#702=CARTESIAN_POINT('',(2.959274086502E1,2.440325810249E1,-1.548372914722E1));
#703=CARTESIAN_POINT('',(2.956661835104E1,2.440021188303E1,-1.543068541965E1));
#704=CARTESIAN_POINT('',(2.955130572840E1,2.439524412360E1,-1.537344307626E1));
#705=CARTESIAN_POINT('',(2.954875000825E1,2.439076214402E1,-1.533389898188E1));
#706=CARTESIAN_POINT('',(2.954942876263E1,2.438826805976E1,-1.531415983615E1));
#708=CARTESIAN_POINT('',(3.062472288461E1,1.884492345164E1,-1.605154884559E1));
#709=DIRECTION('',(-9.994093181070E-1,0.E0,3.436589706275E-2));
#710=DIRECTION('',(2.546990661689E-3,9.972497830595E-1,7.407012235924E-2));
#711=AXIS2_PLACEMENT_3D('',#708,#709,#710);
#713=CARTESIAN_POINT('',(2.950131650674E1,2.438826805976E1,-1.671333288150E1));
#714=CARTESIAN_POINT('',(2.950199452464E1,2.439075943779E1,-1.669361515388E1));
#715=CARTESIAN_POINT('',(2.950725287209E1,2.439523538646E1,-1.665439343275E1));
#716=CARTESIAN_POINT('',(2.952638056930E1,2.440019484704E1,-1.659847736032E1));
#717=CARTESIAN_POINT('',(2.955599225247E1,2.440324518622E1,-1.654740835207E1));
#718=CARTESIAN_POINT('',(2.959491166006E1,2.440428000113E1,-1.650312638160E1));
#719=CARTESIAN_POINT('',(2.964181439708E1,2.440326075336E1,-1.646717261142E1));
#720=CARTESIAN_POINT('',(2.969484443045E1,2.440021750396E1,-1.644104008580E1));
#721=CARTESIAN_POINT('',(2.975208262628E1,2.439525275284E1,-1.642570830849E1));
#722=CARTESIAN_POINT('',(2.979167645231E1,2.439076637344E1,-1.642313994979E1));
#723=CARTESIAN_POINT('',(2.981144907130E1,2.438826805976E1,-1.642381985519E1));
#725=CARTESIAN_POINT('',(2.952537263469E1,1.884492345164E1,-1.601374635883E1));
#726=DIRECTION('',(9.994093181070E-1,0.E0,-3.436589706275E-2));
#727=DIRECTION('',(-9.225963865765E-3,9.632900611735E-1,-2.683041923546E-1));
#728=AXIS2_PLACEMENT_3D('',#725,#726,#727);
#730=CARTESIAN_POINT('',(2.872584518020E1,1.884492345164E1,-1.598625364117E1));
#731=DIRECTION('',(-9.994093181070E-1,0.E0,3.436589706275E-2));
#732=DIRECTION('',(-4.305449804023E-3,9.921210933166E-1,-1.252086230988E-1));
#733=AXIS2_PLACEMENT_3D('',#730,#731,#732);
#735=CARTESIAN_POINT('',(2.841227602595E1,2.438826805976E1,-1.637570759930E1));
#736=CARTESIAN_POINT('',(2.843202716515E1,2.439076365942E1,-1.637638676609E1));
#737=CARTESIAN_POINT('',(2.847129754359E1,2.439524400147E1,-1.638166109643E1));
#738=CARTESIAN_POINT('',(2.852720812795E1,2.440020046324E1,-1.640080750315E1));
#739=CARTESIAN_POINT('',(2.857826292692E1,2.440324784899E1,-1.643042824708E1));
#740=CARTESIAN_POINT('',(2.862253674258E1,2.440428001261E1,-1.646936073625E1));
#741=CARTESIAN_POINT('',(2.865847694987E1,2.440325810249E1,-1.651627085278E1));
#742=CARTESIAN_POINT('',(2.868459946385E1,2.440021188303E1,-1.656931458035E1));
#743=CARTESIAN_POINT('',(2.869991208649E1,2.439524412360E1,-1.662655692374E1));
#744=CARTESIAN_POINT('',(2.870246780664E1,2.439076214402E1,-1.666610101812E1));
#745=CARTESIAN_POINT('',(2.870178905226E1,2.438826805976E1,-1.668584016385E1));
#747=DIRECTION('',(0.E0,-1.E0,1.742187587069E-13));
#748=VECTOR('',#747,3.058838530221E-2);
#749=CARTESIAN_POINT('',(2.764024128911E1,2.422717850360E1,-1.554868742716E1));
#750=LINE('',#749,#748);
#751=DIRECTION('',(9.994093181070E-1,0.E0,-3.436589706273E-2));
#752=VECTOR('',#751,2.226497308104E-1);
#753=CARTESIAN_POINT('',(2.821725052795E1,2.319659011830E1,-1.556852858708E1));
#754=LINE('',#753,#752);
#755=CARTESIAN_POINT('',(2.913935526627E1,1.884492345164E1,-1.560023627276E1));
#756=DIRECTION('',(-3.436589706275E-2,0.E0,-9.994093181070E-1));
#757=DIRECTION('',(-2.683041923546E-1,9.632900611735E-1,9.225963865765E-3));
#758=AXIS2_PLACEMENT_3D('',#755,#756,#757);
#760=DIRECTION('',(-4.997046590535E-1,8.660254037844E-1,1.718294853138E-2));
#761=VECTOR('',#760,1.154700538379E0);
#762=CARTESIAN_POINT('',(2.821725052795E1,2.319659011830E1,-1.556852858708E1));
#763=LINE('',#762,#761);
#764=DIRECTION('',(3.436589706276E-2,0.E0,9.994093181070E-1));
#765=VECTOR('',#764,8.E-1);
#766=CARTESIAN_POINT('',(2.818975781030E1,2.319659011830E1,-1.636805604157E1));
#767=LINE('',#766,#765);
#768=DIRECTION('',(3.436589706275E-2,0.E0,9.994093181070E-1));
#769=VECTOR('',#768,8.E-1);
#770=CARTESIAN_POINT('',(2.761274857146E1,2.419659011830E1,-1.634821488165E1));
#771=LINE('',#770,#769);
#772=DIRECTION('',(9.994093181070E-1,0.E0,-3.436589706278E-2));
#773=VECTOR('',#772,2.226497308104E-1);
#774=CARTESIAN_POINT('',(2.818975781030E1,2.319659011830E1,-1.636805604157E1));
#775=LINE('',#774,#773);
#776=DIRECTION('',(4.997046590535E-1,-8.660254037844E-1,-1.718294853137E-2));
#777=VECTOR('',#776,1.154700538379E0);
#778=CARTESIAN_POINT('',(2.761274857146E1,2.419659011830E1,-1.634821488165E1));
#779=LINE('',#778,#777);
#780=DIRECTION('',(0.E0,-1.E0,0.E0));
#781=VECTOR('',#780,3.058838530221E-2);
#782=CARTESIAN_POINT('',(2.761274857146E1,2.422717850360E1,-1.634821488165E1));
#783=LINE('',#782,#781);
#784=CARTESIAN_POINT('',(2.911186254862E1,1.884492345164E1,-1.639976372724E1));
#785=DIRECTION('',(3.436589706275E-2,0.E0,9.994093181070E-1));
#786=DIRECTION('',(-1.252086230988E-1,9.921210933166E-1,4.305449804024E-3));
#787=AXIS2_PLACEMENT_3D('',#784,#785,#786);
#789=CARTESIAN_POINT('',(2.840196625683E1,2.319659011830E1,-1.667553039473E1));
#790=DIRECTION('',(0.E0,1.E0,0.E0));
#791=DIRECTION('',(3.436589706283E-2,0.E0,9.994093181070E-1));
#792=AXIS2_PLACEMENT_3D('',#789,#790,#791);
#794=DIRECTION('',(0.E0,-1.E0,0.E0));
#795=VECTOR('',#794,1.191677941460E0);
#796=CARTESIAN_POINT('',(2.841227602595E1,2.438826805976E1,-1.637570759930E1));
#797=LINE('',#796,#795);
#798=DIRECTION('',(0.E0,1.E0,1.192507994047E-14));
#799=VECTOR('',#798,1.191677941460E0);
#800=CARTESIAN_POINT('',(2.870178905226E1,2.319659011830E1,-1.668584016385E1));
#801=LINE('',#800,#799);
#802=DIRECTION('',(-3.436589706278E-2,0.E0,-9.994093181070E-1));
#803=VECTOR('',#802,2.226497308104E-1);
#804=CARTESIAN_POINT('',(2.870178905226E1,2.319659011830E1,-1.668584016385E1));
#805=LINE('',#804,#803);
#806=DIRECTION('',(-1.718294853137E-2,8.660254037844E-1,-4.997046590535E-1));
#807=VECTOR('',#806,1.154700538379E0);
#808=CARTESIAN_POINT('',(2.869413749453E1,2.319659011830E1,-1.690835837950E1));
#809=LINE('',#808,#807);
#810=DIRECTION('',(-1.161458391380E-13,-1.E0,0.E0));
#811=VECTOR('',#810,3.058838530221E-2);
#812=CARTESIAN_POINT('',(2.867429633461E1,2.422717850360E1,-1.748536761834E1));
#813=LINE('',#812,#811);
#814=CARTESIAN_POINT('',(2.907406006185E1,1.884492345164E1,-1.749911397716E1));
#815=DIRECTION('',(3.436589706275E-2,0.E0,9.994093181070E-1));
#816=DIRECTION('',(7.407012235923E-2,9.972497830595E-1,-2.546990661689E-3));
#817=AXIS2_PLACEMENT_3D('',#814,#815,#816);
#819=DIRECTION('',(3.436589706273E-2,0.E0,9.994093181070E-1));
#820=VECTOR('',#819,2.226497308104E-1);
#821=CARTESIAN_POINT('',(2.949366494901E1,2.319659011830E1,-1.693585109715E1));
#822=LINE('',#821,#820);
#823=DIRECTION('',(1.718294853138E-2,-8.660254037844E-1,4.997046590535E-1));
#824=VECTOR('',#823,1.154700538379E0);
#825=CARTESIAN_POINT('',(2.947382378909E1,2.419659011830E1,-1.751286033599E1));
#826=LINE('',#825,#824);
#827=DIRECTION('',(0.E0,-1.E0,1.161458391380E-13));
#828=VECTOR('',#827,3.058838530221E-2);
#829=CARTESIAN_POINT('',(2.947382378909E1,2.422717850360E1,-1.751286033599E1));
#830=LINE('',#829,#828);
#831=DIRECTION('',(9.994093181070E-1,0.E0,-3.436589706276E-2));
#832=VECTOR('',#831,8.E-1);
#833=CARTESIAN_POINT('',(2.869413749453E1,2.319659011830E1,-1.690835837950E1));
#834=LINE('',#833,#832);
#835=DIRECTION('',(-9.994093181070E-1,0.E0,3.436589706275E-2));
#836=VECTOR('',#835,8.E-1);
#837=CARTESIAN_POINT('',(2.947382378909E1,2.419659011830E1,-1.751286033599E1));
#838=LINE('',#837,#836);
#839=CARTESIAN_POINT('',(2.980113930218E1,2.319659011830E1,-1.672364265062E1));
#840=DIRECTION('',(0.E0,1.E0,0.E0));
#841=DIRECTION('',(-9.994093181070E-1,0.E0,3.436589706276E-2));
#842=AXIS2_PLACEMENT_3D('',#839,#840,#841);
#844=DIRECTION('',(0.E0,-1.E0,0.E0));
#845=VECTOR('',#844,1.191677941460E0);
#846=CARTESIAN_POINT('',(2.950131650674E1,2.438826805976E1,-1.671333288150E1));
#847=LINE('',#846,#845);
#848=DIRECTION('',(0.E0,1.E0,0.E0));
#849=VECTOR('',#848,1.191677941460E0);
#850=CARTESIAN_POINT('',(2.981144907130E1,2.319659011830E1,-1.642381985519E1));
#851=LINE('',#850,#849);
#852=DIRECTION('',(9.994093181070E-1,0.E0,-3.436589706275E-2));
#853=VECTOR('',#852,2.226497308104E-1);
#854=CARTESIAN_POINT('',(2.981144907130E1,2.319659011830E1,-1.642381985519E1));
#855=LINE('',#854,#853);
#856=CARTESIAN_POINT('',(2.911186254862E1,1.884492345164E1,-1.639976372724E1));
#857=DIRECTION('',(3.436589706275E-2,0.E0,9.994093181070E-1));
#858=DIRECTION('',(2.683041923546E-1,9.632900611735E-1,-9.225963865765E-3));
#859=AXIS2_PLACEMENT_3D('',#856,#857,#858);
#861=DIRECTION('',(4.997046590535E-1,8.660254037844E-1,-1.718294853138E-2));
#862=VECTOR('',#861,1.154700538379E0);
#863=CARTESIAN_POINT('',(3.003396728694E1,2.319659011830E1,-1.643147141292E1));
#864=LINE('',#863,#862);
#865=DIRECTION('',(0.E0,-1.E0,1.161458391380E-13));
#866=VECTOR('',#865,3.058838530221E-2);
#867=CARTESIAN_POINT('',(3.061097652578E1,2.422717850360E1,-1.645131257284E1));
#868=LINE('',#867,#866);
#869=DIRECTION('',(-9.994093181070E-1,-1.595651459299E-14,3.436589706276E-2));
#870=VECTOR('',#869,2.226497308104E-1);
#871=CARTESIAN_POINT('',(3.006146000459E1,2.319659011830E1,-1.563194395843E1));
#872=LINE('',#871,#870);
#873=DIRECTION('',(-4.997046590535E-1,-8.660254037844E-1,1.718294853138E-2));
#874=VECTOR('',#873,1.154700538379E0);
#875=CARTESIAN_POINT('',(3.063846924343E1,2.419659011830E1,-1.565178511835E1));
#876=LINE('',#875,#874);
#877=DIRECTION('',(0.E0,-1.E0,0.E0));
#878=VECTOR('',#877,3.058838530221E-2);
#879=CARTESIAN_POINT('',(3.063846924343E1,2.422717850360E1,-1.565178511835E1));
#880=LINE('',#879,#878);
#881=CARTESIAN_POINT('',(2.913935526627E1,1.884492345164E1,-1.560023627276E1));
#882=DIRECTION('',(-3.436589706275E-2,0.E0,-9.994093181070E-1));
#883=DIRECTION('',(1.252086230988E-1,9.921210933166E-1,-4.305449804023E-3));
#884=AXIS2_PLACEMENT_3D('',#881,#882,#883);
#886=DIRECTION('',(3.436589706276E-2,0.E0,9.994093181070E-1));
#887=VECTOR('',#886,8.E-1);
#888=CARTESIAN_POINT('',(3.003396728694E1,2.319659011830E1,-1.643147141292E1));
#889=LINE('',#888,#887);
#890=DIRECTION('',(-3.436589706276E-2,0.E0,-9.994093181070E-1));
#891=VECTOR('',#890,8.E-1);
#892=CARTESIAN_POINT('',(3.063846924343E1,2.419659011830E1,-1.565178511835E1));
#893=LINE('',#892,#891);
#894=CARTESIAN_POINT('',(2.984925155806E1,2.319659011830E1,-1.532446960527E1));
#895=DIRECTION('',(0.E0,1.E0,0.E0));
#896=DIRECTION('',(-3.436589706280E-2,0.E0,-9.994093181070E-1));
#897=AXIS2_PLACEMENT_3D('',#894,#895,#896);
#899=DIRECTION('',(0.E0,-1.E0,0.E0));
#900=VECTOR('',#899,1.191677941460E0);
#901=CARTESIAN_POINT('',(2.983894178895E1,2.438826805976E1,-1.562429240070E1));
#902=LINE('',#901,#900);
#903=DIRECTION('',(0.E0,1.E0,0.E0));
#904=VECTOR('',#903,1.191677941460E0);
#905=CARTESIAN_POINT('',(2.954942876263E1,2.319659011830E1,-1.531415983615E1));
#906=LINE('',#905,#904);
#907=DIRECTION('',(3.436589706277E-2,0.E0,9.994093181070E-1));
#908=VECTOR('',#907,2.226497308104E-1);
#909=CARTESIAN_POINT('',(2.954942876263E1,2.319659011830E1,-1.531415983615E1));
#910=LINE('',#909,#908);
#911=DIRECTION('',(1.718294853138E-2,8.660254037844E-1,4.997046590535E-1));
#912=VECTOR('',#911,1.154700538379E0);
#913=CARTESIAN_POINT('',(2.955708032036E1,2.319659011830E1,-1.509164162050E1));
#914=LINE('',#913,#912);
#915=DIRECTION('',(0.E0,-1.E0,5.807291956898E-14));
#916=VECTOR('',#915,3.058838530221E-2);
#917=CARTESIAN_POINT('',(2.957692148028E1,2.422717850360E1,-1.451463238166E1));
#918=LINE('',#917,#916);
#919=DIRECTION('',(-3.436589706275E-2,0.E0,-9.994093181070E-1));
#920=VECTOR('',#919,2.226497308104E-1);
#921=CARTESIAN_POINT('',(2.875755286588E1,2.319659011830E1,-1.506414890285E1));
#922=LINE('',#921,#920);
#923=DIRECTION('',(-1.718294853138E-2,-8.660254037844E-1,-4.997046590535E-1));
#924=VECTOR('',#923,1.154700538379E0);
#925=CARTESIAN_POINT('',(2.877739402580E1,2.419659011830E1,-1.448713966401E1));
#926=LINE('',#925,#924);
#927=DIRECTION('',(0.E0,-1.E0,5.807291956898E-14));
#928=VECTOR('',#927,3.058838530221E-2);
#929=CARTESIAN_POINT('',(2.877739402580E1,2.422717850360E1,-1.448713966401E1));
#930=LINE('',#929,#928);
#931=DIRECTION('',(9.994093181070E-1,0.E0,-3.436589706276E-2));
#932=VECTOR('',#931,8.E-1);
#933=CARTESIAN_POINT('',(2.875755286588E1,2.319659011830E1,-1.506414890285E1));
#934=LINE('',#933,#932);
#935=DIRECTION('',(9.994093181070E-1,0.E0,-3.436589706276E-2));
#936=VECTOR('',#935,8.E-1);
#937=CARTESIAN_POINT('',(2.877739402580E1,2.419659011830E1,-1.448713966401E1));
#938=LINE('',#937,#936);
#939=CARTESIAN_POINT('',(2.845007851272E1,2.319659011830E1,-1.527635734938E1));
#940=DIRECTION('',(0.E0,1.E0,0.E0));
#941=DIRECTION('',(9.994093181070E-1,0.E0,-3.436589706289E-2));
#942=AXIS2_PLACEMENT_3D('',#939,#940,#941);
#944=DIRECTION('',(0.E0,-1.E0,0.E0));
#945=VECTOR('',#944,1.191677941460E0);
#946=CARTESIAN_POINT('',(2.874990130815E1,2.438826805976E1,-1.528666711850E1));
#947=LINE('',#946,#945);
#948=DIRECTION('',(0.E0,1.E0,0.E0));
#949=VECTOR('',#948,1.191677941460E0);
#950=CARTESIAN_POINT('',(2.843976874360E1,2.319659011830E1,-1.557618014481E1));
#951=LINE('',#950,#949);
#952=CARTESIAN_POINT('',(-1.374391092554E0,2.319659011830E1,0.E0));
#953=DIRECTION('',(0.E0,1.E0,0.E0));
#954=DIRECTION('',(-1.555555555556E-1,0.E0,-9.878271453730E-1));
#955=AXIS2_PLACEMENT_3D('',#952,#953,#954);
#957=DIRECTION('',(0.E0,-1.E0,0.E0));
#958=VECTOR('',#957,5.E-1);
#959=CARTESIAN_POINT('',(2.560890744606E-2,2.369659011830E1,-8.890444308357E0));
#960=LINE('',#959,#958);
#961=CARTESIAN_POINT('',(-1.374391092554E0,2.369659011830E1,0.E0));
#962=DIRECTION('',(0.E0,-1.E0,0.E0));
#963=DIRECTION('',(1.555555555556E-1,0.E0,-9.878271453730E-1));
#964=AXIS2_PLACEMENT_3D('',#961,#962,#963);
#966=DIRECTION('',(0.E0,1.E0,0.E0));
#967=VECTOR('',#966,5.E-1);
#968=CARTESIAN_POINT('',(-2.774391092554E0,2.319659011830E1,-8.890444308357E0));
#969=LINE('',#968,#967);
#970=DIRECTION('',(0.E0,0.E0,1.E0));
#971=VECTOR('',#970,1.109555691643E0);
#972=CARTESIAN_POINT('',(-2.774391092554E0,2.319659011830E1,-1.E1));
#973=LINE('',#972,#971);
#974=DIRECTION('',(-1.E0,0.E0,0.E0));
#975=VECTOR('',#974,2.8E0);
#976=CARTESIAN_POINT('',(2.560890744606E-2,2.319659011830E1,-1.E1));
#977=LINE('',#976,#975);
#978=DIRECTION('',(0.E0,-1.E0,0.E0));
#979=VECTOR('',#978,5.E-1);
#980=CARTESIAN_POINT('',(-2.774391092554E0,2.369659011830E1,-1.E1));
#981=LINE('',#980,#979);
#982=DIRECTION('',(0.E0,0.E0,-1.E0));
#983=VECTOR('',#982,1.109555691643E0);
#984=CARTESIAN_POINT('',(2.560890744606E-2,2.319659011830E1,-8.890444308357E0));
#985=LINE('',#984,#983);
#986=DIRECTION('',(0.E0,-1.E0,0.E0));
#987=VECTOR('',#986,5.E-1);
#988=CARTESIAN_POINT('',(2.560890744606E-2,2.369659011830E1,-1.E1));
#989=LINE('',#988,#987);
#990=CARTESIAN_POINT('',(-1.374391092554E0,2.319659011830E1,0.E0));
#991=DIRECTION('',(0.E0,-1.E0,0.E0));
#992=DIRECTION('',(-9.494382022472E-1,0.E0,-3.139539777E-1));
#993=AXIS2_PLACEMENT_3D('',#990,#991,#992);
#995=DIRECTION('',(0.E0,-1.E0,0.E0));
#996=VECTOR('',#995,5.E0);
#997=CARTESIAN_POINT('',(7.075608907446E0,2.819659011830E1,-2.794190401530E0));
#998=LINE('',#997,#996);
#999=DIRECTION('',(0.E0,1.E0,0.E0));
#1000=VECTOR('',#999,5.E0);
#1001=CARTESIAN_POINT('',(-9.824391092554E0,2.319659011830E1,
-2.794190401530E0));
#1002=LINE('',#1001,#1000);
#1003=DIRECTION('',(0.E0,0.E0,1.E0));
#1004=VECTOR('',#1003,5.588380803059E0);
#1005=CARTESIAN_POINT('',(7.075608907446E0,2.319659011830E1,-2.794190401530E0));
#1006=LINE('',#1005,#1004);
#1007=CARTESIAN_POINT('',(-1.374391092554E0,2.319659011830E1,0.E0));
#1008=DIRECTION('',(0.E0,-1.E0,0.E0));
#1009=DIRECTION('',(9.494382022472E-1,0.E0,3.139539777E-1));
#1010=AXIS2_PLACEMENT_3D('',#1007,#1008,#1009);
#1012=DIRECTION('',(0.E0,-1.E0,0.E0));
#1013=VECTOR('',#1012,5.E0);
#1014=CARTESIAN_POINT('',(-9.824391092554E0,2.819659011830E1,2.794190401530E0));
#1015=LINE('',#1014,#1013);
#1016=DIRECTION('',(-2.415845301584E-14,1.E0,7.389644451905E-14));
#1017=VECTOR('',#1016,5.E0);
#1018=CARTESIAN_POINT('',(7.075608907446E0,2.319659011830E1,2.794190401530E0));
#1019=LINE('',#1018,#1017);
#1020=DIRECTION('',(0.E0,0.E0,1.E0));
#1021=VECTOR('',#1020,5.588380803059E0);
#1022=CARTESIAN_POINT('',(-9.824391092554E0,2.319659011830E1,
-2.794190401530E0));
#1023=LINE('',#1022,#1021);
#1024=DIRECTION('',(7.071067811866E-1,7.071067811865E-1,-1.201654517270E-14));
#1025=VECTOR('',#1024,7.071067811865E-2);
#1026=CARTESIAN_POINT('',(-9.824391092554E0,2.864659011830E1,0.E0));
#1027=LINE('',#1026,#1025);
#1028=CARTESIAN_POINT('',(-9.824391092554E0,2.819659011830E1,
-2.794190401530E0));
#1029=CARTESIAN_POINT('',(-9.824391092554E0,2.825698611819E1,
-2.601818257259E0));
#1030=CARTESIAN_POINT('',(-9.824391092554E0,2.836554932013E1,
-2.220098209549E0));
#1031=CARTESIAN_POINT('',(-9.824391092554E0,2.849126657552E1,
-1.658094138667E0));
#1032=CARTESIAN_POINT('',(-9.824391092554E0,2.858091721760E1,
-1.102073806819E0));
#1033=CARTESIAN_POINT('',(-9.824391092554E0,2.863461846890E1,
-5.506756673420E-1));
#1034=CARTESIAN_POINT('',(-9.824391092554E0,2.864659011830E1,
-1.833563181320E-1));
#1035=CARTESIAN_POINT('',(-9.824391092554E0,2.864659011830E1,0.E0));
#1037=CARTESIAN_POINT('',(-1.374391092554E0,2.819659011830E1,0.E0));
#1038=DIRECTION('',(0.E0,1.E0,0.E0));
#1039=DIRECTION('',(9.494382022472E-1,0.E0,-3.139539777E-1));
#1040=AXIS2_PLACEMENT_3D('',#1037,#1038,#1039);
#1042=CARTESIAN_POINT('',(7.075608907446E0,2.864659011830E1,0.E0));
#1043=CARTESIAN_POINT('',(7.075608907446E0,2.864659011830E1,
-1.836353984819E-1));
#1044=CARTESIAN_POINT('',(7.075608907446E0,2.863458355225E1,
-5.514424210334E-1));
#1045=CARTESIAN_POINT('',(7.075608907446E0,2.858074747821E1,-1.103457326903E0));
#1046=CARTESIAN_POINT('',(7.075608907446E0,2.849095794764E1,-1.659689534510E0));
#1047=CARTESIAN_POINT('',(7.075608907446E0,2.836521512606E1,-2.221352382717E0));
#1048=CARTESIAN_POINT('',(7.075608907446E0,2.825683149533E1,-2.602310758946E0));
#1049=CARTESIAN_POINT('',(7.075608907446E0,2.819659011830E1,-2.794190401530E0));
#1051=DIRECTION('',(-7.071067811865E-1,7.071067811865E-1,0.E0));
#1052=VECTOR('',#1051,7.071067811865E-2);
#1053=CARTESIAN_POINT('',(7.075608907446E0,2.864659011830E1,0.E0));
#1054=LINE('',#1053,#1052);
#1055=CARTESIAN_POINT('',(7.075608907446E0,2.819659011830E1,2.794190401530E0));
#1056=CARTESIAN_POINT('',(7.075608907446E0,2.825698793935E1,2.601812456557E0));
#1057=CARTESIAN_POINT('',(7.075608907446E0,2.836555278866E1,2.220084680738E0));
#1058=CARTESIAN_POINT('',(7.075608907446E0,2.849126765827E1,1.658087451677E0));
#1059=CARTESIAN_POINT('',(7.075608907446E0,2.858091697251E1,1.102074873071E0));
#1060=CARTESIAN_POINT('',(7.075608907446E0,2.863461826654E1,5.506788618670E-1));
#1061=CARTESIAN_POINT('',(7.075608907446E0,2.864659011830E1,1.833579253316E-1));
#1062=CARTESIAN_POINT('',(7.075608907446E0,2.864659011830E1,0.E0));
#1064=CARTESIAN_POINT('',(-1.374391092554E0,2.819659011830E1,0.E0));
#1065=DIRECTION('',(0.E0,1.E0,0.E0));
#1066=DIRECTION('',(-9.494382022472E-1,0.E0,3.139539777E-1));
#1067=AXIS2_PLACEMENT_3D('',#1064,#1065,#1066);
#1069=CARTESIAN_POINT('',(-9.824391092554E0,2.864659011830E1,0.E0));
#1070=CARTESIAN_POINT('',(-9.824391092554E0,2.864659011830E1,
1.836356298760E-1));
#1071=CARTESIAN_POINT('',(-9.824391092554E0,2.863458352366E1,
5.514419001472E-1));
#1072=CARTESIAN_POINT('',(-9.824391092554E0,2.858074801842E1,1.103452044589E0));
#1073=CARTESIAN_POINT('',(-9.824391092554E0,2.849096039734E1,1.659675821363E0));
#1074=CARTESIAN_POINT('',(-9.824391092554E0,2.836522001785E1,2.221333532391E0));
#1075=CARTESIAN_POINT('',(-9.824391092554E0,2.825683396800E1,2.602302883038E0));
#1076=CARTESIAN_POINT('',(-9.824391092554E0,2.819659011830E1,2.794190401530E0));
#1078=CARTESIAN_POINT('',(-1.374391092554E0,2.869659011830E1,0.E0));
#1079=DIRECTION('',(0.E0,1.E0,0.E0));
#1080=DIRECTION('',(1.E0,0.E0,0.E0));
#1081=AXIS2_PLACEMENT_3D('',#1078,#1079,#1080);
#1083=CARTESIAN_POINT('',(-1.374391092554E0,2.869659011830E1,0.E0));
#1084=DIRECTION('',(0.E0,1.E0,0.E0));
#1085=DIRECTION('',(-1.E0,0.E0,0.E0));
#1086=AXIS2_PLACEMENT_3D('',#1083,#1084,#1085);
#1088=DIRECTION('',(0.E0,0.E0,1.E0));
#1089=VECTOR('',#1088,5.531726674376E0);
#1090=CARTESIAN_POINT('',(6.025608907446E0,2.869659011824E1,-2.765863337188E0));
#1091=LINE('',#1090,#1089);
#1092=CARTESIAN_POINT('',(-1.374391092554E0,2.869659011830E1,0.E0));
#1093=DIRECTION('',(0.E0,-1.E0,0.E0));
#1094=DIRECTION('',(-9.367088607595E-1,0.E0,-3.501092831883E-1));
#1095=AXIS2_PLACEMENT_3D('',#1092,#1093,#1094);
#1097=DIRECTION('',(0.E0,0.E0,-1.E0));
#1098=VECTOR('',#1097,5.531726674376E0);
#1099=CARTESIAN_POINT('',(-8.774391092554E0,2.869659011824E1,2.765863337188E0));
#1100=LINE('',#1099,#1098);
#1101=CARTESIAN_POINT('',(-1.374391092554E0,2.869659011830E1,0.E0));
#1102=DIRECTION('',(0.E0,-1.E0,0.E0));
#1103=DIRECTION('',(9.367088607595E-1,0.E0,3.501092831883E-1));
#1104=AXIS2_PLACEMENT_3D('',#1101,#1102,#1103);
#1106=DIRECTION('',(0.E0,-1.E0,0.E0));
#1107=VECTOR('',#1106,3.000000000059E0);
#1108=CARTESIAN_POINT('',(6.025608907446E0,3.169659011830E1,-2.765863337188E0));
#1109=LINE('',#1108,#1107);
#1110=DIRECTION('',(0.E0,1.E0,0.E0));
#1111=VECTOR('',#1110,3.000000000059E0);
#1112=CARTESIAN_POINT('',(-8.774391092554E0,2.869659011824E1,
-2.765863337188E0));
#1113=LINE('',#1112,#1111);
#1114=CARTESIAN_POINT('',(6.025608907446E0,3.219659011830E1,0.E0));
#1115=CARTESIAN_POINT('',(6.025608907446E0,3.219659011830E1,
-1.506309272727E-1));
#1116=CARTESIAN_POINT('',(6.025608907446E0,3.218737209333E1,
-4.523373734859E-1));
#1117=CARTESIAN_POINT('',(6.025608907446E0,3.214594453475E1,
-9.054931857745E-1));
#1118=CARTESIAN_POINT('',(6.025608907446E0,3.207688507650E1,-1.361458038678E0));
#1119=CARTESIAN_POINT('',(6.025608907446E0,3.198013416509E1,-1.821449372096E0));
#1120=CARTESIAN_POINT('',(6.025608907446E0,3.185536445485E1,-2.287829235235E0));
#1121=CARTESIAN_POINT('',(6.025608907446E0,3.175272377674E1,-2.605531517566E0));
#1122=CARTESIAN_POINT('',(6.025608907446E0,3.169659011830E1,-2.765863337188E0));
#1124=CARTESIAN_POINT('',(-8.774391092554E0,3.169659011830E1,
-2.765863337188E0));
#1125=CARTESIAN_POINT('',(-8.774391092554E0,3.175272369756E1,
-2.605531743741E0));
#1126=CARTESIAN_POINT('',(-8.774391092554E0,3.185536426366E1,
-2.287829854741E0));
#1127=CARTESIAN_POINT('',(-8.774391092554E0,3.198013392751E1,
-1.821450334255E0));
#1128=CARTESIAN_POINT('',(-8.774391092554E0,3.207688485552E1,
-1.361459268110E0));
#1129=CARTESIAN_POINT('',(-8.774391092554E0,3.214594443900E1,
-9.054940299384E-1));
#1130=CARTESIAN_POINT('',(-8.774391092554E0,3.218737206207E1,
-4.523379950180E-1));
#1131=CARTESIAN_POINT('',(-8.774391092554E0,3.219659011830E1,
-1.506311556223E-1));
#1132=CARTESIAN_POINT('',(-8.774391092554E0,3.219659011830E1,0.E0));
#1134=CARTESIAN_POINT('',(-1.374391092554E0,3.169659011830E1,0.E0));
#1135=DIRECTION('',(0.E0,1.E0,0.E0));
#1136=DIRECTION('',(9.367088607595E-1,0.E0,-3.501092831883E-1));
#1137=AXIS2_PLACEMENT_3D('',#1134,#1135,#1136);
#1139=CARTESIAN_POINT('',(-1.374391092554E0,3.219659011830E1,0.E0));
#1140=DIRECTION('',(0.E0,1.E0,0.E0));
#1141=DIRECTION('',(1.E0,0.E0,0.E0));
#1142=AXIS2_PLACEMENT_3D('',#1139,#1140,#1141);
#1144=CARTESIAN_POINT('',(-1.374391092554E0,3.219659011830E1,0.E0));
#1145=DIRECTION('',(0.E0,1.E0,0.E0));
#1146=DIRECTION('',(-1.E0,0.E0,0.E0));
#1147=AXIS2_PLACEMENT_3D('',#1144,#1145,#1146);
#1149=CARTESIAN_POINT('',(-1.374391092554E0,3.219659011830E1,0.E0));
#1150=DIRECTION('',(0.E0,-1.E0,0.E0));
#1151=DIRECTION('',(1.E0,0.E0,0.E0));
#1152=AXIS2_PLACEMENT_3D('',#1149,#1150,#1151);
#1154=CARTESIAN_POINT('',(-1.374391092554E0,3.219659011830E1,0.E0));
#1155=DIRECTION('',(0.E0,-1.E0,0.E0));
#1156=DIRECTION('',(-1.E0,0.E0,0.E0));
#1157=AXIS2_PLACEMENT_3D('',#1154,#1155,#1156);
#1159=CARTESIAN_POINT('',(6.025608907446E0,3.169659011830E1,2.765863337188E0));
#1160=CARTESIAN_POINT('',(6.025608907446E0,3.175272265471E1,2.605534722378E0));
#1161=CARTESIAN_POINT('',(6.025608907446E0,3.185536186880E1,2.287837915564E0));
#1162=CARTESIAN_POINT('',(6.025608907446E0,3.198013213188E1,1.821457379436E0));
#1163=CARTESIAN_POINT('',(6.025608907446E0,3.207688230224E1,1.361473752587E0));
#1164=CARTESIAN_POINT('',(6.025608907446E0,3.214594452581E1,9.054949024504E-1));
#1165=CARTESIAN_POINT('',(6.025608907446E0,3.218737196232E1,4.523389949300E-1));
#1166=CARTESIAN_POINT('',(6.025608907446E0,3.219659011830E1,1.506311061006E-1));
#1167=CARTESIAN_POINT('',(6.025608907446E0,3.219659011830E1,0.E0));
#1169=CARTESIAN_POINT('',(-1.374391092554E0,3.169659011830E1,0.E0));
#1170=DIRECTION('',(0.E0,1.E0,0.E0));
#1171=DIRECTION('',(-9.367088607595E-1,0.E0,3.501092831883E-1));
#1172=AXIS2_PLACEMENT_3D('',#1169,#1170,#1171);
#1174=CARTESIAN_POINT('',(-8.774391092554E0,3.219659011830E1,0.E0));
#1175=CARTESIAN_POINT('',(-8.774391092554E0,3.219659011830E1,
1.506312207471E-1));
#1176=CARTESIAN_POINT('',(-8.774391092554E0,3.218737194666E1,
4.523393080345E-1));
#1177=CARTESIAN_POINT('',(-8.774391092554E0,3.214594447694E1,
9.054953339928E-1));
#1178=CARTESIAN_POINT('',(-8.774391092554E0,3.207688218888E1,1.361474383553E0));
#1179=CARTESIAN_POINT('',(-8.774391092554E0,3.198013200940E1,1.821457875419E0));
#1180=CARTESIAN_POINT('',(-8.774391092554E0,3.185536177111E1,2.287838231904E0));
#1181=CARTESIAN_POINT('',(-8.774391092554E0,3.175272261430E1,2.605534837780E0));
#1182=CARTESIAN_POINT('',(-8.774391092554E0,3.169659011830E1,2.765863337188E0));
#1184=DIRECTION('',(0.E0,1.E0,0.E0));
#1185=VECTOR('',#1184,3.000000000059E0);
#1186=CARTESIAN_POINT('',(6.025608907446E0,2.869659011824E1,2.765863337188E0));
#1187=LINE('',#1186,#1185);
#1188=DIRECTION('',(0.E0,-1.E0,0.E0));
#1189=VECTOR('',#1188,3.000000000059E0);
#1190=CARTESIAN_POINT('',(-8.774391092554E0,3.169659011830E1,2.765863337188E0));
#1191=LINE('',#1190,#1189);
#1192=DIRECTION('',(0.E0,1.E0,0.E0));
#1193=VECTOR('',#1192,4.3E0);
#1194=CARTESIAN_POINT('',(5.375608907446E0,3.219659011830E1,0.E0));
#1195=LINE('',#1194,#1193);
#1196=CARTESIAN_POINT('',(5.075608907446E0,3.649659011830E1,0.E0));
#1197=DIRECTION('',(0.E0,0.E0,1.E0));
#1198=DIRECTION('',(1.E0,0.E0,0.E0));
#1199=AXIS2_PLACEMENT_3D('',#1196,#1197,#1198);
#1201=CARTESIAN_POINT('',(-1.374391092554E0,3.649659011830E1,0.E0));
#1202=DIRECTION('',(0.E0,1.E0,0.E0));
#1203=DIRECTION('',(-1.E0,0.E0,0.E0));
#1204=AXIS2_PLACEMENT_3D('',#1201,#1202,#1203);
#1206=CARTESIAN_POINT('',(-1.374391092554E0,3.679659011830E1,0.E0));
#1207=DIRECTION('',(0.E0,1.E0,0.E0));
#1208=DIRECTION('',(1.E0,0.E0,0.E0));
#1209=AXIS2_PLACEMENT_3D('',#1206,#1207,#1208);
#1211=CARTESIAN_POINT('',(-1.374391092554E0,3.679659011830E1,0.E0));
#1212=DIRECTION('',(0.E0,1.E0,0.E0));
#1213=DIRECTION('',(-1.E0,0.E0,0.E0));
#1214=AXIS2_PLACEMENT_3D('',#1211,#1212,#1213);
#1216=CARTESIAN_POINT('',(-1.374391092554E0,3.679659011830E1,0.E0));
#1217=DIRECTION('',(0.E0,-1.E0,0.E0));
#1218=DIRECTION('',(1.E0,0.E0,0.E0));
#1219=AXIS2_PLACEMENT_3D('',#1216,#1217,#1218);
#1221=CARTESIAN_POINT('',(-1.374391092554E0,3.679659011830E1,0.E0));
#1222=DIRECTION('',(0.E0,-1.E0,0.E0));
#1223=DIRECTION('',(-1.E0,0.E0,0.E0));
#1224=AXIS2_PLACEMENT_3D('',#1221,#1222,#1223);
#1226=CARTESIAN_POINT('',(-7.824391092554E0,3.649659011830E1,0.E0));
#1227=DIRECTION('',(0.E0,0.E0,-1.E0));
#1228=DIRECTION('',(-1.E0,0.E0,0.E0));
#1229=AXIS2_PLACEMENT_3D('',#1226,#1227,#1228);
#1231=CARTESIAN_POINT('',(-1.374391092554E0,3.649659011830E1,0.E0));
#1232=DIRECTION('',(0.E0,1.E0,0.E0));
#1233=DIRECTION('',(1.E0,0.E0,0.E0));
#1234=AXIS2_PLACEMENT_3D('',#1231,#1232,#1233);
#1236=DIRECTION('',(0.E0,1.E0,0.E0));
#1237=VECTOR('',#1236,4.3E0);
#1238=CARTESIAN_POINT('',(-8.124391092554E0,3.219659011830E1,0.E0));
#1239=LINE('',#1238,#1237);
#1240=CARTESIAN_POINT('',(-1.374391092554E0,3.649659011830E1,0.E0));
#1241=DIRECTION('',(0.E0,-1.E0,0.E0));
#1242=DIRECTION('',(1.E0,0.E0,0.E0));
#1243=AXIS2_PLACEMENT_3D('',#1240,#1241,#1242);
#1245=CARTESIAN_POINT('',(4.975608907446E0,3.649659011830E1,0.E0));
#1246=DIRECTION('',(0.E0,0.E0,1.E0));
#1247=DIRECTION('',(0.E0,1.E0,0.E0));
#1248=AXIS2_PLACEMENT_3D('',#1245,#1246,#1247);
#1250=DIRECTION('',(0.E0,-1.E0,0.E0));
#1251=VECTOR('',#1250,5.6E0);
#1252=CARTESIAN_POINT('',(4.675608907446E0,3.649659011830E1,0.E0));
#1253=LINE('',#1252,#1251);
#1254=DIRECTION('',(0.E0,-1.E0,0.E0));
#1255=VECTOR('',#1254,5.6E0);
#1256=CARTESIAN_POINT('',(-2.755566603600E-1,3.649659011830E1,-5.949375E0));
#1257=LINE('',#1256,#1255);
#1258=CARTESIAN_POINT('',(-1.374391092554E0,3.089659011830E1,0.E0));
#1259=DIRECTION('',(0.E0,1.E0,0.E0));
#1260=DIRECTION('',(-1.816255259825E-1,0.E0,-9.833677685950E-1));
#1261=AXIS2_PLACEMENT_3D('',#1258,#1259,#1260);
#1263=CARTESIAN_POINT('',(-1.374391092554E0,3.089659011830E1,-6.E0));
#1264=DIRECTION('',(0.E0,-1.E0,0.E0));
#1265=DIRECTION('',(9.989403929036E-1,0.E0,4.602272727273E-2));
#1266=AXIS2_PLACEMENT_3D('',#1263,#1264,#1265);
#1268=CARTESIAN_POINT('',(-1.374391092554E0,3.089659011830E1,0.E0));
#1269=DIRECTION('',(0.E0,1.E0,0.E0));
#1270=DIRECTION('',(1.E0,0.E0,0.E0));
#1271=AXIS2_PLACEMENT_3D('',#1268,#1269,#1270);
#1273=CARTESIAN_POINT('',(-1.374391092554E0,3.089659011830E1,0.E0));
#1274=DIRECTION('',(0.E0,1.E0,0.E0));
#1275=DIRECTION('',(-1.E0,0.E0,0.E0));
#1276=AXIS2_PLACEMENT_3D('',#1273,#1274,#1275);
#1278=CARTESIAN_POINT('',(1.889634858521E0,3.089659011830E1,1.490846500151E0));
#1279=DIRECTION('',(0.E0,-1.E0,0.E0));
#1280=DIRECTION('',(1.E0,0.E0,0.E0));
#1281=AXIS2_PLACEMENT_3D('',#1278,#1279,#1280);
#1283=CARTESIAN_POINT('',(1.889634858521E0,3.089659011830E1,1.490846500151E0));
#1284=DIRECTION('',(0.E0,-1.E0,0.E0));
#1285=DIRECTION('',(-1.E0,0.E0,0.E0));
#1286=AXIS2_PLACEMENT_3D('',#1283,#1284,#1285);
#1288=CARTESIAN_POINT('',(2.910307468629E0,3.089659011830E1,-1.294739164936E0));
#1289=DIRECTION('',(0.E0,-1.E0,0.E0));
#1290=DIRECTION('',(1.E0,0.E0,0.E0));
#1291=AXIS2_PLACEMENT_3D('',#1288,#1289,#1290);
#1293=CARTESIAN_POINT('',(2.910307468629E0,3.089659011830E1,-1.294739164936E0));
#1294=DIRECTION('',(0.E0,-1.E0,0.E0));
#1295=DIRECTION('',(-1.E0,0.E0,0.E0));
#1296=AXIS2_PLACEMENT_3D('',#1293,#1294,#1295);
#1298=CARTESIAN_POINT('',(3.798899560694E-1,3.089659011830E1,
-1.337267190357E0));
#1299=DIRECTION('',(0.E0,-1.E0,0.E0));
#1300=DIRECTION('',(1.E0,0.E0,0.E0));
#1301=AXIS2_PLACEMENT_3D('',#1298,#1299,#1300);
#1303=CARTESIAN_POINT('',(3.798899560694E-1,3.089659011830E1,
-1.337267190357E0));
#1304=DIRECTION('',(0.E0,-1.E0,0.E0));
#1305=DIRECTION('',(-1.E0,0.E0,0.E0));
#1306=AXIS2_PLACEMENT_3D('',#1303,#1304,#1305);
#1308=CARTESIAN_POINT('',(8.051702102811E-1,3.089659011830E1,
-3.761364639364E0));
#1309=DIRECTION('',(0.E0,-1.E0,0.E0));
#1310=DIRECTION('',(1.E0,0.E0,0.E0));
#1311=AXIS2_PLACEMENT_3D('',#1308,#1309,#1310);
#1313=CARTESIAN_POINT('',(8.051702102811E-1,3.089659011830E1,
-3.761364639364E0));
#1314=DIRECTION('',(0.E0,-1.E0,0.E0));
#1315=DIRECTION('',(-1.E0,0.E0,0.E0));
#1316=AXIS2_PLACEMENT_3D('',#1313,#1314,#1315);
#1318=CARTESIAN_POINT('',(-1.789039340410E0,3.089659011830E1,
-3.633780563100E0));
#1319=DIRECTION('',(0.E0,-1.E0,0.E0));
#1320=DIRECTION('',(1.E0,0.E0,0.E0));
#1321=AXIS2_PLACEMENT_3D('',#1318,#1319,#1320);
#1323=CARTESIAN_POINT('',(-1.789039340410E0,3.089659011830E1,
-3.633780563100E0));
#1324=DIRECTION('',(0.E0,-1.E0,0.E0));
#1325=DIRECTION('',(-1.E0,0.E0,0.E0));
#1326=AXIS2_PLACEMENT_3D('',#1323,#1324,#1325);
#1328=CARTESIAN_POINT('',(-3.915440611469E0,3.089659011830E1,
-3.718836613943E0));
#1329=DIRECTION('',(0.E0,-1.E0,0.E0));
#1330=DIRECTION('',(1.E0,0.E0,0.E0));
#1331=AXIS2_PLACEMENT_3D('',#1328,#1329,#1330);
#1333=CARTESIAN_POINT('',(-3.915440611469E0,3.089659011830E1,
-3.718836613943E0));
#1334=DIRECTION('',(0.E0,-1.E0,0.E0));
#1335=DIRECTION('',(-1.E0,0.E0,0.E0));
#1336=AXIS2_PLACEMENT_3D('',#1333,#1334,#1335);
#1338=CARTESIAN_POINT('',(-4.702209081761E0,3.089659011830E1,
-1.188419101383E0));
#1339=DIRECTION('',(0.E0,-1.E0,0.E0));
#1340=DIRECTION('',(1.E0,0.E0,0.E0));
#1341=AXIS2_PLACEMENT_3D('',#1338,#1339,#1340);
#1343=CARTESIAN_POINT('',(-4.702209081761E0,3.089659011830E1,
-1.188419101383E0));
#1344=DIRECTION('',(0.E0,-1.E0,0.E0));
#1345=DIRECTION('',(-1.E0,0.E0,0.E0));
#1346=AXIS2_PLACEMENT_3D('',#1343,#1344,#1345);
#1348=CARTESIAN_POINT('',(-5.531505577473E0,3.089659011830E1,1.278206373045E0));
#1349=DIRECTION('',(0.E0,-1.E0,0.E0));
#1350=DIRECTION('',(1.E0,0.E0,0.E0));
#1351=AXIS2_PLACEMENT_3D('',#1348,#1349,#1350);
#1353=CARTESIAN_POINT('',(-5.531505577473E0,3.089659011830E1,1.278206373045E0));
#1354=DIRECTION('',(0.E0,-1.E0,0.E0));
#1355=DIRECTION('',(-1.E0,0.E0,0.E0));
#1356=AXIS2_PLACEMENT_3D('',#1353,#1354,#1355);
#1358=CARTESIAN_POINT('',(-2.979824052203E0,3.089659011830E1,1.512110512861E0));
#1359=DIRECTION('',(0.E0,-1.E0,0.E0));
#1360=DIRECTION('',(1.E0,0.E0,0.E0));
#1361=AXIS2_PLACEMENT_3D('',#1358,#1359,#1360);
#1363=CARTESIAN_POINT('',(-2.979824052203E0,3.089659011830E1,1.512110512861E0));
#1364=DIRECTION('',(0.E0,-1.E0,0.E0));
#1365=DIRECTION('',(-1.E0,0.E0,0.E0));
#1366=AXIS2_PLACEMENT_3D('',#1363,#1364,#1365);
#1368=CARTESIAN_POINT('',(-9.597428446975E-1,3.089659011830E1,
3.659775796631E0));
#1369=DIRECTION('',(0.E0,-1.E0,0.E0));
#1370=DIRECTION('',(1.E0,0.E0,0.E0));
#1371=AXIS2_PLACEMENT_3D('',#1368,#1369,#1370);
#1373=CARTESIAN_POINT('',(-9.597428446975E-1,3.089659011830E1,
3.659775796631E0));
#1374=DIRECTION('',(0.E0,-1.E0,0.E0));
#1375=DIRECTION('',(-1.E0,0.E0,0.E0));
#1376=AXIS2_PLACEMENT_3D('',#1373,#1374,#1375);
#1378=CARTESIAN_POINT('',(-3.575216408100E0,3.089659011830E1,3.702303822052E0));
#1379=DIRECTION('',(0.E0,-1.E0,0.E0));
#1380=DIRECTION('',(1.E0,0.E0,0.E0));
#1381=AXIS2_PLACEMENT_3D('',#1378,#1379,#1380);
#1383=CARTESIAN_POINT('',(-3.575216408100E0,3.089659011830E1,3.702303822052E0));
#1384=DIRECTION('',(0.E0,-1.E0,0.E0));
#1385=DIRECTION('',(-1.E0,0.E0,0.E0));
#1386=AXIS2_PLACEMENT_3D('',#1383,#1384,#1385);
#1388=CARTESIAN_POINT('',(1.104344894735E0,3.089659011830E1,3.681039809341E0));
#1389=DIRECTION('',(0.E0,-1.E0,0.E0));
#1390=DIRECTION('',(1.E0,0.E0,0.E0));
#1391=AXIS2_PLACEMENT_3D('',#1388,#1389,#1390);
#1393=CARTESIAN_POINT('',(1.104344894735E0,3.089659011830E1,3.681039809341E0));
#1394=DIRECTION('',(0.E0,-1.E0,0.E0));
#1395=DIRECTION('',(-1.E0,0.E0,0.E0));
#1396=AXIS2_PLACEMENT_3D('',#1393,#1394,#1395);
#1398=CARTESIAN_POINT('',(-1.374391092554E0,3.089659011830E1,0.E0));
#1399=DIRECTION('',(0.E0,-1.E0,0.E0));
#1400=DIRECTION('',(0.E0,0.E0,-1.E0));
#1401=AXIS2_PLACEMENT_3D('',#1398,#1399,#1400);
#1403=CARTESIAN_POINT('',(-1.374391092554E0,3.089659011830E1,0.E0));
#1404=DIRECTION('',(0.E0,-1.E0,0.E0));
#1405=DIRECTION('',(1.E0,0.E0,0.E0));
#1406=AXIS2_PLACEMENT_3D('',#1403,#1404,#1405);
#1408=DIRECTION('',(0.E0,-1.E0,0.E0));
#1409=VECTOR('',#1408,5.6E0);
#1410=CARTESIAN_POINT('',(-7.424391092554E0,3.649659011830E1,0.E0));
#1411=LINE('',#1410,#1409);
#1412=DIRECTION('',(0.E0,1.E0,0.E0));
#1413=VECTOR('',#1412,5.6E0);
#1414=CARTESIAN_POINT('',(-2.473225524748E0,3.089659011830E1,-5.949375E0));
#1415=LINE('',#1414,#1413);
#1416=CARTESIAN_POINT('',(-7.724391092554E0,3.649659011830E1,0.E0));
#1417=DIRECTION('',(0.E0,0.E0,-1.E0));
#1418=DIRECTION('',(0.E0,1.E0,0.E0));
#1419=AXIS2_PLACEMENT_3D('',#1416,#1417,#1418);
#1421=CARTESIAN_POINT('',(-1.374391092554E0,3.649659011830E1,0.E0));
#1422=DIRECTION('',(0.E0,-1.E0,0.E0));
#1423=DIRECTION('',(1.816255259825E-1,0.E0,-9.833677685950E-1));
#1424=AXIS2_PLACEMENT_3D('',#1421,#1422,#1423);
#1426=CARTESIAN_POINT('',(-1.374391092554E0,3.649659011830E1,0.E0));
#1427=DIRECTION('',(0.E0,-1.E0,0.E0));
#1428=DIRECTION('',(-1.E0,0.E0,0.E0));
#1429=AXIS2_PLACEMENT_3D('',#1426,#1427,#1428);
#1431=CARTESIAN_POINT('',(-2.755566603600E-1,3.649659011830E1,-5.949375E0));
#1432=CARTESIAN_POINT('',(-2.755566603600E-1,3.650918182596E1,-5.949375E0));
#1433=CARTESIAN_POINT('',(-2.778612478103E-1,3.653488658528E1,
-5.951436993234E0));
#1434=CARTESIAN_POINT('',(-2.888259758258E-1,3.657319996581E1,
-5.961033894619E0));
#1435=CARTESIAN_POINT('',(-3.082243175789E-1,3.661042376731E1,
-5.977195924709E0));
#1436=CARTESIAN_POINT('',(-3.276527347654E-1,3.663337541966E1,
-5.991998290767E0));
#1437=CARTESIAN_POINT('',(-3.391197633340E-1,3.664390497665E1,
-5.999999999996E0));
#1439=CARTESIAN_POINT('',(-1.374391092554E0,3.649659011830E1,-6.E0));
#1440=DIRECTION('',(0.E0,1.E0,0.E0));
#1441=DIRECTION('',(-9.989403929036E-1,0.E0,4.602272727273E-2));
#1442=AXIS2_PLACEMENT_3D('',#1439,#1440,#1441);
#1444=CARTESIAN_POINT('',(-2.409662421769E0,3.664390497666E1,-6.E0));
#1445=CARTESIAN_POINT('',(-2.421131647002E0,3.663337340259E1,
-5.991996757934E0));
#1446=CARTESIAN_POINT('',(-2.440562323612E0,3.661041783463E1,
-5.977192392025E0));
#1447=CARTESIAN_POINT('',(-2.459959864797E0,3.657319046235E1,
-5.961030740997E0));
#1448=CARTESIAN_POINT('',(-2.470921456187E0,3.653488176434E1,
-5.951436518933E0));
#1449=CARTESIAN_POINT('',(-2.473225524748E0,3.650917999539E1,-5.949375E0));
#1450=CARTESIAN_POINT('',(-2.473225524748E0,3.649659011830E1,-5.949375E0));
#1452=CARTESIAN_POINT('',(-2.274391092554E0,3.649659011830E1,-6.E0));
#1453=DIRECTION('',(0.E0,0.E0,1.E0));
#1454=DIRECTION('',(0.E0,1.E0,0.E0));
#1455=AXIS2_PLACEMENT_3D('',#1452,#1453,#1454);
#1457=CARTESIAN_POINT('',(-2.272373839007E0,3.669659011830E1,
-6.060224472377E0));
#1458=CARTESIAN_POINT('',(-2.283009746330E0,3.669659011830E1,
-6.058648481040E0));
#1459=CARTESIAN_POINT('',(-2.305385591788E0,3.669495376003E1,
-6.053774778332E0));
#1460=CARTESIAN_POINT('',(-2.341590051281E0,3.668594365076E1,
-6.040217708927E0));
#1461=CARTESIAN_POINT('',(-2.377284742183E0,3.666950772780E1,
-6.021530707712E0));
#1462=CARTESIAN_POINT('',(-2.399288388227E0,3.665343089497E1,
-6.007239015709E0));
#1463=CARTESIAN_POINT('',(-2.409662421769E0,3.664390497666E1,-6.E0));
#1465=CARTESIAN_POINT('',(-1.374391092554E0,3.669659011830E1,0.E0));
#1466=DIRECTION('',(0.E0,1.E0,0.E0));
#1467=DIRECTION('',(1.465760875622E-1,0.E0,-9.891993987842E-1));
#1468=AXIS2_PLACEMENT_3D('',#1465,#1466,#1467);
#1470=CARTESIAN_POINT('',(-1.374391092554E0,3.669659011830E1,-6.E0));
#1471=DIRECTION('',(0.E0,1.E0,0.E0));
#1472=DIRECTION('',(1.E0,0.E0,0.E0));
#1473=AXIS2_PLACEMENT_3D('',#1470,#1471,#1472);
#1475=CARTESIAN_POINT('',(-1.374391092554E0,3.669659011830E1,-6.E0));
#1476=DIRECTION('',(0.E0,1.E0,0.E0));
#1477=DIRECTION('',(-1.E0,0.E0,0.E0));
#1478=AXIS2_PLACEMENT_3D('',#1475,#1476,#1477);
#1480=CARTESIAN_POINT('',(-1.374391092554E0,3.669659011830E1,-6.E0));
#1481=DIRECTION('',(0.E0,1.E0,0.E0));
#1482=DIRECTION('',(-9.977586071699E-1,0.E0,-6.691608041770E-2));
#1483=AXIS2_PLACEMENT_3D('',#1480,#1481,#1482);
#1485=CARTESIAN_POINT('',(-4.743910925539E-1,3.649659011830E1,-6.E0));
#1486=DIRECTION('',(0.E0,0.E0,-1.E0));
#1487=DIRECTION('',(0.E0,1.E0,0.E0));
#1488=AXIS2_PLACEMENT_3D('',#1485,#1486,#1487);
#1490=CARTESIAN_POINT('',(-3.391197633340E-1,3.664390497665E1,
-5.999999999996E0));
#1491=CARTESIAN_POINT('',(-3.494940292919E-1,3.665343110838E1,
-6.007239177885E0));
#1492=CARTESIAN_POINT('',(-3.714980858205E-1,3.666950805653E1,
-6.021531062813E0));
#1493=CARTESIAN_POINT('',(-4.071916961410E-1,3.668594345659E1,
-6.040217485317E0));
#1494=CARTESIAN_POINT('',(-4.433964547855E-1,3.669495376657E1,
-6.053774758247E0));
#1495=CARTESIAN_POINT('',(-4.657723569009E-1,3.669659011830E1,
-6.058648468908E0));
#1496=CARTESIAN_POINT('',(-4.764083461009E-1,3.669659011830E1,
-6.060224472377E0));
#1498=DIRECTION('',(-1.745240643728E-2,9.998476951564E-1,0.E0));
#1499=VECTOR('',#1498,4.607682734973E0);
#1500=CARTESIAN_POINT('',(2.439634858521E0,3.089659011830E1,1.490846500151E0));
#1501=LINE('',#1500,#1499);
#1502=DIRECTION('',(1.745240643728E-2,9.998476951564E-1,0.E0));
#1503=VECTOR('',#1502,4.607682734973E0);
#1504=CARTESIAN_POINT('',(1.339634858521E0,3.089659011830E1,1.490846500151E0));
#1505=LINE('',#1504,#1503);
#1506=CARTESIAN_POINT('',(1.959280628634E0,3.549659011830E1,1.490846500151E0));
#1507=DIRECTION('',(0.E0,0.E0,-1.E0));
#1508=DIRECTION('',(0.E0,1.E0,0.E0));
#1509=AXIS2_PLACEMENT_3D('',#1506,#1507,#1508);
#1511=CARTESIAN_POINT('',(1.889634858521E0,3.550357108088E1,1.490846500151E0));
#1512=DIRECTION('',(0.E0,1.E0,0.E0));
#1513=DIRECTION('',(1.E0,0.E0,0.E0));
#1514=AXIS2_PLACEMENT_3D('',#1511,#1512,#1513);
#1516=CARTESIAN_POINT('',(1.889634858521E0,3.550357108088E1,1.490846500151E0));
#1517=DIRECTION('',(0.E0,1.E0,0.E0));
#1518=DIRECTION('',(-1.E0,0.E0,0.E0));
#1519=AXIS2_PLACEMENT_3D('',#1516,#1517,#1518);
#1521=CARTESIAN_POINT('',(1.819989088408E0,3.549659011830E1,1.490846500151E0));
#1522=DIRECTION('',(0.E0,0.E0,1.E0));
#1523=DIRECTION('',(0.E0,1.E0,0.E0));
#1524=AXIS2_PLACEMENT_3D('',#1521,#1522,#1523);
#1526=CARTESIAN_POINT('',(1.889634858521E0,3.589659011830E1,1.490846500151E0));
#1527=DIRECTION('',(0.E0,1.E0,0.E0));
#1528=DIRECTION('',(-1.E0,0.E0,0.E0));
#1529=AXIS2_PLACEMENT_3D('',#1526,#1527,#1528);
#1531=CARTESIAN_POINT('',(1.889634858521E0,3.589659011830E1,1.490846500151E0));
#1532=DIRECTION('',(0.E0,1.E0,0.E0));
#1533=DIRECTION('',(1.E0,0.E0,0.E0));
#1534=AXIS2_PLACEMENT_3D('',#1531,#1532,#1533);
#1536=DIRECTION('',(-1.745240643728E-2,9.998476951564E-1,0.E0));
#1537=VECTOR('',#1536,4.607682734973E0);
#1538=CARTESIAN_POINT('',(3.460307468629E0,3.089659011830E1,-1.294739164936E0));
#1539=LINE('',#1538,#1537);
#1540=DIRECTION('',(1.745240643728E-2,9.998476951564E-1,0.E0));
#1541=VECTOR('',#1540,4.607682734973E0);
#1542=CARTESIAN_POINT('',(2.360307468629E0,3.089659011830E1,-1.294739164936E0));
#1543=LINE('',#1542,#1541);
#1544=CARTESIAN_POINT('',(2.979953238742E0,3.549659011830E1,-1.294739164936E0));
#1545=DIRECTION('',(0.E0,0.E0,-1.E0));
#1546=DIRECTION('',(0.E0,1.E0,0.E0));
#1547=AXIS2_PLACEMENT_3D('',#1544,#1545,#1546);
#1549=CARTESIAN_POINT('',(2.910307468629E0,3.550357108088E1,-1.294739164936E0));
#1550=DIRECTION('',(0.E0,1.E0,0.E0));
#1551=DIRECTION('',(1.E0,0.E0,0.E0));
#1552=AXIS2_PLACEMENT_3D('',#1549,#1550,#1551);
#1554=CARTESIAN_POINT('',(2.910307468629E0,3.550357108088E1,-1.294739164936E0));
#1555=DIRECTION('',(0.E0,1.E0,0.E0));
#1556=DIRECTION('',(-1.E0,0.E0,0.E0));
#1557=AXIS2_PLACEMENT_3D('',#1554,#1555,#1556);
#1559=CARTESIAN_POINT('',(2.840661698516E0,3.549659011830E1,-1.294739164936E0));
#1560=DIRECTION('',(0.E0,0.E0,1.E0));
#1561=DIRECTION('',(0.E0,1.E0,0.E0));
#1562=AXIS2_PLACEMENT_3D('',#1559,#1560,#1561);
#1564=CARTESIAN_POINT('',(2.910307468629E0,3.589659011830E1,-1.294739164936E0));
#1565=DIRECTION('',(0.E0,1.E0,0.E0));
#1566=DIRECTION('',(-1.E0,0.E0,0.E0));
#1567=AXIS2_PLACEMENT_3D('',#1564,#1565,#1566);
#1569=CARTESIAN_POINT('',(2.910307468629E0,3.589659011830E1,-1.294739164936E0));
#1570=DIRECTION('',(0.E0,1.E0,0.E0));
#1571=DIRECTION('',(1.E0,0.E0,0.E0));
#1572=AXIS2_PLACEMENT_3D('',#1569,#1570,#1571);
#1574=DIRECTION('',(-1.745240643728E-2,9.998476951564E-1,0.E0));
#1575=VECTOR('',#1574,4.607682734973E0);
#1576=CARTESIAN_POINT('',(9.298899560694E-1,3.089659011830E1,
-1.337267190357E0));
#1577=LINE('',#1576,#1575);
#1578=DIRECTION('',(1.745240643728E-2,9.998476951564E-1,0.E0));
#1579=VECTOR('',#1578,4.607682734973E0);
#1580=CARTESIAN_POINT('',(-1.701100439306E-1,3.089659011830E1,
-1.337267190357E0));
#1581=LINE('',#1580,#1579);
#1582=CARTESIAN_POINT('',(4.495357261820E-1,3.549659011830E1,
-1.337267190357E0));
#1583=DIRECTION('',(0.E0,0.E0,-1.E0));
#1584=DIRECTION('',(0.E0,1.E0,0.E0));
#1585=AXIS2_PLACEMENT_3D('',#1582,#1583,#1584);
#1587=CARTESIAN_POINT('',(3.798899560694E-1,3.550357108088E1,
-1.337267190357E0));
#1588=DIRECTION('',(0.E0,1.E0,0.E0));
#1589=DIRECTION('',(1.E0,0.E0,0.E0));
#1590=AXIS2_PLACEMENT_3D('',#1587,#1588,#1589);
#1592=CARTESIAN_POINT('',(3.798899560694E-1,3.550357108088E1,
-1.337267190357E0));
#1593=DIRECTION('',(0.E0,1.E0,0.E0));
#1594=DIRECTION('',(-1.E0,0.E0,0.E0));
#1595=AXIS2_PLACEMENT_3D('',#1592,#1593,#1594);
#1597=CARTESIAN_POINT('',(3.102441859568E-1,3.549659011830E1,
-1.337267190357E0));
#1598=DIRECTION('',(0.E0,0.E0,1.E0));
#1599=DIRECTION('',(0.E0,1.E0,0.E0));
#1600=AXIS2_PLACEMENT_3D('',#1597,#1598,#1599);
#1602=CARTESIAN_POINT('',(3.798899560694E-1,3.589659011830E1,
-1.337267190357E0));
#1603=DIRECTION('',(0.E0,1.E0,0.E0));
#1604=DIRECTION('',(-1.E0,0.E0,0.E0));
#1605=AXIS2_PLACEMENT_3D('',#1602,#1603,#1604);
#1607=CARTESIAN_POINT('',(3.798899560694E-1,3.589659011830E1,
-1.337267190357E0));
#1608=DIRECTION('',(0.E0,1.E0,0.E0));
#1609=DIRECTION('',(1.E0,0.E0,0.E0));
#1610=AXIS2_PLACEMENT_3D('',#1607,#1608,#1609);
#1612=DIRECTION('',(-1.745240643728E-2,9.998476951564E-1,0.E0));
#1613=VECTOR('',#1612,4.607682734973E0);
#1614=CARTESIAN_POINT('',(1.355170210281E0,3.089659011830E1,-3.761364639364E0));
#1615=LINE('',#1614,#1613);
#1616=DIRECTION('',(1.745240643728E-2,9.998476951564E-1,0.E0));
#1617=VECTOR('',#1616,4.607682734973E0);
#1618=CARTESIAN_POINT('',(2.551702102811E-1,3.089659011830E1,
-3.761364639364E0));
#1619=LINE('',#1618,#1617);
#1620=CARTESIAN_POINT('',(8.748159803938E-1,3.549659011830E1,
-3.761364639364E0));
#1621=DIRECTION('',(0.E0,0.E0,-1.E0));
#1622=DIRECTION('',(0.E0,1.E0,0.E0));
#1623=AXIS2_PLACEMENT_3D('',#1620,#1621,#1622);
#1625=CARTESIAN_POINT('',(8.051702102811E-1,3.550357108088E1,
-3.761364639364E0));
#1626=DIRECTION('',(0.E0,1.E0,0.E0));
#1627=DIRECTION('',(1.E0,0.E0,0.E0));
#1628=AXIS2_PLACEMENT_3D('',#1625,#1626,#1627);
#1630=CARTESIAN_POINT('',(8.051702102811E-1,3.550357108088E1,
-3.761364639364E0));
#1631=DIRECTION('',(0.E0,1.E0,0.E0));
#1632=DIRECTION('',(-1.E0,0.E0,0.E0));
#1633=AXIS2_PLACEMENT_3D('',#1630,#1631,#1632);
#1635=CARTESIAN_POINT('',(7.355244401685E-1,3.549659011830E1,
-3.761364639364E0));
#1636=DIRECTION('',(0.E0,0.E0,1.E0));
#1637=DIRECTION('',(0.E0,1.E0,0.E0));
#1638=AXIS2_PLACEMENT_3D('',#1635,#1636,#1637);
#1640=CARTESIAN_POINT('',(8.051702102811E-1,3.589659011830E1,
-3.761364639364E0));
#1641=DIRECTION('',(0.E0,1.E0,0.E0));
#1642=DIRECTION('',(-1.E0,0.E0,0.E0));
#1643=AXIS2_PLACEMENT_3D('',#1640,#1641,#1642);
#1645=CARTESIAN_POINT('',(8.051702102811E-1,3.589659011830E1,
-3.761364639364E0));
#1646=DIRECTION('',(0.E0,1.E0,0.E0));
#1647=DIRECTION('',(1.E0,0.E0,0.E0));
#1648=AXIS2_PLACEMENT_3D('',#1645,#1646,#1647);
#1650=DIRECTION('',(-1.745240643728E-2,9.998476951564E-1,0.E0));
#1651=VECTOR('',#1650,4.607682734973E0);
#1652=CARTESIAN_POINT('',(-1.239039340410E0,3.089659011830E1,
-3.633780563100E0));
#1653=LINE('',#1652,#1651);
#1654=DIRECTION('',(1.745240643728E-2,9.998476951564E-1,0.E0));
#1655=VECTOR('',#1654,4.607682734973E0);
#1656=CARTESIAN_POINT('',(-2.339039340410E0,3.089659011830E1,
-3.633780563100E0));
#1657=LINE('',#1656,#1655);
#1658=CARTESIAN_POINT('',(-1.719393570298E0,3.549659011830E1,
-3.633780563100E0));
#1659=DIRECTION('',(0.E0,0.E0,-1.E0));
#1660=DIRECTION('',(0.E0,1.E0,0.E0));
#1661=AXIS2_PLACEMENT_3D('',#1658,#1659,#1660);
#1663=CARTESIAN_POINT('',(-1.789039340410E0,3.550357108088E1,
-3.633780563100E0));
#1664=DIRECTION('',(0.E0,1.E0,0.E0));
#1665=DIRECTION('',(1.E0,0.E0,0.E0));
#1666=AXIS2_PLACEMENT_3D('',#1663,#1664,#1665);
#1668=CARTESIAN_POINT('',(-1.789039340410E0,3.550357108088E1,
-3.633780563100E0));
#1669=DIRECTION('',(0.E0,1.E0,0.E0));
#1670=DIRECTION('',(-1.E0,0.E0,0.E0));
#1671=AXIS2_PLACEMENT_3D('',#1668,#1669,#1670);
#1673=CARTESIAN_POINT('',(-1.858685110523E0,3.549659011830E1,
-3.633780563100E0));
#1674=DIRECTION('',(0.E0,0.E0,1.E0));
#1675=DIRECTION('',(0.E0,1.E0,0.E0));
#1676=AXIS2_PLACEMENT_3D('',#1673,#1674,#1675);
#1678=CARTESIAN_POINT('',(-1.789039340410E0,3.589659011830E1,
-3.633780563100E0));
#1679=DIRECTION('',(0.E0,1.E0,0.E0));
#1680=DIRECTION('',(-1.E0,0.E0,0.E0));
#1681=AXIS2_PLACEMENT_3D('',#1678,#1679,#1680);
#1683=CARTESIAN_POINT('',(-1.789039340410E0,3.589659011830E1,
-3.633780563100E0));
#1684=DIRECTION('',(0.E0,1.E0,0.E0));
#1685=DIRECTION('',(1.E0,0.E0,0.E0));
#1686=AXIS2_PLACEMENT_3D('',#1683,#1684,#1685);
#1688=DIRECTION('',(-1.745240643728E-2,9.998476951564E-1,0.E0));
#1689=VECTOR('',#1688,4.607682734973E0);
#1690=CARTESIAN_POINT('',(-3.365440611469E0,3.089659011830E1,
-3.718836613943E0));
#1691=LINE('',#1690,#1689);
#1692=DIRECTION('',(1.745240643728E-2,9.998476951564E-1,0.E0));
#1693=VECTOR('',#1692,4.607682734973E0);
#1694=CARTESIAN_POINT('',(-4.465440611469E0,3.089659011830E1,
-3.718836613943E0));
#1695=LINE('',#1694,#1693);
#1696=CARTESIAN_POINT('',(-3.845794841356E0,3.549659011830E1,
-3.718836613943E0));
#1697=DIRECTION('',(0.E0,0.E0,-1.E0));
#1698=DIRECTION('',(0.E0,1.E0,0.E0));
#1699=AXIS2_PLACEMENT_3D('',#1696,#1697,#1698);
#1701=CARTESIAN_POINT('',(-3.915440611469E0,3.550357108088E1,
-3.718836613943E0));
#1702=DIRECTION('',(0.E0,1.E0,0.E0));
#1703=DIRECTION('',(1.E0,0.E0,0.E0));
#1704=AXIS2_PLACEMENT_3D('',#1701,#1702,#1703);
#1706=CARTESIAN_POINT('',(-3.915440611469E0,3.550357108088E1,
-3.718836613943E0));
#1707=DIRECTION('',(0.E0,1.E0,0.E0));
#1708=DIRECTION('',(-1.E0,0.E0,0.E0));
#1709=AXIS2_PLACEMENT_3D('',#1706,#1707,#1708);
#1711=CARTESIAN_POINT('',(-3.985086381582E0,3.549659011830E1,
-3.718836613943E0));
#1712=DIRECTION('',(0.E0,0.E0,1.E0));
#1713=DIRECTION('',(0.E0,1.E0,0.E0));
#1714=AXIS2_PLACEMENT_3D('',#1711,#1712,#1713);
#1716=CARTESIAN_POINT('',(-3.915440611469E0,3.589659011830E1,
-3.718836613943E0));
#1717=DIRECTION('',(0.E0,1.E0,0.E0));
#1718=DIRECTION('',(-1.E0,0.E0,0.E0));
#1719=AXIS2_PLACEMENT_3D('',#1716,#1717,#1718);
#1721=CARTESIAN_POINT('',(-3.915440611469E0,3.589659011830E1,
-3.718836613943E0));
#1722=DIRECTION('',(0.E0,1.E0,0.E0));
#1723=DIRECTION('',(1.E0,0.E0,0.E0));
#1724=AXIS2_PLACEMENT_3D('',#1721,#1722,#1723);
#1726=DIRECTION('',(-1.745240643728E-2,9.998476951564E-1,0.E0));
#1727=VECTOR('',#1726,4.607682734973E0);
#1728=CARTESIAN_POINT('',(-4.152209081761E0,3.089659011830E1,
-1.188419101383E0));
#1729=LINE('',#1728,#1727);
#1730=DIRECTION('',(1.745240643728E-2,9.998476951564E-1,0.E0));
#1731=VECTOR('',#1730,4.607682734973E0);
#1732=CARTESIAN_POINT('',(-5.252209081761E0,3.089659011830E1,
-1.188419101383E0));
#1733=LINE('',#1732,#1731);
#1734=CARTESIAN_POINT('',(-4.632563311648E0,3.549659011830E1,
-1.188419101383E0));
#1735=DIRECTION('',(0.E0,0.E0,-1.E0));
#1736=DIRECTION('',(0.E0,1.E0,0.E0));
#1737=AXIS2_PLACEMENT_3D('',#1734,#1735,#1736);
#1739=CARTESIAN_POINT('',(-4.702209081761E0,3.550357108088E1,
-1.188419101383E0));
#1740=DIRECTION('',(0.E0,1.E0,0.E0));
#1741=DIRECTION('',(1.E0,0.E0,0.E0));
#1742=AXIS2_PLACEMENT_3D('',#1739,#1740,#1741);
#1744=CARTESIAN_POINT('',(-4.702209081761E0,3.550357108088E1,
-1.188419101383E0));
#1745=DIRECTION('',(0.E0,1.E0,0.E0));
#1746=DIRECTION('',(-1.E0,0.E0,0.E0));
#1747=AXIS2_PLACEMENT_3D('',#1744,#1745,#1746);
#1749=CARTESIAN_POINT('',(-4.771854851873E0,3.549659011830E1,
-1.188419101383E0));
#1750=DIRECTION('',(0.E0,0.E0,1.E0));
#1751=DIRECTION('',(0.E0,1.E0,0.E0));
#1752=AXIS2_PLACEMENT_3D('',#1749,#1750,#1751);
#1754=CARTESIAN_POINT('',(-4.702209081761E0,3.589659011830E1,
-1.188419101383E0));
#1755=DIRECTION('',(0.E0,1.E0,0.E0));
#1756=DIRECTION('',(-1.E0,0.E0,0.E0));
#1757=AXIS2_PLACEMENT_3D('',#1754,#1755,#1756);
#1759=CARTESIAN_POINT('',(-4.702209081761E0,3.589659011830E1,
-1.188419101383E0));
#1760=DIRECTION('',(0.E0,1.E0,0.E0));
#1761=DIRECTION('',(1.E0,0.E0,0.E0));
#1762=AXIS2_PLACEMENT_3D('',#1759,#1760,#1761);
#1764=DIRECTION('',(-1.745240643728E-2,9.998476951564E-1,0.E0));
#1765=VECTOR('',#1764,4.607682734973E0);
#1766=CARTESIAN_POINT('',(-4.981505577473E0,3.089659011830E1,1.278206373045E0));
#1767=LINE('',#1766,#1765);
#1768=DIRECTION('',(1.745240643728E-2,9.998476951564E-1,0.E0));
#1769=VECTOR('',#1768,4.607682734973E0);
#1770=CARTESIAN_POINT('',(-6.081505577473E0,3.089659011830E1,1.278206373045E0));
#1771=LINE('',#1770,#1769);
#1772=CARTESIAN_POINT('',(-5.461859807361E0,3.549659011830E1,1.278206373045E0));
#1773=DIRECTION('',(0.E0,0.E0,-1.E0));
#1774=DIRECTION('',(0.E0,1.E0,0.E0));
#1775=AXIS2_PLACEMENT_3D('',#1772,#1773,#1774);
#1777=CARTESIAN_POINT('',(-5.531505577473E0,3.550357108088E1,1.278206373045E0));
#1778=DIRECTION('',(0.E0,1.E0,0.E0));
#1779=DIRECTION('',(1.E0,0.E0,0.E0));
#1780=AXIS2_PLACEMENT_3D('',#1777,#1778,#1779);
#1782=CARTESIAN_POINT('',(-5.531505577473E0,3.550357108088E1,1.278206373045E0));
#1783=DIRECTION('',(0.E0,1.E0,0.E0));
#1784=DIRECTION('',(-1.E0,0.E0,0.E0));
#1785=AXIS2_PLACEMENT_3D('',#1782,#1783,#1784);
#1787=CARTESIAN_POINT('',(-5.601151347586E0,3.549659011830E1,1.278206373045E0));
#1788=DIRECTION('',(0.E0,0.E0,1.E0));
#1789=DIRECTION('',(0.E0,1.E0,0.E0));
#1790=AXIS2_PLACEMENT_3D('',#1787,#1788,#1789);
#1792=CARTESIAN_POINT('',(-5.531505577473E0,3.589659011830E1,1.278206373045E0));
#1793=DIRECTION('',(0.E0,1.E0,0.E0));
#1794=DIRECTION('',(-1.E0,0.E0,0.E0));
#1795=AXIS2_PLACEMENT_3D('',#1792,#1793,#1794);
#1797=CARTESIAN_POINT('',(-5.531505577473E0,3.589659011830E1,1.278206373045E0));
#1798=DIRECTION('',(0.E0,1.E0,0.E0));
#1799=DIRECTION('',(1.E0,0.E0,0.E0));
#1800=AXIS2_PLACEMENT_3D('',#1797,#1798,#1799);
#1802=DIRECTION('',(-1.745240643728E-2,9.998476951564E-1,0.E0));
#1803=VECTOR('',#1802,4.607682734973E0);
#1804=CARTESIAN_POINT('',(-2.429824052203E0,3.089659011830E1,1.512110512861E0));
#1805=LINE('',#1804,#1803);
#1806=DIRECTION('',(1.745240643728E-2,9.998476951564E-1,0.E0));
#1807=VECTOR('',#1806,4.607682734973E0);
#1808=CARTESIAN_POINT('',(-3.529824052203E0,3.089659011830E1,1.512110512861E0));
#1809=LINE('',#1808,#1807);
#1810=CARTESIAN_POINT('',(-2.910178282091E0,3.549659011830E1,1.512110512861E0));
#1811=DIRECTION('',(0.E0,0.E0,-1.E0));
#1812=DIRECTION('',(0.E0,1.E0,0.E0));
#1813=AXIS2_PLACEMENT_3D('',#1810,#1811,#1812);
#1815=CARTESIAN_POINT('',(-2.979824052203E0,3.550357108088E1,1.512110512861E0));
#1816=DIRECTION('',(0.E0,1.E0,0.E0));
#1817=DIRECTION('',(1.E0,0.E0,0.E0));
#1818=AXIS2_PLACEMENT_3D('',#1815,#1816,#1817);
#1820=CARTESIAN_POINT('',(-2.979824052203E0,3.550357108088E1,1.512110512861E0));
#1821=DIRECTION('',(0.E0,1.E0,0.E0));
#1822=DIRECTION('',(-1.E0,0.E0,0.E0));
#1823=AXIS2_PLACEMENT_3D('',#1820,#1821,#1822);
#1825=CARTESIAN_POINT('',(-3.049469822316E0,3.549659011830E1,1.512110512861E0));
#1826=DIRECTION('',(0.E0,0.E0,1.E0));
#1827=DIRECTION('',(0.E0,1.E0,0.E0));
#1828=AXIS2_PLACEMENT_3D('',#1825,#1826,#1827);
#1830=CARTESIAN_POINT('',(-2.979824052203E0,3.589659011830E1,1.512110512861E0));
#1831=DIRECTION('',(0.E0,1.E0,0.E0));
#1832=DIRECTION('',(-1.E0,0.E0,0.E0));
#1833=AXIS2_PLACEMENT_3D('',#1830,#1831,#1832);
#1835=CARTESIAN_POINT('',(-2.979824052203E0,3.589659011830E1,1.512110512861E0));
#1836=DIRECTION('',(0.E0,1.E0,0.E0));
#1837=DIRECTION('',(1.E0,0.E0,0.E0));
#1838=AXIS2_PLACEMENT_3D('',#1835,#1836,#1837);
#1840=DIRECTION('',(-1.745240643728E-2,9.998476951564E-1,0.E0));
#1841=VECTOR('',#1840,4.607682734973E0);
#1842=CARTESIAN_POINT('',(-4.097428446975E-1,3.089659011830E1,
3.659775796631E0));
#1843=LINE('',#1842,#1841);
#1844=DIRECTION('',(1.745240643728E-2,9.998476951564E-1,0.E0));
#1845=VECTOR('',#1844,4.607682734973E0);
#1846=CARTESIAN_POINT('',(-1.509742844698E0,3.089659011830E1,3.659775796631E0));
#1847=LINE('',#1846,#1845);
#1848=CARTESIAN_POINT('',(-8.900970745849E-1,3.549659011830E1,
3.659775796631E0));
#1849=DIRECTION('',(0.E0,0.E0,-1.E0));
#1850=DIRECTION('',(0.E0,1.E0,0.E0));
#1851=AXIS2_PLACEMENT_3D('',#1848,#1849,#1850);
#1853=CARTESIAN_POINT('',(-9.597428446975E-1,3.550357108088E1,
3.659775796631E0));
#1854=DIRECTION('',(0.E0,1.E0,0.E0));
#1855=DIRECTION('',(1.E0,0.E0,0.E0));
#1856=AXIS2_PLACEMENT_3D('',#1853,#1854,#1855);
#1858=CARTESIAN_POINT('',(-9.597428446975E-1,3.550357108088E1,
3.659775796631E0));
#1859=DIRECTION('',(0.E0,1.E0,0.E0));
#1860=DIRECTION('',(-1.E0,0.E0,0.E0));
#1861=AXIS2_PLACEMENT_3D('',#1858,#1859,#1860);
#1863=CARTESIAN_POINT('',(-1.029388614810E0,3.549659011830E1,3.659775796631E0));
#1864=DIRECTION('',(0.E0,0.E0,1.E0));
#1865=DIRECTION('',(0.E0,1.E0,0.E0));
#1866=AXIS2_PLACEMENT_3D('',#1863,#1864,#1865);
#1868=CARTESIAN_POINT('',(-9.597428446975E-1,3.589659011830E1,
3.659775796631E0));
#1869=DIRECTION('',(0.E0,1.E0,0.E0));
#1870=DIRECTION('',(-1.E0,0.E0,0.E0));
#1871=AXIS2_PLACEMENT_3D('',#1868,#1869,#1870);
#1873=CARTESIAN_POINT('',(-9.597428446975E-1,3.589659011830E1,
3.659775796631E0));
#1874=DIRECTION('',(0.E0,1.E0,0.E0));
#1875=DIRECTION('',(1.E0,0.E0,0.E0));
#1876=AXIS2_PLACEMENT_3D('',#1873,#1874,#1875);
#1878=DIRECTION('',(-1.745240643728E-2,9.998476951564E-1,0.E0));
#1879=VECTOR('',#1878,4.607682734973E0);
#1880=CARTESIAN_POINT('',(-3.025216408100E0,3.089659011830E1,3.702303822052E0));
#1881=LINE('',#1880,#1879);
#1882=DIRECTION('',(1.745240643728E-2,9.998476951564E-1,0.E0));
#1883=VECTOR('',#1882,4.607682734973E0);
#1884=CARTESIAN_POINT('',(-4.125216408100E0,3.089659011830E1,3.702303822052E0));
#1885=LINE('',#1884,#1883);
#1886=CARTESIAN_POINT('',(-3.505570637987E0,3.549659011830E1,3.702303822052E0));
#1887=DIRECTION('',(0.E0,0.E0,-1.E0));
#1888=DIRECTION('',(0.E0,1.E0,0.E0));
#1889=AXIS2_PLACEMENT_3D('',#1886,#1887,#1888);
#1891=CARTESIAN_POINT('',(-3.575216408100E0,3.550357108088E1,3.702303822052E0));
#1892=DIRECTION('',(0.E0,1.E0,0.E0));
#1893=DIRECTION('',(1.E0,0.E0,0.E0));
#1894=AXIS2_PLACEMENT_3D('',#1891,#1892,#1893);
#1896=CARTESIAN_POINT('',(-3.575216408100E0,3.550357108088E1,3.702303822052E0));
#1897=DIRECTION('',(0.E0,1.E0,0.E0));
#1898=DIRECTION('',(-1.E0,0.E0,0.E0));
#1899=AXIS2_PLACEMENT_3D('',#1896,#1897,#1898);
#1901=CARTESIAN_POINT('',(-3.644862178212E0,3.549659011830E1,3.702303822052E0));
#1902=DIRECTION('',(0.E0,0.E0,1.E0));
#1903=DIRECTION('',(0.E0,1.E0,0.E0));
#1904=AXIS2_PLACEMENT_3D('',#1901,#1902,#1903);
#1906=CARTESIAN_POINT('',(-3.575216408100E0,3.589659011830E1,3.702303822052E0));
#1907=DIRECTION('',(0.E0,1.E0,0.E0));
#1908=DIRECTION('',(-1.E0,0.E0,0.E0));
#1909=AXIS2_PLACEMENT_3D('',#1906,#1907,#1908);
#1911=CARTESIAN_POINT('',(-3.575216408100E0,3.589659011830E1,3.702303822052E0));
#1912=DIRECTION('',(0.E0,1.E0,0.E0));
#1913=DIRECTION('',(1.E0,0.E0,0.E0));
#1914=AXIS2_PLACEMENT_3D('',#1911,#1912,#1913);
#1916=DIRECTION('',(-1.745240643728E-2,9.998476951564E-1,0.E0));
#1917=VECTOR('',#1916,4.607682734973E0);
#1918=CARTESIAN_POINT('',(1.654344894735E0,3.089659011830E1,3.681039809341E0));
#1919=LINE('',#1918,#1917);
#1920=DIRECTION('',(1.745240643728E-2,9.998476951564E-1,0.E0));
#1921=VECTOR('',#1920,4.607682734973E0);
#1922=CARTESIAN_POINT('',(5.543448947355E-1,3.089659011830E1,3.681039809341E0));
#1923=LINE('',#1922,#1921);
#1924=CARTESIAN_POINT('',(1.173990664848E0,3.549659011830E1,3.681039809341E0));
#1925=DIRECTION('',(0.E0,0.E0,-1.E0));
#1926=DIRECTION('',(0.E0,1.E0,0.E0));
#1927=AXIS2_PLACEMENT_3D('',#1924,#1925,#1926);
#1929=CARTESIAN_POINT('',(1.104344894735E0,3.550357108088E1,3.681039809341E0));
#1930=DIRECTION('',(0.E0,1.E0,0.E0));
#1931=DIRECTION('',(1.E0,0.E0,0.E0));
#1932=AXIS2_PLACEMENT_3D('',#1929,#1930,#1931);
#1934=CARTESIAN_POINT('',(1.104344894735E0,3.550357108088E1,3.681039809341E0));
#1935=DIRECTION('',(0.E0,1.E0,0.E0));
#1936=DIRECTION('',(-1.E0,0.E0,0.E0));
#1937=AXIS2_PLACEMENT_3D('',#1934,#1935,#1936);
#1939=CARTESIAN_POINT('',(1.034699124623E0,3.549659011830E1,3.681039809341E0));
#1940=DIRECTION('',(0.E0,0.E0,1.E0));
#1941=DIRECTION('',(0.E0,1.E0,0.E0));
#1942=AXIS2_PLACEMENT_3D('',#1939,#1940,#1941);
#1944=CARTESIAN_POINT('',(1.104344894735E0,3.589659011830E1,3.681039809341E0));
#1945=DIRECTION('',(0.E0,1.E0,0.E0));
#1946=DIRECTION('',(-1.E0,0.E0,0.E0));
#1947=AXIS2_PLACEMENT_3D('',#1944,#1945,#1946);
#1949=CARTESIAN_POINT('',(1.104344894735E0,3.589659011830E1,3.681039809341E0));
#1950=DIRECTION('',(0.E0,1.E0,0.E0));
#1951=DIRECTION('',(1.E0,0.E0,0.E0));
#1952=AXIS2_PLACEMENT_3D('',#1949,#1950,#1951);
#1954=CARTESIAN_POINT('',(-1.374391092554E0,2.977855612955E1,0.E0));
#1955=DIRECTION('',(1.E0,0.E0,0.E0));
#1956=DIRECTION('',(0.E0,7.453559924999E-1,-6.666666666667E-1));
#1957=AXIS2_PLACEMENT_3D('',#1954,#1955,#1956);
#1959=CARTESIAN_POINT('',(-1.374391092554E0,2.977855612955E1,0.E0));
#1960=DIRECTION('',(-1.E0,0.E0,0.E0));
#1961=DIRECTION('',(0.E0,7.453559924999E-1,6.666666666667E-1));
#1962=AXIS2_PLACEMENT_3D('',#1959,#1960,#1961);
#1964=CARTESIAN_POINT('',(-1.374391092554E0,3.089659011830E1,0.E0));
#1965=DIRECTION('',(0.E0,1.E0,0.E0));
#1966=DIRECTION('',(0.E0,0.E0,-1.E0));
#1967=AXIS2_PLACEMENT_3D('',#1964,#1965,#1966);
#1969=DIRECTION('',(-7.071067811866E-1,-1.004859173558E-14,-7.071067811865E-1));
#1970=VECTOR('',#1969,7.071067811865E-1);
#1971=CARTESIAN_POINT('',(-4.037439109255E1,-3.380340988170E1,2.1E1));
#1972=LINE('',#1971,#1970);
#1973=DIRECTION('',(0.E0,7.071067811866E-1,7.071067811865E-1));
#1974=VECTOR('',#1973,7.071067811865E-1);
#1975=CARTESIAN_POINT('',(-4.037439109255E1,-3.430340988170E1,2.05E1));
#1976=LINE('',#1975,#1974);
#1977=DIRECTION('',(7.071067811865E-1,-7.071067811866E-1,-2.009718347115E-14));
#1978=VECTOR('',#1977,7.071067811865E-1);
#1979=CARTESIAN_POINT('',(-4.087439109255E1,-3.380340988170E1,2.05E1));
#1980=LINE('',#1979,#1978);
#1981=DIRECTION('',(-1.E0,0.E0,0.E0));
#1982=VECTOR('',#1981,7.8E1);
#1983=CARTESIAN_POINT('',(3.762560890745E1,-3.380340988170E1,2.1E1));
#1984=LINE('',#1983,#1982);
#1985=DIRECTION('',(2.009718347115E-14,7.071067811866E-1,7.071067811865E-1));
#1986=VECTOR('',#1985,7.071067811866E-1);
#1987=CARTESIAN_POINT('',(3.762560890745E1,-3.430340988170E1,2.05E1));
#1988=LINE('',#1987,#1986);
#1989=DIRECTION('',(1.E0,0.E0,0.E0));
#1990=VECTOR('',#1989,7.8E1);
#1991=CARTESIAN_POINT('',(-4.037439109255E1,-3.430340988170E1,2.05E1));
#1992=LINE('',#1991,#1990);
#1993=DIRECTION('',(-7.071067811866E-1,0.E0,7.071067811865E-1));
#1994=VECTOR('',#1993,7.071067811865E-1);
#1995=CARTESIAN_POINT('',(3.812560890745E1,-3.380340988170E1,2.05E1));
#1996=LINE('',#1995,#1994);
#1997=DIRECTION('',(7.071067811866E-1,7.071067811865E-1,2.009718347115E-14));
#1998=VECTOR('',#1997,7.071067811866E-1);
#1999=CARTESIAN_POINT('',(3.762560890745E1,-3.430340988170E1,2.05E1));
#2000=LINE('',#1999,#1998);
#2001=DIRECTION('',(0.E0,0.E0,1.E0));
#2002=VECTOR('',#2001,4.1E1);
#2003=CARTESIAN_POINT('',(3.812560890745E1,-3.380340988170E1,-2.05E1));
#2004=LINE('',#2003,#2002);
#2005=DIRECTION('',(0.E0,0.E0,-1.E0));
#2006=VECTOR('',#2005,4.1E1);
#2007=CARTESIAN_POINT('',(3.762560890745E1,-3.430340988170E1,2.05E1));
#2008=LINE('',#2007,#2006);
#2009=DIRECTION('',(-7.071067811866E-1,-7.071067811865E-1,-1.004859173558E-14));
#2010=VECTOR('',#2009,7.071067811866E-1);
#2011=CARTESIAN_POINT('',(3.812560890745E1,-3.380340988170E1,-2.05E1));
#2012=LINE('',#2011,#2010);
#2013=DIRECTION('',(7.071067811866E-1,0.E0,7.071067811865E-1));
#2014=VECTOR('',#2013,7.071067811866E-1);
#2015=CARTESIAN_POINT('',(3.762560890745E1,-3.380340988170E1,-2.1E1));
#2016=LINE('',#2015,#2014);
#2017=DIRECTION('',(-1.E0,0.E0,0.E0));
#2018=VECTOR('',#2017,7.8E1);
#2019=CARTESIAN_POINT('',(3.762560890745E1,-3.430340988170E1,-2.05E1));
#2020=LINE('',#2019,#2018);
#2021=DIRECTION('',(0.E0,-7.071067811865E-1,7.071067811866E-1));
#2022=VECTOR('',#2021,7.071067811866E-1);
#2023=CARTESIAN_POINT('',(3.762560890745E1,-3.380340988170E1,-2.1E1));
#2024=LINE('',#2023,#2022);
#2025=DIRECTION('',(1.E0,0.E0,0.E0));
#2026=VECTOR('',#2025,7.8E1);
#2027=CARTESIAN_POINT('',(-4.037439109255E1,-3.380340988170E1,-2.1E1));
#2028=LINE('',#2027,#2026);
#2029=DIRECTION('',(-7.071067811865E-1,7.071067811866E-1,2.009718347115E-14));
#2030=VECTOR('',#2029,7.071067811865E-1);
#2031=CARTESIAN_POINT('',(-4.037439109255E1,-3.430340988170E1,-2.05E1));
#2032=LINE('',#2031,#2030);
#2033=DIRECTION('',(-1.004859173558E-14,-7.071067811866E-1,7.071067811865E-1));
#2034=VECTOR('',#2033,7.071067811866E-1);
#2035=CARTESIAN_POINT('',(-4.037439109255E1,-3.380340988170E1,-2.1E1));
#2036=LINE('',#2035,#2034);
#2037=DIRECTION('',(7.071067811865E-1,2.009718347115E-14,-7.071067811866E-1));
#2038=VECTOR('',#2037,7.071067811866E-1);
#2039=CARTESIAN_POINT('',(-4.087439109255E1,-3.380340988170E1,-2.05E1));
#2040=LINE('',#2039,#2038);
#2041=DIRECTION('',(0.E0,0.E0,1.E0));
#2042=VECTOR('',#2041,4.1E1);
#2043=CARTESIAN_POINT('',(-4.037439109255E1,-3.430340988170E1,-2.05E1));
#2044=LINE('',#2043,#2042);
#2045=DIRECTION('',(0.E0,0.E0,-1.E0));
#2046=VECTOR('',#2045,4.1E1);
#2047=CARTESIAN_POINT('',(-4.087439109255E1,-3.380340988170E1,2.05E1));
#2048=LINE('',#2047,#2046);
#2049=CARTESIAN_POINT('',(-3.137439109255E1,-3.430340988170E1,-1.6E1));
#2050=DIRECTION('',(0.E0,1.E0,0.E0));
#2051=DIRECTION('',(-1.E0,0.E0,0.E0));
#2052=AXIS2_PLACEMENT_3D('',#2049,#2050,#2051);
#2054=CARTESIAN_POINT('',(-3.137439109255E1,-3.430340988170E1,-1.6E1));
#2055=DIRECTION('',(0.E0,1.E0,0.E0));
#2056=DIRECTION('',(1.E0,0.E0,0.E0));
#2057=AXIS2_PLACEMENT_3D('',#2054,#2055,#2056);
#2059=CARTESIAN_POINT('',(-3.137439109255E1,-3.430340988170E1,1.6E1));
#2060=DIRECTION('',(0.E0,1.E0,0.E0));
#2061=DIRECTION('',(-1.E0,0.E0,0.E0));
#2062=AXIS2_PLACEMENT_3D('',#2059,#2060,#2061);
#2064=CARTESIAN_POINT('',(-3.137439109255E1,-3.430340988170E1,1.6E1));
#2065=DIRECTION('',(0.E0,1.E0,0.E0));
#2066=DIRECTION('',(1.E0,0.E0,0.E0));
#2067=AXIS2_PLACEMENT_3D('',#2064,#2065,#2066);
#2069=CARTESIAN_POINT('',(2.862560890745E1,-3.430340988170E1,-1.6E1));
#2070=DIRECTION('',(0.E0,1.E0,0.E0));
#2071=DIRECTION('',(-1.E0,0.E0,0.E0));
#2072=AXIS2_PLACEMENT_3D('',#2069,#2070,#2071);
#2074=CARTESIAN_POINT('',(2.862560890745E1,-3.430340988170E1,-1.6E1));
#2075=DIRECTION('',(0.E0,1.E0,0.E0));
#2076=DIRECTION('',(1.E0,0.E0,0.E0));
#2077=AXIS2_PLACEMENT_3D('',#2074,#2075,#2076);
#2079=CARTESIAN_POINT('',(2.862560890745E1,-3.430340988170E1,1.6E1));
#2080=DIRECTION('',(0.E0,1.E0,0.E0));
#2081=DIRECTION('',(-1.E0,0.E0,0.E0));
#2082=AXIS2_PLACEMENT_3D('',#2079,#2080,#2081);
#2084=CARTESIAN_POINT('',(2.862560890745E1,-3.430340988170E1,1.6E1));
#2085=DIRECTION('',(0.E0,1.E0,0.E0));
#2086=DIRECTION('',(1.E0,0.E0,0.E0));
#2087=AXIS2_PLACEMENT_3D('',#2084,#2085,#2086);
#2089=DIRECTION('',(0.E0,1.E0,0.E0));
#2090=VECTOR('',#2089,6.E0);
#2091=CARTESIAN_POINT('',(-3.287439109255E1,-3.430340988170E1,-1.6E1));
#2092=LINE('',#2091,#2090);
#2093=DIRECTION('',(0.E0,1.E0,0.E0));
#2094=VECTOR('',#2093,6.E0);
#2095=CARTESIAN_POINT('',(-2.987439109255E1,-3.430340988170E1,-1.6E1));
#2096=LINE('',#2095,#2094);
#2097=CARTESIAN_POINT('',(-3.137439109255E1,-2.830340988170E1,-1.6E1));
#2098=DIRECTION('',(0.E0,1.E0,0.E0));
#2099=DIRECTION('',(-1.E0,0.E0,0.E0));
#2100=AXIS2_PLACEMENT_3D('',#2097,#2098,#2099);
#2102=CARTESIAN_POINT('',(-3.137439109255E1,-2.830340988170E1,-1.6E1));
#2103=DIRECTION('',(0.E0,1.E0,0.E0));
#2104=DIRECTION('',(1.E0,0.E0,0.E0));
#2105=AXIS2_PLACEMENT_3D('',#2102,#2103,#2104);
#2107=CARTESIAN_POINT('',(-3.137439109255E1,-2.830340988170E1,-1.6E1));
#2108=DIRECTION('',(0.E0,-1.E0,0.E0));
#2109=DIRECTION('',(-1.E0,0.E0,0.E0));
#2110=AXIS2_PLACEMENT_3D('',#2107,#2108,#2109);
#2112=CARTESIAN_POINT('',(-3.137439109255E1,-2.730340988170E1,-1.6E1));
#2113=DIRECTION('',(0.E0,-1.E0,0.E0));
#2114=DIRECTION('',(-1.E0,0.E0,0.E0));
#2115=AXIS2_PLACEMENT_3D('',#2112,#2113,#2114);
#2117=CARTESIAN_POINT('',(-3.137439109255E1,-2.830340988170E1,-1.6E1));
#2118=DIRECTION('',(0.E0,-1.E0,0.E0));
#2119=DIRECTION('',(1.E0,0.E0,0.E0));
#2120=AXIS2_PLACEMENT_3D('',#2117,#2118,#2119);
#2122=DIRECTION('',(0.E0,-1.E0,0.E0));
#2123=VECTOR('',#2122,1.E0);
#2124=CARTESIAN_POINT('',(-3.012439109255E1,-2.730340988170E1,-1.6E1));
#2125=LINE('',#2124,#2123);
#2126=CARTESIAN_POINT('',(-3.137439109255E1,-2.730340988170E1,-1.6E1));
#2127=DIRECTION('',(0.E0,1.E0,0.E0));
#2128=DIRECTION('',(-1.E0,0.E0,0.E0));
#2129=AXIS2_PLACEMENT_3D('',#2126,#2127,#2128);
#2131=DIRECTION('',(0.E0,-1.E0,0.E0));
#2132=VECTOR('',#2131,1.E0);
#2133=CARTESIAN_POINT('',(-3.262439109255E1,-2.730340988170E1,-1.6E1));
#2134=LINE('',#2133,#2132);
#2135=DIRECTION('',(-8.571673007021E-1,-5.150380749101E-1,0.E0));
#2136=VECTOR('',#2135,1.458291746519E0);
#2137=CARTESIAN_POINT('',(-3.137439109255E1,-2.655233410791E1,-1.6E1));
#2138=LINE('',#2137,#2136);
#2139=DIRECTION('',(8.571673007021E-1,-5.150380749101E-1,0.E0));
#2140=VECTOR('',#2139,1.458291746519E0);
#2141=CARTESIAN_POINT('',(-3.137439109255E1,-2.655233410791E1,-1.6E1));
#2142=LINE('',#2141,#2140);
#2143=DIRECTION('',(0.E0,1.E0,0.E0));
#2144=VECTOR('',#2143,6.E0);
#2145=CARTESIAN_POINT('',(-3.287439109255E1,-3.430340988170E1,1.6E1));
#2146=LINE('',#2145,#2144);
#2147=DIRECTION('',(0.E0,1.E0,0.E0));
#2148=VECTOR('',#2147,6.E0);
#2149=CARTESIAN_POINT('',(-2.987439109255E1,-3.430340988170E1,1.6E1));
#2150=LINE('',#2149,#2148);
#2151=CARTESIAN_POINT('',(-3.137439109255E1,-2.830340988170E1,1.6E1));
#2152=DIRECTION('',(0.E0,1.E0,0.E0));
#2153=DIRECTION('',(-1.E0,0.E0,0.E0));
#2154=AXIS2_PLACEMENT_3D('',#2151,#2152,#2153);
#2156=CARTESIAN_POINT('',(-3.137439109255E1,-2.830340988170E1,1.6E1));
#2157=DIRECTION('',(0.E0,1.E0,0.E0));
#2158=DIRECTION('',(1.E0,0.E0,0.E0));
#2159=AXIS2_PLACEMENT_3D('',#2156,#2157,#2158);
#2161=CARTESIAN_POINT('',(-3.137439109255E1,-2.830340988170E1,1.6E1));
#2162=DIRECTION('',(0.E0,-1.E0,0.E0));
#2163=DIRECTION('',(-1.E0,0.E0,0.E0));
#2164=AXIS2_PLACEMENT_3D('',#2161,#2162,#2163);
#2166=CARTESIAN_POINT('',(-3.137439109255E1,-2.730340988170E1,1.6E1));
#2167=DIRECTION('',(0.E0,-1.E0,0.E0));
#2168=DIRECTION('',(-1.E0,0.E0,0.E0));
#2169=AXIS2_PLACEMENT_3D('',#2166,#2167,#2168);
#2171=CARTESIAN_POINT('',(-3.137439109255E1,-2.830340988170E1,1.6E1));
#2172=DIRECTION('',(0.E0,-1.E0,0.E0));
#2173=DIRECTION('',(1.E0,0.E0,0.E0));
#2174=AXIS2_PLACEMENT_3D('',#2171,#2172,#2173);
#2176=DIRECTION('',(0.E0,-1.E0,0.E0));
#2177=VECTOR('',#2176,1.E0);
#2178=CARTESIAN_POINT('',(-3.012439109255E1,-2.730340988170E1,1.6E1));
#2179=LINE('',#2178,#2177);
#2180=CARTESIAN_POINT('',(-3.137439109255E1,-2.730340988170E1,1.6E1));
#2181=DIRECTION('',(0.E0,1.E0,0.E0));
#2182=DIRECTION('',(-1.E0,0.E0,0.E0));
#2183=AXIS2_PLACEMENT_3D('',#2180,#2181,#2182);
#2185=DIRECTION('',(0.E0,-1.E0,0.E0));
#2186=VECTOR('',#2185,1.E0);
#2187=CARTESIAN_POINT('',(-3.262439109255E1,-2.730340988170E1,1.6E1));
#2188=LINE('',#2187,#2186);
#2189=DIRECTION('',(-8.571673007021E-1,-5.150380749101E-1,0.E0));
#2190=VECTOR('',#2189,1.458291746519E0);
#2191=CARTESIAN_POINT('',(-3.137439109255E1,-2.655233410791E1,1.6E1));
#2192=LINE('',#2191,#2190);
#2193=DIRECTION('',(8.571673007021E-1,-5.150380749101E-1,0.E0));
#2194=VECTOR('',#2193,1.458291746519E0);
#2195=CARTESIAN_POINT('',(-3.137439109255E1,-2.655233410791E1,1.6E1));
#2196=LINE('',#2195,#2194);
#2197=DIRECTION('',(0.E0,1.E0,0.E0));
#2198=VECTOR('',#2197,6.E0);
#2199=CARTESIAN_POINT('',(2.712560890745E1,-3.430340988170E1,-1.6E1));
#2200=LINE('',#2199,#2198);
#2201=DIRECTION('',(0.E0,1.E0,0.E0));
#2202=VECTOR('',#2201,6.E0);
#2203=CARTESIAN_POINT('',(3.012560890745E1,-3.430340988170E1,-1.6E1));
#2204=LINE('',#2203,#2202);
#2205=CARTESIAN_POINT('',(2.862560890745E1,-2.830340988170E1,-1.6E1));
#2206=DIRECTION('',(0.E0,1.E0,0.E0));
#2207=DIRECTION('',(-1.E0,0.E0,0.E0));
#2208=AXIS2_PLACEMENT_3D('',#2205,#2206,#2207);
#2210=CARTESIAN_POINT('',(2.862560890745E1,-2.830340988170E1,-1.6E1));
#2211=DIRECTION('',(0.E0,1.E0,0.E0));
#2212=DIRECTION('',(1.E0,0.E0,0.E0));
#2213=AXIS2_PLACEMENT_3D('',#2210,#2211,#2212);
#2215=CARTESIAN_POINT('',(2.862560890745E1,-2.830340988170E1,-1.6E1));
#2216=DIRECTION('',(0.E0,-1.E0,0.E0));
#2217=DIRECTION('',(-1.E0,0.E0,0.E0));
#2218=AXIS2_PLACEMENT_3D('',#2215,#2216,#2217);
#2220=CARTESIAN_POINT('',(2.862560890745E1,-2.730340988170E1,-1.6E1));
#2221=DIRECTION('',(0.E0,-1.E0,0.E0));
#2222=DIRECTION('',(-1.E0,0.E0,0.E0));
#2223=AXIS2_PLACEMENT_3D('',#2220,#2221,#2222);
#2225=CARTESIAN_POINT('',(2.862560890745E1,-2.830340988170E1,-1.6E1));
#2226=DIRECTION('',(0.E0,-1.E0,0.E0));
#2227=DIRECTION('',(1.E0,0.E0,0.E0));
#2228=AXIS2_PLACEMENT_3D('',#2225,#2226,#2227);
#2230=DIRECTION('',(0.E0,-1.E0,0.E0));
#2231=VECTOR('',#2230,1.E0);
#2232=CARTESIAN_POINT('',(2.987560890745E1,-2.730340988170E1,-1.6E1));
#2233=LINE('',#2232,#2231);
#2234=CARTESIAN_POINT('',(2.862560890745E1,-2.730340988170E1,-1.6E1));
#2235=DIRECTION('',(0.E0,1.E0,0.E0));
#2236=DIRECTION('',(-1.E0,0.E0,0.E0));
#2237=AXIS2_PLACEMENT_3D('',#2234,#2235,#2236);
#2239=DIRECTION('',(0.E0,-1.E0,0.E0));
#2240=VECTOR('',#2239,1.E0);
#2241=CARTESIAN_POINT('',(2.737560890745E1,-2.730340988170E1,-1.6E1));
#2242=LINE('',#2241,#2240);
#2243=DIRECTION('',(-8.571673007021E-1,-5.150380749101E-1,0.E0));
#2244=VECTOR('',#2243,1.458291746519E0);
#2245=CARTESIAN_POINT('',(2.862560890745E1,-2.655233410791E1,-1.6E1));
#2246=LINE('',#2245,#2244);
#2247=DIRECTION('',(8.571673007021E-1,-5.150380749101E-1,0.E0));
#2248=VECTOR('',#2247,1.458291746519E0);
#2249=CARTESIAN_POINT('',(2.862560890745E1,-2.655233410791E1,-1.6E1));
#2250=LINE('',#2249,#2248);
#2251=DIRECTION('',(0.E0,1.E0,0.E0));
#2252=VECTOR('',#2251,6.E0);
#2253=CARTESIAN_POINT('',(2.712560890745E1,-3.430340988170E1,1.6E1));
#2254=LINE('',#2253,#2252);
#2255=DIRECTION('',(0.E0,1.E0,0.E0));
#2256=VECTOR('',#2255,6.E0);
#2257=CARTESIAN_POINT('',(3.012560890745E1,-3.430340988170E1,1.6E1));
#2258=LINE('',#2257,#2256);
#2259=CARTESIAN_POINT('',(2.862560890745E1,-2.830340988170E1,1.6E1));
#2260=DIRECTION('',(0.E0,1.E0,0.E0));
#2261=DIRECTION('',(-1.E0,0.E0,0.E0));
#2262=AXIS2_PLACEMENT_3D('',#2259,#2260,#2261);
#2264=CARTESIAN_POINT('',(2.862560890745E1,-2.830340988170E1,1.6E1));
#2265=DIRECTION('',(0.E0,1.E0,0.E0));
#2266=DIRECTION('',(1.E0,0.E0,0.E0));
#2267=AXIS2_PLACEMENT_3D('',#2264,#2265,#2266);
#2269=CARTESIAN_POINT('',(2.862560890745E1,-2.830340988170E1,1.6E1));
#2270=DIRECTION('',(0.E0,-1.E0,0.E0));
#2271=DIRECTION('',(-1.E0,0.E0,0.E0));
#2272=AXIS2_PLACEMENT_3D('',#2269,#2270,#2271);
#2274=CARTESIAN_POINT('',(2.862560890745E1,-2.730340988170E1,1.6E1));
#2275=DIRECTION('',(0.E0,-1.E0,0.E0));
#2276=DIRECTION('',(-1.E0,0.E0,0.E0));
#2277=AXIS2_PLACEMENT_3D('',#2274,#2275,#2276);
#2279=CARTESIAN_POINT('',(2.862560890745E1,-2.830340988170E1,1.6E1));
#2280=DIRECTION('',(0.E0,-1.E0,0.E0));
#2281=DIRECTION('',(1.E0,0.E0,0.E0));
#2282=AXIS2_PLACEMENT_3D('',#2279,#2280,#2281);
#2284=DIRECTION('',(0.E0,-1.E0,0.E0));
#2285=VECTOR('',#2284,1.E0);
#2286=CARTESIAN_POINT('',(2.987560890745E1,-2.730340988170E1,1.6E1));
#2287=LINE('',#2286,#2285);
#2288=CARTESIAN_POINT('',(2.862560890745E1,-2.730340988170E1,1.6E1));
#2289=DIRECTION('',(0.E0,1.E0,0.E0));
#2290=DIRECTION('',(-1.E0,0.E0,0.E0));
#2291=AXIS2_PLACEMENT_3D('',#2288,#2289,#2290);
#2293=DIRECTION('',(0.E0,-1.E0,0.E0));
#2294=VECTOR('',#2293,1.E0);
#2295=CARTESIAN_POINT('',(2.737560890745E1,-2.730340988170E1,1.6E1));
#2296=LINE('',#2295,#2294);
#2297=DIRECTION('',(-8.571673007021E-1,-5.150380749101E-1,0.E0));
#2298=VECTOR('',#2297,1.458291746519E0);
#2299=CARTESIAN_POINT('',(2.862560890745E1,-2.655233410791E1,1.6E1));
#2300=LINE('',#2299,#2298);
#2301=DIRECTION('',(8.571673007021E-1,-5.150380749100E-1,0.E0));
#2302=VECTOR('',#2301,1.458291746519E0);
#2303=CARTESIAN_POINT('',(2.862560890745E1,-2.655233410791E1,1.6E1));
#2304=LINE('',#2303,#2302);
#2305=CARTESIAN_POINT('',(3.812560890745E1,1.569659011830E1,0.E0));
#2306=DIRECTION('',(-1.E0,0.E0,0.E0));
#2307=DIRECTION('',(0.E0,0.E0,-1.E0));
#2308=AXIS2_PLACEMENT_3D('',#2305,#2306,#2307);
#2310=CARTESIAN_POINT('',(3.812560890745E1,1.569659011830E1,0.E0));
#2311=DIRECTION('',(1.E0,0.E0,0.E0));
#2312=DIRECTION('',(0.E0,0.E0,-1.E0));
#2313=AXIS2_PLACEMENT_3D('',#2310,#2311,#2312);
#2315=DIRECTION('',(-1.E0,0.E0,0.E0));
#2316=VECTOR('',#2315,1.5E0);
#2317=CARTESIAN_POINT('',(3.962560890745E1,-1.330340988170E1,-1.9E1));
#2318=LINE('',#2317,#2316);
#2319=DIRECTION('',(-1.E0,0.E0,0.E0));
#2320=VECTOR('',#2319,1.5E0);
#2321=CARTESIAN_POINT('',(3.962560890745E1,-1.330340988170E1,1.9E1));
#2322=LINE('',#2321,#2320);
#2323=DIRECTION('',(8.660254037844E-1,1.230696119285E-14,5.E-1));
#2324=VECTOR('',#2323,5.773502691896E-1);
#2325=CARTESIAN_POINT('',(3.962560890745E1,-1.330340988170E1,-1.9E1));
#2326=LINE('',#2325,#2324);
#2327=CARTESIAN_POINT('',(3.962560890745E1,-1.330340988170E1,
3.823581363306E-14));
#2328=DIRECTION('',(1.E0,0.E0,0.E0));
#2329=DIRECTION('',(0.E0,0.E0,1.E0));
#2330=AXIS2_PLACEMENT_3D('',#2327,#2328,#2329);
#2332=DIRECTION('',(8.660254037844E-1,0.E0,-5.E-1));
#2333=VECTOR('',#2332,5.773502691896E-1);
#2334=CARTESIAN_POINT('',(3.962560890745E1,-1.330340988170E1,1.9E1));
#2335=LINE('',#2334,#2333);
#2336=CARTESIAN_POINT('',(3.962560890745E1,-1.330340988170E1,
3.823581363306E-14));
#2337=DIRECTION('',(1.E0,0.E0,0.E0));
#2338=DIRECTION('',(0.E0,0.E0,-1.E0));
#2339=AXIS2_PLACEMENT_3D('',#2336,#2337,#2338);
#2341=CARTESIAN_POINT('',(4.012560890745E1,-1.330340988170E1,
3.816391647149E-14));
#2342=DIRECTION('',(1.E0,0.E0,0.E0));
#2343=DIRECTION('',(0.E0,0.E0,1.E0));
#2344=AXIS2_PLACEMENT_3D('',#2341,#2342,#2343);
#2346=CARTESIAN_POINT('',(4.012560890745E1,-1.330340988170E1,
3.816391647149E-14));
#2347=DIRECTION('',(1.E0,0.E0,0.E0));
#2348=DIRECTION('',(0.E0,0.E0,-1.E0));
#2349=AXIS2_PLACEMENT_3D('',#2346,#2347,#2348);
#2351=CARTESIAN_POINT('',(4.012560890745E1,-1.330340988170E1,
3.816391647149E-14));
#2352=DIRECTION('',(-1.E0,0.E0,0.E0));
#2353=DIRECTION('',(0.E0,0.E0,-1.E0));
#2354=AXIS2_PLACEMENT_3D('',#2351,#2352,#2353);
#2356=CARTESIAN_POINT('',(4.012560890745E1,-1.330340988170E1,
3.816391647149E-14));
#2357=DIRECTION('',(-1.E0,0.E0,0.E0));
#2358=DIRECTION('',(0.E0,0.E0,1.E0));
#2359=AXIS2_PLACEMENT_3D('',#2356,#2357,#2358);
#2361=CARTESIAN_POINT('',(3.962560890745E1,-1.330340988170E1,
3.823581363306E-14));
#2362=DIRECTION('',(-1.E0,0.E0,0.E0));
#2363=DIRECTION('',(0.E0,0.E0,-1.E0));
#2364=AXIS2_PLACEMENT_3D('',#2361,#2362,#2363);
#2366=DIRECTION('',(-8.660254037844E-1,-1.230696119285E-14,5.E-1));
#2367=VECTOR('',#2366,5.773502691896E-1);
#2368=CARTESIAN_POINT('',(4.012560890745E1,-1.330340988170E1,
-1.788867513459E1));
#2369=LINE('',#2368,#2367);
#2370=CARTESIAN_POINT('',(3.712560890745E1,-1.330340988170E1,
3.859529944088E-14));
#2371=DIRECTION('',(1.E0,0.E0,0.E0));
#2372=DIRECTION('',(0.E0,0.E0,1.E0));
#2373=AXIS2_PLACEMENT_3D('',#2370,#2371,#2372);
#2375=DIRECTION('',(-1.E0,0.E0,0.E0));
#2376=VECTOR('',#2375,2.5E0);
#2377=CARTESIAN_POINT('',(3.962560890745E1,-1.330340988170E1,-1.76E1));
#2378=LINE('',#2377,#2376);
#2379=CARTESIAN_POINT('',(3.712560890745E1,-1.330340988170E1,
3.859529944088E-14));
#2380=DIRECTION('',(1.E0,0.E0,0.E0));
#2381=DIRECTION('',(0.E0,0.E0,-1.E0));
#2382=AXIS2_PLACEMENT_3D('',#2379,#2380,#2381);
#2384=DIRECTION('',(-1.E0,0.E0,0.E0));
#2385=VECTOR('',#2384,2.5E0);
#2386=CARTESIAN_POINT('',(3.962560890745E1,-1.330340988170E1,1.76E1));
#2387=LINE('',#2386,#2385);
#2388=DIRECTION('',(-8.660254037845E-1,0.E0,-5.E-1));
#2389=VECTOR('',#2388,5.773502691896E-1);
#2390=CARTESIAN_POINT('',(4.012560890745E1,-1.330340988170E1,1.788867513459E1));
#2391=LINE('',#2390,#2389);
#2392=CARTESIAN_POINT('',(3.962560890745E1,-1.330340988170E1,
3.823581363306E-14));
#2393=DIRECTION('',(-1.E0,0.E0,0.E0));
#2394=DIRECTION('',(0.E0,0.E0,1.E0));
#2395=AXIS2_PLACEMENT_3D('',#2392,#2393,#2394);
#2397=CARTESIAN_POINT('',(3.712560890745E1,-1.330340988170E1,
2.199105976941E-14));
#2398=DIRECTION('',(1.E0,0.E0,0.E0));
#2399=DIRECTION('',(0.E0,0.E0,-1.E0));
#2400=AXIS2_PLACEMENT_3D('',#2397,#2398,#2399);
#2402=DIRECTION('',(-1.E0,0.E0,0.E0));
#2403=VECTOR('',#2402,3.5E0);
#2404=CARTESIAN_POINT('',(4.062560890745E1,-1.330340988170E1,-8.5E0));
#2405=LINE('',#2404,#2403);
#2406=CARTESIAN_POINT('',(3.712560890745E1,-1.330340988170E1,
2.199105976941E-14));
#2407=DIRECTION('',(1.E0,0.E0,0.E0));
#2408=DIRECTION('',(0.E0,0.E0,1.E0));
#2409=AXIS2_PLACEMENT_3D('',#2406,#2407,#2408);
#2411=DIRECTION('',(-1.E0,0.E0,0.E0));
#2412=VECTOR('',#2411,3.5E0);
#2413=CARTESIAN_POINT('',(4.062560890745E1,-1.330340988170E1,8.5E0));
#2414=LINE('',#2413,#2412);
#2415=DIRECTION('',(7.071067811865E-1,0.E0,7.071067811866E-1));
#2416=VECTOR('',#2415,7.071067811865E-1);
#2417=CARTESIAN_POINT('',(4.062560890745E1,-1.330340988170E1,-8.5E0));
#2418=LINE('',#2417,#2416);
#2419=CARTESIAN_POINT('',(4.062560890745E1,-1.330340988170E1,
2.215973201228E-14));
#2420=DIRECTION('',(1.E0,0.E0,0.E0));
#2421=DIRECTION('',(0.E0,0.E0,1.E0));
#2422=AXIS2_PLACEMENT_3D('',#2419,#2420,#2421);
#2424=CARTESIAN_POINT('',(4.112560890745E1,-1.330340988170E1,
2.218382804697E-14));
#2425=DIRECTION('',(-1.E0,0.E0,0.E0));
#2426=DIRECTION('',(0.E0,0.E0,-1.E0));
#2427=AXIS2_PLACEMENT_3D('',#2424,#2425,#2426);
#2429=CARTESIAN_POINT('',(4.112560890745E1,-1.330340988170E1,
2.218382804697E-14));
#2430=DIRECTION('',(-1.E0,0.E0,0.E0));
#2431=DIRECTION('',(0.E0,0.E0,1.E0));
#2432=AXIS2_PLACEMENT_3D('',#2429,#2430,#2431);
#2434=DIRECTION('',(7.071067811865E-1,0.E0,-7.071067811866E-1));
#2435=VECTOR('',#2434,7.071067811865E-1);
#2436=CARTESIAN_POINT('',(4.062560890745E1,-1.330340988170E1,8.5E0));
#2437=LINE('',#2436,#2435);
#2438=CARTESIAN_POINT('',(4.062560890745E1,-1.330340988170E1,
2.215973201228E-14));
#2439=DIRECTION('',(1.E0,0.E0,0.E0));
#2440=DIRECTION('',(0.E0,0.E0,-1.E0));
#2441=AXIS2_PLACEMENT_3D('',#2438,#2439,#2440);
#2443=DIRECTION('',(-1.E0,0.E0,0.E0));
#2444=VECTOR('',#2443,2.95E1);
#2445=CARTESIAN_POINT('',(7.062560890745E1,-1.330340988170E1,-8.E0));
#2446=LINE('',#2445,#2444);
#2447=DIRECTION('',(-1.E0,0.E0,0.E0));
#2448=VECTOR('',#2447,2.95E1);
#2449=CARTESIAN_POINT('',(7.062560890745E1,-1.330340988170E1,8.E0));
#2450=LINE('',#2449,#2448);
#2451=DIRECTION('',(7.071067811865E-1,0.E0,7.071067811866E-1));
#2452=VECTOR('',#2451,7.071067811865E-1);
#2453=CARTESIAN_POINT('',(7.062560890745E1,-1.330340988170E1,-8.E0));
#2454=LINE('',#2453,#2452);
#2455=CARTESIAN_POINT('',(7.062560890745E1,-1.330340988170E1,
2.360549409402E-14));
#2456=DIRECTION('',(1.E0,0.E0,0.E0));
#2457=DIRECTION('',(0.E0,0.E0,1.E0));
#2458=AXIS2_PLACEMENT_3D('',#2455,#2456,#2457);
#2460=DIRECTION('',(7.071067811865E-1,0.E0,-7.071067811866E-1));
#2461=VECTOR('',#2460,7.071067811865E-1);
#2462=CARTESIAN_POINT('',(7.062560890745E1,-1.330340988170E1,8.E0));
#2463=LINE('',#2462,#2461);
#2464=CARTESIAN_POINT('',(7.062560890745E1,-1.330340988170E1,
2.360549409402E-14));
#2465=DIRECTION('',(1.E0,0.E0,0.E0));
#2466=DIRECTION('',(0.E0,0.E0,-1.E0));
#2467=AXIS2_PLACEMENT_3D('',#2464,#2465,#2466);
#2469=CARTESIAN_POINT('',(7.112560890745E1,-1.330340988170E1,
2.362959012871E-14));
#2470=DIRECTION('',(1.E0,0.E0,0.E0));
#2471=DIRECTION('',(0.E0,0.E0,1.E0));
#2472=AXIS2_PLACEMENT_3D('',#2469,#2470,#2471);
#2474=CARTESIAN_POINT('',(7.112560890745E1,-1.330340988170E1,
2.362959012871E-14));
#2475=DIRECTION('',(1.E0,0.E0,0.E0));
#2476=DIRECTION('',(0.E0,0.E0,-1.E0));
#2477=AXIS2_PLACEMENT_3D('',#2474,#2475,#2476);
#2479=CARTESIAN_POINT('',(7.112560890745E1,-1.330340988170E1,
2.362959012871E-14));
#2480=DIRECTION('',(-1.E0,0.E0,0.E0));
#2481=DIRECTION('',(0.E0,0.E0,1.E0));
#2482=AXIS2_PLACEMENT_3D('',#2479,#2480,#2481);
#2484=CARTESIAN_POINT('',(7.112560890745E1,-1.330340988170E1,
2.362959012871E-14));
#2485=DIRECTION('',(-1.E0,0.E0,0.E0));
#2486=DIRECTION('',(0.E0,0.E0,-1.E0));
#2487=AXIS2_PLACEMENT_3D('',#2484,#2485,#2486);
#2489=DIRECTION('',(-8.660254037844E-1,0.E0,-5.E-1));
#2490=VECTOR('',#2489,1.75E0);
#2491=CARTESIAN_POINT('',(7.112560890745E1,-1.330340988170E1,1.675E0));
#2492=LINE('',#2491,#2490);
#2493=CARTESIAN_POINT('',(6.961006445082E1,-1.330340988170E1,
2.355655290509E-14));
#2494=DIRECTION('',(-1.E0,0.E0,0.E0));
#2495=DIRECTION('',(0.E0,0.E0,1.E0));
#2496=AXIS2_PLACEMENT_3D('',#2493,#2494,#2495);
#2498=CARTESIAN_POINT('',(6.961006445082E1,-1.330340988170E1,
2.355655290509E-14));
#2499=DIRECTION('',(-1.E0,0.E0,0.E0));
#2500=DIRECTION('',(0.E0,0.E0,-1.E0));
#2501=AXIS2_PLACEMENT_3D('',#2498,#2499,#2500);
#2503=DIRECTION('',(-8.660254037844E-1,0.E0,5.E-1));
#2504=VECTOR('',#2503,1.75E0);
#2505=CARTESIAN_POINT('',(7.112560890745E1,-1.330340988170E1,-1.675E0));
#2506=LINE('',#2505,#2504);
#2507=DIRECTION('',(-1.E0,0.E0,0.E0));
#2508=VECTOR('',#2507,1.384455543377E0);
#2509=CARTESIAN_POINT('',(6.961006445082E1,-1.330340988170E1,-8.E-1));
#2510=LINE('',#2509,#2508);
#2511=DIRECTION('',(-5.150380749100E-1,0.E0,8.571673007021E-1));
#2512=VECTOR('',#2511,9.333067177723E-1);
#2513=CARTESIAN_POINT('',(6.822560890745E1,-1.330340988170E1,-8.E-1));
#2514=LINE('',#2513,#2512);
#2515=CARTESIAN_POINT('',(6.822560890745E1,-1.330340988170E1,
2.348983312748E-14));
#2516=DIRECTION('',(1.E0,0.E0,0.E0));
#2517=DIRECTION('',(0.E0,0.E0,1.E0));
#2518=AXIS2_PLACEMENT_3D('',#2515,#2516,#2517);
#2520=DIRECTION('',(-5.150380749100E-1,0.E0,-8.571673007021E-1));
#2521=VECTOR('',#2520,9.333067177723E-1);
#2522=CARTESIAN_POINT('',(6.822560890745E1,-1.330340988170E1,8.E-1));
#2523=LINE('',#2522,#2521);
#2524=CARTESIAN_POINT('',(6.822560890745E1,-1.330340988170E1,
2.348983312748E-14));
#2525=DIRECTION('',(1.E0,0.E0,0.E0));
#2526=DIRECTION('',(0.E0,0.E0,-1.E0));
#2527=AXIS2_PLACEMENT_3D('',#2524,#2525,#2526);
#2529=DIRECTION('',(-1.E0,0.E0,0.E0));
#2530=VECTOR('',#2529,1.384455543377E0);
#2531=CARTESIAN_POINT('',(6.961006445082E1,-1.330340988170E1,8.E-1));
#2532=LINE('',#2531,#2530);
#2533=DIRECTION('',(-1.E0,0.E0,0.E0));
#2534=VECTOR('',#2533,6.E0);
#2535=CARTESIAN_POINT('',(3.812560890745E1,1.460046085592E0,1.626345596729E1));
#2536=LINE('',#2535,#2534);
#2537=DIRECTION('',(-1.E0,0.E0,0.E0));
#2538=VECTOR('',#2537,6.E0);
#2539=CARTESIAN_POINT('',(3.812560890745E1,4.460046085592E0,1.626345596729E1));
#2540=LINE('',#2539,#2538);
#2541=CARTESIAN_POINT('',(3.212560890745E1,2.960046085592E0,1.626345596729E1));
#2542=DIRECTION('',(-1.E0,0.E0,0.E0));
#2543=DIRECTION('',(0.E0,-1.E0,0.E0));
#2544=AXIS2_PLACEMENT_3D('',#2541,#2542,#2543);
#2546=CARTESIAN_POINT('',(3.212560890745E1,2.960046085592E0,1.626345596729E1));
#2547=DIRECTION('',(-1.E0,0.E0,0.E0));
#2548=DIRECTION('',(0.E0,1.E0,0.E0));
#2549=AXIS2_PLACEMENT_3D('',#2546,#2547,#2548);
#2551=CARTESIAN_POINT('',(3.212560890745E1,2.960046085592E0,1.626345596729E1));
#2552=DIRECTION('',(1.E0,0.E0,0.E0));
#2553=DIRECTION('',(0.E0,-1.E0,0.E0));
#2554=AXIS2_PLACEMENT_3D('',#2551,#2552,#2553);
#2556=CARTESIAN_POINT('',(3.112560890745E1,2.960046085592E0,1.626345596729E1));
#2557=DIRECTION('',(1.E0,0.E0,0.E0));
#2558=DIRECTION('',(0.E0,-1.E0,0.E0));
#2559=AXIS2_PLACEMENT_3D('',#2556,#2557,#2558);
#2561=CARTESIAN_POINT('',(3.212560890745E1,2.960046085592E0,1.626345596729E1));
#2562=DIRECTION('',(1.E0,0.E0,0.E0));
#2563=DIRECTION('',(0.E0,1.E0,0.E0));
#2564=AXIS2_PLACEMENT_3D('',#2561,#2562,#2563);
#2566=DIRECTION('',(1.E0,0.E0,0.E0));
#2567=VECTOR('',#2566,1.E0);
#2568=CARTESIAN_POINT('',(3.112560890745E1,4.210046085592E0,1.626345596729E1));
#2569=LINE('',#2568,#2567);
#2570=CARTESIAN_POINT('',(3.112560890745E1,2.960046085592E0,1.626345596729E1));
#2571=DIRECTION('',(-1.E0,0.E0,0.E0));
#2572=DIRECTION('',(0.E0,-1.E0,0.E0));
#2573=AXIS2_PLACEMENT_3D('',#2570,#2571,#2572);
#2575=DIRECTION('',(1.E0,0.E0,0.E0));
#2576=VECTOR('',#2575,1.E0);
#2577=CARTESIAN_POINT('',(3.112560890745E1,1.710046085592E0,1.626345596729E1));
#2578=LINE('',#2577,#2576);
#2579=DIRECTION('',(5.150380749101E-1,-8.571673007021E-1,0.E0));
#2580=VECTOR('',#2579,1.458291746519E0);
#2581=CARTESIAN_POINT('',(3.037453313366E1,2.960046085592E0,1.626345596729E1));
#2582=LINE('',#2581,#2580);
#2583=DIRECTION('',(5.150380749101E-1,8.571673007021E-1,0.E0));
#2584=VECTOR('',#2583,1.458291746519E0);
#2585=CARTESIAN_POINT('',(3.037453313366E1,2.960046085592E0,1.626345596729E1));
#2586=LINE('',#2585,#2584);
#2587=DIRECTION('',(-1.E0,0.E0,0.E0));
#2588=VECTOR('',#2587,6.E0);
#2589=CARTESIAN_POINT('',(3.812560890745E1,1.460046085592E0,-1.626344403271E1));
#2590=LINE('',#2589,#2588);
#2591=DIRECTION('',(-1.E0,0.E0,0.E0));
#2592=VECTOR('',#2591,6.E0);
#2593=CARTESIAN_POINT('',(3.812560890745E1,4.460046085592E0,-1.626344403271E1));
#2594=LINE('',#2593,#2592);
#2595=CARTESIAN_POINT('',(3.212560890745E1,2.960046085592E0,-1.626344403271E1));
#2596=DIRECTION('',(-1.E0,0.E0,0.E0));
#2597=DIRECTION('',(0.E0,-1.E0,0.E0));
#2598=AXIS2_PLACEMENT_3D('',#2595,#2596,#2597);
#2600=CARTESIAN_POINT('',(3.212560890745E1,2.960046085592E0,-1.626344403271E1));
#2601=DIRECTION('',(-1.E0,0.E0,0.E0));
#2602=DIRECTION('',(0.E0,1.E0,0.E0));
#2603=AXIS2_PLACEMENT_3D('',#2600,#2601,#2602);
#2605=CARTESIAN_POINT('',(3.212560890745E1,2.960046085593E0,-1.626345596729E1));
#2606=DIRECTION('',(1.E0,0.E0,0.E0));
#2607=DIRECTION('',(0.E0,-1.E0,0.E0));
#2608=AXIS2_PLACEMENT_3D('',#2605,#2606,#2607);
#2610=CARTESIAN_POINT('',(3.112560890745E1,2.960046085593E0,-1.626345596729E1));
#2611=DIRECTION('',(1.E0,0.E0,0.E0));
#2612=DIRECTION('',(0.E0,-1.E0,0.E0));
#2613=AXIS2_PLACEMENT_3D('',#2610,#2611,#2612);
#2615=CARTESIAN_POINT('',(3.212560890745E1,2.960046085593E0,-1.626345596729E1));
#2616=DIRECTION('',(1.E0,0.E0,0.E0));
#2617=DIRECTION('',(0.E0,1.E0,0.E0));
#2618=AXIS2_PLACEMENT_3D('',#2615,#2616,#2617);
#2620=DIRECTION('',(9.999999999822E-1,1.181277298180E-13,-5.967290618863E-6));
#2621=VECTOR('',#2620,1.000000000018E0);
#2622=CARTESIAN_POINT('',(3.112560890745E1,4.210046085593E0,-1.626345E1));
#2623=LINE('',#2622,#2621);
#2624=CARTESIAN_POINT('',(3.112560890745E1,2.960046085593E0,-1.626345596729E1));
#2625=DIRECTION('',(-1.E0,0.E0,0.E0));
#2626=DIRECTION('',(0.E0,-1.E0,0.E0));
#2627=AXIS2_PLACEMENT_3D('',#2624,#2625,#2626);
#2629=DIRECTION('',(9.999999999822E-1,1.314504061133E-13,-5.967290618863E-6));
#2630=VECTOR('',#2629,1.000000000018E0);
#2631=CARTESIAN_POINT('',(3.112560890745E1,1.710046085593E0,-1.626345E1));
#2632=LINE('',#2631,#2630);
#2633=DIRECTION('',(5.150380749058E-1,-8.571673006949E-1,-4.091973116296E-6));
#2634=VECTOR('',#2633,1.458291746531E0);
#2635=CARTESIAN_POINT('',(3.037453313366E1,2.960046085592E0,-1.626344403271E1));
#2636=LINE('',#2635,#2634);
#2637=DIRECTION('',(5.150380749057E-1,8.571673006950E-1,-4.091973116295E-6));
#2638=VECTOR('',#2637,1.458291746531E0);
#2639=CARTESIAN_POINT('',(3.037453313366E1,2.960046085592E0,-1.626344403271E1));
#2640=LINE('',#2639,#2638);
#2641=DIRECTION('',(-1.E0,0.E0,0.E0));
#2642=VECTOR('',#2641,6.E0);
#2643=CARTESIAN_POINT('',(3.812560890745E1,-3.106685391441E1,1.626345596729E1));
#2644=LINE('',#2643,#2642);
#2645=DIRECTION('',(-1.E0,0.E0,0.E0));
#2646=VECTOR('',#2645,6.E0);
#2647=CARTESIAN_POINT('',(3.812560890745E1,-2.806685391441E1,1.626345596729E1));
#2648=LINE('',#2647,#2646);
#2649=CARTESIAN_POINT('',(3.212560890745E1,-2.956685391441E1,1.626345596729E1));
#2650=DIRECTION('',(-1.E0,0.E0,0.E0));
#2651=DIRECTION('',(0.E0,-1.E0,0.E0));
#2652=AXIS2_PLACEMENT_3D('',#2649,#2650,#2651);
#2654=CARTESIAN_POINT('',(3.212560890745E1,-2.956685391441E1,1.626345596729E1));
#2655=DIRECTION('',(-1.E0,0.E0,0.E0));
#2656=DIRECTION('',(0.E0,1.E0,0.E0));
#2657=AXIS2_PLACEMENT_3D('',#2654,#2655,#2656);
#2659=CARTESIAN_POINT('',(3.212560890745E1,-2.956686584899E1,1.626345596729E1));
#2660=DIRECTION('',(1.E0,0.E0,0.E0));
#2661=DIRECTION('',(0.E0,-1.E0,0.E0));
#2662=AXIS2_PLACEMENT_3D('',#2659,#2660,#2661);
#2664=CARTESIAN_POINT('',(3.112560890745E1,-2.956686584899E1,1.626345596729E1));
#2665=DIRECTION('',(1.E0,0.E0,0.E0));
#2666=DIRECTION('',(0.E0,-1.E0,0.E0));
#2667=AXIS2_PLACEMENT_3D('',#2664,#2665,#2666);
#2669=CARTESIAN_POINT('',(3.212560890745E1,-2.956686584899E1,1.626345596729E1));
#2670=DIRECTION('',(1.E0,0.E0,0.E0));
#2671=DIRECTION('',(0.E0,1.E0,0.E0));
#2672=AXIS2_PLACEMENT_3D('',#2669,#2670,#2671);
#2674=DIRECTION('',(9.999999999822E-1,-5.967290625968E-6,-1.776356839369E-13));
#2675=VECTOR('',#2674,1.000000000018E0);
#2676=CARTESIAN_POINT('',(3.112560890745E1,-2.831685988170E1,1.626345596729E1));
#2677=LINE('',#2676,#2675);
#2678=CARTESIAN_POINT('',(3.112560890745E1,-2.956686584899E1,1.626345596729E1));
#2679=DIRECTION('',(-1.E0,0.E0,0.E0));
#2680=DIRECTION('',(0.E0,-1.E0,0.E0));
#2681=AXIS2_PLACEMENT_3D('',#2678,#2679,#2680);
#2683=DIRECTION('',(9.999999999822E-1,-5.967290618863E-6,-1.776356839369E-13));
#2684=VECTOR('',#2683,1.000000000018E0);
#2685=CARTESIAN_POINT('',(3.112560890745E1,-3.081685988170E1,1.626345596729E1));
#2686=LINE('',#2685,#2684);
#2687=DIRECTION('',(5.150362684163E-1,-8.571683861505E-1,-1.218103725182E-13));
#2688=VECTOR('',#2687,1.458296861489E0);
#2689=CARTESIAN_POINT('',(3.037453313366E1,-2.956685391441E1,1.626345596729E1));
#2690=LINE('',#2689,#2688);
#2691=DIRECTION('',(5.150398814142E-1,8.571662152423E-1,-1.218112270223E-13));
#2692=VECTOR('',#2691,1.458286631556E0);
#2693=CARTESIAN_POINT('',(3.037453313366E1,-2.956685391441E1,1.626345596729E1));
#2694=LINE('',#2693,#2692);
#2695=DIRECTION('',(-1.E0,0.E0,0.E0));
#2696=VECTOR('',#2695,6.E0);
#2697=CARTESIAN_POINT('',(3.812560890745E1,-3.106685391441E1,
-1.626344403271E1));
#2698=LINE('',#2697,#2696);
#2699=DIRECTION('',(-1.E0,0.E0,0.E0));
#2700=VECTOR('',#2699,6.E0);
#2701=CARTESIAN_POINT('',(3.812560890745E1,-2.806685391441E1,
-1.626344403271E1));
#2702=LINE('',#2701,#2700);
#2703=CARTESIAN_POINT('',(3.212560890745E1,-2.956685391441E1,
-1.626344403271E1));
#2704=DIRECTION('',(-1.E0,0.E0,0.E0));
#2705=DIRECTION('',(0.E0,-1.E0,0.E0));
#2706=AXIS2_PLACEMENT_3D('',#2703,#2704,#2705);
#2708=CARTESIAN_POINT('',(3.212560890745E1,-2.956685391441E1,
-1.626344403271E1));
#2709=DIRECTION('',(-1.E0,0.E0,0.E0));
#2710=DIRECTION('',(0.E0,1.E0,0.E0));
#2711=AXIS2_PLACEMENT_3D('',#2708,#2709,#2710);
#2713=CARTESIAN_POINT('',(3.212560890745E1,-2.956686584899E1,
-1.626345596729E1));
#2714=DIRECTION('',(1.E0,0.E0,0.E0));
#2715=DIRECTION('',(0.E0,-1.E0,0.E0));
#2716=AXIS2_PLACEMENT_3D('',#2713,#2714,#2715);
#2718=CARTESIAN_POINT('',(3.112560890745E1,-2.956686584899E1,
-1.626345596729E1));
#2719=DIRECTION('',(1.E0,0.E0,0.E0));
#2720=DIRECTION('',(0.E0,-1.E0,0.E0));
#2721=AXIS2_PLACEMENT_3D('',#2718,#2719,#2720);
#2723=CARTESIAN_POINT('',(3.212560890745E1,-2.956686584899E1,
-1.626345596729E1));
#2724=DIRECTION('',(1.E0,0.E0,0.E0));
#2725=DIRECTION('',(0.E0,1.E0,0.E0));
#2726=AXIS2_PLACEMENT_3D('',#2723,#2724,#2725);
#2728=DIRECTION('',(9.999999999644E-1,-5.967290441121E-6,-5.967290743101E-6));
#2729=VECTOR('',#2728,1.000000000036E0);
#2730=CARTESIAN_POINT('',(3.112560890745E1,-2.831685988170E1,-1.626345E1));
#2731=LINE('',#2730,#2729);
#2732=CARTESIAN_POINT('',(3.112560890745E1,-2.956686584899E1,
-1.626345596729E1));
#2733=DIRECTION('',(-1.E0,0.E0,0.E0));
#2734=DIRECTION('',(0.E0,-1.E0,0.E0));
#2735=AXIS2_PLACEMENT_3D('',#2732,#2733,#2734);
#2737=DIRECTION('',(9.999999999644E-1,-5.967290430463E-6,-5.967290743101E-6));
#2738=VECTOR('',#2737,1.000000000036E0);
#2739=CARTESIAN_POINT('',(3.112560890745E1,-3.081685988170E1,-1.626345E1));
#2740=LINE('',#2739,#2738);
#2741=DIRECTION('',(5.150362684121E-1,-8.571683861432E-1,-4.091958846550E-6));
#2742=VECTOR('',#2741,1.458296861501E0);
#2743=CARTESIAN_POINT('',(3.037453313366E1,-2.956685391441E1,
-1.626344403271E1));
#2744=LINE('',#2743,#2742);
#2745=DIRECTION('',(5.150398814098E-1,8.571662152352E-1,-4.091987551786E-6));
#2746=VECTOR('',#2745,1.458286631568E0);
#2747=CARTESIAN_POINT('',(3.037453313366E1,-2.956685391441E1,
-1.626344403271E1));
#2748=LINE('',#2747,#2746);
#2749=DIRECTION('',(1.E0,0.E0,0.E0));
#2750=VECTOR('',#2749,1.5E0);
#2751=CARTESIAN_POINT('',(-4.237439109255E1,-1.330340988170E1,-1.9E1));
#2752=LINE('',#2751,#2750);
#2753=DIRECTION('',(-8.660254037844E-1,0.E0,-5.E-1));
#2754=VECTOR('',#2753,5.773502691896E-1);
#2755=CARTESIAN_POINT('',(-4.237439109255E1,-1.330340988170E1,1.9E1));
#2756=LINE('',#2755,#2754);
#2757=CARTESIAN_POINT('',(-4.237439109255E1,-1.330340988170E1,
5.002694812980E-14));
#2758=DIRECTION('',(-1.E0,0.E0,0.E0));
#2759=DIRECTION('',(0.E0,0.E0,-1.E0));
#2760=AXIS2_PLACEMENT_3D('',#2757,#2758,#2759);
#2762=DIRECTION('',(-8.660254037844E-1,0.E0,5.E-1));
#2763=VECTOR('',#2762,5.773502691896E-1);
#2764=CARTESIAN_POINT('',(-4.237439109255E1,-1.330340988170E1,-1.9E1));
#2765=LINE('',#2764,#2763);
#2766=CARTESIAN_POINT('',(-4.237439109255E1,-1.330340988170E1,
5.002694812980E-14));
#2767=DIRECTION('',(-1.E0,0.E0,0.E0));
#2768=DIRECTION('',(0.E0,0.E0,1.E0));
#2769=AXIS2_PLACEMENT_3D('',#2766,#2767,#2768);
#2771=CARTESIAN_POINT('',(-4.287439109255E1,-1.330340988170E1,
5.009884529137E-14));
#2772=DIRECTION('',(-1.E0,0.E0,0.E0));
#2773=DIRECTION('',(0.E0,0.E0,-1.E0));
#2774=AXIS2_PLACEMENT_3D('',#2771,#2772,#2773);
#2776=CARTESIAN_POINT('',(-4.287439109255E1,-1.330340988170E1,
5.009884529137E-14));
#2777=DIRECTION('',(-1.E0,0.E0,0.E0));
#2778=DIRECTION('',(0.E0,0.E0,1.E0));
#2779=AXIS2_PLACEMENT_3D('',#2776,#2777,#2778);
#2781=CARTESIAN_POINT('',(-4.287439109255E1,-1.330340988170E1,
5.009884529137E-14));
#2782=DIRECTION('',(1.E0,0.E0,0.E0));
#2783=DIRECTION('',(0.E0,0.E0,1.E0));
#2784=AXIS2_PLACEMENT_3D('',#2781,#2782,#2783);
#2786=CARTESIAN_POINT('',(-4.287439109255E1,-1.330340988170E1,
5.009884529137E-14));
#2787=DIRECTION('',(1.E0,0.E0,0.E0));
#2788=DIRECTION('',(0.E0,0.E0,-1.E0));
#2789=AXIS2_PLACEMENT_3D('',#2786,#2787,#2788);
#2791=CARTESIAN_POINT('',(-4.237439109255E1,-1.330340988170E1,
5.002694812980E-14));
#2792=DIRECTION('',(1.E0,0.E0,0.E0));
#2793=DIRECTION('',(0.E0,0.E0,1.E0));
#2794=AXIS2_PLACEMENT_3D('',#2791,#2792,#2793);
#2796=DIRECTION('',(8.660254037845E-1,0.E0,-5.E-1));
#2797=VECTOR('',#2796,5.773502691896E-1);
#2798=CARTESIAN_POINT('',(-4.287439109255E1,-1.330340988170E1,
1.788867513459E1));
#2799=LINE('',#2798,#2797);
#2800=DIRECTION('',(1.E0,0.E0,0.E0));
#2801=VECTOR('',#2800,1.7E0);
#2802=CARTESIAN_POINT('',(-4.237439109255E1,-1.330340988170E1,1.76E1));
#2803=LINE('',#2802,#2801);
#2804=CARTESIAN_POINT('',(-4.067439109255E1,-1.330340988170E1,
4.978249778048E-14));
#2805=DIRECTION('',(1.E0,0.E0,0.E0));
#2806=DIRECTION('',(0.E0,0.E0,-1.E0));
#2807=AXIS2_PLACEMENT_3D('',#2804,#2805,#2806);
#2809=CARTESIAN_POINT('',(-4.067439109255E1,-1.330340988170E1,
4.978249778048E-14));
#2810=DIRECTION('',(1.E0,0.E0,0.E0));
#2811=DIRECTION('',(0.E0,0.E0,1.E0));
#2812=AXIS2_PLACEMENT_3D('',#2809,#2810,#2811);
#2814=CARTESIAN_POINT('',(-4.067439109255E1,-1.330340988170E1,
4.978249778048E-14));
#2815=DIRECTION('',(-1.E0,0.E0,0.E0));
#2816=DIRECTION('',(0.E0,0.E0,1.E0));
#2817=AXIS2_PLACEMENT_3D('',#2814,#2815,#2816);
#2819=CARTESIAN_POINT('',(-4.067439109255E1,-1.330340988170E1,
4.978249778048E-14));
#2820=DIRECTION('',(-1.E0,0.E0,0.E0));
#2821=DIRECTION('',(0.E0,0.E0,-1.E0));
#2822=AXIS2_PLACEMENT_3D('',#2819,#2820,#2821);
#2824=CARTESIAN_POINT('',(-4.037439109255E1,-1.330340988170E1,
4.973935948354E-14));
#2825=DIRECTION('',(1.E0,0.E0,0.E0));
#2826=DIRECTION('',(0.E0,0.E0,-1.E0));
#2827=AXIS2_PLACEMENT_3D('',#2824,#2825,#2826);
#2829=DIRECTION('',(-1.E0,-1.184237892934E-14,5.921189464668E-14));
#2830=VECTOR('',#2829,3.E-1);
#2831=CARTESIAN_POINT('',(-4.037439109255E1,-1.330340988170E1,1.85E1));
#2832=LINE('',#2831,#2830);
#2833=CARTESIAN_POINT('',(-4.037439109255E1,-1.330340988170E1,
4.973935948354E-14));
#2834=DIRECTION('',(1.E0,0.E0,0.E0));
#2835=DIRECTION('',(0.E0,0.E0,1.E0));
#2836=AXIS2_PLACEMENT_3D('',#2833,#2834,#2835);
#2838=DIRECTION('',(-1.E0,0.E0,0.E0));
#2839=VECTOR('',#2838,3.E-1);
#2840=CARTESIAN_POINT('',(-4.037439109255E1,-1.330340988170E1,-1.85E1));
#2841=LINE('',#2840,#2839);
#2842=CARTESIAN_POINT('',(-4.037439109255E1,-1.330340988170E1,
1.825617439159E-14));
#2843=DIRECTION('',(1.E0,0.E0,0.E0));
#2844=DIRECTION('',(0.E0,0.E0,1.E0));
#2845=AXIS2_PLACEMENT_3D('',#2842,#2843,#2844);
#2847=DIRECTION('',(-1.E0,0.E0,0.E0));
#2848=VECTOR('',#2847,3.E0);
#2849=CARTESIAN_POINT('',(-4.037439109255E1,-1.330340988170E1,8.5E0));
#2850=LINE('',#2849,#2848);
#2851=CARTESIAN_POINT('',(-4.037439109255E1,-1.330340988170E1,
1.825617439159E-14));
#2852=DIRECTION('',(1.E0,0.E0,0.E0));
#2853=DIRECTION('',(0.E0,0.E0,-1.E0));
#2854=AXIS2_PLACEMENT_3D('',#2851,#2852,#2853);
#2856=DIRECTION('',(-1.E0,0.E0,0.E0));
#2857=VECTOR('',#2856,3.E0);
#2858=CARTESIAN_POINT('',(-4.037439109255E1,-1.330340988170E1,-8.5E0));
#2859=LINE('',#2858,#2857);
#2860=CARTESIAN_POINT('',(-4.387439109255E1,-1.330340988170E1,
1.808750214872E-14));
#2861=DIRECTION('',(1.E0,0.E0,0.E0));
#2862=DIRECTION('',(0.E0,0.E0,-1.E0));
#2863=AXIS2_PLACEMENT_3D('',#2860,#2861,#2862);
#2865=DIRECTION('',(-7.071067811865E-1,0.E0,7.071067811865E-1));
#2866=VECTOR('',#2865,7.071067811865E-1);
#2867=CARTESIAN_POINT('',(-4.337439109255E1,-1.330340988170E1,-8.5E0));
#2868=LINE('',#2867,#2866);
#2869=CARTESIAN_POINT('',(-4.337439109255E1,-1.330340988170E1,
1.811159818342E-14));
#2870=DIRECTION('',(-1.E0,0.E0,0.E0));
#2871=DIRECTION('',(0.E0,0.E0,1.E0));
#2872=AXIS2_PLACEMENT_3D('',#2869,#2870,#2871);
#2874=DIRECTION('',(1.E0,0.E0,0.E0));
#2875=VECTOR('',#2874,2.95E1);
#2876=CARTESIAN_POINT('',(-7.337439109255E1,-1.330340988170E1,8.E0));
#2877=LINE('',#2876,#2875);
#2878=DIRECTION('',(1.E0,0.E0,0.E0));
#2879=VECTOR('',#2878,2.95E1);
#2880=CARTESIAN_POINT('',(-7.337439109255E1,-1.330340988170E1,-8.E0));
#2881=LINE('',#2880,#2879);
#2882=DIRECTION('',(-7.071067811866E-1,0.E0,-7.071067811865E-1));
#2883=VECTOR('',#2882,7.071067811865E-1);
#2884=CARTESIAN_POINT('',(-7.337439109255E1,-1.330340988170E1,8.E0));
#2885=LINE('',#2884,#2883);
#2886=CARTESIAN_POINT('',(-7.337439109255E1,-1.330340988170E1,
1.666583610168E-14));
#2887=DIRECTION('',(-1.E0,0.E0,0.E0));
#2888=DIRECTION('',(0.E0,0.E0,-1.E0));
#2889=AXIS2_PLACEMENT_3D('',#2886,#2887,#2888);
#2891=DIRECTION('',(-7.071067811865E-1,0.E0,7.071067811865E-1));
#2892=VECTOR('',#2891,7.071067811865E-1);
#2893=CARTESIAN_POINT('',(-7.337439109255E1,-1.330340988170E1,-8.E0));
#2894=LINE('',#2893,#2892);
#2895=CARTESIAN_POINT('',(-7.337439109255E1,-1.330340988170E1,
1.666583610168E-14));
#2896=DIRECTION('',(-1.E0,0.E0,0.E0));
#2897=DIRECTION('',(0.E0,0.E0,1.E0));
#2898=AXIS2_PLACEMENT_3D('',#2895,#2896,#2897);
#2900=CARTESIAN_POINT('',(-7.387439109255E1,-1.330340988170E1,
1.664174006698E-14));
#2901=DIRECTION('',(-1.E0,0.E0,0.E0));
#2902=DIRECTION('',(0.E0,0.E0,-1.E0));
#2903=AXIS2_PLACEMENT_3D('',#2900,#2901,#2902);
#2905=CARTESIAN_POINT('',(-7.387439109255E1,-1.330340988170E1,
1.664174006698E-14));
#2906=DIRECTION('',(-1.E0,0.E0,0.E0));
#2907=DIRECTION('',(0.E0,0.E0,1.E0));
#2908=AXIS2_PLACEMENT_3D('',#2905,#2906,#2907);
#2910=CARTESIAN_POINT('',(-7.387439109255E1,-1.330340988170E1,
1.664174006698E-14));
#2911=DIRECTION('',(1.E0,0.E0,0.E0));
#2912=DIRECTION('',(0.E0,0.E0,-1.E0));
#2913=AXIS2_PLACEMENT_3D('',#2910,#2911,#2912);
#2915=CARTESIAN_POINT('',(-7.387439109255E1,-1.330340988170E1,
1.664174006698E-14));
#2916=DIRECTION('',(1.E0,0.E0,0.E0));
#2917=DIRECTION('',(0.E0,0.E0,1.E0));
#2918=AXIS2_PLACEMENT_3D('',#2915,#2916,#2917);
#2920=DIRECTION('',(8.660254037844E-1,0.E0,5.E-1));
#2921=VECTOR('',#2920,1.75E0);
#2922=CARTESIAN_POINT('',(-7.387439109255E1,-1.330340988170E1,-1.675E0));
#2923=LINE('',#2922,#2921);
#2924=CARTESIAN_POINT('',(-7.235884663593E1,-1.330340988170E1,
1.671477729060E-14));
#2925=DIRECTION('',(1.E0,0.E0,0.E0));
#2926=DIRECTION('',(0.E0,0.E0,-1.E0));
#2927=AXIS2_PLACEMENT_3D('',#2924,#2925,#2926);
#2929=CARTESIAN_POINT('',(-7.235884663593E1,-1.330340988170E1,
1.671477729060E-14));
#2930=DIRECTION('',(1.E0,0.E0,0.E0));
#2931=DIRECTION('',(0.E0,0.E0,1.E0));
#2932=AXIS2_PLACEMENT_3D('',#2929,#2930,#2931);
#2934=DIRECTION('',(8.660254037844E-1,0.E0,-5.E-1));
#2935=VECTOR('',#2934,1.75E0);
#2936=CARTESIAN_POINT('',(-7.387439109255E1,-1.330340988170E1,1.675E0));
#2937=LINE('',#2936,#2935);
#2938=DIRECTION('',(1.E0,0.E0,0.E0));
#2939=VECTOR('',#2938,1.384455543377E0);
#2940=CARTESIAN_POINT('',(-7.235884663593E1,-1.330340988170E1,8.E-1));
#2941=LINE('',#2940,#2939);
#2942=DIRECTION('',(5.150380749101E-1,0.E0,-8.571673007021E-1));
#2943=VECTOR('',#2942,9.333067177723E-1);
#2944=CARTESIAN_POINT('',(-7.097439109255E1,-1.330340988170E1,8.E-1));
#2945=LINE('',#2944,#2943);
#2946=CARTESIAN_POINT('',(-7.097439109255E1,-1.330340988170E1,
1.678149706822E-14));
#2947=DIRECTION('',(-1.E0,0.E0,0.E0));
#2948=DIRECTION('',(0.E0,0.E0,-1.E0));
#2949=AXIS2_PLACEMENT_3D('',#2946,#2947,#2948);
#2951=DIRECTION('',(5.150380749101E-1,0.E0,8.571673007021E-1));
#2952=VECTOR('',#2951,9.333067177723E-1);
#2953=CARTESIAN_POINT('',(-7.097439109255E1,-1.330340988170E1,-8.E-1));
#2954=LINE('',#2953,#2952);
#2955=CARTESIAN_POINT('',(-7.097439109255E1,-1.330340988170E1,
1.678149706822E-14));
#2956=DIRECTION('',(-1.E0,0.E0,0.E0));
#2957=DIRECTION('',(0.E0,0.E0,1.E0));
#2958=AXIS2_PLACEMENT_3D('',#2955,#2956,#2957);
#2960=DIRECTION('',(1.E0,0.E0,0.E0));
#2961=VECTOR('',#2960,1.384455543377E0);
#2962=CARTESIAN_POINT('',(-7.235884663593E1,-1.330340988170E1,-8.E-1));
#2963=LINE('',#2962,#2961);
#2964=DIRECTION('',(-7.071067811865E-1,0.E0,-7.071067811865E-1));
#2965=VECTOR('',#2964,7.071067811865E-1);
#2966=CARTESIAN_POINT('',(-4.337439109255E1,-1.330340988170E1,8.5E0));
#2967=LINE('',#2966,#2965);
#2968=CARTESIAN_POINT('',(-4.337439109255E1,-1.330340988170E1,
1.811159818342E-14));
#2969=DIRECTION('',(-1.E0,0.E0,0.E0));
#2970=DIRECTION('',(0.E0,0.E0,-1.E0));
#2971=AXIS2_PLACEMENT_3D('',#2968,#2969,#2970);
#2973=CARTESIAN_POINT('',(-4.387439109255E1,-1.330340988170E1,
1.808750214872E-14));
#2974=DIRECTION('',(1.E0,0.E0,0.E0));
#2975=DIRECTION('',(0.E0,0.E0,1.E0));
#2976=AXIS2_PLACEMENT_3D('',#2973,#2974,#2975);
#2978=DIRECTION('',(1.E0,0.E0,0.E0));
#2979=VECTOR('',#2978,1.7E0);
#2980=CARTESIAN_POINT('',(-4.237439109255E1,-1.330340988170E1,-1.76E1));
#2981=LINE('',#2980,#2979);
#2982=DIRECTION('',(8.660254037844E-1,0.E0,5.E-1));
#2983=VECTOR('',#2982,5.773502691896E-1);
#2984=CARTESIAN_POINT('',(-4.287439109255E1,-1.330340988170E1,
-1.788867513459E1));
#2985=LINE('',#2984,#2983);
#2986=CARTESIAN_POINT('',(-4.237439109255E1,-1.330340988170E1,
5.002694812980E-14));
#2987=DIRECTION('',(1.E0,0.E0,0.E0));
#2988=DIRECTION('',(0.E0,0.E0,-1.E0));
#2989=AXIS2_PLACEMENT_3D('',#2986,#2987,#2988);
#2991=DIRECTION('',(1.E0,0.E0,0.E0));
#2992=VECTOR('',#2991,6.E0);
#2993=CARTESIAN_POINT('',(-4.087439109255E1,4.460046085593E0,
-1.626345596729E1));
#2994=LINE('',#2993,#2992);
#2995=DIRECTION('',(1.E0,0.E0,0.E0));
#2996=VECTOR('',#2995,6.E0);
#2997=CARTESIAN_POINT('',(-4.087439109255E1,1.460046085593E0,
-1.626345596729E1));
#2998=LINE('',#2997,#2996);
#2999=CARTESIAN_POINT('',(-3.487439109255E1,2.960046085593E0,
-1.626345596729E1));
#3000=DIRECTION('',(1.E0,0.E0,0.E0));
#3001=DIRECTION('',(0.E0,1.E0,0.E0));
#3002=AXIS2_PLACEMENT_3D('',#2999,#3000,#3001);
#3004=CARTESIAN_POINT('',(-3.487439109255E1,2.960046085593E0,
-1.626345596729E1));
#3005=DIRECTION('',(1.E0,0.E0,0.E0));
#3006=DIRECTION('',(0.E0,-1.E0,0.E0));
#3007=AXIS2_PLACEMENT_3D('',#3004,#3005,#3006);
#3009=CARTESIAN_POINT('',(-3.487439109255E1,2.960046085593E0,
-1.626345596729E1));
#3010=DIRECTION('',(-1.E0,0.E0,0.E0));
#3011=DIRECTION('',(0.E0,1.E0,0.E0));
#3012=AXIS2_PLACEMENT_3D('',#3009,#3010,#3011);
#3014=CARTESIAN_POINT('',(-3.387439109255E1,2.960046085593E0,
-1.626345596729E1));
#3015=DIRECTION('',(-1.E0,0.E0,0.E0));
#3016=DIRECTION('',(0.E0,1.E0,0.E0));
#3017=AXIS2_PLACEMENT_3D('',#3014,#3015,#3016);
#3019=CARTESIAN_POINT('',(-3.487439109255E1,2.960046085593E0,
-1.626345596729E1));
#3020=DIRECTION('',(-1.E0,0.E0,0.E0));
#3021=DIRECTION('',(0.E0,-1.E0,0.E0));
#3022=AXIS2_PLACEMENT_3D('',#3019,#3020,#3021);
#3024=DIRECTION('',(-1.E0,0.E0,0.E0));
#3025=VECTOR('',#3024,1.E0);
#3026=CARTESIAN_POINT('',(-3.387439109255E1,1.710046085593E0,
-1.626345596729E1));
#3027=LINE('',#3026,#3025);
#3028=CARTESIAN_POINT('',(-3.387439109255E1,2.960046085593E0,
-1.626345596729E1));
#3029=DIRECTION('',(1.E0,0.E0,0.E0));
#3030=DIRECTION('',(0.E0,1.E0,0.E0));
#3031=AXIS2_PLACEMENT_3D('',#3028,#3029,#3030);
#3033=DIRECTION('',(-1.E0,0.E0,0.E0));
#3034=VECTOR('',#3033,1.E0);
#3035=CARTESIAN_POINT('',(-3.387439109255E1,4.210046085593E0,
-1.626345596729E1));
#3036=LINE('',#3035,#3034);
#3037=DIRECTION('',(-5.150380749101E-1,8.571673007021E-1,0.E0));
#3038=VECTOR('',#3037,1.458291746519E0);
#3039=CARTESIAN_POINT('',(-3.312331531877E1,2.960046085593E0,
-1.626345596729E1));
#3040=LINE('',#3039,#3038);
#3041=DIRECTION('',(-5.150380749101E-1,-8.571673007021E-1,0.E0));
#3042=VECTOR('',#3041,1.458291746519E0);
#3043=CARTESIAN_POINT('',(-3.312331531877E1,2.960046085593E0,
-1.626345596729E1));
#3044=LINE('',#3043,#3042);
#3045=DIRECTION('',(1.E0,0.E0,0.E0));
#3046=VECTOR('',#3045,6.E0);
#3047=CARTESIAN_POINT('',(-4.087439109255E1,4.460046085593E0,1.626344403271E1));
#3048=LINE('',#3047,#3046);
#3049=DIRECTION('',(1.E0,0.E0,0.E0));
#3050=VECTOR('',#3049,6.E0);
#3051=CARTESIAN_POINT('',(-4.087439109255E1,1.460046085593E0,1.626344403271E1));
#3052=LINE('',#3051,#3050);
#3053=CARTESIAN_POINT('',(-3.487439109255E1,2.960046085593E0,1.626344403271E1));
#3054=DIRECTION('',(1.E0,0.E0,0.E0));
#3055=DIRECTION('',(0.E0,1.E0,0.E0));
#3056=AXIS2_PLACEMENT_3D('',#3053,#3054,#3055);
#3058=CARTESIAN_POINT('',(-3.487439109255E1,2.960046085593E0,1.626344403271E1));
#3059=DIRECTION('',(1.E0,0.E0,0.E0));
#3060=DIRECTION('',(0.E0,-1.E0,0.E0));
#3061=AXIS2_PLACEMENT_3D('',#3058,#3059,#3060);
#3063=CARTESIAN_POINT('',(-3.487439109255E1,2.960046085593E0,1.626345596729E1));
#3064=DIRECTION('',(-1.E0,0.E0,0.E0));
#3065=DIRECTION('',(0.E0,1.E0,0.E0));
#3066=AXIS2_PLACEMENT_3D('',#3063,#3064,#3065);
#3068=CARTESIAN_POINT('',(-3.387439109255E1,2.960046085593E0,1.626345596729E1));
#3069=DIRECTION('',(-1.E0,0.E0,0.E0));
#3070=DIRECTION('',(0.E0,1.E0,0.E0));
#3071=AXIS2_PLACEMENT_3D('',#3068,#3069,#3070);
#3073=CARTESIAN_POINT('',(-3.487439109255E1,2.960046085593E0,1.626345596729E1));
#3074=DIRECTION('',(-1.E0,0.E0,0.E0));
#3075=DIRECTION('',(0.E0,-1.E0,0.E0));
#3076=AXIS2_PLACEMENT_3D('',#3073,#3074,#3075);
#3078=DIRECTION('',(-9.999999999822E-1,-9.059419880780E-14,5.967290590441E-6));
#3079=VECTOR('',#3078,1.000000000018E0);
#3080=CARTESIAN_POINT('',(-3.387439109255E1,1.710046085593E0,1.626345E1));
#3081=LINE('',#3080,#3079);
#3082=CARTESIAN_POINT('',(-3.387439109255E1,2.960046085593E0,1.626345596729E1));
#3083=DIRECTION('',(1.E0,0.E0,0.E0));
#3084=DIRECTION('',(0.E0,1.E0,0.E0));
#3085=AXIS2_PLACEMENT_3D('',#3082,#3083,#3084);
#3087=DIRECTION('',(-9.999999999822E-1,-9.059419880780E-14,5.967290590441E-6));
#3088=VECTOR('',#3087,1.000000000018E0);
#3089=CARTESIAN_POINT('',(-3.387439109255E1,4.210046085593E0,1.626345E1));
#3090=LINE('',#3089,#3088);
#3091=DIRECTION('',(-5.150380749058E-1,8.571673006949E-1,4.091973094370E-6));
#3092=VECTOR('',#3091,1.458291746531E0);
#3093=CARTESIAN_POINT('',(-3.312331531877E1,2.960046085593E0,1.626344403271E1));
#3094=LINE('',#3093,#3092);
#3095=DIRECTION('',(-5.150380749057E-1,-8.571673006950E-1,4.091973094369E-6));
#3096=VECTOR('',#3095,1.458291746531E0);
#3097=CARTESIAN_POINT('',(-3.312331531877E1,2.960046085593E0,1.626344403271E1));
#3098=LINE('',#3097,#3096);
#3099=DIRECTION('',(1.E0,0.E0,0.E0));
#3100=VECTOR('',#3099,6.E0);
#3101=CARTESIAN_POINT('',(-4.087439109255E1,-2.806685391441E1,
-1.626345596729E1));
#3102=LINE('',#3101,#3100);
#3103=DIRECTION('',(1.E0,0.E0,0.E0));
#3104=VECTOR('',#3103,6.E0);
#3105=CARTESIAN_POINT('',(-4.087439109255E1,-3.106685391441E1,
-1.626345596729E1));
#3106=LINE('',#3105,#3104);
#3107=CARTESIAN_POINT('',(-3.487439109255E1,-2.956685391441E1,
-1.626345596729E1));
#3108=DIRECTION('',(1.E0,0.E0,0.E0));
#3109=DIRECTION('',(0.E0,1.E0,0.E0));
#3110=AXIS2_PLACEMENT_3D('',#3107,#3108,#3109);
#3112=CARTESIAN_POINT('',(-3.487439109255E1,-2.956685391441E1,
-1.626345596729E1));
#3113=DIRECTION('',(1.E0,0.E0,0.E0));
#3114=DIRECTION('',(0.E0,-1.E0,0.E0));
#3115=AXIS2_PLACEMENT_3D('',#3112,#3113,#3114);
#3117=CARTESIAN_POINT('',(-3.487439109255E1,-2.956686584899E1,
-1.626345596729E1));
#3118=DIRECTION('',(-1.E0,0.E0,0.E0));
#3119=DIRECTION('',(0.E0,1.E0,0.E0));
#3120=AXIS2_PLACEMENT_3D('',#3117,#3118,#3119);
#3122=CARTESIAN_POINT('',(-3.387439109255E1,-2.956686584899E1,
-1.626345596729E1));
#3123=DIRECTION('',(-1.E0,0.E0,0.E0));
#3124=DIRECTION('',(0.E0,1.E0,0.E0));
#3125=AXIS2_PLACEMENT_3D('',#3122,#3123,#3124);
#3127=CARTESIAN_POINT('',(-3.487439109255E1,-2.956686584899E1,
-1.626345596729E1));
#3128=DIRECTION('',(-1.E0,0.E0,0.E0));
#3129=DIRECTION('',(0.E0,-1.E0,0.E0));
#3130=AXIS2_PLACEMENT_3D('',#3127,#3128,#3129);
#3132=DIRECTION('',(-9.999999999822E-1,-5.967290593994E-6,-8.526512828969E-14));
#3133=VECTOR('',#3132,1.000000000018E0);
#3134=CARTESIAN_POINT('',(-3.387439109255E1,-3.081685988170E1,
-1.626345596729E1));
#3135=LINE('',#3134,#3133);
#3136=CARTESIAN_POINT('',(-3.387439109255E1,-2.956686584899E1,
-1.626345596729E1));
#3137=DIRECTION('',(1.E0,0.E0,0.E0));
#3138=DIRECTION('',(0.E0,1.E0,0.E0));
#3139=AXIS2_PLACEMENT_3D('',#3136,#3137,#3138);
#3141=DIRECTION('',(-9.999999999822E-1,-5.967290590441E-6,-8.526512828969E-14));
#3142=VECTOR('',#3141,1.000000000018E0);
#3143=CARTESIAN_POINT('',(-3.387439109255E1,-2.831685988170E1,
-1.626345596729E1));
#3144=LINE('',#3143,#3142);
#3145=DIRECTION('',(-5.150398814141E-1,8.571662152424E-1,-5.846938897069E-14));
#3146=VECTOR('',#3145,1.458286631556E0);
#3147=CARTESIAN_POINT('',(-3.312331531877E1,-2.956685391441E1,
-1.626345596729E1));
#3148=LINE('',#3147,#3146);
#3149=DIRECTION('',(-5.150362684163E-1,-8.571683861504E-1,-5.846897880872E-14));
#3150=VECTOR('',#3149,1.458296861489E0);
#3151=CARTESIAN_POINT('',(-3.312331531877E1,-2.956685391441E1,
-1.626345596729E1));
#3152=LINE('',#3151,#3150);
#3153=DIRECTION('',(1.E0,0.E0,0.E0));
#3154=VECTOR('',#3153,6.E0);
#3155=CARTESIAN_POINT('',(-4.087439109255E1,-2.806685391441E1,
1.626344403271E1));
#3156=LINE('',#3155,#3154);
#3157=DIRECTION('',(1.E0,0.E0,0.E0));
#3158=VECTOR('',#3157,6.E0);
#3159=CARTESIAN_POINT('',(-4.087439109255E1,-3.106685391441E1,
1.626344403271E1));
#3160=LINE('',#3159,#3158);
#3161=CARTESIAN_POINT('',(-3.487439109255E1,-2.956685391441E1,
1.626344403271E1));
#3162=DIRECTION('',(1.E0,0.E0,0.E0));
#3163=DIRECTION('',(0.E0,1.E0,0.E0));
#3164=AXIS2_PLACEMENT_3D('',#3161,#3162,#3163);
#3166=CARTESIAN_POINT('',(-3.487439109255E1,-2.956685391441E1,
1.626344403271E1));
#3167=DIRECTION('',(1.E0,0.E0,0.E0));
#3168=DIRECTION('',(0.E0,-1.E0,0.E0));
#3169=AXIS2_PLACEMENT_3D('',#3166,#3167,#3168);
#3171=CARTESIAN_POINT('',(-3.487439109255E1,-2.956686584899E1,
1.626345596729E1));
#3172=DIRECTION('',(-1.E0,0.E0,0.E0));
#3173=DIRECTION('',(0.E0,1.E0,0.E0));
#3174=AXIS2_PLACEMENT_3D('',#3171,#3172,#3173);
#3176=CARTESIAN_POINT('',(-3.387439109255E1,-2.956686584899E1,
1.626345596729E1));
#3177=DIRECTION('',(-1.E0,0.E0,0.E0));
#3178=DIRECTION('',(0.E0,1.E0,0.E0));
#3179=AXIS2_PLACEMENT_3D('',#3176,#3177,#3178);
#3181=CARTESIAN_POINT('',(-3.487439109255E1,-2.956686584899E1,
1.626345596729E1));
#3182=DIRECTION('',(-1.E0,0.E0,0.E0));
#3183=DIRECTION('',(0.E0,-1.E0,0.E0));
#3184=AXIS2_PLACEMENT_3D('',#3181,#3182,#3183);
#3186=DIRECTION('',(-9.999999999644E-1,-5.967290675600E-6,5.967290505070E-6));
#3187=VECTOR('',#3186,1.000000000036E0);
#3188=CARTESIAN_POINT('',(-3.387439109255E1,-3.081685988170E1,1.626345E1));
#3189=LINE('',#3188,#3187);
#3190=CARTESIAN_POINT('',(-3.387439109255E1,-2.956686584899E1,
1.626345596729E1));
#3191=DIRECTION('',(1.E0,0.E0,0.E0));
#3192=DIRECTION('',(0.E0,1.E0,0.E0));
#3193=AXIS2_PLACEMENT_3D('',#3190,#3191,#3192);
#3195=DIRECTION('',(-9.999999999644E-1,-5.967290675600E-6,5.967290505070E-6));
#3196=VECTOR('',#3195,1.000000000036E0);
#3197=CARTESIAN_POINT('',(-3.387439109255E1,-2.831685988170E1,1.626345E1));
#3198=LINE('',#3197,#3196);
#3199=DIRECTION('',(-5.150398814099E-1,8.571662152352E-1,4.091987388560E-6));
#3200=VECTOR('',#3199,1.458286631568E0);
#3201=CARTESIAN_POINT('',(-3.312331531877E1,-2.956685391441E1,
1.626344403271E1));
#3202=LINE('',#3201,#3200);
#3203=DIRECTION('',(-5.150362684120E-1,-8.571683861433E-1,4.091958683323E-6));
#3204=VECTOR('',#3203,1.458296861501E0);
#3205=CARTESIAN_POINT('',(-3.312331531877E1,-2.956685391441E1,
1.626344403271E1));
#3206=LINE('',#3205,#3204);
#3207=CARTESIAN_POINT('',(3.762560890745E1,-3.380340988170E1,2.1E1));
#3208=CARTESIAN_POINT('',(-4.037439109255E1,-3.380340988170E1,2.1E1));
#3209=VERTEX_POINT('',#3207);
#3210=VERTEX_POINT('',#3208);
#3211=CARTESIAN_POINT('',(3.812560890745E1,-1.330340988170E1,1.9E1));
#3212=CARTESIAN_POINT('',(3.812560890745E1,-1.330340988170E1,-1.9E1));
#3213=VERTEX_POINT('',#3211);
#3214=VERTEX_POINT('',#3212);
#3215=CARTESIAN_POINT('',(-4.037439109255E1,-3.380340988170E1,-2.1E1));
#3216=CARTESIAN_POINT('',(3.762560890745E1,-3.380340988170E1,-2.1E1));
#3217=VERTEX_POINT('',#3215);
#3218=VERTEX_POINT('',#3216);
#3219=CARTESIAN_POINT('',(-4.287439109255E1,-1.330340988170E1,
-1.788867513459E1));
#3220=CARTESIAN_POINT('',(-4.287439109255E1,-1.330340988170E1,
1.788867513459E1));
#3221=VERTEX_POINT('',#3219);
#3222=VERTEX_POINT('',#3220);
#3223=CARTESIAN_POINT('',(4.012560890745E1,-1.330340988170E1,
-1.788867513459E1));
#3224=CARTESIAN_POINT('',(4.012560890745E1,-1.330340988170E1,1.788867513459E1));
#3225=VERTEX_POINT('',#3223);
#3226=VERTEX_POINT('',#3224);
#3227=CARTESIAN_POINT('',(-4.087439109255E1,-3.380340988170E1,2.05E1));
#3228=CARTESIAN_POINT('',(-4.037439109255E1,-3.430340988170E1,2.05E1));
#3229=VERTEX_POINT('',#3227);
#3230=VERTEX_POINT('',#3228);
#3231=CARTESIAN_POINT('',(3.762560890745E1,-3.430340988170E1,-2.05E1));
#3232=VERTEX_POINT('',#3231);
#3233=CARTESIAN_POINT('',(3.962560890745E1,-1.330340988170E1,1.76E1));
#3234=VERTEX_POINT('',#3233);
#3235=CARTESIAN_POINT('',(3.762560890745E1,-3.430340988170E1,2.05E1));
#3236=VERTEX_POINT('',#3235);
#3237=CARTESIAN_POINT('',(4.012560890745E1,-1.330340988170E1,
-1.871132486541E1));
#3238=CARTESIAN_POINT('',(4.012560890745E1,-1.330340988170E1,1.871132486541E1));
#3239=VERTEX_POINT('',#3237);
#3240=VERTEX_POINT('',#3238);
#3241=CARTESIAN_POINT('',(-4.037439109255E1,-3.430340988170E1,-2.05E1));
#3242=CARTESIAN_POINT('',(-4.087439109255E1,-3.380340988170E1,-2.05E1));
#3243=VERTEX_POINT('',#3241);
#3244=VERTEX_POINT('',#3242);
#3245=CARTESIAN_POINT('',(3.962560890745E1,-1.330340988170E1,-1.9E1));
#3246=VERTEX_POINT('',#3245);
#3247=CARTESIAN_POINT('',(3.962560890745E1,-1.330340988170E1,1.9E1));
#3248=VERTEX_POINT('',#3247);
#3249=CARTESIAN_POINT('',(-4.087439109255E1,-1.330340988170E1,1.9E1));
#3250=CARTESIAN_POINT('',(-4.087439109255E1,-1.330340988170E1,-1.9E1));
#3251=VERTEX_POINT('',#3249);
#3252=VERTEX_POINT('',#3250);
#3253=CARTESIAN_POINT('',(-4.237439109255E1,-1.330340988170E1,1.9E1));
#3254=CARTESIAN_POINT('',(-4.237439109255E1,-1.330340988170E1,-1.9E1));
#3255=VERTEX_POINT('',#3253);
#3256=VERTEX_POINT('',#3254);
#3257=CARTESIAN_POINT('',(-4.287439109255E1,-1.330340988170E1,
-1.871132486541E1));
#3258=CARTESIAN_POINT('',(-4.287439109255E1,-1.330340988170E1,
1.871132486541E1));
#3259=VERTEX_POINT('',#3257);
#3260=VERTEX_POINT('',#3258);
#3261=CARTESIAN_POINT('',(-4.067439109255E1,-1.330340988170E1,1.76E1));
#3262=CARTESIAN_POINT('',(-4.067439109255E1,-1.330340988170E1,-1.76E1));
#3263=VERTEX_POINT('',#3261);
#3264=VERTEX_POINT('',#3262);
#3265=CARTESIAN_POINT('',(-4.067439109255E1,-1.330340988170E1,1.85E1));
#3266=CARTESIAN_POINT('',(-4.067439109255E1,-1.330340988170E1,-1.85E1));
#3267=VERTEX_POINT('',#3265);
#3268=VERTEX_POINT('',#3266);
#3269=CARTESIAN_POINT('',(-4.237439109255E1,-1.330340988170E1,-1.76E1));
#3270=CARTESIAN_POINT('',(-4.237439109255E1,-1.330340988170E1,1.76E1));
#3271=VERTEX_POINT('',#3269);
#3272=VERTEX_POINT('',#3270);
#3273=CARTESIAN_POINT('',(3.812560890745E1,-3.380340988170E1,-2.05E1));
#3274=VERTEX_POINT('',#3273);
#3275=CARTESIAN_POINT('',(3.962560890745E1,-1.330340988170E1,-1.76E1));
#3276=VERTEX_POINT('',#3275);
#3277=CARTESIAN_POINT('',(3.812560890745E1,-3.380340988170E1,2.05E1));
#3278=VERTEX_POINT('',#3277);
#3279=CARTESIAN_POINT('',(-3.062493883910E1,2.422717850360E1,1.692134090669E1));
#3280=CARTESIAN_POINT('',(-3.062493883910E1,2.419659011830E1,1.692134090669E1));
#3281=VERTEX_POINT('',#3279);
#3282=VERTEX_POINT('',#3280);
#3283=VERTEX_POINT('',#379);
#3284=VERTEX_POINT('',#389);
#3285=CARTESIAN_POINT('',(-3.095305018586E1,2.422717850360E1,1.475054774655E1));
#3286=CARTESIAN_POINT('',(-3.095305018586E1,2.419659011830E1,1.475054774655E1));
#3287=VERTEX_POINT('',#3285);
#3288=VERTEX_POINT('',#3286);
#3289=CARTESIAN_POINT('',(-3.112473701919E1,2.438826805976E1,1.629667957510E1));
#3290=VERTEX_POINT('',#3289);
#3291=VERTEX_POINT('',#335);
#3292=VERTEX_POINT('',#362);
#3293=VERTEX_POINT('',#372);
#3294=CARTESIAN_POINT('',(-3.045325200578E1,2.419659011830E1,1.537520907814E1));
#3295=VERTEX_POINT('',#3294);
#3296=CARTESIAN_POINT('',(-3.329553017933E1,2.422717850360E1,1.662479092186E1));
#3297=CARTESIAN_POINT('',(-3.329553017933E1,2.419659011830E1,1.662479092186E1));
#3298=VERTEX_POINT('',#3296);
#3299=VERTEX_POINT('',#3297);
#3300=CARTESIAN_POINT('',(-3.279573199924E1,2.422717850360E1,1.724945225345E1));
#3301=CARTESIAN_POINT('',(-3.279573199924E1,2.419659011830E1,1.724945225345E1));
#3302=VERTEX_POINT('',#3300);
#3303=VERTEX_POINT('',#3301);
#3304=CARTESIAN_POINT('',(-3.045325200578E1,2.422717850360E1,1.537520907814E1));
#3305=VERTEX_POINT('',#3304);
#3306=CARTESIAN_POINT('',(-3.312384334601E1,2.422717850360E1,1.507865909331E1));
#3307=CARTESIAN_POINT('',(-3.312384334601E1,2.419659011830E1,1.507865909331E1));
#3308=VERTEX_POINT('',#3306);
#3309=VERTEX_POINT('',#3307);
#3310=CARTESIAN_POINT('',(-3.174939835078E1,2.438826805976E1,1.679647775518E1));
#3311=CARTESIAN_POINT('',(-3.124960017069E1,2.422717850360E1,1.742113908677E1));
#3312=VERTEX_POINT('',#3310);
#3313=VERTEX_POINT('',#3311);
#3314=CARTESIAN_POINT('',(-3.124960017069E1,2.419659011830E1,1.742113908677E1));
#3315=VERTEX_POINT('',#3314);
#3316=CARTESIAN_POINT('',(-3.217107066765E1,2.438826805976E1,1.674965407337E1));
#3317=VERTEX_POINT('',#3316);
#3318=CARTESIAN_POINT('',(-3.249918201442E1,2.422717850360E1,1.457886091323E1));
#3319=CARTESIAN_POINT('',(-3.249918201442E1,2.419659011830E1,1.457886091323E1));
#3320=VERTEX_POINT('',#3318);
#3321=VERTEX_POINT('',#3319);
#3322=CARTESIAN_POINT('',(-3.406070575312E1,2.369659011830E1,1.774929363029E1));
#3323=CARTESIAN_POINT('',(-2.968807643199E1,2.369659011830E1,1.425070636971E1));
#3324=VERTEX_POINT('',#3322);
#3325=VERTEX_POINT('',#3323);
#3326=CARTESIAN_POINT('',(3.063846924343E1,2.422717850360E1,-1.565178511835E1));
#3327=CARTESIAN_POINT('',(3.063846924343E1,2.419659011830E1,-1.565178511835E1));
#3328=VERTEX_POINT('',#3326);
#3329=VERTEX_POINT('',#3327);
#3330=CARTESIAN_POINT('',(2.761274857146E1,2.422717850360E1,-1.634821488165E1));
#3331=CARTESIAN_POINT('',(2.761274857146E1,2.419659011830E1,-1.634821488165E1));
#3332=VERTEX_POINT('',#3330);
#3333=VERTEX_POINT('',#3331);
#3334=VERTEX_POINT('',#696);
#3335=VERTEX_POINT('',#706);
#3336=CARTESIAN_POINT('',(2.764024128911E1,2.419659011830E1,-1.554868742716E1));
#3337=VERTEX_POINT('',#3336);
#3338=CARTESIAN_POINT('',(3.061097652578E1,2.419659011830E1,-1.645131257284E1));
#3339=VERTEX_POINT('',#3338);
#3340=CARTESIAN_POINT('',(2.957692148028E1,2.422717850360E1,-1.451463238166E1));
#3341=VERTEX_POINT('',#3340);
#3342=CARTESIAN_POINT('',(2.947382378909E1,2.419659011830E1,-1.751286033599E1));
#3343=CARTESIAN_POINT('',(2.867429633461E1,2.419659011830E1,-1.748536761834E1));
#3344=VERTEX_POINT('',#3342);
#3345=VERTEX_POINT('',#3343);
#3346=VERTEX_POINT('',#669);
#3347=VERTEX_POINT('',#679);
#3348=CARTESIAN_POINT('',(2.947382378909E1,2.422717850360E1,-1.751286033599E1));
#3349=VERTEX_POINT('',#3348);
#3350=CARTESIAN_POINT('',(2.877739402580E1,2.419659011830E1,-1.448713966401E1));
#3351=CARTESIAN_POINT('',(2.957692148028E1,2.419659011830E1,-1.451463238166E1));
#3352=VERTEX_POINT('',#3350);
#3353=VERTEX_POINT('',#3351);
#3354=VERTEX_POINT('',#735);
#3355=VERTEX_POINT('',#745);
#3356=CARTESIAN_POINT('',(2.877739402580E1,2.422717850360E1,-1.448713966401E1));
#3357=VERTEX_POINT('',#3356);
#3358=CARTESIAN_POINT('',(3.061097652578E1,2.422717850360E1,-1.645131257284E1));
#3359=VERTEX_POINT('',#3358);
#3360=CARTESIAN_POINT('',(2.867429633461E1,2.422717850360E1,-1.748536761834E1));
#3361=VERTEX_POINT('',#3360);
#3362=CARTESIAN_POINT('',(2.950131650674E1,2.438826805976E1,-1.671333288150E1));
#3363=VERTEX_POINT('',#3362);
#3364=CARTESIAN_POINT('',(2.764024128911E1,2.422717850360E1,-1.554868742716E1));
#3365=VERTEX_POINT('',#3364);
#3366=VERTEX_POINT('',#723);
#3367=CARTESIAN_POINT('',(2.902938439567E1,2.369659011830E1,-1.879834609070E1));
#3368=CARTESIAN_POINT('',(2.922183341922E1,2.369659011830E1,-1.320165390930E1));
#3369=VERTEX_POINT('',#3367);
#3370=VERTEX_POINT('',#3368);
#3371=VERTEX_POINT('',#1457);
#3372=VERTEX_POINT('',#1463);
#3373=CARTESIAN_POINT('',(-8.774391092554E0,2.869659011824E1,
-2.765863337188E0));
#3374=CARTESIAN_POINT('',(-8.774391092554E0,3.169659011830E1,
-2.765863337188E0));
#3375=VERTEX_POINT('',#3373);
#3376=VERTEX_POINT('',#3374);
#3377=CARTESIAN_POINT('',(1.355170210281E0,3.089659011830E1,-3.761364639364E0));
#3378=CARTESIAN_POINT('',(2.551702102811E-1,3.089659011830E1,
-3.761364639364E0));
#3379=VERTEX_POINT('',#3377);
#3380=VERTEX_POINT('',#3378);
#3381=CARTESIAN_POINT('',(9.298899560694E-1,3.089659011830E1,
-1.337267190357E0));
#3382=CARTESIAN_POINT('',(8.494748042446E-1,3.550357108088E1,
-1.337267190357E0));
#3383=VERTEX_POINT('',#3381);
#3384=VERTEX_POINT('',#3382);
#3385=CARTESIAN_POINT('',(-9.824391092554E0,2.864659011830E1,0.E0));
#3386=CARTESIAN_POINT('',(-9.774391092554E0,2.869659011830E1,0.E0));
#3387=VERTEX_POINT('',#3385);
#3388=VERTEX_POINT('',#3386);
#3389=CARTESIAN_POINT('',(1.339634858521E0,3.089659011830E1,1.490846500151E0));
#3390=CARTESIAN_POINT('',(1.420050010346E0,3.550357108088E1,1.490846500151E0));
#3391=VERTEX_POINT('',#3389);
#3392=VERTEX_POINT('',#3390);
#3393=CARTESIAN_POINT('',(-3.644862178212E0,3.589659011830E1,3.702303822052E0));
#3394=CARTESIAN_POINT('',(-4.044801256275E0,3.550357108088E1,3.702303822052E0));
#3395=VERTEX_POINT('',#3393);
#3396=VERTEX_POINT('',#3394);
#3397=CARTESIAN_POINT('',(-7.724391092554E0,3.679659011830E1,0.E0));
#3398=CARTESIAN_POINT('',(-7.424391092554E0,3.649659011830E1,0.E0));
#3399=VERTEX_POINT('',#3397);
#3400=VERTEX_POINT('',#3398);
#3401=CARTESIAN_POINT('',(3.102441859568E-1,3.589659011830E1,
-1.337267190357E0));
#3402=CARTESIAN_POINT('',(4.495357261820E-1,3.589659011830E1,
-1.337267190357E0));
#3403=VERTEX_POINT('',#3401);
#3404=VERTEX_POINT('',#3402);
#3405=CARTESIAN_POINT('',(-5.601151347586E0,3.589659011830E1,1.278206373045E0));
#3406=CARTESIAN_POINT('',(-6.001090425649E0,3.550357108088E1,1.278206373045E0));
#3407=VERTEX_POINT('',#3405);
#3408=VERTEX_POINT('',#3406);
#3409=CARTESIAN_POINT('',(-3.105631559924E0,3.550357108088E1,3.702303822052E0));
#3410=VERTEX_POINT('',#3409);
#3411=CARTESIAN_POINT('',(-3.985086381582E0,3.589659011830E1,
-3.718836613943E0));
#3412=CARTESIAN_POINT('',(-4.385025459644E0,3.550357108088E1,
-3.718836613943E0));
#3413=VERTEX_POINT('',#3411);
#3414=VERTEX_POINT('',#3412);
#3415=CARTESIAN_POINT('',(6.025608907446E0,3.169659011830E1,-2.765863337188E0));
#3416=VERTEX_POINT('',#3415);
#3417=CARTESIAN_POINT('',(2.439634858521E0,3.089659011830E1,1.490846500151E0));
#3418=VERTEX_POINT('',#3417);
#3419=CARTESIAN_POINT('',(7.075608907446E0,2.819659011830E1,-2.794190401530E0));
#3420=CARTESIAN_POINT('',(-9.824391092554E0,2.819659011830E1,
-2.794190401530E0));
#3421=VERTEX_POINT('',#3419);
#3422=VERTEX_POINT('',#3420);
#3423=CARTESIAN_POINT('',(-4.981505577473E0,3.089659011830E1,1.278206373045E0));
#3424=CARTESIAN_POINT('',(-6.081505577473E0,3.089659011830E1,1.278206373045E0));
#3425=VERTEX_POINT('',#3423);
#3426=VERTEX_POINT('',#3424);
#3427=CARTESIAN_POINT('',(-8.124391092554E0,3.219659011830E1,0.E0));
#3428=CARTESIAN_POINT('',(-8.124391092554E0,3.649659011830E1,0.E0));
#3429=VERTEX_POINT('',#3427);
#3430=VERTEX_POINT('',#3428);
#3431=CARTESIAN_POINT('',(-3.505570637987E0,3.589659011830E1,3.702303822052E0));
#3432=VERTEX_POINT('',#3431);
#3433=CARTESIAN_POINT('',(-1.858685110523E0,3.589659011830E1,
-3.633780563100E0));
#3434=CARTESIAN_POINT('',(-1.719393570298E0,3.589659011830E1,
-3.633780563100E0));
#3435=VERTEX_POINT('',#3433);
#3436=VERTEX_POINT('',#3434);
#3437=CARTESIAN_POINT('',(-2.258624188586E0,3.550357108088E1,
-3.633780563100E0));
#3438=VERTEX_POINT('',#3437);
#3439=CARTESIAN_POINT('',(2.359219706696E0,3.550357108088E1,1.490846500151E0));
#3440=VERTEX_POINT('',#3439);
#3441=CARTESIAN_POINT('',(-3.049469822316E0,3.589659011830E1,1.512110512861E0));
#3442=CARTESIAN_POINT('',(-3.449408900378E0,3.550357108088E1,1.512110512861E0));
#3443=VERTEX_POINT('',#3441);
#3444=VERTEX_POINT('',#3442);
#3445=CARTESIAN_POINT('',(-4.152209081761E0,3.089659011830E1,
-1.188419101383E0));
#3446=CARTESIAN_POINT('',(-5.252209081761E0,3.089659011830E1,
-1.188419101383E0));
#3447=VERTEX_POINT('',#3445);
#3448=VERTEX_POINT('',#3446);
#3449=CARTESIAN_POINT('',(2.840661698516E0,3.589659011830E1,-1.294739164936E0));
#3450=CARTESIAN_POINT('',(2.440722620454E0,3.550357108088E1,-1.294739164936E0));
#3451=VERTEX_POINT('',#3449);
#3452=VERTEX_POINT('',#3450);
#3453=CARTESIAN_POINT('',(1.819989088408E0,3.589659011830E1,1.490846500151E0));
#3454=VERTEX_POINT('',#3453);
#3455=CARTESIAN_POINT('',(2.360307468629E0,3.089659011830E1,-1.294739164936E0));
#3456=CARTESIAN_POINT('',(3.460307468629E0,3.089659011830E1,-1.294739164936E0));
#3457=VERTEX_POINT('',#3455);
#3458=VERTEX_POINT('',#3456);
#3459=CARTESIAN_POINT('',(-1.509742844698E0,3.089659011830E1,3.659775796631E0));
#3460=CARTESIAN_POINT('',(-4.097428446975E-1,3.089659011830E1,
3.659775796631E0));
#3461=VERTEX_POINT('',#3459);
#3462=VERTEX_POINT('',#3460);
#3463=CARTESIAN_POINT('',(4.675608907446E0,3.089659011830E1,0.E0));
#3464=CARTESIAN_POINT('',(-2.755566603600E-1,3.089659011830E1,-5.949375E0));
#3465=VERTEX_POINT('',#3463);
#3466=VERTEX_POINT('',#3464);
#3467=VERTEX_POINT('',#1042);
#3468=CARTESIAN_POINT('',(4.675608907446E0,3.649659011830E1,0.E0));
#3469=VERTEX_POINT('',#3468);
#3470=CARTESIAN_POINT('',(-1.319454492235E0,3.550357108088E1,
-3.633780563100E0));
#3471=VERTEX_POINT('',#3470);
#3472=CARTESIAN_POINT('',(5.075608907446E0,3.679659011830E1,0.E0));
#3473=CARTESIAN_POINT('',(-7.824391092554E0,3.679659011830E1,0.E0));
#3474=VERTEX_POINT('',#3472);
#3475=VERTEX_POINT('',#3473);
#3476=CARTESIAN_POINT('',(1.173990664848E0,3.589659011830E1,3.681039809341E0));
#3477=CARTESIAN_POINT('',(1.573929742911E0,3.550357108088E1,3.681039809341E0));
#3478=VERTEX_POINT('',#3476);
#3479=VERTEX_POINT('',#3477);
#3480=CARTESIAN_POINT('',(-5.061920729298E0,3.550357108088E1,1.278206373045E0));
#3481=VERTEX_POINT('',#3480);
#3482=CARTESIAN_POINT('',(-2.274391092554E0,3.669659011830E1,-6.E0));
#3483=VERTEX_POINT('',#3482);
#3484=CARTESIAN_POINT('',(-1.239039340410E0,3.089659011830E1,
-3.633780563100E0));
#3485=CARTESIAN_POINT('',(-2.339039340410E0,3.089659011830E1,
-3.633780563100E0));
#3486=VERTEX_POINT('',#3484);
#3487=VERTEX_POINT('',#3485);
#3488=CARTESIAN_POINT('',(-3.529824052203E0,3.089659011830E1,1.512110512861E0));
#3489=VERTEX_POINT('',#3488);
#3490=CARTESIAN_POINT('',(1.959280628634E0,3.589659011830E1,1.490846500151E0));
#3491=VERTEX_POINT('',#3490);
#3492=CARTESIAN_POINT('',(8.748159803938E-1,3.589659011830E1,
-3.761364639364E0));
#3493=CARTESIAN_POINT('',(1.274755058456E0,3.550357108088E1,-3.761364639364E0));
#3494=VERTEX_POINT('',#3492);
#3495=VERTEX_POINT('',#3493);
#3496=CARTESIAN_POINT('',(-4.743910925539E-1,3.669659011830E1,-6.E0));
#3497=CARTESIAN_POINT('',(-3.391197633384E-1,3.664390497666E1,-6.E0));
#3498=VERTEX_POINT('',#3496);
#3499=VERTEX_POINT('',#3497);
#3500=CARTESIAN_POINT('',(7.025608907446E0,2.869659011830E1,0.E0));
#3501=VERTEX_POINT('',#3500);
#3502=CARTESIAN_POINT('',(6.347600465603E-1,3.550357108088E1,3.681039809341E0));
#3503=VERTEX_POINT('',#3502);
#3504=CARTESIAN_POINT('',(6.025608907446E0,3.219659011830E1,0.E0));
#3505=CARTESIAN_POINT('',(-8.774391092554E0,3.219659011830E1,0.E0));
#3506=VERTEX_POINT('',#3504);
#3507=VERTEX_POINT('',#3505);
#3508=CARTESIAN_POINT('',(-2.510239204028E0,3.550357108088E1,1.512110512861E0));
#3509=VERTEX_POINT('',#3508);
#3510=CARTESIAN_POINT('',(-5.171793929936E0,3.550357108088E1,
-1.188419101383E0));
#3511=VERTEX_POINT('',#3510);
#3512=CARTESIAN_POINT('',(-2.429824052203E0,3.089659011830E1,1.512110512861E0));
#3513=VERTEX_POINT('',#3512);
#3514=CARTESIAN_POINT('',(-1.429327692873E0,3.550357108088E1,3.659775796631E0));
#3515=VERTEX_POINT('',#3514);
#3516=CARTESIAN_POINT('',(-2.473225524748E0,3.649659011830E1,-5.949375E0));
#3517=VERTEX_POINT('',#3516);
#3518=VERTEX_POINT('',#1159);
#3519=VERTEX_POINT('',#1055);
#3520=CARTESIAN_POINT('',(5.375608907446E0,3.219659011830E1,0.E0));
#3521=VERTEX_POINT('',#3520);
#3522=CARTESIAN_POINT('',(-4.232624233585E0,3.550357108088E1,
-1.188419101383E0));
#3523=VERTEX_POINT('',#3522);
#3524=CARTESIAN_POINT('',(-4.465440611469E0,3.089659011830E1,
-3.718836613943E0));
#3525=CARTESIAN_POINT('',(-3.365440611469E0,3.089659011830E1,
-3.718836613943E0));
#3526=VERTEX_POINT('',#3524);
#3527=VERTEX_POINT('',#3525);
#3528=CARTESIAN_POINT('',(2.979953238742E0,3.589659011830E1,-1.294739164936E0));
#3529=VERTEX_POINT('',#3528);
#3530=CARTESIAN_POINT('',(-1.374391092554E0,3.089659011830E1,-1.E0));
#3531=CARTESIAN_POINT('',(-1.374391092554E0,3.089659011830E1,1.E0));
#3532=VERTEX_POINT('',#3530);
#3533=VERTEX_POINT('',#3531);
#3534=CARTESIAN_POINT('',(-4.771854851873E0,3.589659011830E1,
-1.188419101383E0));
#3535=CARTESIAN_POINT('',(-4.632563311648E0,3.589659011830E1,
-1.188419101383E0));
#3536=VERTEX_POINT('',#3534);
#3537=VERTEX_POINT('',#3535);
#3538=VERTEX_POINT('',#1496);
#3539=CARTESIAN_POINT('',(-4.901579965223E-1,3.550357108088E1,
3.659775796631E0));
#3540=VERTEX_POINT('',#3539);
#3541=CARTESIAN_POINT('',(-2.910178282091E0,3.589659011830E1,1.512110512861E0));
#3542=VERTEX_POINT('',#3541);
#3543=CARTESIAN_POINT('',(5.375608907446E0,3.649659011830E1,0.E0));
#3544=VERTEX_POINT('',#3543);
#3545=CARTESIAN_POINT('',(-1.029388614810E0,3.589659011830E1,3.659775796631E0));
#3546=CARTESIAN_POINT('',(-8.900970745849E-1,3.589659011830E1,
3.659775796631E0));
#3547=VERTEX_POINT('',#3545);
#3548=VERTEX_POINT('',#3546);
#3549=CARTESIAN_POINT('',(4.975608907446E0,3.679659011830E1,0.E0));
#3550=VERTEX_POINT('',#3549);
#3551=CARTESIAN_POINT('',(6.025608907446E0,2.869659011824E1,-2.765863337188E0));
#3552=CARTESIAN_POINT('',(6.025608907446E0,2.869659011824E1,2.765863337188E0));
#3553=VERTEX_POINT('',#3551);
#3554=VERTEX_POINT('',#3552);
#3555=CARTESIAN_POINT('',(5.543448947355E-1,3.089659011830E1,3.681039809341E0));
#3556=VERTEX_POINT('',#3555);
#3557=CARTESIAN_POINT('',(-2.755566603600E-1,3.649659011830E1,-5.949375E0));
#3558=VERTEX_POINT('',#3557);
#3559=CARTESIAN_POINT('',(1.654344894735E0,3.089659011830E1,3.681039809341E0));
#3560=VERTEX_POINT('',#3559);
#3561=CARTESIAN_POINT('',(3.355853621059E-1,3.550357108088E1,
-3.761364639364E0));
#3562=VERTEX_POINT('',#3561);
#3563=CARTESIAN_POINT('',(7.355244401685E-1,3.589659011830E1,
-3.761364639364E0));
#3564=VERTEX_POINT('',#3563);
#3565=CARTESIAN_POINT('',(-3.845794841356E0,3.589659011830E1,
-3.718836613943E0));
#3566=VERTEX_POINT('',#3565);
#3567=CARTESIAN_POINT('',(-7.424391092554E0,3.089659011830E1,0.E0));
#3568=VERTEX_POINT('',#3567);
#3569=CARTESIAN_POINT('',(-4.125216408100E0,3.089659011830E1,3.702303822052E0));
#3570=CARTESIAN_POINT('',(-3.025216408100E0,3.089659011830E1,3.702303822052E0));
#3571=VERTEX_POINT('',#3569);
#3572=VERTEX_POINT('',#3570);
#3573=CARTESIAN_POINT('',(-1.701100439306E-1,3.089659011830E1,
-1.337267190357E0));
#3574=VERTEX_POINT('',#3573);
#3575=CARTESIAN_POINT('',(-3.445855763294E0,3.550357108088E1,
-3.718836613943E0));
#3576=VERTEX_POINT('',#3575);
#3577=CARTESIAN_POINT('',(-5.461859807361E0,3.589659011830E1,1.278206373045E0));
#3578=VERTEX_POINT('',#3577);
#3579=CARTESIAN_POINT('',(-8.774391092554E0,2.869659011830E1,2.765863337188E0));
#3580=VERTEX_POINT('',#3579);
#3581=CARTESIAN_POINT('',(-1.374391092554E0,3.127855612955E1,0.E0));
#3582=VERTEX_POINT('',#3581);
#3583=VERTEX_POINT('',#1182);
#3584=CARTESIAN_POINT('',(3.379892316804E0,3.550357108088E1,-1.294739164936E0));
#3585=VERTEX_POINT('',#3584);
#3586=CARTESIAN_POINT('',(-8.969489210579E-2,3.550357108088E1,
-1.337267190357E0));
#3587=VERTEX_POINT('',#3586);
#3588=CARTESIAN_POINT('',(1.034699124623E0,3.589659011830E1,3.681039809341E0));
#3589=VERTEX_POINT('',#3588);
#3590=CARTESIAN_POINT('',(-2.473225524748E0,3.089659011830E1,-5.949375E0));
#3591=VERTEX_POINT('',#3590);
#3592=VERTEX_POINT('',#1076);
#3593=CARTESIAN_POINT('',(-3.743910925539E-1,3.089659011830E1,0.E0));
#3594=VERTEX_POINT('',#3593);
#3595=CARTESIAN_POINT('',(-4.062439109255E1,2.344659011830E1,-2.075E1));
#3596=CARTESIAN_POINT('',(-4.037439109255E1,2.369659011830E1,-2.05E1));
#3597=VERTEX_POINT('',#3595);
#3598=VERTEX_POINT('',#3596);
#3599=CARTESIAN_POINT('',(-2.774391092554E0,2.369659011830E1,
-8.890444308357E0));
#3600=CARTESIAN_POINT('',(-2.774391092554E0,2.369659011830E1,-1.E1));
#3601=VERTEX_POINT('',#3599);
#3602=VERTEX_POINT('',#3600);
#3603=CARTESIAN_POINT('',(-4.037439109255E1,2.369659011830E1,2.05E1));
#3604=CARTESIAN_POINT('',(-4.062439109255E1,2.344659011830E1,2.075E1));
#3605=VERTEX_POINT('',#3603);
#3606=VERTEX_POINT('',#3604);
#3607=CARTESIAN_POINT('',(-4.037439109255E1,2.319659011830E1,-2.1E1));
#3608=VERTEX_POINT('',#3607);
#3609=CARTESIAN_POINT('',(2.560890744606E-2,2.369659011830E1,-1.E1));
#3610=VERTEX_POINT('',#3609);
#3611=CARTESIAN_POINT('',(3.812560890745E1,1.569659011830E1,-2.5E0));
#3612=CARTESIAN_POINT('',(3.812560890745E1,1.819659011830E1,0.E0));
#3613=VERTEX_POINT('',#3611);
#3614=VERTEX_POINT('',#3612);
#3615=CARTESIAN_POINT('',(2.912560890745E1,2.369659011830E1,-1.285E1));
#3616=CARTESIAN_POINT('',(2.912560890745E1,2.369659011830E1,-1.915E1));
#3617=VERTEX_POINT('',#3615);
#3618=VERTEX_POINT('',#3616);
#3619=CARTESIAN_POINT('',(3.787560890745E1,2.344659011830E1,-2.075E1));
#3620=CARTESIAN_POINT('',(3.762560890745E1,2.369659011830E1,-2.05E1));
#3621=VERTEX_POINT('',#3619);
#3622=VERTEX_POINT('',#3620);
#3623=CARTESIAN_POINT('',(-3.187439109255E1,2.369659011830E1,1.285E1));
#3624=CARTESIAN_POINT('',(-3.187439109255E1,2.369659011830E1,1.915E1));
#3625=VERTEX_POINT('',#3623);
#3626=VERTEX_POINT('',#3624);
#3627=CARTESIAN_POINT('',(3.762560890745E1,2.369659011830E1,2.05E1));
#3628=VERTEX_POINT('',#3627);
#3629=CARTESIAN_POINT('',(3.762560890745E1,2.319659011830E1,-2.1E1));
#3630=VERTEX_POINT('',#3629);
#3631=CARTESIAN_POINT('',(-4.087439109255E1,2.319659011830E1,-2.05E1));
#3632=CARTESIAN_POINT('',(-4.087439109255E1,2.319659011830E1,2.05E1));
#3633=VERTEX_POINT('',#3631);
#3634=VERTEX_POINT('',#3632);
#3635=CARTESIAN_POINT('',(3.762560890745E1,2.319659011830E1,2.1E1));
#3636=CARTESIAN_POINT('',(3.787560890745E1,2.344659011830E1,2.075E1));
#3637=VERTEX_POINT('',#3635);
#3638=VERTEX_POINT('',#3636);
#3639=CARTESIAN_POINT('',(3.812560890745E1,2.319659011830E1,-2.05E1));
#3640=VERTEX_POINT('',#3639);
#3641=CARTESIAN_POINT('',(-4.037439109255E1,2.319659011830E1,2.1E1));
#3642=VERTEX_POINT('',#3641);
#3643=CARTESIAN_POINT('',(2.560890744606E-2,2.369659011830E1,
-8.890444308357E0));
#3644=VERTEX_POINT('',#3643);
#3645=CARTESIAN_POINT('',(3.812560890745E1,2.319659011830E1,2.05E1));
#3646=VERTEX_POINT('',#3645);
#3647=CARTESIAN_POINT('',(-3.187439109255E1,2.334659011830E1,1.32E1));
#3648=CARTESIAN_POINT('',(-3.406070575312E1,2.334659011830E1,1.774929363029E1));
#3649=VERTEX_POINT('',#3647);
#3650=VERTEX_POINT('',#3648);
#3651=CARTESIAN_POINT('',(-2.968807643199E1,2.334659011830E1,1.425070636971E1));
#3652=VERTEX_POINT('',#3651);
#3653=CARTESIAN_POINT('',(-3.187439109255E1,2.334659011830E1,1.88E1));
#3654=VERTEX_POINT('',#3653);
#3655=CARTESIAN_POINT('',(2.902938439567E1,2.334659011830E1,-1.879834609070E1));
#3656=CARTESIAN_POINT('',(2.912560890745E1,2.334659011830E1,-1.32E1));
#3657=VERTEX_POINT('',#3655);
#3658=VERTEX_POINT('',#3656);
#3659=CARTESIAN_POINT('',(2.922183341922E1,2.334659011830E1,-1.320165390930E1));
#3660=VERTEX_POINT('',#3659);
#3661=CARTESIAN_POINT('',(2.912560890745E1,2.334659011830E1,-1.88E1));
#3662=VERTEX_POINT('',#3661);
#3663=CARTESIAN_POINT('',(-7.337439109255E1,-1.330340988170E1,-8.E0));
#3664=CARTESIAN_POINT('',(-7.387439109255E1,-1.330340988170E1,-7.5E0));
#3665=VERTEX_POINT('',#3663);
#3666=VERTEX_POINT('',#3664);
#3667=CARTESIAN_POINT('',(6.961006445082E1,-1.330340988170E1,-8.E-1));
#3668=CARTESIAN_POINT('',(6.822560890745E1,-1.330340988170E1,-8.E-1));
#3669=VERTEX_POINT('',#3667);
#3670=VERTEX_POINT('',#3668);
#3671=CARTESIAN_POINT('',(-4.337439109255E1,-1.330340988170E1,-8.5E0));
#3672=CARTESIAN_POINT('',(-4.337439109255E1,-1.330340988170E1,8.5E0));
#3673=VERTEX_POINT('',#3671);
#3674=VERTEX_POINT('',#3672);
#3675=CARTESIAN_POINT('',(-4.387439109255E1,-1.330340988170E1,8.E0));
#3676=VERTEX_POINT('',#3675);
#3677=CARTESIAN_POINT('',(-7.387439109255E1,-1.330340988170E1,-1.675E0));
#3678=CARTESIAN_POINT('',(-7.235884663593E1,-1.330340988170E1,-8.E-1));
#3679=VERTEX_POINT('',#3677);
#3680=VERTEX_POINT('',#3678);
#3681=CARTESIAN_POINT('',(-4.387439109255E1,-1.330340988170E1,-8.E0));
#3682=VERTEX_POINT('',#3681);
#3683=CARTESIAN_POINT('',(7.112560890745E1,-1.330340988170E1,-7.5E0));
#3684=CARTESIAN_POINT('',(7.112560890745E1,-1.330340988170E1,7.5E0));
#3685=VERTEX_POINT('',#3683);
#3686=VERTEX_POINT('',#3684);
#3687=CARTESIAN_POINT('',(6.961006445082E1,-1.330340988170E1,8.E-1));
#3688=CARTESIAN_POINT('',(6.822560890745E1,-1.330340988170E1,8.E-1));
#3689=VERTEX_POINT('',#3687);
#3690=VERTEX_POINT('',#3688);
#3691=CARTESIAN_POINT('',(6.774492041222E1,-1.330340988170E1,
2.342570581959E-14));
#3692=VERTEX_POINT('',#3691);
#3693=CARTESIAN_POINT('',(-7.097439109255E1,-1.330340988170E1,8.E-1));
#3694=CARTESIAN_POINT('',(-7.097439109255E1,-1.330340988170E1,-8.E-1));
#3695=VERTEX_POINT('',#3693);
#3696=VERTEX_POINT('',#3694);
#3697=CARTESIAN_POINT('',(-7.387439109255E1,-1.330340988170E1,7.5E0));
#3698=VERTEX_POINT('',#3697);
#3699=CARTESIAN_POINT('',(7.062560890745E1,-1.330340988170E1,8.E0));
#3700=CARTESIAN_POINT('',(7.062560890745E1,-1.330340988170E1,-8.E0));
#3701=VERTEX_POINT('',#3699);
#3702=VERTEX_POINT('',#3700);
#3703=CARTESIAN_POINT('',(4.062560890745E1,-1.330340988170E1,-8.5E0));
#3704=CARTESIAN_POINT('',(4.062560890745E1,-1.330340988170E1,8.5E0));
#3705=VERTEX_POINT('',#3703);
#3706=VERTEX_POINT('',#3704);
#3707=CARTESIAN_POINT('',(-7.049370259733E1,-1.330340988170E1,
1.676436767184E-14));
#3708=VERTEX_POINT('',#3707);
#3709=CARTESIAN_POINT('',(7.112560890745E1,-1.330340988170E1,1.675E0));
#3710=VERTEX_POINT('',#3709);
#3711=CARTESIAN_POINT('',(4.112560890745E1,-1.330340988170E1,8.E0));
#3712=CARTESIAN_POINT('',(4.112560890745E1,-1.330340988170E1,-8.E0));
#3713=VERTEX_POINT('',#3711);
#3714=VERTEX_POINT('',#3712);
#3715=CARTESIAN_POINT('',(-7.337439109255E1,-1.330340988170E1,8.E0));
#3716=VERTEX_POINT('',#3715);
#3717=CARTESIAN_POINT('',(-7.387439109255E1,-1.330340988170E1,1.675E0));
#3718=VERTEX_POINT('',#3717);
#3719=CARTESIAN_POINT('',(-7.235884663593E1,-1.330340988170E1,8.E-1));
#3720=VERTEX_POINT('',#3719);
#3721=CARTESIAN_POINT('',(7.112560890745E1,-1.330340988170E1,-1.675E0));
#3722=VERTEX_POINT('',#3721);
#3723=CARTESIAN_POINT('',(-4.037439109255E1,-1.330340988170E1,-1.85E1));
#3724=CARTESIAN_POINT('',(-4.037439109255E1,-1.330340988170E1,1.85E1));
#3725=VERTEX_POINT('',#3723);
#3726=VERTEX_POINT('',#3724);
#3727=CARTESIAN_POINT('',(3.712560890745E1,-1.330340988170E1,1.76E1));
#3728=CARTESIAN_POINT('',(3.712560890745E1,-1.330340988170E1,-1.76E1));
#3729=VERTEX_POINT('',#3727);
#3730=VERTEX_POINT('',#3728);
#3731=CARTESIAN_POINT('',(-3.199938383433E1,2.319659011830E1,1.520352224482E1));
#3732=CARTESIAN_POINT('',(-3.157771151745E1,2.319659011830E1,1.525034592663E1));
#3733=VERTEX_POINT('',#3731);
#3734=VERTEX_POINT('',#3732);
#3735=CARTESIAN_POINT('',(-3.161029843796E1,2.319659011830E1,1.697032860184E1));
#3736=CARTESIAN_POINT('',(-3.174939835078E1,2.319659011830E1,1.679647775518E1));
#3737=VERTEX_POINT('',#3735);
#3738=VERTEX_POINT('',#3736);
#3739=CARTESIAN_POINT('',(-3.090406249071E1,2.319659011830E1,1.573590734540E1));
#3740=CARTESIAN_POINT('',(-3.107791333737E1,2.319659011830E1,1.587500725822E1));
#3741=VERTEX_POINT('',#3739);
#3742=VERTEX_POINT('',#3740);
#3743=CARTESIAN_POINT('',(-3.234492151431E1,2.319659011830E1,1.688875398619E1));
#3744=CARTESIAN_POINT('',(-3.284471969440E1,2.319659011830E1,1.626409265460E1));
#3745=VERTEX_POINT('',#3743);
#3746=VERTEX_POINT('',#3744);
#3747=CARTESIAN_POINT('',(-3.217107066765E1,2.319659011830E1,1.674965407337E1));
#3748=VERTEX_POINT('',#3747);
#3749=CARTESIAN_POINT('',(-3.267086884774E1,2.319659011830E1,1.612499274178E1));
#3750=VERTEX_POINT('',#3749);
#3751=CARTESIAN_POINT('',(-3.098563710637E1,2.319659011830E1,1.647053042176E1));
#3752=CARTESIAN_POINT('',(-3.112473701919E1,2.319659011830E1,1.629667957510E1));
#3753=VERTEX_POINT('',#3751);
#3754=VERTEX_POINT('',#3752);
#3755=CARTESIAN_POINT('',(-3.262404516592E1,2.319659011830E1,1.570332042490E1));
#3756=VERTEX_POINT('',#3755);
#3757=CARTESIAN_POINT('',(-3.213848374715E1,2.319659011830E1,1.502967139816E1));
#3758=VERTEX_POINT('',#3757);
#3759=CARTESIAN_POINT('',(-3.276314507874E1,2.319659011830E1,1.552946957824E1));
#3760=VERTEX_POINT('',#3759);
#3761=CARTESIAN_POINT('',(-3.140386067080E1,2.319659011830E1,1.511124601381E1));
#3762=VERTEX_POINT('',#3761);
#3763=CARTESIAN_POINT('',(2.821725052795E1,2.319659011830E1,-1.556852858708E1));
#3764=CARTESIAN_POINT('',(2.843976874360E1,2.319659011830E1,-1.557618014481E1));
#3765=VERTEX_POINT('',#3763);
#3766=VERTEX_POINT('',#3764);
#3767=CARTESIAN_POINT('',(2.950131650674E1,2.319659011830E1,-1.671333288150E1));
#3768=CARTESIAN_POINT('',(2.981144907130E1,2.319659011830E1,-1.642381985519E1));
#3769=VERTEX_POINT('',#3767);
#3770=VERTEX_POINT('',#3768);
#3771=CARTESIAN_POINT('',(2.818975781030E1,2.319659011830E1,-1.636805604157E1));
#3772=VERTEX_POINT('',#3771);
#3773=CARTESIAN_POINT('',(3.003396728694E1,2.319659011830E1,-1.643147141292E1));
#3774=VERTEX_POINT('',#3773);
#3775=CARTESIAN_POINT('',(2.841227602595E1,2.319659011830E1,-1.637570759930E1));
#3776=CARTESIAN_POINT('',(2.870178905226E1,2.319659011830E1,-1.668584016385E1));
#3777=VERTEX_POINT('',#3775);
#3778=VERTEX_POINT('',#3776);
#3779=CARTESIAN_POINT('',(2.875755286588E1,2.319659011830E1,-1.506414890285E1));
#3780=CARTESIAN_POINT('',(2.955708032036E1,2.319659011830E1,-1.509164162050E1));
#3781=VERTEX_POINT('',#3779);
#3782=VERTEX_POINT('',#3780);
#3783=CARTESIAN_POINT('',(2.954942876263E1,2.319659011830E1,-1.531415983615E1));
#3784=VERTEX_POINT('',#3783);
#3785=CARTESIAN_POINT('',(2.874990130815E1,2.319659011830E1,-1.528666711850E1));
#3786=VERTEX_POINT('',#3785);
#3787=CARTESIAN_POINT('',(2.869413749453E1,2.319659011830E1,-1.690835837950E1));
#3788=CARTESIAN_POINT('',(2.949366494901E1,2.319659011830E1,-1.693585109715E1));
#3789=VERTEX_POINT('',#3787);
#3790=VERTEX_POINT('',#3788);
#3791=CARTESIAN_POINT('',(2.983894178895E1,2.319659011830E1,-1.562429240070E1));
#3792=VERTEX_POINT('',#3791);
#3793=CARTESIAN_POINT('',(3.006146000459E1,2.319659011830E1,-1.563194395843E1));
#3794=VERTEX_POINT('',#3793);
#3795=CARTESIAN_POINT('',(-9.824391092554E0,2.319659011830E1,
-2.794190401530E0));
#3796=CARTESIAN_POINT('',(7.075608907446E0,2.319659011830E1,-2.794190401530E0));
#3797=VERTEX_POINT('',#3795);
#3798=VERTEX_POINT('',#3796);
#3799=CARTESIAN_POINT('',(7.075608907446E0,2.319659011830E1,2.794190401530E0));
#3800=VERTEX_POINT('',#3799);
#3801=CARTESIAN_POINT('',(-9.824391092554E0,2.319659011830E1,2.794190401530E0));
#3802=VERTEX_POINT('',#3801);
#3803=CARTESIAN_POINT('',(-2.774391092554E0,2.319659011830E1,
-8.890444308357E0));
#3804=CARTESIAN_POINT('',(2.560890744606E-2,2.319659011830E1,
-8.890444308357E0));
#3805=VERTEX_POINT('',#3803);
#3806=VERTEX_POINT('',#3804);
#3807=CARTESIAN_POINT('',(2.560890744606E-2,2.319659011830E1,-1.E1));
#3808=CARTESIAN_POINT('',(-2.774391092554E0,2.319659011830E1,-1.E1));
#3809=VERTEX_POINT('',#3807);
#3810=VERTEX_POINT('',#3808);
#3811=CARTESIAN_POINT('',(3.712560890745E1,-1.330340988170E1,-8.5E0));
#3812=CARTESIAN_POINT('',(3.712560890745E1,-1.330340988170E1,8.5E0));
#3813=VERTEX_POINT('',#3811);
#3814=VERTEX_POINT('',#3812);
#3815=CARTESIAN_POINT('',(-4.037439109255E1,-1.330340988170E1,8.5E0));
#3816=CARTESIAN_POINT('',(-4.037439109255E1,-1.330340988170E1,-8.5E0));
#3817=VERTEX_POINT('',#3815);
#3818=VERTEX_POINT('',#3816);
#3819=CARTESIAN_POINT('',(3.037453313366E1,2.960046085592E0,1.626345596729E1));
#3820=CARTESIAN_POINT('',(3.112560890745E1,1.710046085592E0,1.626345596729E1));
#3821=VERTEX_POINT('',#3819);
#3822=VERTEX_POINT('',#3820);
#3823=CARTESIAN_POINT('',(3.112560890745E1,4.210046085592E0,1.626345596729E1));
#3824=VERTEX_POINT('',#3823);
#3825=CARTESIAN_POINT('',(3.037453313366E1,2.960046085592E0,-1.626344403271E1));
#3826=CARTESIAN_POINT('',(3.112560890745E1,1.710046085593E0,-1.626345E1));
#3827=VERTEX_POINT('',#3825);
#3828=VERTEX_POINT('',#3826);
#3829=CARTESIAN_POINT('',(3.112560890745E1,4.210046085593E0,-1.626345E1));
#3830=VERTEX_POINT('',#3829);
#3831=CARTESIAN_POINT('',(3.037453313366E1,-2.956685391441E1,1.626345596729E1));
#3832=CARTESIAN_POINT('',(3.112560890745E1,-3.081685988170E1,1.626345596729E1));
#3833=VERTEX_POINT('',#3831);
#3834=VERTEX_POINT('',#3832);
#3835=CARTESIAN_POINT('',(3.112560890745E1,-2.831685988170E1,1.626345596729E1));
#3836=VERTEX_POINT('',#3835);
#3837=CARTESIAN_POINT('',(3.037453313366E1,-2.956685391441E1,
-1.626344403271E1));
#3838=CARTESIAN_POINT('',(3.112560890745E1,-3.081685988170E1,-1.626345E1));
#3839=VERTEX_POINT('',#3837);
#3840=VERTEX_POINT('',#3838);
#3841=CARTESIAN_POINT('',(3.112560890745E1,-2.831685988170E1,-1.626345E1));
#3842=VERTEX_POINT('',#3841);
#3843=CARTESIAN_POINT('',(3.212560890745E1,1.460046085592E0,1.626345596729E1));
#3844=CARTESIAN_POINT('',(3.212560890745E1,4.460046085592E0,1.626345596729E1));
#3845=VERTEX_POINT('',#3843);
#3846=VERTEX_POINT('',#3844);
#3847=CARTESIAN_POINT('',(3.212560890745E1,1.710046085592E0,1.626345596729E1));
#3848=CARTESIAN_POINT('',(3.212560890745E1,4.210046085592E0,1.626345596729E1));
#3849=VERTEX_POINT('',#3847);
#3850=VERTEX_POINT('',#3848);
#3851=CARTESIAN_POINT('',(3.812560890745E1,1.460046085592E0,1.626345596729E1));
#3852=CARTESIAN_POINT('',(3.812560890745E1,4.460046085592E0,1.626345596729E1));
#3853=VERTEX_POINT('',#3851);
#3854=VERTEX_POINT('',#3852);
#3855=CARTESIAN_POINT('',(3.212560890745E1,1.460046085592E0,-1.626344403271E1));
#3856=CARTESIAN_POINT('',(3.212560890745E1,4.460046085592E0,-1.626344403271E1));
#3857=VERTEX_POINT('',#3855);
#3858=VERTEX_POINT('',#3856);
#3859=CARTESIAN_POINT('',(3.212560890745E1,1.710046085593E0,-1.626345596729E1));
#3860=CARTESIAN_POINT('',(3.212560890745E1,4.210046085593E0,-1.626345596729E1));
#3861=VERTEX_POINT('',#3859);
#3862=VERTEX_POINT('',#3860);
#3863=CARTESIAN_POINT('',(3.812560890745E1,1.460046085592E0,-1.626344403271E1));
#3864=CARTESIAN_POINT('',(3.812560890745E1,4.460046085592E0,-1.626344403271E1));
#3865=VERTEX_POINT('',#3863);
#3866=VERTEX_POINT('',#3864);
#3867=CARTESIAN_POINT('',(3.212560890745E1,-3.106685391441E1,1.626345596729E1));
#3868=CARTESIAN_POINT('',(3.212560890745E1,-2.806685391441E1,1.626345596729E1));
#3869=VERTEX_POINT('',#3867);
#3870=VERTEX_POINT('',#3868);
#3871=CARTESIAN_POINT('',(3.212560890745E1,-3.081686584899E1,1.626345596729E1));
#3872=CARTESIAN_POINT('',(3.212560890745E1,-2.831686584899E1,1.626345596729E1));
#3873=VERTEX_POINT('',#3871);
#3874=VERTEX_POINT('',#3872);
#3875=CARTESIAN_POINT('',(3.812560890745E1,-3.106685391441E1,1.626345596729E1));
#3876=CARTESIAN_POINT('',(3.812560890745E1,-2.806685391441E1,1.626345596729E1));
#3877=VERTEX_POINT('',#3875);
#3878=VERTEX_POINT('',#3876);
#3879=CARTESIAN_POINT('',(3.212560890745E1,-3.106685391441E1,
-1.626344403271E1));
#3880=CARTESIAN_POINT('',(3.212560890745E1,-2.806685391441E1,
-1.626344403271E1));
#3881=VERTEX_POINT('',#3879);
#3882=VERTEX_POINT('',#3880);
#3883=CARTESIAN_POINT('',(3.212560890745E1,-3.081686584899E1,
-1.626345596729E1));
#3884=CARTESIAN_POINT('',(3.212560890745E1,-2.831686584899E1,
-1.626345596729E1));
#3885=VERTEX_POINT('',#3883);
#3886=VERTEX_POINT('',#3884);
#3887=CARTESIAN_POINT('',(3.812560890745E1,-3.106685391441E1,
-1.626344403271E1));
#3888=CARTESIAN_POINT('',(3.812560890745E1,-2.806685391441E1,
-1.626344403271E1));
#3889=VERTEX_POINT('',#3887);
#3890=VERTEX_POINT('',#3888);
#3891=CARTESIAN_POINT('',(-3.312331531877E1,2.960046085593E0,
-1.626345596729E1));
#3892=CARTESIAN_POINT('',(-3.387439109255E1,4.210046085593E0,
-1.626345596729E1));
#3893=VERTEX_POINT('',#3891);
#3894=VERTEX_POINT('',#3892);
#3895=CARTESIAN_POINT('',(-3.387439109255E1,1.710046085593E0,
-1.626345596729E1));
#3896=VERTEX_POINT('',#3895);
#3897=CARTESIAN_POINT('',(-3.312331531877E1,2.960046085593E0,1.626344403271E1));
#3898=CARTESIAN_POINT('',(-3.387439109255E1,4.210046085593E0,1.626345E1));
#3899=VERTEX_POINT('',#3897);
#3900=VERTEX_POINT('',#3898);
#3901=CARTESIAN_POINT('',(-3.387439109255E1,1.710046085593E0,1.626345E1));
#3902=VERTEX_POINT('',#3901);
#3903=CARTESIAN_POINT('',(-3.312331531877E1,-2.956685391441E1,
-1.626345596729E1));
#3904=CARTESIAN_POINT('',(-3.387439109255E1,-2.831685988170E1,
-1.626345596729E1));
#3905=VERTEX_POINT('',#3903);
#3906=VERTEX_POINT('',#3904);
#3907=CARTESIAN_POINT('',(-3.387439109255E1,-3.081685988170E1,
-1.626345596729E1));
#3908=VERTEX_POINT('',#3907);
#3909=CARTESIAN_POINT('',(-3.312331531877E1,-2.956685391441E1,
1.626344403271E1));
#3910=CARTESIAN_POINT('',(-3.387439109255E1,-2.831685988170E1,1.626345E1));
#3911=VERTEX_POINT('',#3909);
#3912=VERTEX_POINT('',#3910);
#3913=CARTESIAN_POINT('',(-3.387439109255E1,-3.081685988170E1,1.626345E1));
#3914=VERTEX_POINT('',#3913);
#3915=CARTESIAN_POINT('',(-3.487439109255E1,4.460046085593E0,
-1.626345596729E1));
#3916=CARTESIAN_POINT('',(-3.487439109255E1,1.460046085593E0,
-1.626345596729E1));
#3917=VERTEX_POINT('',#3915);
#3918=VERTEX_POINT('',#3916);
#3919=CARTESIAN_POINT('',(-4.087439109255E1,4.460046085593E0,
-1.626345596729E1));
#3920=CARTESIAN_POINT('',(-4.087439109255E1,1.460046085593E0,
-1.626345596729E1));
#3921=VERTEX_POINT('',#3919);
#3922=VERTEX_POINT('',#3920);
#3923=CARTESIAN_POINT('',(-3.487439109255E1,4.210046085593E0,
-1.626345596729E1));
#3924=CARTESIAN_POINT('',(-3.487439109255E1,1.710046085593E0,
-1.626345596729E1));
#3925=VERTEX_POINT('',#3923);
#3926=VERTEX_POINT('',#3924);
#3927=CARTESIAN_POINT('',(-3.487439109255E1,4.460046085593E0,1.626344403271E1));
#3928=CARTESIAN_POINT('',(-3.487439109255E1,1.460046085593E0,1.626344403271E1));
#3929=VERTEX_POINT('',#3927);
#3930=VERTEX_POINT('',#3928);
#3931=CARTESIAN_POINT('',(-4.087439109255E1,4.460046085593E0,1.626344403271E1));
#3932=CARTESIAN_POINT('',(-4.087439109255E1,1.460046085593E0,1.626344403271E1));
#3933=VERTEX_POINT('',#3931);
#3934=VERTEX_POINT('',#3932);
#3935=CARTESIAN_POINT('',(-3.487439109255E1,4.210046085593E0,1.626345596729E1));
#3936=CARTESIAN_POINT('',(-3.487439109255E1,1.710046085593E0,1.626345596729E1));
#3937=VERTEX_POINT('',#3935);
#3938=VERTEX_POINT('',#3936);
#3939=CARTESIAN_POINT('',(-3.487439109255E1,-2.806685391441E1,
-1.626345596729E1));
#3940=CARTESIAN_POINT('',(-3.487439109255E1,-3.106685391441E1,
-1.626345596729E1));
#3941=VERTEX_POINT('',#3939);
#3942=VERTEX_POINT('',#3940);
#3943=CARTESIAN_POINT('',(-4.087439109255E1,-2.806685391441E1,
-1.626345596729E1));
#3944=CARTESIAN_POINT('',(-4.087439109255E1,-3.106685391441E1,
-1.626345596729E1));
#3945=VERTEX_POINT('',#3943);
#3946=VERTEX_POINT('',#3944);
#3947=CARTESIAN_POINT('',(-3.487439109255E1,-2.831686584899E1,
-1.626345596729E1));
#3948=CARTESIAN_POINT('',(-3.487439109255E1,-3.081686584899E1,
-1.626345596729E1));
#3949=VERTEX_POINT('',#3947);
#3950=VERTEX_POINT('',#3948);
#3951=CARTESIAN_POINT('',(-3.487439109255E1,-2.806685391441E1,
1.626344403271E1));
#3952=CARTESIAN_POINT('',(-3.487439109255E1,-3.106685391441E1,
1.626344403271E1));
#3953=VERTEX_POINT('',#3951);
#3954=VERTEX_POINT('',#3952);
#3955=CARTESIAN_POINT('',(-4.087439109255E1,-2.806685391441E1,
1.626344403271E1));
#3956=CARTESIAN_POINT('',(-4.087439109255E1,-3.106685391441E1,
1.626344403271E1));
#3957=VERTEX_POINT('',#3955);
#3958=VERTEX_POINT('',#3956);
#3959=CARTESIAN_POINT('',(-3.487439109255E1,-2.831686584899E1,
1.626345596729E1));
#3960=CARTESIAN_POINT('',(-3.487439109255E1,-3.081686584899E1,
1.626345596729E1));
#3961=VERTEX_POINT('',#3959);
#3962=VERTEX_POINT('',#3960);
#3963=CARTESIAN_POINT('',(-3.137439109255E1,-2.655233410791E1,-1.6E1));
#3964=CARTESIAN_POINT('',(-3.262439109255E1,-2.730340988170E1,-1.6E1));
#3965=VERTEX_POINT('',#3963);
#3966=VERTEX_POINT('',#3964);
#3967=CARTESIAN_POINT('',(-3.012439109255E1,-2.730340988170E1,-1.6E1));
#3968=VERTEX_POINT('',#3967);
#3969=CARTESIAN_POINT('',(-3.137439109255E1,-2.655233410791E1,1.6E1));
#3970=CARTESIAN_POINT('',(-3.262439109255E1,-2.730340988170E1,1.6E1));
#3971=VERTEX_POINT('',#3969);
#3972=VERTEX_POINT('',#3970);
#3973=CARTESIAN_POINT('',(-3.012439109255E1,-2.730340988170E1,1.6E1));
#3974=VERTEX_POINT('',#3973);
#3975=CARTESIAN_POINT('',(2.862560890745E1,-2.655233410791E1,-1.6E1));
#3976=CARTESIAN_POINT('',(2.737560890745E1,-2.730340988170E1,-1.6E1));
#3977=VERTEX_POINT('',#3975);
#3978=VERTEX_POINT('',#3976);
#3979=CARTESIAN_POINT('',(2.987560890745E1,-2.730340988170E1,-1.6E1));
#3980=VERTEX_POINT('',#3979);
#3981=CARTESIAN_POINT('',(2.862560890745E1,-2.655233410791E1,1.6E1));
#3982=CARTESIAN_POINT('',(2.737560890745E1,-2.730340988170E1,1.6E1));
#3983=VERTEX_POINT('',#3981);
#3984=VERTEX_POINT('',#3982);
#3985=CARTESIAN_POINT('',(2.987560890745E1,-2.730340988170E1,1.6E1));
#3986=VERTEX_POINT('',#3985);
#3987=CARTESIAN_POINT('',(-3.287439109255E1,-2.830340988170E1,-1.6E1));
#3988=CARTESIAN_POINT('',(-2.987439109255E1,-2.830340988170E1,-1.6E1));
#3989=VERTEX_POINT('',#3987);
#3990=VERTEX_POINT('',#3988);
#3991=CARTESIAN_POINT('',(-3.262439109255E1,-2.830340988170E1,-1.6E1));
#3992=CARTESIAN_POINT('',(-3.012439109255E1,-2.830340988170E1,-1.6E1));
#3993=VERTEX_POINT('',#3991);
#3994=VERTEX_POINT('',#3992);
#3995=CARTESIAN_POINT('',(-3.287439109255E1,-3.430340988170E1,-1.6E1));
#3996=CARTESIAN_POINT('',(-2.987439109255E1,-3.430340988170E1,-1.6E1));
#3997=VERTEX_POINT('',#3995);
#3998=VERTEX_POINT('',#3996);
#3999=CARTESIAN_POINT('',(-3.287439109255E1,-2.830340988170E1,1.6E1));
#4000=CARTESIAN_POINT('',(-2.987439109255E1,-2.830340988170E1,1.6E1));
#4001=VERTEX_POINT('',#3999);
#4002=VERTEX_POINT('',#4000);
#4003=CARTESIAN_POINT('',(-3.287439109255E1,-3.430340988170E1,1.6E1));
#4004=CARTESIAN_POINT('',(-2.987439109255E1,-3.430340988170E1,1.6E1));
#4005=VERTEX_POINT('',#4003);
#4006=VERTEX_POINT('',#4004);
#4007=CARTESIAN_POINT('',(-3.262439109255E1,-2.830340988170E1,1.6E1));
#4008=CARTESIAN_POINT('',(-3.012439109255E1,-2.830340988170E1,1.6E1));
#4009=VERTEX_POINT('',#4007);
#4010=VERTEX_POINT('',#4008);
#4011=CARTESIAN_POINT('',(2.712560890745E1,-2.830340988170E1,-1.6E1));
#4012=CARTESIAN_POINT('',(3.012560890745E1,-2.830340988170E1,-1.6E1));
#4013=VERTEX_POINT('',#4011);
#4014=VERTEX_POINT('',#4012);
#4015=CARTESIAN_POINT('',(2.737560890745E1,-2.830340988170E1,-1.6E1));
#4016=CARTESIAN_POINT('',(2.987560890745E1,-2.830340988170E1,-1.6E1));
#4017=VERTEX_POINT('',#4015);
#4018=VERTEX_POINT('',#4016);
#4019=CARTESIAN_POINT('',(2.712560890745E1,-3.430340988170E1,-1.6E1));
#4020=CARTESIAN_POINT('',(3.012560890745E1,-3.430340988170E1,-1.6E1));
#4021=VERTEX_POINT('',#4019);
#4022=VERTEX_POINT('',#4020);
#4023=CARTESIAN_POINT('',(2.712560890745E1,-2.830340988170E1,1.6E1));
#4024=CARTESIAN_POINT('',(3.012560890745E1,-2.830340988170E1,1.6E1));
#4025=VERTEX_POINT('',#4023);
#4026=VERTEX_POINT('',#4024);
#4027=CARTESIAN_POINT('',(2.737560890745E1,-2.830340988170E1,1.6E1));
#4028=CARTESIAN_POINT('',(2.987560890745E1,-2.830340988170E1,1.6E1));
#4029=VERTEX_POINT('',#4027);
#4030=VERTEX_POINT('',#4028);
#4031=CARTESIAN_POINT('',(2.712560890745E1,-3.430340988170E1,1.6E1));
#4032=CARTESIAN_POINT('',(3.012560890745E1,-3.430340988170E1,1.6E1));
#4033=VERTEX_POINT('',#4031);
#4034=VERTEX_POINT('',#4032);
#4035=CARTESIAN_POINT('',(-4.084439109255E1,-1.449642975275E1,
1.896250784014E1));
#4036=CARTESIAN_POINT('',(-4.240439109255E1,-1.449642975275E1,
1.896250784014E1));
#4037=CARTESIAN_POINT('',(-4.084439109255E1,-6.752007960607E0,
1.944974556026E1));
#4038=CARTESIAN_POINT('',(-4.240439109255E1,-6.752007960607E0,
1.944974556026E1));
#4039=CARTESIAN_POINT('',(-4.084439109255E1,1.219832480081E0,1.632226737284E1));
#4040=CARTESIAN_POINT('',(-4.240439109255E1,1.219832480081E0,1.632226737284E1));
#4041=CARTESIAN_POINT('',(-4.084439109255E1,7.450061929749E0,9.462263968594E0));
#4042=CARTESIAN_POINT('',(-4.240439109255E1,7.450061929749E0,9.462263968594E0));
#4043=CARTESIAN_POINT('',(-4.084439109255E1,9.894778602059E0,
-2.451805973537E-3));
#4044=CARTESIAN_POINT('',(-4.240439109255E1,9.894778602059E0,
-2.451805973537E-3));
#4045=CARTESIAN_POINT('',(-4.084439109255E1,7.450061929749E0,
-9.459199211127E0));
#4046=CARTESIAN_POINT('',(-4.240439109255E1,7.450061929749E0,
-9.459199211127E0));
#4047=CARTESIAN_POINT('',(-4.084439109255E1,1.219832480081E0,
-1.632226737284E1));
#4048=CARTESIAN_POINT('',(-4.240439109255E1,1.219832480081E0,
-1.632226737284E1));
#4049=CARTESIAN_POINT('',(-4.084439109255E1,-6.752007960607E0,
-1.944974556026E1));
#4050=CARTESIAN_POINT('',(-4.240439109255E1,-6.752007960607E0,
-1.944974556026E1));
#4051=CARTESIAN_POINT('',(-4.084439109255E1,-1.449642975275E1,
-1.896250784014E1));
#4052=CARTESIAN_POINT('',(-4.240439109255E1,-1.449642975275E1,
-1.896250784014E1));
#4053=B_SPLINE_SURFACE_WITH_KNOTS('',8,1,((#4035,#4036),(#4037,#4038),(#4039,
#4040),(#4041,#4042),(#4043,#4044),(#4045,#4046),(#4047,#4048),(#4049,#4050),(
#4051,#4052)),.UNSPECIFIED.,.F.,.F.,.F.,(9,9),(2,2),(-6.283185307180E-2,
3.204424506662E0),(-3.E-2,1.53E0),.UNSPECIFIED.);
#4055=ORIENTED_EDGE('',*,*,#4054,.T.);
#4057=ORIENTED_EDGE('',*,*,#4056,.F.);
#4059=ORIENTED_EDGE('',*,*,#4058,.T.);
#4061=ORIENTED_EDGE('',*,*,#4060,.T.);
#4062=EDGE_LOOP('',(#4055,#4057,#4059,#4061));
#4063=FACE_OUTER_BOUND('',#4062,.F.);
#4065=CARTESIAN_POINT('',(-4.087439109255E1,-3.494340988170E1,-2.132E1));
#4066=CARTESIAN_POINT('',(-4.087439109255E1,2.433659011830E1,-2.132E1));
#4067=CARTESIAN_POINT('',(-4.087439109255E1,-3.494340988170E1,2.132E1));
#4068=CARTESIAN_POINT('',(-4.087439109255E1,2.433659011830E1,2.132E1));
#4069=B_SPLINE_SURFACE_WITH_KNOTS('',1,1,((#4065,#4066),(#4067,#4068)),
.UNSPECIFIED.,.F.,.F.,.F.,(2,2),(2,2),(-2.132E1,2.132E1),(-2.164E1,3.764E1),
.UNSPECIFIED.);
#4071=ORIENTED_EDGE('',*,*,#4070,.F.);
#4073=ORIENTED_EDGE('',*,*,#4072,.T.);
#4075=ORIENTED_EDGE('',*,*,#4074,.T.);
#4077=ORIENTED_EDGE('',*,*,#4076,.T.);
#4078=EDGE_LOOP('',(#4071,#4073,#4075,#4077));
#4079=FACE_OUTER_BOUND('',#4078,.F.);
#4080=ORIENTED_EDGE('',*,*,#4054,.F.);
#4082=ORIENTED_EDGE('',*,*,#4081,.F.);
#4083=EDGE_LOOP('',(#4080,#4082));
#4084=FACE_BOUND('',#4083,.F.);
#4086=ORIENTED_EDGE('',*,*,#4085,.F.);
#4088=ORIENTED_EDGE('',*,*,#4087,.F.);
#4089=EDGE_LOOP('',(#4086,#4088));
#4090=FACE_BOUND('',#4089,.F.);
#4092=ORIENTED_EDGE('',*,*,#4091,.F.);
#4094=ORIENTED_EDGE('',*,*,#4093,.F.);
#4095=EDGE_LOOP('',(#4092,#4094));
#4096=FACE_BOUND('',#4095,.F.);
#4098=ORIENTED_EDGE('',*,*,#4097,.F.);
#4100=ORIENTED_EDGE('',*,*,#4099,.F.);
#4101=EDGE_LOOP('',(#4098,#4100));
#4102=FACE_BOUND('',#4101,.F.);
#4104=ORIENTED_EDGE('',*,*,#4103,.F.);
#4106=ORIENTED_EDGE('',*,*,#4105,.F.);
#4107=EDGE_LOOP('',(#4104,#4106));
#4108=FACE_BOUND('',#4107,.F.);
#4110=CARTESIAN_POINT('',(-4.035550739668E1,-3.494840988170E1,
-2.101888369587E1));
#4111=CARTESIAN_POINT('',(-4.035550739668E1,2.459159011830E1,
-2.101888369587E1));
#4112=CARTESIAN_POINT('',(-4.089327478842E1,-3.494840988170E1,
-2.048111630413E1));
#4113=CARTESIAN_POINT('',(-4.089327478842E1,2.459159011830E1,
-2.048111630413E1));
#4114=B_SPLINE_SURFACE_WITH_KNOTS('',1,1,((#4110,#4111),(#4112,#4113)),
.UNSPECIFIED.,.F.,.F.,.F.,(2,2),(2,2),(-7.338123599930E-1,2.670557880642E-2),(
-2.1645E1,3.7895E1),.UNSPECIFIED.);
#4116=ORIENTED_EDGE('',*,*,#4115,.F.);
#4118=ORIENTED_EDGE('',*,*,#4117,.T.);
#4120=ORIENTED_EDGE('',*,*,#4119,.T.);
#4121=ORIENTED_EDGE('',*,*,#4070,.T.);
#4123=ORIENTED_EDGE('',*,*,#4122,.T.);
#4124=EDGE_LOOP('',(#4116,#4118,#4120,#4121,#4123));
#4125=FACE_OUTER_BOUND('',#4124,.F.);
#4127=CARTESIAN_POINT('',(3.918560890745E1,-3.494340988170E1,-2.1E1));
#4128=CARTESIAN_POINT('',(-4.193439109255E1,-3.494340988170E1,-2.1E1));
#4129=CARTESIAN_POINT('',(3.918560890745E1,2.433659011830E1,-2.1E1));
#4130=CARTESIAN_POINT('',(-4.193439109255E1,2.433659011830E1,-2.1E1));
#4131=B_SPLINE_SURFACE_WITH_KNOTS('',1,1,((#4127,#4128),(#4129,#4130)),
.UNSPECIFIED.,.F.,.F.,.F.,(2,2),(2,2),(-4.264E1,1.664E1),(-8.206E1,-9.4E-1),
.UNSPECIFIED.);
#4133=ORIENTED_EDGE('',*,*,#4132,.T.);
#4135=ORIENTED_EDGE('',*,*,#4134,.T.);
#4136=ORIENTED_EDGE('',*,*,#4115,.T.);
#4138=ORIENTED_EDGE('',*,*,#4137,.T.);
#4139=EDGE_LOOP('',(#4133,#4135,#4136,#4138));
#4140=FACE_OUTER_BOUND('',#4139,.F.);
#4142=CARTESIAN_POINT('',(3.814449260332E1,-3.494840988170E1,
-2.048111630413E1));
#4143=CARTESIAN_POINT('',(3.814449260332E1,2.459159011830E1,-2.048111630413E1));
#4144=CARTESIAN_POINT('',(3.760672521158E1,-3.494840988170E1,
-2.101888369587E1));
#4145=CARTESIAN_POINT('',(3.760672521158E1,2.459159011830E1,-2.101888369587E1));
#4146=B_SPLINE_SURFACE_WITH_KNOTS('',1,1,((#4142,#4143),(#4144,#4145)),
.UNSPECIFIED.,.F.,.F.,.F.,(2,2),(2,2),(-2.670557880640E-2,7.338123599930E-1),(
-2.1645E1,3.7895E1),.UNSPECIFIED.);
#4148=ORIENTED_EDGE('',*,*,#4147,.T.);
#4150=ORIENTED_EDGE('',*,*,#4149,.T.);
#4152=ORIENTED_EDGE('',*,*,#4151,.T.);
#4153=ORIENTED_EDGE('',*,*,#4132,.F.);
#4155=ORIENTED_EDGE('',*,*,#4154,.T.);
#4156=EDGE_LOOP('',(#4148,#4150,#4152,#4153,#4155));
#4157=FACE_OUTER_BOUND('',#4156,.F.);
#4159=CARTESIAN_POINT('',(3.812560890745E1,-3.494340988170E1,2.132E1));
#4160=CARTESIAN_POINT('',(3.812560890745E1,2.433659011830E1,2.132E1));
#4161=CARTESIAN_POINT('',(3.812560890745E1,-3.494340988170E1,-2.132E1));
#4162=CARTESIAN_POINT('',(3.812560890745E1,2.433659011830E1,-2.132E1));
#4163=B_SPLINE_SURFACE_WITH_KNOTS('',1,1,((#4159,#4160),(#4161,#4162)),
.UNSPECIFIED.,.F.,.F.,.F.,(2,2),(2,2),(-2.132E1,2.132E1),(-2.164E1,3.764E1),
.UNSPECIFIED.);
#4165=ORIENTED_EDGE('',*,*,#4164,.T.);
#4167=ORIENTED_EDGE('',*,*,#4166,.T.);
#4168=ORIENTED_EDGE('',*,*,#4147,.F.);
#4170=ORIENTED_EDGE('',*,*,#4169,.T.);
#4171=EDGE_LOOP('',(#4165,#4167,#4168,#4170));
#4172=FACE_OUTER_BOUND('',#4171,.F.);
#4174=ORIENTED_EDGE('',*,*,#4173,.T.);
#4176=ORIENTED_EDGE('',*,*,#4175,.F.);
#4177=EDGE_LOOP('',(#4174,#4176));
#4178=FACE_BOUND('',#4177,.F.);
#4180=ORIENTED_EDGE('',*,*,#4179,.F.);
#4182=ORIENTED_EDGE('',*,*,#4181,.F.);
#4183=EDGE_LOOP('',(#4180,#4182));
#4184=FACE_BOUND('',#4183,.F.);
#4186=ORIENTED_EDGE('',*,*,#4185,.F.);
#4188=ORIENTED_EDGE('',*,*,#4187,.F.);
#4189=EDGE_LOOP('',(#4186,#4188));
#4190=FACE_BOUND('',#4189,.F.);
#4192=ORIENTED_EDGE('',*,*,#4191,.F.);
#4194=ORIENTED_EDGE('',*,*,#4193,.F.);
#4195=EDGE_LOOP('',(#4192,#4194));
#4196=FACE_BOUND('',#4195,.F.);
#4198=ORIENTED_EDGE('',*,*,#4197,.F.);
#4200=ORIENTED_EDGE('',*,*,#4199,.F.);
#4201=EDGE_LOOP('',(#4198,#4200));
#4202=FACE_BOUND('',#4201,.F.);
#4204=ORIENTED_EDGE('',*,*,#4203,.F.);
#4206=ORIENTED_EDGE('',*,*,#4205,.F.);
#4207=EDGE_LOOP('',(#4204,#4206));
#4208=FACE_BOUND('',#4207,.F.);
#4210=CARTESIAN_POINT('',(3.760672521158E1,-3.494840988170E1,2.101888369587E1));
#4211=CARTESIAN_POINT('',(3.760672521158E1,2.459159011830E1,2.101888369587E1));
#4212=CARTESIAN_POINT('',(3.814449260332E1,-3.494840988170E1,2.048111630413E1));
#4213=CARTESIAN_POINT('',(3.814449260332E1,2.459159011830E1,2.048111630413E1));
#4214=B_SPLINE_SURFACE_WITH_KNOTS('',1,1,((#4210,#4211),(#4212,#4213)),
.UNSPECIFIED.,.F.,.F.,.F.,(2,2),(2,2),(-7.338123599930E-1,2.670557880643E-2),(
-2.1645E1,3.7895E1),.UNSPECIFIED.);
#4216=ORIENTED_EDGE('',*,*,#4215,.F.);
#4218=ORIENTED_EDGE('',*,*,#4217,.T.);
#4220=ORIENTED_EDGE('',*,*,#4219,.T.);
#4221=ORIENTED_EDGE('',*,*,#4164,.F.);
#4223=ORIENTED_EDGE('',*,*,#4222,.T.);
#4224=EDGE_LOOP('',(#4216,#4218,#4220,#4221,#4223));
#4225=FACE_OUTER_BOUND('',#4224,.F.);
#4227=CARTESIAN_POINT('',(3.918560890745E1,2.433659011830E1,2.1E1));
#4228=CARTESIAN_POINT('',(-4.193439109255E1,2.433659011830E1,2.1E1));
#4229=CARTESIAN_POINT('',(3.918560890745E1,-3.494340988170E1,2.1E1));
#4230=CARTESIAN_POINT('',(-4.193439109255E1,-3.494340988170E1,2.1E1));
#4231=B_SPLINE_SURFACE_WITH_KNOTS('',1,1,((#4227,#4228),(#4229,#4230)),
.UNSPECIFIED.,.F.,.F.,.F.,(2,2),(2,2),(-1.664E1,4.264E1),(-8.206E1,-9.4E-1),
.UNSPECIFIED.);
#4233=ORIENTED_EDGE('',*,*,#4232,.T.);
#4235=ORIENTED_EDGE('',*,*,#4234,.T.);
#4236=ORIENTED_EDGE('',*,*,#4215,.T.);
#4238=ORIENTED_EDGE('',*,*,#4237,.T.);
#4239=EDGE_LOOP('',(#4233,#4235,#4236,#4238));
#4240=FACE_OUTER_BOUND('',#4239,.F.);
#4242=CARTESIAN_POINT('',(-4.089327478842E1,-3.494840988170E1,
2.048111630413E1));
#4243=CARTESIAN_POINT('',(-4.089327478842E1,2.459159011830E1,2.048111630413E1));
#4244=CARTESIAN_POINT('',(-4.035550739668E1,-3.494840988170E1,
2.101888369587E1));
#4245=CARTESIAN_POINT('',(-4.035550739668E1,2.459159011830E1,2.101888369587E1));
#4246=B_SPLINE_SURFACE_WITH_KNOTS('',1,1,((#4242,#4243),(#4244,#4245)),
.UNSPECIFIED.,.F.,.F.,.F.,(2,2),(2,2),(-2.670557880646E-2,7.338123599929E-1),(
-2.1645E1,3.7895E1),.UNSPECIFIED.);
#4247=ORIENTED_EDGE('',*,*,#4074,.F.);
#4249=ORIENTED_EDGE('',*,*,#4248,.T.);
#4251=ORIENTED_EDGE('',*,*,#4250,.T.);
#4252=ORIENTED_EDGE('',*,*,#4232,.F.);
#4254=ORIENTED_EDGE('',*,*,#4253,.T.);
#4255=EDGE_LOOP('',(#4247,#4249,#4251,#4252,#4254));
#4256=FACE_OUTER_BOUND('',#4255,.F.);
#4258=CARTESIAN_POINT('',(-4.035550739668E1,2.371547381417E1,-2.158E1));
#4259=CARTESIAN_POINT('',(-4.035550739668E1,2.371547381417E1,2.158E1));
#4260=CARTESIAN_POINT('',(-4.089327478842E1,2.317770642243E1,-2.158E1));
#4261=CARTESIAN_POINT('',(-4.089327478842E1,2.317770642243E1,2.158E1));
#4262=B_SPLINE_SURFACE_WITH_KNOTS('',1,1,((#4258,#4259),(#4260,#4261)),
.UNSPECIFIED.,.F.,.F.,.F.,(2,2),(2,2),(-2.670557880642E-2,7.338123599929E-1),(
-5.8E-1,4.258E1),.UNSPECIFIED.);
#4263=ORIENTED_EDGE('',*,*,#4119,.F.);
#4265=ORIENTED_EDGE('',*,*,#4264,.T.);
#4267=ORIENTED_EDGE('',*,*,#4266,.F.);
#4269=ORIENTED_EDGE('',*,*,#4268,.T.);
#4270=ORIENTED_EDGE('',*,*,#4248,.F.);
#4271=ORIENTED_EDGE('',*,*,#4072,.F.);
#4272=EDGE_LOOP('',(#4263,#4265,#4267,#4269,#4270,#4271));
#4273=FACE_OUTER_BOUND('',#4272,.F.);
#4275=CARTESIAN_POINT('',(-4.219439109255E1,2.317770642243E1,
-2.101888369587E1));
#4276=CARTESIAN_POINT('',(3.944560890745E1,2.317770642243E1,-2.101888369587E1));
#4277=CARTESIAN_POINT('',(-4.219439109255E1,2.371547381417E1,
-2.048111630413E1));
#4278=CARTESIAN_POINT('',(3.944560890745E1,2.371547381417E1,-2.048111630413E1));
#4279=B_SPLINE_SURFACE_WITH_KNOTS('',1,1,((#4275,#4276),(#4277,#4278)),
.UNSPECIFIED.,.F.,.F.,.F.,(2,2),(2,2),(-7.338123599930E-1,2.670557880641E-2),(
-1.32E0,8.032E1),.UNSPECIFIED.);
#4280=ORIENTED_EDGE('',*,*,#4134,.F.);
#4281=ORIENTED_EDGE('',*,*,#4151,.F.);
#4283=ORIENTED_EDGE('',*,*,#4282,.T.);
#4285=ORIENTED_EDGE('',*,*,#4284,.F.);
#4286=ORIENTED_EDGE('',*,*,#4264,.F.);
#4287=ORIENTED_EDGE('',*,*,#4117,.F.);
#4288=EDGE_LOOP('',(#4280,#4281,#4283,#4285,#4286,#4287));
#4289=FACE_OUTER_BOUND('',#4288,.F.);
#4291=CARTESIAN_POINT('',(3.814449260332E1,2.317770642243E1,-2.158E1));
#4292=CARTESIAN_POINT('',(3.814449260332E1,2.317770642243E1,2.158E1));
#4293=CARTESIAN_POINT('',(3.760672521158E1,2.371547381417E1,-2.158E1));
#4294=CARTESIAN_POINT('',(3.760672521158E1,2.371547381417E1,2.158E1));
#4295=B_SPLINE_SURFACE_WITH_KNOTS('',1,1,((#4291,#4292),(#4293,#4294)),
.UNSPECIFIED.,.F.,.F.,.F.,(2,2),(2,2),(-7.338123599930E-1,2.670557880641E-2),(
-5.8E-1,4.258E1),.UNSPECIFIED.);
#4296=ORIENTED_EDGE('',*,*,#4166,.F.);
#4297=ORIENTED_EDGE('',*,*,#4219,.F.);
#4299=ORIENTED_EDGE('',*,*,#4298,.F.);
#4301=ORIENTED_EDGE('',*,*,#4300,.F.);
#4302=ORIENTED_EDGE('',*,*,#4282,.F.);
#4303=ORIENTED_EDGE('',*,*,#4149,.F.);
#4304=EDGE_LOOP('',(#4296,#4297,#4299,#4301,#4302,#4303));
#4305=FACE_OUTER_BOUND('',#4304,.F.);
#4307=CARTESIAN_POINT('',(-4.219439109255E1,2.371547381417E1,2.048111630413E1));
#4308=CARTESIAN_POINT('',(3.944560890745E1,2.371547381417E1,2.048111630413E1));
#4309=CARTESIAN_POINT('',(-4.219439109255E1,2.317770642243E1,2.101888369587E1));
#4310=CARTESIAN_POINT('',(3.944560890745E1,2.317770642243E1,2.101888369587E1));
#4311=B_SPLINE_SURFACE_WITH_KNOTS('',1,1,((#4307,#4308),(#4309,#4310)),
.UNSPECIFIED.,.F.,.F.,.F.,(2,2),(2,2),(-2.670557880641E-2,7.338123599930E-1),(
-1.32E0,8.032E1),.UNSPECIFIED.);
#4312=ORIENTED_EDGE('',*,*,#4298,.T.);
#4313=ORIENTED_EDGE('',*,*,#4217,.F.);
#4314=ORIENTED_EDGE('',*,*,#4234,.F.);
#4315=ORIENTED_EDGE('',*,*,#4250,.F.);
#4316=ORIENTED_EDGE('',*,*,#4268,.F.);
#4318=ORIENTED_EDGE('',*,*,#4317,.F.);
#4319=EDGE_LOOP('',(#4312,#4313,#4314,#4315,#4316,#4318));
#4320=FACE_OUTER_BOUND('',#4319,.F.);
#4322=CARTESIAN_POINT('',(-4.193439109255E1,2.369659011830E1,-2.132E1));
#4323=CARTESIAN_POINT('',(3.918560890745E1,2.369659011830E1,-2.132E1));
#4324=CARTESIAN_POINT('',(-4.193439109255E1,2.369659011830E1,2.132E1));
#4325=CARTESIAN_POINT('',(3.918560890745E1,2.369659011830E1,2.132E1));
#4326=B_SPLINE_SURFACE_WITH_KNOTS('',1,1,((#4322,#4323),(#4324,#4325)),
.UNSPECIFIED.,.F.,.F.,.F.,(2,2),(2,2),(-3.2E-1,4.232E1),(-1.06E0,8.006E1),
.UNSPECIFIED.);
#4327=ORIENTED_EDGE('',*,*,#4284,.T.);
#4328=ORIENTED_EDGE('',*,*,#4300,.T.);
#4329=ORIENTED_EDGE('',*,*,#4317,.T.);
#4330=ORIENTED_EDGE('',*,*,#4266,.T.);
#4331=EDGE_LOOP('',(#4327,#4328,#4329,#4330));
#4332=FACE_OUTER_BOUND('',#4331,.F.);
#4334=ORIENTED_EDGE('',*,*,#4333,.F.);
#4336=ORIENTED_EDGE('',*,*,#4335,.F.);
#4337=EDGE_LOOP('',(#4334,#4336));
#4338=FACE_BOUND('',#4337,.F.);
#4340=ORIENTED_EDGE('',*,*,#4339,.F.);
#4342=ORIENTED_EDGE('',*,*,#4341,.F.);
#4343=EDGE_LOOP('',(#4340,#4342));
#4344=FACE_BOUND('',#4343,.F.);
#4346=ORIENTED_EDGE('',*,*,#4345,.F.);
#4348=ORIENTED_EDGE('',*,*,#4347,.F.);
#4350=ORIENTED_EDGE('',*,*,#4349,.F.);
#4352=ORIENTED_EDGE('',*,*,#4351,.F.);
#4353=EDGE_LOOP('',(#4346,#4348,#4350,#4352));
#4354=FACE_BOUND('',#4353,.F.);
#4356=CARTESIAN_POINT('',(-3.204901883016E1,2.332770642243E1,1.877562840639E1));
#4357=CARTESIAN_POINT('',(-3.207336694615E1,2.371547381417E1,1.916263062776E1));
#4358=CARTESIAN_POINT('',(-3.091543263478E1,2.332770642243E1,1.884694760468E1));
#4359=CARTESIAN_POINT('',(-3.078172631714E1,2.371547381417E1,1.924389376814E1));
#4360=CARTESIAN_POINT('',(-2.974855813881E1,2.332770642243E1,1.838916441637E1));
#4361=CARTESIAN_POINT('',(-2.945215604353E1,2.371547381417E1,1.872228247144E1));
#4362=CARTESIAN_POINT('',(-2.883661115455E1,2.332770642243E1,1.738503455774E1));
#4363=CARTESIAN_POINT('',(-2.841305748961E1,2.371547381417E1,1.757814810611E1));
#4364=CARTESIAN_POINT('',(-2.847876687053E1,2.332770642243E1,1.599964111802E1));
#4365=CARTESIAN_POINT('',(-2.800531944730E1,2.371547381417E1,1.599959107958E1));
#4366=CARTESIAN_POINT('',(-2.883661115455E1,2.332770642243E1,1.461541404473E1));
#4367=CARTESIAN_POINT('',(-2.841305748961E1,2.371547381417E1,1.442236304441E1));
#4368=CARTESIAN_POINT('',(-2.974855813881E1,2.332770642243E1,1.361083558363E1));
#4369=CARTESIAN_POINT('',(-2.945215604353E1,2.371547381417E1,1.327771752856E1));
#4370=CARTESIAN_POINT('',(-3.091543263478E1,2.332770642243E1,1.315305239532E1));
#4371=CARTESIAN_POINT('',(-3.078172631714E1,2.371547381417E1,1.275610623186E1));
#4372=CARTESIAN_POINT('',(-3.204901883016E1,2.332770642243E1,1.322437159361E1));
#4373=CARTESIAN_POINT('',(-3.207336694615E1,2.371547381417E1,1.283736937224E1));
#4374=B_SPLINE_SURFACE_WITH_KNOTS('',8,1,((#4356,#4357),(#4358,#4359),(#4360,
#4361),(#4362,#4363),(#4364,#4365),(#4366,#4367),(#4368,#4369),(#4370,#4371),(
#4372,#4373)),.UNSPECIFIED.,.F.,.F.,.F.,(9,9),(2,2),(-6.283185307180E-2,
3.204424506662E0),(2.781116304130E0,3.168883695870E0),.UNSPECIFIED.);
#4376=ORIENTED_EDGE('',*,*,#4375,.T.);
#4378=ORIENTED_EDGE('',*,*,#4377,.F.);
#4379=ORIENTED_EDGE('',*,*,#4333,.T.);
#4381=ORIENTED_EDGE('',*,*,#4380,.T.);
#4383=ORIENTED_EDGE('',*,*,#4382,.T.);
#4384=EDGE_LOOP('',(#4376,#4378,#4379,#4381,#4383));
#4385=FACE_OUTER_BOUND('',#4384,.F.);
#4387=CARTESIAN_POINT('',(-2.958255156870E1,2.331988453950E1,1.439143803449E1));
#4388=CARTESIAN_POINT('',(-2.958255156870E1,2.372329569711E1,1.439143803449E1));
#4389=CARTESIAN_POINT('',(-3.023949960768E1,2.331988453950E1,1.345543462701E1));
#4390=CARTESIAN_POINT('',(-3.023949960768E1,2.372329569711E1,1.345543462701E1));
#4391=CARTESIAN_POINT('',(-3.133332808749E1,2.331988453950E1,1.282606231359E1));
#4392=CARTESIAN_POINT('',(-3.133332808749E1,2.372329569711E1,1.282606231359E1));
#4393=CARTESIAN_POINT('',(-3.269630844042E1,2.331988453950E1,1.274074222276E1));
#4394=CARTESIAN_POINT('',(-3.269630844042E1,2.372329569711E1,1.274074222276E1));
#4395=CARTESIAN_POINT('',(-3.401048602773E1,2.331988453950E1,1.333082891305E1));
#4396=CARTESIAN_POINT('',(-3.401048602773E1,2.372329569711E1,1.333082891305E1));
#4397=CARTESIAN_POINT('',(-3.487358593249E1,2.331988453950E1,1.448280511835E1));
#4398=CARTESIAN_POINT('',(-3.487358593249E1,2.372329569711E1,1.448280511835E1));
#4399=CARTESIAN_POINT('',(-3.508970834548E1,2.331988453950E1,1.583158213962E1));
#4400=CARTESIAN_POINT('',(-3.508970834548E1,2.372329569711E1,1.583158213962E1));
#4401=CARTESIAN_POINT('',(-3.471563264586E1,2.331988453950E1,1.703683631327E1));
#4402=CARTESIAN_POINT('',(-3.471563264586E1,2.372329569711E1,1.703683631327E1));
#4403=CARTESIAN_POINT('',(-3.394655250470E1,2.331988453950E1,1.788312163229E1));
#4404=CARTESIAN_POINT('',(-3.394655250470E1,2.372329569711E1,1.788312163229E1));
#4405=B_SPLINE_SURFACE_WITH_KNOTS('',8,1,((#4387,#4388),(#4389,#4390),(#4391,
#4392),(#4393,#4394),(#4395,#4396),(#4397,#4398),(#4399,#4400),(#4401,#4402),(
#4403,#4404)),.UNSPECIFIED.,.F.,.F.,.F.,(9,9),(2,2),(-6.283185307180E-2,
3.204424506662E0),(-1.126705578806E0,-7.232944211936E-1),.UNSPECIFIED.);
#4407=ORIENTED_EDGE('',*,*,#4406,.F.);
#4408=ORIENTED_EDGE('',*,*,#4375,.F.);
#4410=ORIENTED_EDGE('',*,*,#4409,.F.);
#4412=ORIENTED_EDGE('',*,*,#4411,.F.);
#4414=ORIENTED_EDGE('',*,*,#4413,.T.);
#4415=EDGE_LOOP('',(#4407,#4408,#4410,#4412,#4414));
#4416=FACE_OUTER_BOUND('',#4415,.F.);
#4418=CARTESIAN_POINT('',(-3.169976335495E1,2.332770642243E1,1.322437159361E1));
#4419=CARTESIAN_POINT('',(-3.167541523896E1,2.371547381417E1,1.283736937224E1));
#4420=CARTESIAN_POINT('',(-3.283334955033E1,2.332770642243E1,1.315305239532E1));
#4421=CARTESIAN_POINT('',(-3.296705586797E1,2.371547381417E1,1.275610623186E1));
#4422=CARTESIAN_POINT('',(-3.400022404630E1,2.332770642243E1,1.361083558363E1));
#4423=CARTESIAN_POINT('',(-3.429662614158E1,2.371547381417E1,1.327771752856E1));
#4424=CARTESIAN_POINT('',(-3.491217103056E1,2.332770642243E1,1.461496544226E1));
#4425=CARTESIAN_POINT('',(-3.533572469550E1,2.371547381417E1,1.442185189389E1));
#4426=CARTESIAN_POINT('',(-3.527001531458E1,2.332770642243E1,1.600035888198E1));
#4427=CARTESIAN_POINT('',(-3.574346273781E1,2.371547381417E1,1.600040892042E1));
#4428=CARTESIAN_POINT('',(-3.491217103056E1,2.332770642243E1,1.738458595527E1));
#4429=CARTESIAN_POINT('',(-3.533572469550E1,2.371547381417E1,1.757763695559E1));
#4430=CARTESIAN_POINT('',(-3.400022404630E1,2.332770642243E1,1.838916441637E1));
#4431=CARTESIAN_POINT('',(-3.429662614158E1,2.371547381417E1,1.872228247144E1));
#4432=CARTESIAN_POINT('',(-3.283334955033E1,2.332770642243E1,1.884694760468E1));
#4433=CARTESIAN_POINT('',(-3.296705586797E1,2.371547381417E1,1.924389376814E1));
#4434=CARTESIAN_POINT('',(-3.169976335495E1,2.332770642243E1,1.877562840639E1));
#4435=CARTESIAN_POINT('',(-3.167541523896E1,2.371547381417E1,1.916263062776E1));
#4436=B_SPLINE_SURFACE_WITH_KNOTS('',8,1,((#4418,#4419),(#4420,#4421),(#4422,
#4423),(#4424,#4425),(#4426,#4427),(#4428,#4429),(#4430,#4431),(#4432,#4433),(
#4434,#4435)),.UNSPECIFIED.,.F.,.F.,.F.,(9,9),(2,2),(3.078760800518E0,
6.346017160251E0),(2.781116304130E0,3.168883695870E0),.UNSPECIFIED.);
#4437=ORIENTED_EDGE('',*,*,#4406,.T.);
#4439=ORIENTED_EDGE('',*,*,#4438,.T.);
#4440=ORIENTED_EDGE('',*,*,#4380,.F.);
#4441=ORIENTED_EDGE('',*,*,#4335,.T.);
#4442=ORIENTED_EDGE('',*,*,#4377,.T.);
#4443=EDGE_LOOP('',(#4437,#4439,#4440,#4441,#4442));
#4444=FACE_OUTER_BOUND('',#4443,.F.);
#4446=CARTESIAN_POINT('',(-3.416623061641E1,2.331988453950E1,1.760856196551E1));
#4447=CARTESIAN_POINT('',(-3.416623061641E1,2.372329569711E1,1.760856196551E1));
#4448=CARTESIAN_POINT('',(-3.350928257743E1,2.331988453950E1,1.854456537299E1));
#4449=CARTESIAN_POINT('',(-3.350928257743E1,2.372329569711E1,1.854456537299E1));
#4450=CARTESIAN_POINT('',(-3.241545409762E1,2.331988453950E1,1.917393768641E1));
#4451=CARTESIAN_POINT('',(-3.241545409762E1,2.372329569711E1,1.917393768641E1));
#4452=CARTESIAN_POINT('',(-3.105247374468E1,2.331988453950E1,1.925925777724E1));
#4453=CARTESIAN_POINT('',(-3.105247374468E1,2.372329569711E1,1.925925777724E1));
#4454=CARTESIAN_POINT('',(-2.973829615738E1,2.331988453950E1,1.866917108695E1));
#4455=CARTESIAN_POINT('',(-2.973829615738E1,2.372329569711E1,1.866917108695E1));
#4456=CARTESIAN_POINT('',(-2.887519625262E1,2.331988453950E1,1.751719488165E1));
#4457=CARTESIAN_POINT('',(-2.887519625262E1,2.372329569711E1,1.751719488165E1));
#4458=CARTESIAN_POINT('',(-2.865907383963E1,2.331988453950E1,1.616841786038E1));
#4459=CARTESIAN_POINT('',(-2.865907383963E1,2.372329569711E1,1.616841786038E1));
#4460=CARTESIAN_POINT('',(-2.903314953925E1,2.331988453950E1,1.496316368673E1));
#4461=CARTESIAN_POINT('',(-2.903314953925E1,2.372329569711E1,1.496316368673E1));
#4462=CARTESIAN_POINT('',(-2.980222968041E1,2.331988453950E1,1.411687836771E1));
#4463=CARTESIAN_POINT('',(-2.980222968041E1,2.372329569711E1,1.411687836771E1));
#4464=B_SPLINE_SURFACE_WITH_KNOTS('',8,1,((#4446,#4447),(#4448,#4449),(#4450,
#4451),(#4452,#4453),(#4454,#4455),(#4456,#4457),(#4458,#4459),(#4460,#4461),(
#4462,#4463)),.UNSPECIFIED.,.F.,.F.,.F.,(9,9),(2,2),(3.078760800518E0,
6.346017160251E0),(-1.126705578806E0,-7.232944211936E-1),.UNSPECIFIED.);
#4465=ORIENTED_EDGE('',*,*,#4438,.F.);
#4466=ORIENTED_EDGE('',*,*,#4413,.F.);
#4468=ORIENTED_EDGE('',*,*,#4467,.F.);
#4469=ORIENTED_EDGE('',*,*,#4409,.T.);
#4470=ORIENTED_EDGE('',*,*,#4382,.F.);
#4471=EDGE_LOOP('',(#4465,#4466,#4468,#4469,#4470));
#4472=FACE_OUTER_BOUND('',#4471,.F.);
#4474=CARTESIAN_POINT('',(-3.568993885521E1,2.294425849631E1,1.587463291148E1));
#4475=CARTESIAN_POINT('',(-3.507956943991E1,2.348462580582E1,1.496732135642E1));
#4476=CARTESIAN_POINT('',(-3.424306604855E1,2.378204007411E1,1.406743986382E1));
#4477=CARTESIAN_POINT('',(-3.324023159783E1,2.378204007411E1,1.326506134598E1));
#4478=CARTESIAN_POINT('',(-3.217875920770E1,2.348462580582E1,1.264635221442E1));
#4479=CARTESIAN_POINT('',(-3.115964715446E1,2.294425849631E1,1.224989830286E1));
#4480=CARTESIAN_POINT('',(-3.534140291209E1,2.328198806475E1,1.631024259357E1));
#4481=CARTESIAN_POINT('',(-3.468509008699E1,2.386687430630E1,1.546035235913E1));
#4482=CARTESIAN_POINT('',(-3.382561499073E1,2.418654804061E1,1.458918152684E1));
#4483=CARTESIAN_POINT('',(-3.282278054001E1,2.418654804061E1,1.378680300900E1));
#4484=CARTESIAN_POINT('',(-3.178427985479E1,2.386687430630E1,1.313938321713E1));
#4485=CARTESIAN_POINT('',(-3.081111121134E1,2.328198806475E1,1.268550798495E1));
#4486=CARTESIAN_POINT('',(-3.496005024768E1,2.353294868991E1,1.678686750467E1));
#4487=CARTESIAN_POINT('',(-3.425779401279E1,2.416235386349E1,1.599439859085E1));
#4488=CARTESIAN_POINT('',(-3.337534721163E1,2.450428706382E1,1.515193841887E1));
#4489=CARTESIAN_POINT('',(-3.237251276091E1,2.450428706382E1,1.434955990103E1));
#4490=CARTESIAN_POINT('',(-3.135698378058E1,2.416235386349E1,1.367342944885E1));
#4491=CARTESIAN_POINT('',(-3.042975854693E1,2.353294868991E1,1.316213289605E1));
#4492=CARTESIAN_POINT('',(-3.455571731445E1,2.368760892489E1,1.729221377952E1));
#4493=CARTESIAN_POINT('',(-3.378862702263E1,2.429546279022E1,1.658077622984E1));
#4494=CARTESIAN_POINT('',(-3.285480400232E1,2.464800424563E1,1.580252745107E1));
#4495=CARTESIAN_POINT('',(-3.185196955160E1,2.464800424563E1,1.500014893323E1));
#4496=CARTESIAN_POINT('',(-3.088781679043E1,2.429546279022E1,1.425980708784E1));
#4497=CARTESIAN_POINT('',(-3.002542561370E1,2.368760892489E1,1.366747917090E1));
#4498=CARTESIAN_POINT('',(-3.413953694293E1,2.373986567300E1,1.781236730431E1));
#4499=CARTESIAN_POINT('',(-3.332479620866E1,2.442475936331E1,1.716048457100E1));
#4500=CARTESIAN_POINT('',(-3.237580831791E1,2.477704926824E1,1.640118925892E1));
#4501=CARTESIAN_POINT('',(-3.137297386719E1,2.477704926824E1,1.559881074108E1));
#4502=CARTESIAN_POINT('',(-3.042398597645E1,2.442475936331E1,1.483951542900E1));
#4503=CARTESIAN_POINT('',(-2.960924524218E1,2.373986567300E1,1.418763269569E1));
#4504=CARTESIAN_POINT('',(-3.372335657141E1,2.368760892489E1,1.833252082911E1));
#4505=CARTESIAN_POINT('',(-3.286096539468E1,2.429546279022E1,1.774019291216E1));
#4506=CARTESIAN_POINT('',(-3.189681263350E1,2.464800424563E1,1.699985106677E1));
#4507=CARTESIAN_POINT('',(-3.089397818278E1,2.464800424563E1,1.619747254893E1));
#4508=CARTESIAN_POINT('',(-2.996015516247E1,2.429546279022E1,1.541922377016E1));
#4509=CARTESIAN_POINT('',(-2.919306487066E1,2.368760892489E1,1.470778622048E1));
#4510=CARTESIAN_POINT('',(-3.331902363818E1,2.353294868991E1,1.883786710395E1));
#4511=CARTESIAN_POINT('',(-3.239179840452E1,2.416235386349E1,1.832657055115E1));
#4512=CARTESIAN_POINT('',(-3.137626942420E1,2.450428706382E1,1.765044009897E1));
#4513=CARTESIAN_POINT('',(-3.037343497348E1,2.450428706382E1,1.684806158113E1));
#4514=CARTESIAN_POINT('',(-2.949098817232E1,2.416235386349E1,1.600560140915E1));
#4515=CARTESIAN_POINT('',(-2.878873193743E1,2.353294868991E1,1.521313249533E1));
#4516=CARTESIAN_POINT('',(-3.293767097377E1,2.328198806475E1,1.931449201505E1));
#4517=CARTESIAN_POINT('',(-3.196450233032E1,2.386687430630E1,1.886061678287E1));
#4518=CARTESIAN_POINT('',(-3.092600164510E1,2.418654804061E1,1.821319699100E1));
#4519=CARTESIAN_POINT('',(-2.992316719438E1,2.418654804061E1,1.741081847316E1));
#4520=CARTESIAN_POINT('',(-2.906369209812E1,2.386687430630E1,1.653964764087E1));
#4521=CARTESIAN_POINT('',(-2.840737927302E1,2.328198806475E1,1.568975740643E1));
#4522=CARTESIAN_POINT('',(-3.258913503065E1,2.294425849631E1,1.975010169714E1));
#4523=CARTESIAN_POINT('',(-3.157002297740E1,2.348462580582E1,1.935364778558E1));
#4524=CARTESIAN_POINT('',(-3.050855058728E1,2.378204007411E1,1.873493865402E1));
#4525=CARTESIAN_POINT('',(-2.950571613656E1,2.378204007411E1,1.793256013618E1));
#4526=CARTESIAN_POINT('',(-2.866921274520E1,2.348462580582E1,1.703267864358E1));
#4527=CARTESIAN_POINT('',(-2.805884332990E1,2.294425849631E1,1.612536708852E1));
#4528=B_SPLINE_SURFACE_WITH_KNOTS('',8,5,((#4474,#4475,#4476,#4477,#4478,#4479),
(#4480,#4481,#4482,#4483,#4484,#4485),(#4486,#4487,#4488,#4489,#4490,#4491),(
#4492,#4493,#4494,#4495,#4496,#4497),(#4498,#4499,#4500,#4501,#4502,#4503),(
#4504,#4505,#4506,#4507,#4508,#4509),(#4510,#4511,#4512,#4513,#4514,#4515),(
#4516,#4517,#4518,#4519,#4520,#4521),(#4522,#4523,#4524,#4525,#4526,#4527)),
.UNSPECIFIED.,.F.,.F.,.F.,(9,9),(6,6),(4.168024895390E0,5.256753065379E0),(
-5.443640849945E-1,5.443640849945E-1),.UNSPECIFIED.);
#4529=ORIENTED_EDGE('',*,*,#4411,.T.);
#4530=ORIENTED_EDGE('',*,*,#4467,.T.);
#4531=EDGE_LOOP('',(#4529,#4530));
#4532=FACE_OUTER_BOUND('',#4531,.F.);
#4534=ORIENTED_EDGE('',*,*,#4533,.T.);
#4536=ORIENTED_EDGE('',*,*,#4535,.T.);
#4538=ORIENTED_EDGE('',*,*,#4537,.F.);
#4540=ORIENTED_EDGE('',*,*,#4539,.F.);
#4542=ORIENTED_EDGE('',*,*,#4541,.T.);
#4544=ORIENTED_EDGE('',*,*,#4543,.F.);
#4546=ORIENTED_EDGE('',*,*,#4545,.F.);
#4548=ORIENTED_EDGE('',*,*,#4547,.T.);
#4550=ORIENTED_EDGE('',*,*,#4549,.T.);
#4552=ORIENTED_EDGE('',*,*,#4551,.T.);
#4554=ORIENTED_EDGE('',*,*,#4553,.F.);
#4556=ORIENTED_EDGE('',*,*,#4555,.F.);
#4558=ORIENTED_EDGE('',*,*,#4557,.T.);
#4560=ORIENTED_EDGE('',*,*,#4559,.F.);
#4562=ORIENTED_EDGE('',*,*,#4561,.F.);
#4564=ORIENTED_EDGE('',*,*,#4563,.T.);
#4565=EDGE_LOOP('',(#4534,#4536,#4538,#4540,#4542,#4544,#4546,#4548,#4550,#4552,
#4554,#4556,#4558,#4560,#4562,#4564));
#4566=FACE_BOUND('',#4565,.F.);
#4568=CARTESIAN_POINT('',(-3.127045259871E1,2.426922126474E1,1.743782333638E1));
#4569=CARTESIAN_POINT('',(-3.060408641108E1,2.426922126474E1,1.690465665708E1));
#4570=CARTESIAN_POINT('',(-3.127045259871E1,2.416988453950E1,1.743782333638E1));
#4571=CARTESIAN_POINT('',(-3.060408641108E1,2.416988453950E1,1.690465665708E1));
#4572=B_SPLINE_SURFACE_WITH_KNOTS('',1,1,((#4568,#4569),(#4570,#4571)),
.UNSPECIFIED.,.F.,.F.,.F.,(2,2),(2,2),(-1.322631146441E0,-1.223294421194E0),(
-2.670557880641E-2,8.267055788064E-1),.UNSPECIFIED.);
#4574=ORIENTED_EDGE('',*,*,#4573,.F.);
#4575=ORIENTED_EDGE('',*,*,#4533,.F.);
#4577=ORIENTED_EDGE('',*,*,#4576,.T.);
#4579=ORIENTED_EDGE('',*,*,#4578,.T.);
#4580=EDGE_LOOP('',(#4574,#4575,#4577,#4579));
#4581=FACE_OUTER_BOUND('',#4580,.F.);
#4583=CARTESIAN_POINT('',(-3.060825458949E1,2.441497363857E1,1.694219333471E1));
#4584=CARTESIAN_POINT('',(-3.114142126879E1,2.441497363857E1,1.627582714708E1));
#4585=CARTESIAN_POINT('',(-3.060825458949E1,2.316988453950E1,1.694219333471E1));
#4586=CARTESIAN_POINT('',(-3.114142126879E1,2.316988453950E1,1.627582714708E1));
#4587=B_SPLINE_SURFACE_WITH_KNOTS('',1,1,((#4583,#4584),(#4585,#4586)),
.UNSPECIFIED.,.F.,.F.,.F.,(2,2),(2,2),(-1.468383520266E0,-2.232944211936E-1),(
-2.670557880641E-2,8.267055788064E-1),.UNSPECIFIED.);
#4589=ORIENTED_EDGE('',*,*,#4588,.T.);
#4591=ORIENTED_EDGE('',*,*,#4590,.T.);
#4592=ORIENTED_EDGE('',*,*,#4535,.F.);
#4593=ORIENTED_EDGE('',*,*,#4573,.T.);
#4595=ORIENTED_EDGE('',*,*,#4594,.F.);
#4596=EDGE_LOOP('',(#4589,#4591,#4592,#4593,#4595));
#4597=FACE_OUTER_BOUND('',#4596,.F.);
#4599=CARTESIAN_POINT('',(-3.288353283847E1,2.319659011830E1,1.499085825408E1));
#4600=CARTESIAN_POINT('',(-3.086524934664E1,2.319659011830E1,1.499085825408E1));
#4601=CARTESIAN_POINT('',(-3.288353283847E1,2.319659011830E1,1.700914174592E1));
#4602=CARTESIAN_POINT('',(-3.086524934664E1,2.319659011830E1,1.700914174592E1));
#4603=B_SPLINE_SURFACE_WITH_KNOTS('',1,1,((#4599,#4600),(#4601,#4602)),
.UNSPECIFIED.,.F.,.F.,.F.,(2,2),(2,2),(3.549085825408E1,3.750914174592E1),(
-7.000914174592E1,-6.799085825408E1),.UNSPECIFIED.);
#4605=ORIENTED_EDGE('',*,*,#4604,.T.);
#4607=ORIENTED_EDGE('',*,*,#4606,.T.);
#4609=ORIENTED_EDGE('',*,*,#4608,.F.);
#4611=ORIENTED_EDGE('',*,*,#4610,.T.);
#4613=ORIENTED_EDGE('',*,*,#4612,.T.);
#4614=ORIENTED_EDGE('',*,*,#4588,.F.);
#4616=ORIENTED_EDGE('',*,*,#4615,.F.);
#4618=ORIENTED_EDGE('',*,*,#4617,.T.);
#4620=ORIENTED_EDGE('',*,*,#4619,.T.);
#4622=ORIENTED_EDGE('',*,*,#4621,.T.);
#4624=ORIENTED_EDGE('',*,*,#4623,.T.);
#4626=ORIENTED_EDGE('',*,*,#4625,.T.);
#4628=ORIENTED_EDGE('',*,*,#4627,.T.);
#4630=ORIENTED_EDGE('',*,*,#4629,.T.);
#4632=ORIENTED_EDGE('',*,*,#4631,.T.);
#4634=ORIENTED_EDGE('',*,*,#4633,.T.);
#4635=EDGE_LOOP('',(#4605,#4607,#4609,#4611,#4613,#4614,#4616,#4618,#4620,#4622,
#4624,#4626,#4628,#4630,#4632,#4634));
#4636=FACE_OUTER_BOUND('',#4635,.F.);
#4638=CARTESIAN_POINT('',(-3.201511854327E1,2.316988453950E1,1.518195523209E1));
#4639=CARTESIAN_POINT('',(-3.201511854327E1,2.443064325178E1,1.518195523209E1));
#4640=CARTESIAN_POINT('',(-3.195710718048E1,2.316988453950E1,1.526939085996E1));
#4641=CARTESIAN_POINT('',(-3.195710718048E1,2.443064325178E1,1.526939085996E1));
#4642=CARTESIAN_POINT('',(-3.186086822849E1,2.316988453950E1,1.533146343391E1));
#4643=CARTESIAN_POINT('',(-3.186086822849E1,2.443064325178E1,1.533146343391E1));
#4644=CARTESIAN_POINT('',(-3.174092060484E1,2.316988453950E1,1.534478275590E1));
#4645=CARTESIAN_POINT('',(-3.174092060484E1,2.443064325178E1,1.534478275590E1));
#4646=CARTESIAN_POINT('',(-3.163340857884E1,2.316988453950E1,1.530533526447E1));
#4647=CARTESIAN_POINT('',(-3.163340857884E1,2.443064325178E1,1.530533526447E1));
#4648=CARTESIAN_POINT('',(-3.155762873269E1,2.316988453950E1,1.523275618929E1));
#4649=CARTESIAN_POINT('',(-3.155762873269E1,2.443064325178E1,1.523275618929E1));
#4650=B_SPLINE_SURFACE_WITH_KNOTS('',5,1,((#4638,#4639),(#4640,#4641),(#4642,
#4643),(#4644,#4645),(#4646,#4647),(#4648,#4649)),.UNSPECIFIED.,.F.,.F.,.F.,(6,
6),(2,2),(4.623370384363E0,6.372203903201E0),(2.232944211936E-1,
1.484053133480E0),.UNSPECIFIED.);
#4651=ORIENTED_EDGE('',*,*,#4604,.F.);
#4653=ORIENTED_EDGE('',*,*,#4652,.F.);
#4654=ORIENTED_EDGE('',*,*,#4545,.T.);
#4656=ORIENTED_EDGE('',*,*,#4655,.F.);
#4657=EDGE_LOOP('',(#4651,#4653,#4654,#4656));
#4658=FACE_OUTER_BOUND('',#4657,.F.);
#4660=CARTESIAN_POINT('',(-3.251586626402E1,2.441497363857E1,1.455800848520E1));
#4661=CARTESIAN_POINT('',(-3.251586626402E1,2.316988453950E1,1.455800848520E1));
#4662=CARTESIAN_POINT('',(-3.198269958473E1,2.441497363857E1,1.522437467284E1));
#4663=CARTESIAN_POINT('',(-3.198269958473E1,2.316988453950E1,1.522437467284E1));
#4664=B_SPLINE_SURFACE_WITH_KNOTS('',1,1,((#4660,#4661),(#4662,#4663)),
.UNSPECIFIED.,.F.,.F.,.F.,(2,2),(2,2),(-8.267055788064E-1,2.670557880641E-2),(
-1.468383520266E0,-2.232944211936E-1),.UNSPECIFIED.);
#4665=ORIENTED_EDGE('',*,*,#4633,.F.);
#4667=ORIENTED_EDGE('',*,*,#4666,.F.);
#4669=ORIENTED_EDGE('',*,*,#4668,.F.);
#4670=ORIENTED_EDGE('',*,*,#4547,.F.);
#4671=ORIENTED_EDGE('',*,*,#4652,.T.);
#4672=EDGE_LOOP('',(#4665,#4667,#4669,#4670,#4671));
#4673=FACE_OUTER_BOUND('',#4672,.F.);
#4675=CARTESIAN_POINT('',(-3.277565538196E1,2.317346240863E1,1.555658004186E1));
#4676=CARTESIAN_POINT('',(-3.210928919432E1,2.317346240863E1,1.502341336256E1));
#4677=CARTESIAN_POINT('',(-3.315303789883E1,2.421971782797E1,1.508491712890E1));
#4678=CARTESIAN_POINT('',(-3.248667171120E1,2.421971782797E1,1.455175044961E1));
#4679=B_SPLINE_SURFACE_WITH_KNOTS('',1,1,((#4675,#4676),(#4677,#4678)),
.UNSPECIFIED.,.F.,.F.,.F.,(2,2),(2,2),(2.619695557884E-1,1.470081251780E0),(
2.732944211936E-1,1.126705578806E0),.UNSPECIFIED.);
#4680=ORIENTED_EDGE('',*,*,#4631,.F.);
#4682=ORIENTED_EDGE('',*,*,#4681,.T.);
#4684=ORIENTED_EDGE('',*,*,#4683,.F.);
#4685=ORIENTED_EDGE('',*,*,#4666,.T.);
#4686=EDGE_LOOP('',(#4680,#4682,#4684,#4685));
#4687=FACE_OUTER_BOUND('',#4686,.F.);
#4689=CARTESIAN_POINT('',(-3.260736091632E1,2.441497363857E1,1.572417285292E1));
#4690=CARTESIAN_POINT('',(-3.260736091632E1,2.316988453950E1,1.572417285292E1));
#4691=CARTESIAN_POINT('',(-3.314052759561E1,2.441497363857E1,1.505780666529E1));
#4692=CARTESIAN_POINT('',(-3.314052759561E1,2.316988453950E1,1.505780666529E1));
#4693=B_SPLINE_SURFACE_WITH_KNOTS('',1,1,((#4689,#4690),(#4691,#4692)),
.UNSPECIFIED.,.F.,.F.,.F.,(2,2),(2,2),(-2.670557880641E-2,8.267055788064E-1),(
-1.468383520266E0,-2.232944211936E-1),.UNSPECIFIED.);
#4694=ORIENTED_EDGE('',*,*,#4629,.F.);
#4696=ORIENTED_EDGE('',*,*,#4695,.T.);
#4697=ORIENTED_EDGE('',*,*,#4551,.F.);
#4699=ORIENTED_EDGE('',*,*,#4698,.T.);
#4700=ORIENTED_EDGE('',*,*,#4681,.F.);
#4701=EDGE_LOOP('',(#4694,#4696,#4697,#4699,#4700));
#4702=FACE_OUTER_BOUND('',#4701,.F.);
#4704=CARTESIAN_POINT('',(-3.269243586047E1,2.316988453950E1,1.614072745072E1));
#4705=CARTESIAN_POINT('',(-3.269243586047E1,2.443064325186E1,1.614072745072E1));
#4706=CARTESIAN_POINT('',(-3.260500023259E1,2.316988453950E1,1.608271608792E1));
#4707=CARTESIAN_POINT('',(-3.260500023259E1,2.443064325186E1,1.608271608792E1));
#4708=CARTESIAN_POINT('',(-3.254292765865E1,2.316988453950E1,1.598647713593E1));
#4709=CARTESIAN_POINT('',(-3.254292765865E1,2.443064325186E1,1.598647713593E1));
#4710=CARTESIAN_POINT('',(-3.252960833665E1,2.316988453950E1,1.586652951229E1));
#4711=CARTESIAN_POINT('',(-3.252960833665E1,2.443064325186E1,1.586652951229E1));
#4712=CARTESIAN_POINT('',(-3.256905582808E1,2.316988453950E1,1.575901748628E1));
#4713=CARTESIAN_POINT('',(-3.256905582808E1,2.443064325186E1,1.575901748628E1));
#4714=CARTESIAN_POINT('',(-3.264163490326E1,2.316988453950E1,1.568323764013E1));
#4715=CARTESIAN_POINT('',(-3.264163490326E1,2.443064325186E1,1.568323764013E1));
#4716=B_SPLINE_SURFACE_WITH_KNOTS('',5,1,((#4704,#4705),(#4706,#4707),(#4708,
#4709),(#4710,#4711),(#4712,#4713),(#4714,#4715)),.UNSPECIFIED.,.F.,.F.,.F.,(6,
6),(2,2),(-8.901859602136E-2,1.659814922816E0),(2.232944211936E-1,
1.484053133560E0),.UNSPECIFIED.);
#4717=ORIENTED_EDGE('',*,*,#4627,.F.);
#4719=ORIENTED_EDGE('',*,*,#4718,.F.);
#4720=ORIENTED_EDGE('',*,*,#4553,.T.);
#4721=ORIENTED_EDGE('',*,*,#4695,.F.);
#4722=EDGE_LOOP('',(#4717,#4719,#4720,#4721));
#4723=FACE_OUTER_BOUND('',#4722,.F.);
#4725=CARTESIAN_POINT('',(-3.331638260735E1,2.441497363857E1,1.664147517147E1));
#4726=CARTESIAN_POINT('',(-3.331638260735E1,2.316988453950E1,1.664147517147E1));
#4727=CARTESIAN_POINT('',(-3.265001641972E1,2.441497363857E1,1.610830849217E1));
#4728=CARTESIAN_POINT('',(-3.265001641972E1,2.316988453950E1,1.610830849217E1));
#4729=B_SPLINE_SURFACE_WITH_KNOTS('',1,1,((#4725,#4726),(#4727,#4728)),
.UNSPECIFIED.,.F.,.F.,.F.,(2,2),(2,2),(-8.267055788064E-1,2.670557880641E-2),(
-1.468383520266E0,-2.232944211936E-1),.UNSPECIFIED.);
#4730=ORIENTED_EDGE('',*,*,#4625,.F.);
#4732=ORIENTED_EDGE('',*,*,#4731,.F.);
#4734=ORIENTED_EDGE('',*,*,#4733,.F.);
#4735=ORIENTED_EDGE('',*,*,#4555,.T.);
#4736=ORIENTED_EDGE('',*,*,#4718,.T.);
#4737=EDGE_LOOP('',(#4730,#4732,#4734,#4735,#4736));
#4738=FACE_OUTER_BOUND('',#4737,.F.);
#4740=CARTESIAN_POINT('',(-3.231781105069E1,2.317346240863E1,1.690126428941E1));
#4741=CARTESIAN_POINT('',(-3.285097772999E1,2.317346240863E1,1.623489810177E1));
#4742=CARTESIAN_POINT('',(-3.278947396365E1,2.421971782797E1,1.727864680628E1));
#4743=CARTESIAN_POINT('',(-3.332264064295E1,2.421971782797E1,1.661228061864E1));
#4744=B_SPLINE_SURFACE_WITH_KNOTS('',1,1,((#4740,#4741),(#4742,#4743)),
.UNSPECIFIED.,.F.,.F.,.F.,(2,2),(2,2),(2.619695557884E-1,1.470081251780E0),(
2.732944211936E-1,1.126705578806E0),.UNSPECIFIED.);
#4745=ORIENTED_EDGE('',*,*,#4623,.F.);
#4747=ORIENTED_EDGE('',*,*,#4746,.T.);
#4749=ORIENTED_EDGE('',*,*,#4748,.F.);
#4750=ORIENTED_EDGE('',*,*,#4731,.T.);
#4751=EDGE_LOOP('',(#4745,#4747,#4749,#4750));
#4752=FACE_OUTER_BOUND('',#4751,.F.);
#4754=CARTESIAN_POINT('',(-3.215021823963E1,2.441497363857E1,1.673296982376E1));
#4755=CARTESIAN_POINT('',(-3.215021823963E1,2.316988453950E1,1.673296982376E1));
#4756=CARTESIAN_POINT('',(-3.281658442727E1,2.441497363857E1,1.726613650306E1));
#4757=CARTESIAN_POINT('',(-3.281658442727E1,2.316988453950E1,1.726613650306E1));
#4758=B_SPLINE_SURFACE_WITH_KNOTS('',1,1,((#4754,#4755),(#4756,#4757)),
.UNSPECIFIED.,.F.,.F.,.F.,(2,2),(2,2),(-2.670557880641E-2,8.267055788064E-1),(
-1.468383520266E0,-2.232944211936E-1),.UNSPECIFIED.);
#4759=ORIENTED_EDGE('',*,*,#4621,.F.);
#4761=ORIENTED_EDGE('',*,*,#4760,.T.);
#4762=ORIENTED_EDGE('',*,*,#4559,.T.);
#4764=ORIENTED_EDGE('',*,*,#4763,.T.);
#4765=ORIENTED_EDGE('',*,*,#4746,.F.);
#4766=EDGE_LOOP('',(#4759,#4761,#4762,#4764,#4765));
#4767=FACE_OUTER_BOUND('',#4766,.F.);
#4769=CARTESIAN_POINT('',(-3.173366364183E1,2.316988453950E1,1.681804476791E1));
#4770=CARTESIAN_POINT('',(-3.173366364183E1,2.443064325178E1,1.681804476791E1));
#4771=CARTESIAN_POINT('',(-3.179167500463E1,2.316988453950E1,1.673060914004E1));
#4772=CARTESIAN_POINT('',(-3.179167500463E1,2.443064325178E1,1.673060914004E1));
#4773=CARTESIAN_POINT('',(-3.188791395662E1,2.316988453950E1,1.666853656609E1));
#4774=CARTESIAN_POINT('',(-3.188791395662E1,2.443064325178E1,1.666853656609E1));
#4775=CARTESIAN_POINT('',(-3.200786158027E1,2.316988453950E1,1.665521724410E1));
#4776=CARTESIAN_POINT('',(-3.200786158027E1,2.443064325178E1,1.665521724410E1));
#4777=CARTESIAN_POINT('',(-3.211537360627E1,2.316988453950E1,1.669466473553E1));
#4778=CARTESIAN_POINT('',(-3.211537360627E1,2.443064325178E1,1.669466473553E1));
#4779=CARTESIAN_POINT('',(-3.219115345242E1,2.316988453950E1,1.676724381071E1));
#4780=CARTESIAN_POINT('',(-3.219115345242E1,2.443064325178E1,1.676724381071E1));
#4781=B_SPLINE_SURFACE_WITH_KNOTS('',5,1,((#4769,#4770),(#4771,#4772),(#4773,
#4774),(#4775,#4776),(#4777,#4778),(#4779,#4780)),.UNSPECIFIED.,.F.,.F.,.F.,(6,
6),(2,2),(1.481777730774E0,3.230611249611E0),(2.232944211936E-1,
1.484053133480E0),.UNSPECIFIED.);
#4782=ORIENTED_EDGE('',*,*,#4619,.F.);
#4784=ORIENTED_EDGE('',*,*,#4783,.F.);
#4785=ORIENTED_EDGE('',*,*,#4561,.T.);
#4786=ORIENTED_EDGE('',*,*,#4760,.F.);
#4787=EDGE_LOOP('',(#4782,#4784,#4785,#4786));
#4788=FACE_OUTER_BOUND('',#4787,.F.);
#4790=CARTESIAN_POINT('',(-3.123291592109E1,2.316988453950E1,1.744199151480E1));
#4791=CARTESIAN_POINT('',(-3.176608260038E1,2.316988453950E1,1.677562532716E1));
#4792=CARTESIAN_POINT('',(-3.123291592109E1,2.441497363857E1,1.744199151480E1));
#4793=CARTESIAN_POINT('',(-3.176608260038E1,2.441497363857E1,1.677562532716E1));
#4794=B_SPLINE_SURFACE_WITH_KNOTS('',1,1,((#4790,#4791),(#4792,#4793)),
.UNSPECIFIED.,.F.,.F.,.F.,(2,2),(2,2),(2.232944211936E-1,1.468383520266E0),(
-2.670557880641E-2,8.267055788064E-1),.UNSPECIFIED.);
#4795=ORIENTED_EDGE('',*,*,#4617,.F.);
#4797=ORIENTED_EDGE('',*,*,#4796,.F.);
#4798=ORIENTED_EDGE('',*,*,#4576,.F.);
#4799=ORIENTED_EDGE('',*,*,#4563,.F.);
#4800=ORIENTED_EDGE('',*,*,#4783,.T.);
#4801=EDGE_LOOP('',(#4795,#4797,#4798,#4799,#4800));
#4802=FACE_OUTER_BOUND('',#4801,.F.);
#4804=CARTESIAN_POINT('',(-3.126211047391E1,2.421971782797E1,1.744824955039E1));
#4805=CARTESIAN_POINT('',(-3.059574428628E1,2.421971782797E1,1.691508287110E1));
#4806=CARTESIAN_POINT('',(-3.163949299078E1,2.317346240863E1,1.697658663744E1));
#4807=CARTESIAN_POINT('',(-3.097312680315E1,2.317346240863E1,1.644341995814E1));
#4808=B_SPLINE_SURFACE_WITH_KNOTS('',1,1,((#4804,#4805),(#4806,#4807)),
.UNSPECIFIED.,.F.,.F.,.F.,(2,2),(2,2),(-1.470081251780E0,-2.619695557884E-1),(
2.732944211936E-1,1.126705578806E0),.UNSPECIFIED.);
#4809=ORIENTED_EDGE('',*,*,#4615,.T.);
#4810=ORIENTED_EDGE('',*,*,#4594,.T.);
#4811=ORIENTED_EDGE('',*,*,#4578,.F.);
#4812=ORIENTED_EDGE('',*,*,#4796,.T.);
#4813=EDGE_LOOP('',(#4809,#4810,#4811,#4812));
#4814=FACE_OUTER_BOUND('',#4813,.F.);
#4816=CARTESIAN_POINT('',(-3.277904774964E1,2.416988453950E1,1.727030468148E1));
#4817=CARTESIAN_POINT('',(-3.331221442894E1,2.416988453950E1,1.660393849384E1));
#4818=CARTESIAN_POINT('',(-3.277904774964E1,2.426922126473E1,1.727030468148E1));
#4819=CARTESIAN_POINT('',(-3.331221442894E1,2.426922126473E1,1.660393849384E1));
#4820=B_SPLINE_SURFACE_WITH_KNOTS('',1,1,((#4816,#4817),(#4818,#4819)),
.UNSPECIFIED.,.F.,.F.,.F.,(2,2),(2,2),(1.223294421194E0,1.322631146430E0),(
-8.267055788064E-1,2.670557880641E-2),.UNSPECIFIED.);
#4821=ORIENTED_EDGE('',*,*,#4763,.F.);
#4822=ORIENTED_EDGE('',*,*,#4557,.F.);
#4823=ORIENTED_EDGE('',*,*,#4733,.T.);
#4824=ORIENTED_EDGE('',*,*,#4748,.T.);
#4825=EDGE_LOOP('',(#4821,#4822,#4823,#4824));
#4826=FACE_OUTER_BOUND('',#4825,.F.);
#4828=CARTESIAN_POINT('',(-3.314469577403E1,2.416988453950E1,1.509534334292E1));
#4829=CARTESIAN_POINT('',(-3.247832958639E1,2.416988453950E1,1.456217666362E1));
#4830=CARTESIAN_POINT('',(-3.314469577403E1,2.426922126474E1,1.509534334292E1));
#4831=CARTESIAN_POINT('',(-3.247832958639E1,2.426922126474E1,1.456217666362E1));
#4832=B_SPLINE_SURFACE_WITH_KNOTS('',1,1,((#4828,#4829),(#4830,#4831)),
.UNSPECIFIED.,.F.,.F.,.F.,(2,2),(2,2),(1.223294421194E0,1.322631146441E0),(
-2.670557880641E-2,8.267055788064E-1),.UNSPECIFIED.);
#4833=ORIENTED_EDGE('',*,*,#4698,.F.);
#4834=ORIENTED_EDGE('',*,*,#4549,.F.);
#4835=ORIENTED_EDGE('',*,*,#4668,.T.);
#4836=ORIENTED_EDGE('',*,*,#4683,.T.);
#4837=EDGE_LOOP('',(#4833,#4834,#4835,#4836));
#4838=FACE_OUTER_BOUND('',#4837,.F.);
#4840=CARTESIAN_POINT('',(-3.159856394548E1,2.441497363857E1,1.526703017624E1));
#4841=CARTESIAN_POINT('',(-3.159856394548E1,2.316988453950E1,1.526703017624E1));
#4842=CARTESIAN_POINT('',(-3.093219775784E1,2.441497363857E1,1.473386349694E1));
#4843=CARTESIAN_POINT('',(-3.093219775784E1,2.316988453950E1,1.473386349694E1));
#4844=B_SPLINE_SURFACE_WITH_KNOTS('',1,1,((#4840,#4841),(#4842,#4843)),
.UNSPECIFIED.,.F.,.F.,.F.,(2,2),(2,2),(-8.267055788064E-1,2.670557880641E-2),(
-1.468383520266E0,-2.232944211936E-1),.UNSPECIFIED.);
#4845=ORIENTED_EDGE('',*,*,#4606,.F.);
#4846=ORIENTED_EDGE('',*,*,#4655,.T.);
#4847=ORIENTED_EDGE('',*,*,#4543,.T.);
#4849=ORIENTED_EDGE('',*,*,#4848,.T.);
#4851=ORIENTED_EDGE('',*,*,#4850,.F.);
#4852=EDGE_LOOP('',(#4845,#4846,#4847,#4849,#4851));
#4853=FACE_OUTER_BOUND('',#4852,.F.);
#4855=CARTESIAN_POINT('',(-3.043656775617E1,2.426922126474E1,1.539606150616E1));
#4856=CARTESIAN_POINT('',(-3.096973443547E1,2.426922126474E1,1.472969531852E1));
#4857=CARTESIAN_POINT('',(-3.043656775617E1,2.416988453950E1,1.539606150616E1));
#4858=CARTESIAN_POINT('',(-3.096973443547E1,2.416988453950E1,1.472969531852E1));
#4859=B_SPLINE_SURFACE_WITH_KNOTS('',1,1,((#4855,#4856),(#4857,#4858)),
.UNSPECIFIED.,.F.,.F.,.F.,(2,2),(2,2),(-1.322631146441E0,-1.223294421194E0),(
-8.267055788064E-1,2.670557880641E-2),.UNSPECIFIED.);
#4860=ORIENTED_EDGE('',*,*,#4848,.F.);
#4861=ORIENTED_EDGE('',*,*,#4541,.F.);
#4863=ORIENTED_EDGE('',*,*,#4862,.T.);
#4865=ORIENTED_EDGE('',*,*,#4864,.T.);
#4866=EDGE_LOOP('',(#4860,#4861,#4863,#4865));
#4867=FACE_OUTER_BOUND('',#4866,.F.);
#4869=CARTESIAN_POINT('',(-3.043239957776E1,2.441497363857E1,1.535852482853E1));
#4870=CARTESIAN_POINT('',(-3.043239957776E1,2.316988453950E1,1.535852482853E1));
#4871=CARTESIAN_POINT('',(-3.109876576539E1,2.441497363857E1,1.589169150783E1));
#4872=CARTESIAN_POINT('',(-3.109876576539E1,2.316988453950E1,1.589169150783E1));
#4873=B_SPLINE_SURFACE_WITH_KNOTS('',1,1,((#4869,#4870),(#4871,#4872)),
.UNSPECIFIED.,.F.,.F.,.F.,(2,2),(2,2),(-2.670557880641E-2,8.267055788064E-1),(
-1.468383520266E0,-2.232944211936E-1),.UNSPECIFIED.);
#4874=ORIENTED_EDGE('',*,*,#4610,.F.);
#4876=ORIENTED_EDGE('',*,*,#4875,.F.);
#4877=ORIENTED_EDGE('',*,*,#4862,.F.);
#4878=ORIENTED_EDGE('',*,*,#4539,.T.);
#4880=ORIENTED_EDGE('',*,*,#4879,.T.);
#4881=EDGE_LOOP('',(#4874,#4876,#4877,#4878,#4880));
#4882=FACE_OUTER_BOUND('',#4881,.F.);
#4884=CARTESIAN_POINT('',(-3.042614154216E1,2.421971782797E1,1.538771938136E1));
#4885=CARTESIAN_POINT('',(-3.095930822146E1,2.421971782797E1,1.472135319372E1));
#4886=CARTESIAN_POINT('',(-3.089780445512E1,2.317346240863E1,1.576510189823E1));
#4887=CARTESIAN_POINT('',(-3.143097113441E1,2.317346240863E1,1.509873571059E1));
#4888=B_SPLINE_SURFACE_WITH_KNOTS('',1,1,((#4884,#4885),(#4886,#4887)),
.UNSPECIFIED.,.F.,.F.,.F.,(2,2),(2,2),(-1.470081251780E0,-2.619695557884E-1),(
2.732944211936E-1,1.126705578806E0),.UNSPECIFIED.);
#4889=ORIENTED_EDGE('',*,*,#4608,.T.);
#4890=ORIENTED_EDGE('',*,*,#4850,.T.);
#4891=ORIENTED_EDGE('',*,*,#4864,.F.);
#4892=ORIENTED_EDGE('',*,*,#4875,.T.);
#4893=EDGE_LOOP('',(#4889,#4890,#4891,#4892));
#4894=FACE_OUTER_BOUND('',#4893,.F.);
#4896=CARTESIAN_POINT('',(-3.105634632464E1,2.316988453950E1,1.585927254928E1));
#4897=CARTESIAN_POINT('',(-3.105634632464E1,2.443064325186E1,1.585927254928E1));
#4898=CARTESIAN_POINT('',(-3.114378195252E1,2.316988453950E1,1.591728391208E1));
#4899=CARTESIAN_POINT('',(-3.114378195252E1,2.443064325186E1,1.591728391208E1));
#4900=CARTESIAN_POINT('',(-3.120585452646E1,2.316988453950E1,1.601352286407E1));
#4901=CARTESIAN_POINT('',(-3.120585452646E1,2.443064325186E1,1.601352286407E1));
#4902=CARTESIAN_POINT('',(-3.121917384846E1,2.316988453950E1,1.613347048771E1));
#4903=CARTESIAN_POINT('',(-3.121917384846E1,2.443064325186E1,1.613347048771E1));
#4904=CARTESIAN_POINT('',(-3.117972635703E1,2.316988453950E1,1.624098251372E1));
#4905=CARTESIAN_POINT('',(-3.117972635703E1,2.443064325186E1,1.624098251372E1));
#4906=CARTESIAN_POINT('',(-3.110714728185E1,2.316988453950E1,1.631676235987E1));
#4907=CARTESIAN_POINT('',(-3.110714728185E1,2.443064325186E1,1.631676235987E1));
#4908=B_SPLINE_SURFACE_WITH_KNOTS('',5,1,((#4896,#4897),(#4898,#4899),(#4900,
#4901),(#4902,#4903),(#4904,#4905),(#4906,#4907)),.UNSPECIFIED.,.F.,.F.,.F.,(6,
6),(2,2),(3.052574057568E0,4.801407576406E0),(2.232944211936E-1,
1.484053133560E0),.UNSPECIFIED.);
#4909=ORIENTED_EDGE('',*,*,#4612,.F.);
#4910=ORIENTED_EDGE('',*,*,#4879,.F.);
#4911=ORIENTED_EDGE('',*,*,#4537,.T.);
#4912=ORIENTED_EDGE('',*,*,#4590,.F.);
#4913=EDGE_LOOP('',(#4909,#4910,#4911,#4912));
#4914=FACE_OUTER_BOUND('',#4913,.F.);
#4916=CARTESIAN_POINT('',(2.895098116984E1,2.332770642243E1,-1.322437159361E1));
#4917=CARTESIAN_POINT('',(2.892663305385E1,2.371547381417E1,-1.283736937224E1));
#4918=CARTESIAN_POINT('',(3.008456736522E1,2.332770642243E1,-1.315305239532E1));
#4919=CARTESIAN_POINT('',(3.021827368286E1,2.371547381417E1,-1.275610623186E1));
#4920=CARTESIAN_POINT('',(3.125144186119E1,2.332770642243E1,-1.361083558363E1));
#4921=CARTESIAN_POINT('',(3.154784395647E1,2.371547381417E1,-1.327771752856E1));
#4922=CARTESIAN_POINT('',(3.216338884545E1,2.332770642243E1,-1.461496544226E1));
#4923=CARTESIAN_POINT('',(3.258694251039E1,2.371547381417E1,-1.442185189389E1));
#4924=CARTESIAN_POINT('',(3.252123312947E1,2.332770642243E1,-1.600035888198E1));
#4925=CARTESIAN_POINT('',(3.299468055270E1,2.371547381417E1,-1.600040892042E1));
#4926=CARTESIAN_POINT('',(3.216338884545E1,2.332770642243E1,-1.738458595527E1));
#4927=CARTESIAN_POINT('',(3.258694251039E1,2.371547381417E1,-1.757763695559E1));
#4928=CARTESIAN_POINT('',(3.125144186119E1,2.332770642243E1,-1.838916441637E1));
#4929=CARTESIAN_POINT('',(3.154784395647E1,2.371547381417E1,-1.872228247144E1));
#4930=CARTESIAN_POINT('',(3.008456736522E1,2.332770642243E1,-1.884694760468E1));
#4931=CARTESIAN_POINT('',(3.021827368286E1,2.371547381417E1,-1.924389376814E1));
#4932=CARTESIAN_POINT('',(2.895098116984E1,2.332770642243E1,-1.877562840639E1));
#4933=CARTESIAN_POINT('',(2.892663305385E1,2.371547381417E1,-1.916263062776E1));
#4934=B_SPLINE_SURFACE_WITH_KNOTS('',8,1,((#4916,#4917),(#4918,#4919),(#4920,
#4921),(#4922,#4923),(#4924,#4925),(#4926,#4927),(#4928,#4929),(#4930,#4931),(
#4932,#4933)),.UNSPECIFIED.,.F.,.F.,.F.,(9,9),(2,2),(-6.283185307180E-2,
3.204424506662E0),(2.781116304130E0,3.168883695870E0),.UNSPECIFIED.);
#4936=ORIENTED_EDGE('',*,*,#4935,.T.);
#4938=ORIENTED_EDGE('',*,*,#4937,.T.);
#4940=ORIENTED_EDGE('',*,*,#4939,.F.);
#4941=ORIENTED_EDGE('',*,*,#4339,.T.);
#4943=ORIENTED_EDGE('',*,*,#4942,.T.);
#4944=EDGE_LOOP('',(#4936,#4938,#4940,#4941,#4943));
#4945=FACE_OUTER_BOUND('',#4944,.F.);
#4947=CARTESIAN_POINT('',(2.920528387762E1,2.331988453950E1,-1.879886618100E1));
#4948=CARTESIAN_POINT('',(2.920528387762E1,2.372329569711E1,-1.879886618100E1));
#4949=CARTESIAN_POINT('',(2.806220721138E1,2.331988453950E1,-1.883140600012E1));
#4950=CARTESIAN_POINT('',(2.806220721138E1,2.372329569711E1,-1.883140600012E1));
#4951=CARTESIAN_POINT('',(2.690394255500E1,2.331988453950E1,-1.833041374676E1));
#4952=CARTESIAN_POINT('',(2.690394255500E1,2.372329569711E1,-1.833041374676E1));
#4953=CARTESIAN_POINT('',(2.602108793678E1,2.331988453950E1,-1.728851035226E1));
#4954=CARTESIAN_POINT('',(2.602108793678E1,2.372329569711E1,-1.728851035226E1));
#4955=CARTESIAN_POINT('',(2.570896026897E1,2.331988453950E1,-1.588215287565E1));
#4956=CARTESIAN_POINT('',(2.570896026897E1,2.372329569711E1,-1.588215287565E1));
#4957=CARTESIAN_POINT('',(2.611691470291E1,2.331988453950E1,-1.450173127230E1));
#4958=CARTESIAN_POINT('',(2.611691470291E1,2.372329569711E1,-1.450173127230E1));
#4959=CARTESIAN_POINT('',(2.706926910332E1,2.331988453950E1,-1.352248184212E1));
#4960=CARTESIAN_POINT('',(2.706926910332E1,2.372329569711E1,-1.352248184212E1));
#4961=CARTESIAN_POINT('',(2.825921166093E1,2.331988453950E1,-1.310223553132E1));
#4962=CARTESIAN_POINT('',(2.825921166093E1,2.372329569711E1,-1.310223553132E1));
#4963=CARTESIAN_POINT('',(2.939735314699E1,2.331988453950E1,-1.321321779317E1));
#4964=CARTESIAN_POINT('',(2.939735314699E1,2.372329569711E1,-1.321321779317E1));
#4965=B_SPLINE_SURFACE_WITH_KNOTS('',8,1,((#4947,#4948),(#4949,#4950),(#4951,
#4952),(#4953,#4954),(#4955,#4956),(#4957,#4958),(#4959,#4960),(#4961,#4962),(
#4963,#4964)),.UNSPECIFIED.,.F.,.F.,.F.,(9,9),(2,2),(3.078760800518E0,
6.346017160251E0),(-1.126705578806E0,-7.232944211936E-1),.UNSPECIFIED.);
#4967=ORIENTED_EDGE('',*,*,#4966,.F.);
#4969=ORIENTED_EDGE('',*,*,#4968,.F.);
#4971=ORIENTED_EDGE('',*,*,#4970,.F.);
#4973=ORIENTED_EDGE('',*,*,#4972,.T.);
#4974=ORIENTED_EDGE('',*,*,#4935,.F.);
#4975=EDGE_LOOP('',(#4967,#4969,#4971,#4973,#4974));
#4976=FACE_OUTER_BOUND('',#4975,.F.);
#4978=CARTESIAN_POINT('',(2.930023664505E1,2.332770642243E1,-1.877562840639E1));
#4979=CARTESIAN_POINT('',(2.932458476104E1,2.371547381417E1,-1.916263062776E1));
#4980=CARTESIAN_POINT('',(2.816665044967E1,2.332770642243E1,-1.884694760468E1));
#4981=CARTESIAN_POINT('',(2.803294413203E1,2.371547381417E1,-1.924389376814E1));
#4982=CARTESIAN_POINT('',(2.699977595370E1,2.332770642243E1,-1.838916441637E1));
#4983=CARTESIAN_POINT('',(2.670337385842E1,2.371547381417E1,-1.872228247144E1));
#4984=CARTESIAN_POINT('',(2.608782896944E1,2.332770642243E1,-1.738503455774E1));
#4985=CARTESIAN_POINT('',(2.566427530450E1,2.371547381417E1,-1.757814810611E1));
#4986=CARTESIAN_POINT('',(2.572998468542E1,2.332770642243E1,-1.599964111802E1));
#4987=CARTESIAN_POINT('',(2.525653726219E1,2.371547381417E1,-1.599959107958E1));
#4988=CARTESIAN_POINT('',(2.608782896944E1,2.332770642243E1,-1.461541404473E1));
#4989=CARTESIAN_POINT('',(2.566427530450E1,2.371547381417E1,-1.442236304441E1));
#4990=CARTESIAN_POINT('',(2.699977595370E1,2.332770642243E1,-1.361083558363E1));
#4991=CARTESIAN_POINT('',(2.670337385842E1,2.371547381417E1,-1.327771752856E1));
#4992=CARTESIAN_POINT('',(2.816665044967E1,2.332770642243E1,-1.315305239532E1));
#4993=CARTESIAN_POINT('',(2.803294413203E1,2.371547381417E1,-1.275610623186E1));
#4994=CARTESIAN_POINT('',(2.930023664505E1,2.332770642243E1,-1.322437159361E1));
#4995=CARTESIAN_POINT('',(2.932458476104E1,2.371547381417E1,-1.283736937224E1));
#4996=B_SPLINE_SURFACE_WITH_KNOTS('',8,1,((#4978,#4979),(#4980,#4981),(#4982,
#4983),(#4984,#4985),(#4986,#4987),(#4988,#4989),(#4990,#4991),(#4992,#4993),(
#4994,#4995)),.UNSPECIFIED.,.F.,.F.,.F.,(9,9),(2,2),(3.078760800518E0,
6.346017160251E0),(2.781116304130E0,3.168883695870E0),.UNSPECIFIED.);
#4997=ORIENTED_EDGE('',*,*,#4966,.T.);
#4998=ORIENTED_EDGE('',*,*,#4942,.F.);
#4999=ORIENTED_EDGE('',*,*,#4341,.T.);
#5000=ORIENTED_EDGE('',*,*,#4939,.T.);
#5002=ORIENTED_EDGE('',*,*,#5001,.T.);
#5003=EDGE_LOOP('',(#4997,#4998,#4999,#5000,#5002));
#5004=FACE_OUTER_BOUND('',#5003,.F.);
#5006=CARTESIAN_POINT('',(2.904593393727E1,2.331988453950E1,-1.320113381900E1));
#5007=CARTESIAN_POINT('',(2.904593393727E1,2.372329569711E1,-1.320113381900E1));
#5008=CARTESIAN_POINT('',(3.018901060351E1,2.331988453950E1,-1.316859399988E1));
#5009=CARTESIAN_POINT('',(3.018901060351E1,2.372329569711E1,-1.316859399988E1));
#5010=CARTESIAN_POINT('',(3.134727525989E1,2.331988453950E1,-1.366958625324E1));
#5011=CARTESIAN_POINT('',(3.134727525989E1,2.372329569711E1,-1.366958625324E1));
#5012=CARTESIAN_POINT('',(3.223012987811E1,2.331988453950E1,-1.471148964774E1));
#5013=CARTESIAN_POINT('',(3.223012987811E1,2.372329569711E1,-1.471148964774E1));
#5014=CARTESIAN_POINT('',(3.254225754592E1,2.331988453950E1,-1.611784712435E1));
#5015=CARTESIAN_POINT('',(3.254225754592E1,2.372329569711E1,-1.611784712435E1));
#5016=CARTESIAN_POINT('',(3.213430311198E1,2.331988453950E1,-1.749826872770E1));
#5017=CARTESIAN_POINT('',(3.213430311198E1,2.372329569711E1,-1.749826872770E1));
#5018=CARTESIAN_POINT('',(3.118194871157E1,2.331988453950E1,-1.847751815788E1));
#5019=CARTESIAN_POINT('',(3.118194871157E1,2.372329569711E1,-1.847751815788E1));
#5020=CARTESIAN_POINT('',(2.999200615396E1,2.331988453950E1,-1.889776446868E1));
#5021=CARTESIAN_POINT('',(2.999200615396E1,2.372329569711E1,-1.889776446868E1));
#5022=CARTESIAN_POINT('',(2.885386466791E1,2.331988453950E1,-1.878678220683E1));
#5023=CARTESIAN_POINT('',(2.885386466791E1,2.372329569711E1,-1.878678220683E1));
#5024=B_SPLINE_SURFACE_WITH_KNOTS('',8,1,((#5006,#5007),(#5008,#5009),(#5010,
#5011),(#5012,#5013),(#5014,#5015),(#5016,#5017),(#5018,#5019),(#5020,#5021),(
#5022,#5023)),.UNSPECIFIED.,.F.,.F.,.F.,(9,9),(2,2),(-6.283185307180E-2,
3.204424506662E0),(-1.126705578806E0,-7.232944211936E-1),.UNSPECIFIED.);
#5025=ORIENTED_EDGE('',*,*,#5001,.F.);
#5026=ORIENTED_EDGE('',*,*,#4937,.F.);
#5027=ORIENTED_EDGE('',*,*,#4972,.F.);
#5029=ORIENTED_EDGE('',*,*,#5028,.F.);
#5030=ORIENTED_EDGE('',*,*,#4968,.T.);
#5031=EDGE_LOOP('',(#5025,#5026,#5027,#5029,#5030));
#5032=FACE_OUTER_BOUND('',#5031,.F.);
#5034=CARTESIAN_POINT('',(3.150609374950E1,2.294425849631E1,-1.898452903365E1));
#5035=CARTESIAN_POINT('',(3.186888520330E1,2.348462580582E1,-1.795295380997E1));
#5036=CARTESIAN_POINT('',(3.209059376788E1,2.378204007411E1,-1.674449614134E1));
#5037=CARTESIAN_POINT('',(3.213473071539E1,2.378204007411E1,-1.546093073541E1));
#5038=CARTESIAN_POINT('',(3.199655623501E1,2.348462580582E1,-1.424009805340E1));
#5039=CARTESIAN_POINT('',(3.170548184078E1,2.294425849631E1,-1.318603886242E1));
#5040=CARTESIAN_POINT('',(3.094854058804E1,2.328198806475E1,-1.896535689446E1));
#5041=CARTESIAN_POINT('',(3.123783634107E1,2.386687430630E1,-1.793125443230E1));
#5042=CARTESIAN_POINT('',(3.142279705527E1,2.418654804061E1,-1.672153314443E1));
#5043=CARTESIAN_POINT('',(3.146693400278E1,2.418654804061E1,-1.543796773849E1));
#5044=CARTESIAN_POINT('',(3.136550737278E1,2.386687430630E1,-1.421839867573E1));
#5045=CARTESIAN_POINT('',(3.114792867932E1,2.328198806475E1,-1.316686672323E1));
#5046=CARTESIAN_POINT('',(3.033849049746E1,2.353294868991E1,-1.894437958493E1));
#5047=CARTESIAN_POINT('',(3.055429054973E1,2.416235386349E1,-1.790774988428E1));
#5048=CARTESIAN_POINT('',(3.070250341355E1,2.450428706382E1,-1.669676497717E1));
#5049=CARTESIAN_POINT('',(3.074664036106E1,2.450428706382E1,-1.541319957124E1));
#5050=CARTESIAN_POINT('',(3.068196158143E1,2.416235386349E1,-1.419489412772E1));
#5051=CARTESIAN_POINT('',(3.053787858873E1,2.353294868991E1,-1.314588941370E1));
#5052=CARTESIAN_POINT('',(2.969167885677E1,2.368760892489E1,-1.892213818507E1));
#5053=CARTESIAN_POINT('',(2.980376382851E1,2.429546279022E1,-1.788194211606E1));
#5054=CARTESIAN_POINT('',(2.986979012312E1,2.464800424563E1,-1.666813112445E1));
#5055=CARTESIAN_POINT('',(2.991392707063E1,2.464800424563E1,-1.538456571852E1));
#5056=CARTESIAN_POINT('',(2.993143486022E1,2.429546279022E1,-1.416908635949E1));
#5057=CARTESIAN_POINT('',(2.989106694805E1,2.368760892489E1,-1.312364801384E1));
#5058=CARTESIAN_POINT('',(2.902591486181E1,2.373986567300E1,-1.889924508562E1));
#5059=CARTESIAN_POINT('',(2.906177339159E1,2.442475936331E1,-1.785642787828E1));
#5060=CARTESIAN_POINT('',(2.910354043369E1,2.477704926824E1,-1.664178270297E1));
#5061=CARTESIAN_POINT('',(2.914767738120E1,2.477704926824E1,-1.535821729703E1));
#5062=CARTESIAN_POINT('',(2.918944442330E1,2.442475936331E1,-1.414357212172E1));
#5063=CARTESIAN_POINT('',(2.922530295309E1,2.373986567300E1,-1.310075491438E1));
#5064=CARTESIAN_POINT('',(2.836015086684E1,2.368760892489E1,-1.887635198616E1));
#5065=CARTESIAN_POINT('',(2.831978295468E1,2.429546279022E1,-1.783091364051E1));
#5066=CARTESIAN_POINT('',(2.833729074426E1,2.464800424563E1,-1.661543428148E1));
#5067=CARTESIAN_POINT('',(2.838142769177E1,2.464800424563E1,-1.533186887555E1));
#5068=CARTESIAN_POINT('',(2.844745398638E1,2.429546279022E1,-1.411805788394E1));
#5069=CARTESIAN_POINT('',(2.855953895812E1,2.368760892489E1,-1.307786181493E1));
#5070=CARTESIAN_POINT('',(2.771333922616E1,2.353294868991E1,-1.885411058630E1));
#5071=CARTESIAN_POINT('',(2.756925623346E1,2.416235386349E1,-1.780510587228E1));
#5072=CARTESIAN_POINT('',(2.750457745384E1,2.450428706382E1,-1.658680042876E1));
#5073=CARTESIAN_POINT('',(2.754871440135E1,2.450428706382E1,-1.530323502283E1));
#5074=CARTESIAN_POINT('',(2.769692726517E1,2.416235386349E1,-1.409225011572E1));
#5075=CARTESIAN_POINT('',(2.791272731744E1,2.353294868991E1,-1.305562041507E1));
#5076=CARTESIAN_POINT('',(2.710328913558E1,2.328198806475E1,-1.883313327677E1));
#5077=CARTESIAN_POINT('',(2.688571044211E1,2.386687430630E1,-1.778160132427E1));
#5078=CARTESIAN_POINT('',(2.678428381211E1,2.418654804061E1,-1.656203226151E1));
#5079=CARTESIAN_POINT('',(2.682842075962E1,2.418654804061E1,-1.527846685557E1));
#5080=CARTESIAN_POINT('',(2.701338147382E1,2.386687430630E1,-1.406874556770E1));
#5081=CARTESIAN_POINT('',(2.730267722686E1,2.328198806475E1,-1.303464310554E1));
#5082=CARTESIAN_POINT('',(2.654573597411E1,2.294425849631E1,-1.881396113758E1));
#5083=CARTESIAN_POINT('',(2.625466157989E1,2.348462580582E1,-1.775990194660E1));
#5084=CARTESIAN_POINT('',(2.611648709950E1,2.378204007411E1,-1.653906926459E1));
#5085=CARTESIAN_POINT('',(2.616062404701E1,2.378204007411E1,-1.525550385866E1));
#5086=CARTESIAN_POINT('',(2.638233261159E1,2.348462580582E1,-1.404704619003E1));
#5087=CARTESIAN_POINT('',(2.674512406539E1,2.294425849631E1,-1.301547096635E1));
#5088=B_SPLINE_SURFACE_WITH_KNOTS('',8,5,((#5034,#5035,#5036,#5037,#5038,#5039),
(#5040,#5041,#5042,#5043,#5044,#5045),(#5046,#5047,#5048,#5049,#5050,#5051),(
#5052,#5053,#5054,#5055,#5056,#5057),(#5058,#5059,#5060,#5061,#5062,#5063),(
#5064,#5065,#5066,#5067,#5068,#5069),(#5070,#5071,#5072,#5073,#5074,#5075),(
#5076,#5077,#5078,#5079,#5080,#5081),(#5082,#5083,#5084,#5085,#5086,#5087)),
.UNSPECIFIED.,.F.,.F.,.F.,(9,9),(6,6),(4.168024895390E0,5.256753065379E0),(
-5.443640849945E-1,5.443640849945E-1),.UNSPECIFIED.);
#5089=ORIENTED_EDGE('',*,*,#5028,.T.);
#5090=ORIENTED_EDGE('',*,*,#4970,.T.);
#5091=EDGE_LOOP('',(#5089,#5090));
#5092=FACE_OUTER_BOUND('',#5091,.F.);
#5094=ORIENTED_EDGE('',*,*,#5093,.T.);
#5096=ORIENTED_EDGE('',*,*,#5095,.T.);
#5098=ORIENTED_EDGE('',*,*,#5097,.F.);
#5100=ORIENTED_EDGE('',*,*,#5099,.F.);
#5102=ORIENTED_EDGE('',*,*,#5101,.T.);
#5104=ORIENTED_EDGE('',*,*,#5103,.F.);
#5106=ORIENTED_EDGE('',*,*,#5105,.F.);
#5108=ORIENTED_EDGE('',*,*,#5107,.T.);
#5110=ORIENTED_EDGE('',*,*,#5109,.T.);
#5112=ORIENTED_EDGE('',*,*,#5111,.T.);
#5114=ORIENTED_EDGE('',*,*,#5113,.F.);
#5116=ORIENTED_EDGE('',*,*,#5115,.F.);
#5118=ORIENTED_EDGE('',*,*,#5117,.T.);
#5120=ORIENTED_EDGE('',*,*,#5119,.F.);
#5122=ORIENTED_EDGE('',*,*,#5121,.F.);
#5124=ORIENTED_EDGE('',*,*,#5123,.T.);
#5125=EDGE_LOOP('',(#5094,#5096,#5098,#5100,#5102,#5104,#5106,#5108,#5110,#5112,
#5114,#5116,#5118,#5120,#5122,#5124));
#5126=FACE_BOUND('',#5125,.F.);
#5128=CARTESIAN_POINT('',(2.761183081029E1,2.426922126474E1,-1.637490468595E1));
#5129=CARTESIAN_POINT('',(2.764115905028E1,2.426922126474E1,-1.552199762286E1));
#5130=CARTESIAN_POINT('',(2.761183081029E1,2.416988453950E1,-1.637490468595E1));
#5131=CARTESIAN_POINT('',(2.764115905028E1,2.416988453950E1,-1.552199762286E1));
#5132=B_SPLINE_SURFACE_WITH_KNOTS('',1,1,((#5128,#5129),(#5130,#5131)),
.UNSPECIFIED.,.F.,.F.,.F.,(2,2),(2,2),(-1.322631146441E0,-1.223294421194E0),(
-2.670557880641E-2,8.267055788064E-1),.UNSPECIFIED.);
#5134=ORIENTED_EDGE('',*,*,#5133,.F.);
#5135=ORIENTED_EDGE('',*,*,#5093,.F.);
#5137=ORIENTED_EDGE('',*,*,#5136,.T.);
#5139=ORIENTED_EDGE('',*,*,#5138,.T.);
#5140=EDGE_LOOP('',(#5134,#5135,#5137,#5139));
#5141=FACE_OUTER_BOUND('',#5140,.F.);
#5143=CARTESIAN_POINT('',(2.761355148481E1,2.441497363857E1,-1.554776966599E1));
#5144=CARTESIAN_POINT('',(2.846645854790E1,2.441497363857E1,-1.557709790599E1));
#5145=CARTESIAN_POINT('',(2.761355148481E1,2.316988453950E1,-1.554776966599E1));
#5146=CARTESIAN_POINT('',(2.846645854790E1,2.316988453950E1,-1.557709790599E1));
#5147=B_SPLINE_SURFACE_WITH_KNOTS('',1,1,((#5143,#5144),(#5145,#5146)),
.UNSPECIFIED.,.F.,.F.,.F.,(2,2),(2,2),(-1.468383520266E0,-2.232944211936E-1),(
-2.670557880641E-2,8.267055788064E-1),.UNSPECIFIED.);
#5149=ORIENTED_EDGE('',*,*,#5148,.T.);
#5151=ORIENTED_EDGE('',*,*,#5150,.T.);
#5152=ORIENTED_EDGE('',*,*,#5095,.F.);
#5153=ORIENTED_EDGE('',*,*,#5133,.T.);
#5155=ORIENTED_EDGE('',*,*,#5154,.F.);
#5156=EDGE_LOOP('',(#5149,#5151,#5152,#5153,#5155));
#5157=FACE_OUTER_BOUND('',#5156,.F.);
#5159=CARTESIAN_POINT('',(2.815232376641E1,2.319659011830E1,-1.697328514103E1));
#5160=CARTESIAN_POINT('',(3.009889404848E1,2.319659011830E1,-1.697328514103E1));
#5161=CARTESIAN_POINT('',(2.815232376641E1,2.319659011830E1,-1.502671485897E1));
#5162=CARTESIAN_POINT('',(3.009889404848E1,2.319659011830E1,-1.502671485897E1));
#5163=B_SPLINE_SURFACE_WITH_KNOTS('',1,1,((#5159,#5160),(#5161,#5162)),
.UNSPECIFIED.,.F.,.F.,.F.,(2,2),(2,2),(3.526714858968E0,5.473285141032E0),(
-8.973285141032E0,-7.026714858968E0),.UNSPECIFIED.);
#5164=ORIENTED_EDGE('',*,*,#5148,.F.);
#5166=ORIENTED_EDGE('',*,*,#5165,.F.);
#5168=ORIENTED_EDGE('',*,*,#5167,.T.);
#5170=ORIENTED_EDGE('',*,*,#5169,.T.);
#5172=ORIENTED_EDGE('',*,*,#5171,.T.);
#5174=ORIENTED_EDGE('',*,*,#5173,.T.);
#5176=ORIENTED_EDGE('',*,*,#5175,.T.);
#5178=ORIENTED_EDGE('',*,*,#5177,.T.);
#5180=ORIENTED_EDGE('',*,*,#5179,.T.);
#5182=ORIENTED_EDGE('',*,*,#5181,.T.);
#5184=ORIENTED_EDGE('',*,*,#5183,.T.);
#5186=ORIENTED_EDGE('',*,*,#5185,.T.);
#5188=ORIENTED_EDGE('',*,*,#5187,.T.);
#5190=ORIENTED_EDGE('',*,*,#5189,.F.);
#5192=ORIENTED_EDGE('',*,*,#5191,.T.);
#5194=ORIENTED_EDGE('',*,*,#5193,.T.);
#5195=EDGE_LOOP('',(#5164,#5166,#5168,#5170,#5172,#5174,#5176,#5178,#5180,#5182,
#5184,#5186,#5188,#5190,#5192,#5194));
#5196=FACE_OUTER_BOUND('',#5195,.F.);
#5198=CARTESIAN_POINT('',(2.759848590814E1,2.421971782797E1,-1.637444580537E1));
#5199=CARTESIAN_POINT('',(2.762781414813E1,2.421971782797E1,-1.552153874227E1));
#5200=CARTESIAN_POINT('',(2.820218495128E1,2.317346240863E1,-1.639520472646E1));
#5201=CARTESIAN_POINT('',(2.823151319127E1,2.317346240863E1,-1.554229766336E1));
#5202=B_SPLINE_SURFACE_WITH_KNOTS('',1,1,((#5198,#5199),(#5200,#5201)),
.UNSPECIFIED.,.F.,.F.,.F.,(2,2),(2,2),(-1.470081251780E0,-2.619695557884E-1),(
2.732944211936E-1,1.126705578806E0),.UNSPECIFIED.);
#5203=ORIENTED_EDGE('',*,*,#5165,.T.);
#5204=ORIENTED_EDGE('',*,*,#5154,.T.);
#5205=ORIENTED_EDGE('',*,*,#5138,.F.);
#5207=ORIENTED_EDGE('',*,*,#5206,.T.);
#5208=EDGE_LOOP('',(#5203,#5204,#5205,#5207));
#5209=FACE_OUTER_BOUND('',#5208,.F.);
#5211=CARTESIAN_POINT('',(2.758605876716E1,2.316988453950E1,-1.634729712048E1));
#5212=CARTESIAN_POINT('',(2.843896583025E1,2.316988453950E1,-1.637662536047E1));
#5213=CARTESIAN_POINT('',(2.758605876716E1,2.441497363857E1,-1.634729712048E1));
#5214=CARTESIAN_POINT('',(2.843896583025E1,2.441497363857E1,-1.637662536047E1));
#5215=B_SPLINE_SURFACE_WITH_KNOTS('',1,1,((#5211,#5212),(#5213,#5214)),
.UNSPECIFIED.,.F.,.F.,.F.,(2,2),(2,2),(2.232944211936E-1,1.468383520266E0),(
-2.670557880641E-2,8.267055788064E-1),.UNSPECIFIED.);
#5216=ORIENTED_EDGE('',*,*,#5167,.F.);
#5217=ORIENTED_EDGE('',*,*,#5206,.F.);
#5218=ORIENTED_EDGE('',*,*,#5136,.F.);
#5219=ORIENTED_EDGE('',*,*,#5123,.F.);
#5221=ORIENTED_EDGE('',*,*,#5220,.T.);
#5222=EDGE_LOOP('',(#5216,#5217,#5218,#5219,#5221));
#5223=FACE_OUTER_BOUND('',#5222,.F.);
#5225=CARTESIAN_POINT('',(2.838558063546E1,2.316988453950E1,-1.637597820994E1));
#5226=CARTESIAN_POINT('',(2.838558063546E1,2.443064325178E1,-1.637597820994E1));
#5227=CARTESIAN_POINT('',(2.849035401574E1,2.316988453950E1,-1.637024706516E1));
#5228=CARTESIAN_POINT('',(2.849035401574E1,2.443064325178E1,-1.637024706516E1));
#5229=CARTESIAN_POINT('',(2.859763310054E1,2.316988453950E1,-1.641032372022E1));
#5230=CARTESIAN_POINT('',(2.859763310054E1,2.443064325178E1,-1.641032372022E1));
#5231=CARTESIAN_POINT('',(2.867998709470E1,2.316988453950E1,-1.649854308546E1));
#5232=CARTESIAN_POINT('',(2.867998709470E1,2.443064325178E1,-1.649854308546E1));
#5233=CARTESIAN_POINT('',(2.871259995891E1,2.316988453950E1,-1.660832168721E1));
#5234=CARTESIAN_POINT('',(2.871259995891E1,2.443064325178E1,-1.660832168721E1));
#5235=CARTESIAN_POINT('',(2.869968534252E1,2.316988453950E1,-1.671245391046E1));
#5236=CARTESIAN_POINT('',(2.869968534252E1,2.443064325178E1,-1.671245391046E1));
#5237=B_SPLINE_SURFACE_WITH_KNOTS('',5,1,((#5225,#5226),(#5227,#5228),(#5229,
#5230),(#5231,#5232),(#5233,#5234),(#5235,#5236)),.UNSPECIFIED.,.F.,.F.,.F.,(6,
6),(2,2),(1.481777730774E0,3.230611249611E0),(2.232944211936E-1,
1.484053133480E0),.UNSPECIFIED.);
#5238=ORIENTED_EDGE('',*,*,#5169,.F.);
#5239=ORIENTED_EDGE('',*,*,#5220,.F.);
#5240=ORIENTED_EDGE('',*,*,#5121,.T.);
#5242=ORIENTED_EDGE('',*,*,#5241,.F.);
#5243=EDGE_LOOP('',(#5238,#5239,#5240,#5242));
#5244=FACE_OUTER_BOUND('',#5243,.F.);
#5246=CARTESIAN_POINT('',(2.870270681343E1,2.441497363857E1,-1.665915035955E1));
#5247=CARTESIAN_POINT('',(2.870270681343E1,2.316988453950E1,-1.665915035955E1));
#5248=CARTESIAN_POINT('',(2.867337857344E1,2.441497363857E1,-1.751205742264E1));
#5249=CARTESIAN_POINT('',(2.867337857344E1,2.316988453950E1,-1.751205742264E1));
#5250=B_SPLINE_SURFACE_WITH_KNOTS('',1,1,((#5246,#5247),(#5248,#5249)),
.UNSPECIFIED.,.F.,.F.,.F.,(2,2),(2,2),(-2.670557880641E-2,8.267055788064E-1),(
-1.468383520266E0,-2.232944211936E-1),.UNSPECIFIED.);
#5251=ORIENTED_EDGE('',*,*,#5171,.F.);
#5252=ORIENTED_EDGE('',*,*,#5241,.T.);
#5253=ORIENTED_EDGE('',*,*,#5119,.T.);
#5255=ORIENTED_EDGE('',*,*,#5254,.T.);
#5257=ORIENTED_EDGE('',*,*,#5256,.F.);
#5258=EDGE_LOOP('',(#5251,#5252,#5253,#5255,#5257));
#5259=FACE_OUTER_BOUND('',#5258,.F.);
#5261=CARTESIAN_POINT('',(2.864760653030E1,2.416988453950E1,-1.748444985716E1));
#5262=CARTESIAN_POINT('',(2.950051359340E1,2.416988453950E1,-1.751377809716E1));
#5263=CARTESIAN_POINT('',(2.864760653030E1,2.426922126473E1,-1.748444985716E1));
#5264=CARTESIAN_POINT('',(2.950051359340E1,2.426922126473E1,-1.751377809716E1));
#5265=B_SPLINE_SURFACE_WITH_KNOTS('',1,1,((#5261,#5262),(#5263,#5264)),
.UNSPECIFIED.,.F.,.F.,.F.,(2,2),(2,2),(1.223294421194E0,1.322631146430E0),(
-8.267055788064E-1,2.670557880641E-2),.UNSPECIFIED.);
#5266=ORIENTED_EDGE('',*,*,#5254,.F.);
#5267=ORIENTED_EDGE('',*,*,#5117,.F.);
#5269=ORIENTED_EDGE('',*,*,#5268,.T.);
#5271=ORIENTED_EDGE('',*,*,#5270,.T.);
#5272=EDGE_LOOP('',(#5266,#5267,#5269,#5271));
#5273=FACE_OUTER_BOUND('',#5272,.F.);
#5275=CARTESIAN_POINT('',(2.947290602792E1,2.441497363857E1,-1.753955014029E1));
#5276=CARTESIAN_POINT('',(2.947290602792E1,2.316988453950E1,-1.753955014029E1));
#5277=CARTESIAN_POINT('',(2.950223426792E1,2.441497363857E1,-1.668664307720E1));
#5278=CARTESIAN_POINT('',(2.950223426792E1,2.316988453950E1,-1.668664307720E1));
#5279=B_SPLINE_SURFACE_WITH_KNOTS('',1,1,((#5275,#5276),(#5277,#5278)),
.UNSPECIFIED.,.F.,.F.,.F.,(2,2),(2,2),(-8.267055788064E-1,2.670557880641E-2),(
-1.468383520266E0,-2.232944211936E-1),.UNSPECIFIED.);
#5280=ORIENTED_EDGE('',*,*,#5175,.F.);
#5282=ORIENTED_EDGE('',*,*,#5281,.F.);
#5283=ORIENTED_EDGE('',*,*,#5268,.F.);
#5284=ORIENTED_EDGE('',*,*,#5115,.T.);
#5286=ORIENTED_EDGE('',*,*,#5285,.T.);
#5287=EDGE_LOOP('',(#5280,#5282,#5283,#5284,#5286));
#5288=FACE_OUTER_BOUND('',#5287,.F.);
#5290=CARTESIAN_POINT('',(2.866790657081E1,2.317346240863E1,-1.689409571617E1));
#5291=CARTESIAN_POINT('',(2.952081363391E1,2.317346240863E1,-1.692342395617E1));
#5292=CARTESIAN_POINT('',(2.864714764972E1,2.421971782797E1,-1.749779475932E1));
#5293=CARTESIAN_POINT('',(2.950005471281E1,2.421971782797E1,-1.752712299931E1));
#5294=B_SPLINE_SURFACE_WITH_KNOTS('',1,1,((#5290,#5291),(#5292,#5293)),
.UNSPECIFIED.,.F.,.F.,.F.,(2,2),(2,2),(2.619695557884E-1,1.470081251780E0),(
2.732944211936E-1,1.126705578806E0),.UNSPECIFIED.);
#5295=ORIENTED_EDGE('',*,*,#5173,.F.);
#5296=ORIENTED_EDGE('',*,*,#5256,.T.);
#5297=ORIENTED_EDGE('',*,*,#5270,.F.);
#5298=ORIENTED_EDGE('',*,*,#5281,.T.);
#5299=EDGE_LOOP('',(#5295,#5296,#5297,#5298));
#5300=FACE_OUTER_BOUND('',#5299,.F.);
#5302=CARTESIAN_POINT('',(2.950158711739E1,2.316988453950E1,-1.674002827199E1));
#5303=CARTESIAN_POINT('',(2.950158711739E1,2.443064325186E1,-1.674002827199E1));
#5304=CARTESIAN_POINT('',(2.949585597261E1,2.316988453950E1,-1.663525489171E1));
#5305=CARTESIAN_POINT('',(2.949585597261E1,2.443064325186E1,-1.663525489171E1));
#5306=CARTESIAN_POINT('',(2.953593262766E1,2.316988453950E1,-1.652797580691E1));
#5307=CARTESIAN_POINT('',(2.953593262766E1,2.443064325186E1,-1.652797580691E1));
#5308=CARTESIAN_POINT('',(2.962415199290E1,2.316988453950E1,-1.644562181275E1));
#5309=CARTESIAN_POINT('',(2.962415199290E1,2.443064325186E1,-1.644562181275E1));
#5310=CARTESIAN_POINT('',(2.973393059466E1,2.316988453950E1,-1.641300894854E1));
#5311=CARTESIAN_POINT('',(2.973393059466E1,2.443064325186E1,-1.641300894854E1));
#5312=CARTESIAN_POINT('',(2.983806281791E1,2.316988453950E1,-1.642592356493E1));
#5313=CARTESIAN_POINT('',(2.983806281791E1,2.443064325186E1,-1.642592356493E1));
#5314=B_SPLINE_SURFACE_WITH_KNOTS('',5,1,((#5302,#5303),(#5304,#5305),(#5306,
#5307),(#5308,#5309),(#5310,#5311),(#5312,#5313)),.UNSPECIFIED.,.F.,.F.,.F.,(6,
6),(2,2),(-8.901859602136E-2,1.659814922816E0),(2.232944211936E-1,
1.484053133560E0),.UNSPECIFIED.);
#5315=ORIENTED_EDGE('',*,*,#5177,.F.);
#5316=ORIENTED_EDGE('',*,*,#5285,.F.);
#5317=ORIENTED_EDGE('',*,*,#5113,.T.);
#5319=ORIENTED_EDGE('',*,*,#5318,.F.);
#5320=EDGE_LOOP('',(#5315,#5316,#5317,#5319));
#5321=FACE_OUTER_BOUND('',#5320,.F.);
#5323=CARTESIAN_POINT('',(2.978475926699E1,2.441497363857E1,-1.642290209401E1));
#5324=CARTESIAN_POINT('',(2.978475926699E1,2.316988453950E1,-1.642290209401E1));
#5325=CARTESIAN_POINT('',(3.063766633009E1,2.441497363857E1,-1.645223033401E1));
#5326=CARTESIAN_POINT('',(3.063766633009E1,2.316988453950E1,-1.645223033401E1));
#5327=B_SPLINE_SURFACE_WITH_KNOTS('',1,1,((#5323,#5324),(#5325,#5326)),
.UNSPECIFIED.,.F.,.F.,.F.,(2,2),(2,2),(-2.670557880641E-2,8.267055788064E-1),(
-1.468383520266E0,-2.232944211936E-1),.UNSPECIFIED.);
#5328=ORIENTED_EDGE('',*,*,#5179,.F.);
#5329=ORIENTED_EDGE('',*,*,#5318,.T.);
#5330=ORIENTED_EDGE('',*,*,#5111,.F.);
#5332=ORIENTED_EDGE('',*,*,#5331,.T.);
#5334=ORIENTED_EDGE('',*,*,#5333,.F.);
#5335=EDGE_LOOP('',(#5328,#5329,#5330,#5332,#5334));
#5336=FACE_OUTER_BOUND('',#5335,.F.);
#5338=CARTESIAN_POINT('',(3.061005876461E1,2.416988453950E1,-1.647800237714E1));
#5339=CARTESIAN_POINT('',(3.063938700460E1,2.416988453950E1,-1.562509531405E1));
#5340=CARTESIAN_POINT('',(3.061005876461E1,2.426922126474E1,-1.647800237714E1));
#5341=CARTESIAN_POINT('',(3.063938700460E1,2.426922126474E1,-1.562509531405E1));
#5342=B_SPLINE_SURFACE_WITH_KNOTS('',1,1,((#5338,#5339),(#5340,#5341)),
.UNSPECIFIED.,.F.,.F.,.F.,(2,2),(2,2),(1.223294421194E0,1.322631146441E0),(
-2.670557880641E-2,8.267055788064E-1),.UNSPECIFIED.);
#5343=ORIENTED_EDGE('',*,*,#5331,.F.);
#5344=ORIENTED_EDGE('',*,*,#5109,.F.);
#5346=ORIENTED_EDGE('',*,*,#5345,.T.);
#5348=ORIENTED_EDGE('',*,*,#5347,.T.);
#5349=EDGE_LOOP('',(#5343,#5344,#5346,#5348));
#5350=FACE_OUTER_BOUND('',#5349,.F.);
#5352=CARTESIAN_POINT('',(3.066515904774E1,2.441497363857E1,-1.565270287952E1));
#5353=CARTESIAN_POINT('',(3.066515904774E1,2.316988453950E1,-1.565270287952E1));
#5354=CARTESIAN_POINT('',(2.981225198464E1,2.441497363857E1,-1.562337463953E1));
#5355=CARTESIAN_POINT('',(2.981225198464E1,2.316988453950E1,-1.562337463953E1));
#5356=B_SPLINE_SURFACE_WITH_KNOTS('',1,1,((#5352,#5353),(#5354,#5355)),
.UNSPECIFIED.,.F.,.F.,.F.,(2,2),(2,2),(-8.267055788064E-1,2.670557880641E-2),(
-1.468383520266E0,-2.232944211936E-1),.UNSPECIFIED.);
#5357=ORIENTED_EDGE('',*,*,#5183,.F.);
#5359=ORIENTED_EDGE('',*,*,#5358,.F.);
#5360=ORIENTED_EDGE('',*,*,#5345,.F.);
#5361=ORIENTED_EDGE('',*,*,#5107,.F.);
#5363=ORIENTED_EDGE('',*,*,#5362,.T.);
#5364=EDGE_LOOP('',(#5357,#5359,#5360,#5361,#5363));
#5365=FACE_OUTER_BOUND('',#5364,.F.);
#5367=CARTESIAN_POINT('',(3.001970462362E1,2.317346240863E1,-1.645770233664E1));
#5368=CARTESIAN_POINT('',(3.004903286361E1,2.317346240863E1,-1.560479527354E1));
#5369=CARTESIAN_POINT('',(3.062340366676E1,2.421971782797E1,-1.647846125773E1));
#5370=CARTESIAN_POINT('',(3.065273190676E1,2.421971782797E1,-1.562555419463E1));
#5371=B_SPLINE_SURFACE_WITH_KNOTS('',1,1,((#5367,#5368),(#5369,#5370)),
.UNSPECIFIED.,.F.,.F.,.F.,(2,2),(2,2),(2.619695557884E-1,1.470081251780E0),(
2.732944211936E-1,1.126705578806E0),.UNSPECIFIED.);
#5372=ORIENTED_EDGE('',*,*,#5181,.F.);
#5373=ORIENTED_EDGE('',*,*,#5333,.T.);
#5374=ORIENTED_EDGE('',*,*,#5347,.F.);
#5375=ORIENTED_EDGE('',*,*,#5358,.T.);
#5376=EDGE_LOOP('',(#5372,#5373,#5374,#5375));
#5377=FACE_OUTER_BOUND('',#5376,.F.);
#5379=CARTESIAN_POINT('',(2.986563717944E1,2.316988453950E1,-1.562402179006E1));
#5380=CARTESIAN_POINT('',(2.986563717944E1,2.443064325178E1,-1.562402179006E1));
#5381=CARTESIAN_POINT('',(2.976086379916E1,2.316988453950E1,-1.562975293483E1));
#5382=CARTESIAN_POINT('',(2.976086379916E1,2.443064325178E1,-1.562975293483E1));
#5383=CARTESIAN_POINT('',(2.965358471435E1,2.316988453950E1,-1.558967627978E1));
#5384=CARTESIAN_POINT('',(2.965358471435E1,2.443064325178E1,-1.558967627978E1));
#5385=CARTESIAN_POINT('',(2.957123072020E1,2.316988453950E1,-1.550145691454E1));
#5386=CARTESIAN_POINT('',(2.957123072020E1,2.443064325178E1,-1.550145691454E1));
#5387=CARTESIAN_POINT('',(2.953861785598E1,2.316988453950E1,-1.539167831279E1));
#5388=CARTESIAN_POINT('',(2.953861785598E1,2.443064325178E1,-1.539167831279E1));
#5389=CARTESIAN_POINT('',(2.955153247237E1,2.316988453950E1,-1.528754608954E1));
#5390=CARTESIAN_POINT('',(2.955153247237E1,2.443064325178E1,-1.528754608954E1));
#5391=B_SPLINE_SURFACE_WITH_KNOTS('',5,1,((#5379,#5380),(#5381,#5382),(#5383,
#5384),(#5385,#5386),(#5387,#5388),(#5389,#5390)),.UNSPECIFIED.,.F.,.F.,.F.,(6,
6),(2,2),(4.623370384363E0,6.372203903201E0),(2.232944211936E-1,
1.484053133480E0),.UNSPECIFIED.);
#5392=ORIENTED_EDGE('',*,*,#5185,.F.);
#5393=ORIENTED_EDGE('',*,*,#5362,.F.);
#5394=ORIENTED_EDGE('',*,*,#5105,.T.);
#5396=ORIENTED_EDGE('',*,*,#5395,.F.);
#5397=EDGE_LOOP('',(#5392,#5393,#5394,#5396));
#5398=FACE_OUTER_BOUND('',#5397,.F.);
#5400=CARTESIAN_POINT('',(2.954851100146E1,2.441497363857E1,-1.534084964045E1));
#5401=CARTESIAN_POINT('',(2.954851100146E1,2.316988453950E1,-1.534084964045E1));
#5402=CARTESIAN_POINT('',(2.957783924146E1,2.441497363857E1,-1.448794257736E1));
#5403=CARTESIAN_POINT('',(2.957783924146E1,2.316988453950E1,-1.448794257736E1));
#5404=B_SPLINE_SURFACE_WITH_KNOTS('',1,1,((#5400,#5401),(#5402,#5403)),
.UNSPECIFIED.,.F.,.F.,.F.,(2,2),(2,2),(-8.267055788064E-1,2.670557880641E-2),(
-1.468383520266E0,-2.232944211936E-1),.UNSPECIFIED.);
#5405=ORIENTED_EDGE('',*,*,#5187,.F.);
#5406=ORIENTED_EDGE('',*,*,#5395,.T.);
#5407=ORIENTED_EDGE('',*,*,#5103,.T.);
#5409=ORIENTED_EDGE('',*,*,#5408,.T.);
#5411=ORIENTED_EDGE('',*,*,#5410,.F.);
#5412=EDGE_LOOP('',(#5405,#5406,#5407,#5409,#5411));
#5413=FACE_OUTER_BOUND('',#5412,.F.);
#5415=CARTESIAN_POINT('',(2.875070422149E1,2.426922126474E1,-1.448622190284E1));
#5416=CARTESIAN_POINT('',(2.960361128459E1,2.426922126474E1,-1.451555014284E1));
#5417=CARTESIAN_POINT('',(2.875070422149E1,2.416988453950E1,-1.448622190284E1));
#5418=CARTESIAN_POINT('',(2.960361128459E1,2.416988453950E1,-1.451555014284E1));
#5419=B_SPLINE_SURFACE_WITH_KNOTS('',1,1,((#5415,#5416),(#5417,#5418)),
.UNSPECIFIED.,.F.,.F.,.F.,(2,2),(2,2),(-1.322631146441E0,-1.223294421194E0),(
-8.267055788064E-1,2.670557880641E-2),.UNSPECIFIED.);
#5420=ORIENTED_EDGE('',*,*,#5408,.F.);
#5421=ORIENTED_EDGE('',*,*,#5101,.F.);
#5423=ORIENTED_EDGE('',*,*,#5422,.T.);
#5425=ORIENTED_EDGE('',*,*,#5424,.T.);
#5426=EDGE_LOOP('',(#5420,#5421,#5423,#5425));
#5427=FACE_OUTER_BOUND('',#5426,.F.);
#5429=CARTESIAN_POINT('',(2.877831178697E1,2.441497363857E1,-1.446044985971E1));
#5430=CARTESIAN_POINT('',(2.877831178697E1,2.316988453950E1,-1.446044985971E1));
#5431=CARTESIAN_POINT('',(2.874898354697E1,2.441497363857E1,-1.531335692280E1));
#5432=CARTESIAN_POINT('',(2.874898354697E1,2.316988453950E1,-1.531335692280E1));
#5433=B_SPLINE_SURFACE_WITH_KNOTS('',1,1,((#5429,#5430),(#5431,#5432)),
.UNSPECIFIED.,.F.,.F.,.F.,(2,2),(2,2),(-2.670557880641E-2,8.267055788064E-1),(
-1.468383520266E0,-2.232944211936E-1),.UNSPECIFIED.);
#5434=ORIENTED_EDGE('',*,*,#5191,.F.);
#5436=ORIENTED_EDGE('',*,*,#5435,.F.);
#5437=ORIENTED_EDGE('',*,*,#5422,.F.);
#5438=ORIENTED_EDGE('',*,*,#5099,.T.);
#5440=ORIENTED_EDGE('',*,*,#5439,.T.);
#5441=EDGE_LOOP('',(#5434,#5436,#5437,#5438,#5440));
#5442=FACE_OUTER_BOUND('',#5441,.F.);
#5444=CARTESIAN_POINT('',(2.875116310208E1,2.421971782797E1,-1.447287700069E1));
#5445=CARTESIAN_POINT('',(2.960407016517E1,2.421971782797E1,-1.450220524068E1));
#5446=CARTESIAN_POINT('',(2.873040418099E1,2.317346240863E1,-1.507657604383E1));
#5447=CARTESIAN_POINT('',(2.958331124408E1,2.317346240863E1,-1.510590428383E1));
#5448=B_SPLINE_SURFACE_WITH_KNOTS('',1,1,((#5444,#5445),(#5446,#5447)),
.UNSPECIFIED.,.F.,.F.,.F.,(2,2),(2,2),(-1.470081251780E0,-2.619695557884E-1),(
2.732944211936E-1,1.126705578806E0),.UNSPECIFIED.);
#5449=ORIENTED_EDGE('',*,*,#5189,.T.);
#5450=ORIENTED_EDGE('',*,*,#5410,.T.);
#5451=ORIENTED_EDGE('',*,*,#5424,.F.);
#5452=ORIENTED_EDGE('',*,*,#5435,.T.);
#5453=EDGE_LOOP('',(#5449,#5450,#5451,#5452));
#5454=FACE_OUTER_BOUND('',#5453,.F.);
#5456=CARTESIAN_POINT('',(2.874963069750E1,2.316988453950E1,-1.525997172801E1));
#5457=CARTESIAN_POINT('',(2.874963069750E1,2.443064325186E1,-1.525997172801E1));
#5458=CARTESIAN_POINT('',(2.875536184228E1,2.316988453950E1,-1.536474510829E1));
#5459=CARTESIAN_POINT('',(2.875536184228E1,2.443064325186E1,-1.536474510829E1));
#5460=CARTESIAN_POINT('',(2.871528518723E1,2.316988453950E1,-1.547202419309E1));
#5461=CARTESIAN_POINT('',(2.871528518723E1,2.443064325186E1,-1.547202419309E1));
#5462=CARTESIAN_POINT('',(2.862706582199E1,2.316988453950E1,-1.555437818725E1));
#5463=CARTESIAN_POINT('',(2.862706582199E1,2.443064325186E1,-1.555437818725E1));
#5464=CARTESIAN_POINT('',(2.851728722023E1,2.316988453950E1,-1.558699105146E1));
#5465=CARTESIAN_POINT('',(2.851728722023E1,2.443064325186E1,-1.558699105146E1));
#5466=CARTESIAN_POINT('',(2.841315499698E1,2.316988453950E1,-1.557407643507E1));
#5467=CARTESIAN_POINT('',(2.841315499698E1,2.443064325186E1,-1.557407643507E1));
#5468=B_SPLINE_SURFACE_WITH_KNOTS('',5,1,((#5456,#5457),(#5458,#5459),(#5460,
#5461),(#5462,#5463),(#5464,#5465),(#5466,#5467)),.UNSPECIFIED.,.F.,.F.,.F.,(6,
6),(2,2),(3.052574057568E0,4.801407576406E0),(2.232944211936E-1,
1.484053133560E0),.UNSPECIFIED.);
#5469=ORIENTED_EDGE('',*,*,#5193,.F.);
#5470=ORIENTED_EDGE('',*,*,#5439,.F.);
#5471=ORIENTED_EDGE('',*,*,#5097,.T.);
#5472=ORIENTED_EDGE('',*,*,#5150,.F.);
#5473=EDGE_LOOP('',(#5469,#5470,#5471,#5472));
#5474=FACE_OUTER_BOUND('',#5473,.F.);
#5476=CARTESIAN_POINT('',(-1.705279957679E0,2.316988453950E1,
-8.993915307525E0));
#5477=CARTESIAN_POINT('',(-1.705279957679E0,2.372329569711E1,
-8.993915307525E0));
#5478=CARTESIAN_POINT('',(-6.782457877645E0,2.316988453950E1,
-8.807124395833E0));
#5479=CARTESIAN_POINT('',(-6.782457877645E0,2.372329569711E1,
-8.807124395833E0));
#5480=CARTESIAN_POINT('',(-1.174364540566E1,2.316988453950E1,
-5.467589854193E0));
#5481=CARTESIAN_POINT('',(-1.174364540566E1,2.372329569711E1,
-5.467589854193E0));
#5482=CARTESIAN_POINT('',(-1.441384335137E1,2.316988453950E1,
9.516701304269E-1));
#5483=CARTESIAN_POINT('',(-1.441384335137E1,2.372329569711E1,
9.516701304269E-1));
#5484=CARTESIAN_POINT('',(-1.267651057545E1,2.316988453950E1,8.636339525404E0));
#5485=CARTESIAN_POINT('',(-1.267651057545E1,2.372329569711E1,8.636339525404E0));
#5486=CARTESIAN_POINT('',(-5.998293615439E0,2.316988453950E1,1.432870824430E1));
#5487=CARTESIAN_POINT('',(-5.998293615439E0,2.372329569711E1,1.432870824430E1));
#5488=CARTESIAN_POINT('',(3.249750928691E0,2.316988453950E1,1.429868185334E1));
#5489=CARTESIAN_POINT('',(3.249750928691E0,2.372329569711E1,1.429868185334E1));
#5490=CARTESIAN_POINT('',(9.927298244756E0,2.316988453950E1,8.655396781765E0));
#5491=CARTESIAN_POINT('',(9.927298244756E0,2.372329569711E1,8.655396781765E0));
#5492=CARTESIAN_POINT('',(1.166525086204E1,2.316988453950E1,9.456162017328E-1));
#5493=CARTESIAN_POINT('',(1.166525086204E1,2.372329569711E1,9.456162017328E-1));
#5494=CARTESIAN_POINT('',(8.994863220548E0,2.316988453950E1,-5.467589854193E0));
#5495=CARTESIAN_POINT('',(8.994863220548E0,2.372329569711E1,-5.467589854193E0));
#5496=CARTESIAN_POINT('',(4.033675692537E0,2.316988453950E1,-8.807124395833E0));
#5497=CARTESIAN_POINT('',(4.033675692537E0,2.372329569711E1,-8.807124395833E0));
#5498=CARTESIAN_POINT('',(-1.043502227429E0,2.316988453950E1,
-8.993915307525E0));
#5499=CARTESIAN_POINT('',(-1.043502227429E0,2.372329569711E1,
-8.993915307525E0));
#5500=B_SPLINE_SURFACE_WITH_KNOTS('',11,1,((#5476,#5477),(#5478,#5479),(#5480,
#5481),(#5482,#5483),(#5484,#5485),(#5486,#5487),(#5488,#5489),(#5490,#5491),(
#5492,#5493),(#5494,#5495),(#5496,#5497),(#5498,#5499)),.UNSPECIFIED.,.F.,.F.,
.F.,(12,12),(2,2),(3.178366370709E0,9.388004243650E0),(1.547429442119E1,
1.602770557881E1),.UNSPECIFIED.);
#5502=ORIENTED_EDGE('',*,*,#5501,.T.);
#5504=ORIENTED_EDGE('',*,*,#5503,.F.);
#5505=ORIENTED_EDGE('',*,*,#4345,.T.);
#5507=ORIENTED_EDGE('',*,*,#5506,.F.);
#5508=EDGE_LOOP('',(#5502,#5504,#5505,#5507));
#5509=FACE_OUTER_BOUND('',#5508,.F.);
#5511=CARTESIAN_POINT('',(-1.073485996465E1,2.319659011830E1,
-1.038004255479E1));
#5512=CARTESIAN_POINT('',(7.986077779538E0,2.319659011830E1,-1.038004255479E1));
#5513=CARTESIAN_POINT('',(-1.073485996465E1,2.319659011830E1,9.382170294409E0));
#5514=CARTESIAN_POINT('',(7.986077779538E0,2.319659011830E1,9.382170294409E0));
#5515=B_SPLINE_SURFACE_WITH_KNOTS('',1,1,((#5511,#5512),(#5513,#5514)),
.UNSPECIFIED.,.F.,.F.,.F.,(2,2),(2,2),(1.011995744521E1,2.988217029441E1),(
-4.786046887209E1,-2.913953112791E1),.UNSPECIFIED.);
#5516=ORIENTED_EDGE('',*,*,#5501,.F.);
#5518=ORIENTED_EDGE('',*,*,#5517,.F.);
#5520=ORIENTED_EDGE('',*,*,#5519,.F.);
#5522=ORIENTED_EDGE('',*,*,#5521,.F.);
#5523=EDGE_LOOP('',(#5516,#5518,#5520,#5522));
#5524=FACE_OUTER_BOUND('',#5523,.F.);
#5526=ORIENTED_EDGE('',*,*,#5525,.F.);
#5528=ORIENTED_EDGE('',*,*,#5527,.T.);
#5530=ORIENTED_EDGE('',*,*,#5529,.F.);
#5532=ORIENTED_EDGE('',*,*,#5531,.F.);
#5533=EDGE_LOOP('',(#5526,#5528,#5530,#5532));
#5534=FACE_BOUND('',#5533,.F.);
#5536=CARTESIAN_POINT('',(-2.774391092554E0,2.316988453950E1,
-1.002670557881E1));
#5537=CARTESIAN_POINT('',(-2.774391092554E0,2.372329569711E1,
-1.002670557881E1));
#5538=CARTESIAN_POINT('',(-2.774391092554E0,2.316988453950E1,
-8.863738729551E0));
#5539=CARTESIAN_POINT('',(-2.774391092554E0,2.372329569711E1,
-8.863738729551E0));
#5540=B_SPLINE_SURFACE_WITH_KNOTS('',1,1,((#5536,#5537),(#5538,#5539)),
.UNSPECIFIED.,.F.,.F.,.F.,(2,2),(2,2),(-1.136261270449E0,2.670557880641E-2),(
1.547429442119E1,1.602770557881E1),.UNSPECIFIED.);
#5541=ORIENTED_EDGE('',*,*,#5517,.T.);
#5542=ORIENTED_EDGE('',*,*,#5506,.T.);
#5543=ORIENTED_EDGE('',*,*,#4351,.T.);
#5545=ORIENTED_EDGE('',*,*,#5544,.T.);
#5546=EDGE_LOOP('',(#5541,#5542,#5543,#5545));
#5547=FACE_OUTER_BOUND('',#5546,.F.);
#5549=CARTESIAN_POINT('',(8.160890744606E-2,2.316988453950E1,-1.E1));
#5550=CARTESIAN_POINT('',(8.160890744606E-2,2.372329569711E1,-1.E1));
#5551=CARTESIAN_POINT('',(-2.830391092554E0,2.316988453950E1,-1.E1));
#5552=CARTESIAN_POINT('',(-2.830391092554E0,2.372329569711E1,-1.E1));
#5553=B_SPLINE_SURFACE_WITH_KNOTS('',1,1,((#5549,#5550),(#5551,#5552)),
.UNSPECIFIED.,.F.,.F.,.F.,(2,2),(2,2),(-5.6E-2,2.856E0),(1.547429442119E1,
1.602770557881E1),.UNSPECIFIED.);
#5554=ORIENTED_EDGE('',*,*,#5519,.T.);
#5555=ORIENTED_EDGE('',*,*,#5544,.F.);
#5556=ORIENTED_EDGE('',*,*,#4349,.T.);
#5558=ORIENTED_EDGE('',*,*,#5557,.T.);
#5559=EDGE_LOOP('',(#5554,#5555,#5556,#5558));
#5560=FACE_OUTER_BOUND('',#5559,.F.);
#5562=CARTESIAN_POINT('',(2.560890744606E-2,2.316988453950E1,
-8.863738729551E0));
#5563=CARTESIAN_POINT('',(2.560890744606E-2,2.372329569711E1,
-8.863738729551E0));
#5564=CARTESIAN_POINT('',(2.560890744606E-2,2.316988453950E1,
-1.002670557881E1));
#5565=CARTESIAN_POINT('',(2.560890744606E-2,2.372329569711E1,
-1.002670557881E1));
#5566=B_SPLINE_SURFACE_WITH_KNOTS('',1,1,((#5562,#5563),(#5564,#5565)),
.UNSPECIFIED.,.F.,.F.,.F.,(2,2),(2,2),(-2.670557880641E-2,1.136261270449E0),(
1.547429442119E1,1.602770557881E1),.UNSPECIFIED.);
#5567=ORIENTED_EDGE('',*,*,#5521,.T.);
#5568=ORIENTED_EDGE('',*,*,#5557,.F.);
#5569=ORIENTED_EDGE('',*,*,#4347,.T.);
#5570=ORIENTED_EDGE('',*,*,#5503,.T.);
#5571=EDGE_LOOP('',(#5567,#5568,#5569,#5570));
#5572=FACE_OUTER_BOUND('',#5571,.F.);
#5574=CARTESIAN_POINT('',(-9.953618663751E0,2.829659011830E1,
-2.367879701676E0));
#5575=CARTESIAN_POINT('',(-9.953618663751E0,2.309659011830E1,
-2.367879701676E0));
#5576=CARTESIAN_POINT('',(-9.183170240672E0,2.829659011830E1,
-5.159344297104E0));
#5577=CARTESIAN_POINT('',(-9.183170240672E0,2.309659011830E1,
-5.159344297104E0));
#5578=CARTESIAN_POINT('',(-7.374696354630E0,2.829659011830E1,
-7.664312304912E0));
#5579=CARTESIAN_POINT('',(-7.374696354630E0,2.309659011830E1,
-7.664312304912E0));
#5580=CARTESIAN_POINT('',(-4.652866462209E0,2.829659011830E1,
-9.432420976808E0));
#5581=CARTESIAN_POINT('',(-4.652866462209E0,2.309659011830E1,
-9.432420976808E0));
#5582=CARTESIAN_POINT('',(-1.374238417182E0,2.829659011830E1,
-1.007831561951E1));
#5583=CARTESIAN_POINT('',(-1.374238417182E0,2.309659011830E1,
-1.007831561951E1));
#5584=CARTESIAN_POINT('',(1.903893432886E0,2.829659011830E1,-9.432420976808E0));
#5585=CARTESIAN_POINT('',(1.903893432886E0,2.309659011830E1,-9.432420976808E0));
#5586=CARTESIAN_POINT('',(4.625914169522E0,2.829659011830E1,-7.664312304912E0));
#5587=CARTESIAN_POINT('',(4.625914169522E0,2.309659011830E1,-7.664312304912E0));
#5588=CARTESIAN_POINT('',(6.434388055565E0,2.829659011830E1,-5.159344297104E0));
#5589=CARTESIAN_POINT('',(6.434388055565E0,2.309659011830E1,-5.159344297104E0));
#5590=CARTESIAN_POINT('',(7.204836478643E0,2.829659011830E1,-2.367879701676E0));
#5591=CARTESIAN_POINT('',(7.204836478643E0,2.309659011830E1,-2.367879701676E0));
#5592=B_SPLINE_SURFACE_WITH_KNOTS('',8,1,((#5574,#5575),(#5576,#5577),(#5578,
#5579),(#5580,#5581),(#5582,#5583),(#5584,#5585),(#5586,#5587),(#5588,#5589),(
#5590,#5591)),.UNSPECIFIED.,.F.,.F.,.F.,(9,9),(2,2),(3.410889714973E0,
6.013888245796E0),(4.E-1,5.6E0),.UNSPECIFIED.);
#5593=ORIENTED_EDGE('',*,*,#5525,.T.);
#5595=ORIENTED_EDGE('',*,*,#5594,.F.);
#5597=ORIENTED_EDGE('',*,*,#5596,.T.);
#5599=ORIENTED_EDGE('',*,*,#5598,.F.);
#5600=EDGE_LOOP('',(#5593,#5595,#5597,#5599));
#5601=FACE_OUTER_BOUND('',#5600,.F.);
#5603=CARTESIAN_POINT('',(7.075608907446E0,2.875559011830E1,-2.905958017591E0));
#5604=CARTESIAN_POINT('',(7.075608907446E0,2.875559011830E1,2.905958017591E0));
#5605=CARTESIAN_POINT('',(7.075608907446E0,2.308759011830E1,-2.905958017591E0));
#5606=CARTESIAN_POINT('',(7.075608907446E0,2.308759011830E1,2.905958017591E0));
#5607=B_SPLINE_SURFACE_WITH_KNOTS('',1,1,((#5603,#5604),(#5605,#5606)),
.UNSPECIFIED.,.F.,.F.,.F.,(2,2),(2,2),(8.041E0,1.3709E1),(6.579826068243E0,
1.239174210342E1),.UNSPECIFIED.);
#5608=ORIENTED_EDGE('',*,*,#5531,.T.);
#5610=ORIENTED_EDGE('',*,*,#5609,.T.);
#5612=ORIENTED_EDGE('',*,*,#5611,.T.);
#5614=ORIENTED_EDGE('',*,*,#5613,.T.);
#5615=ORIENTED_EDGE('',*,*,#5594,.T.);
#5616=EDGE_LOOP('',(#5608,#5610,#5612,#5614,#5615));
#5617=FACE_OUTER_BOUND('',#5616,.F.);
#5619=CARTESIAN_POINT('',(7.204836478643E0,2.829659011830E1,2.367879701676E0));
#5620=CARTESIAN_POINT('',(7.204836478643E0,2.309659011830E1,2.367879701676E0));
#5621=CARTESIAN_POINT('',(6.434388055565E0,2.829659011830E1,5.159344297104E0));
#5622=CARTESIAN_POINT('',(6.434388055565E0,2.309659011830E1,5.159344297104E0));
#5623=CARTESIAN_POINT('',(4.625914169522E0,2.829659011830E1,7.664312304912E0));
#5624=CARTESIAN_POINT('',(4.625914169522E0,2.309659011830E1,7.664312304912E0));
#5625=CARTESIAN_POINT('',(1.904084277101E0,2.829659011830E1,9.432420976808E0));
#5626=CARTESIAN_POINT('',(1.904084277101E0,2.309659011830E1,9.432420976808E0));
#5627=CARTESIAN_POINT('',(-1.374543767926E0,2.829659011830E1,1.007831561951E1));
#5628=CARTESIAN_POINT('',(-1.374543767926E0,2.309659011830E1,1.007831561951E1));
#5629=CARTESIAN_POINT('',(-4.652675617994E0,2.829659011830E1,9.432420976808E0));
#5630=CARTESIAN_POINT('',(-4.652675617994E0,2.309659011830E1,9.432420976808E0));
#5631=CARTESIAN_POINT('',(-7.374696354630E0,2.829659011830E1,7.664312304912E0));
#5632=CARTESIAN_POINT('',(-7.374696354630E0,2.309659011830E1,7.664312304912E0));
#5633=CARTESIAN_POINT('',(-9.183170240672E0,2.829659011830E1,5.159344297104E0));
#5634=CARTESIAN_POINT('',(-9.183170240672E0,2.309659011830E1,5.159344297104E0));
#5635=CARTESIAN_POINT('',(-9.953618663751E0,2.829659011830E1,2.367879701676E0));
#5636=CARTESIAN_POINT('',(-9.953618663751E0,2.309659011830E1,2.367879701676E0));
#5637=B_SPLINE_SURFACE_WITH_KNOTS('',8,1,((#5619,#5620),(#5621,#5622),(#5623,
#5624),(#5625,#5626),(#5627,#5628),(#5629,#5630),(#5631,#5632),(#5633,#5634),(
#5635,#5636)),.UNSPECIFIED.,.F.,.F.,.F.,(9,9),(2,2),(2.692970613831E-1,
2.872295592207E0),(4.E-1,5.6E0),.UNSPECIFIED.);
#5638=ORIENTED_EDGE('',*,*,#5529,.T.);
#5640=ORIENTED_EDGE('',*,*,#5639,.F.);
#5642=ORIENTED_EDGE('',*,*,#5641,.T.);
#5643=ORIENTED_EDGE('',*,*,#5609,.F.);
#5644=EDGE_LOOP('',(#5638,#5640,#5642,#5643));
#5645=FACE_OUTER_BOUND('',#5644,.F.);
#5647=CARTESIAN_POINT('',(-9.824391092554E0,2.308759011830E1,
-2.905958017591E0));
#5648=CARTESIAN_POINT('',(-9.824391092554E0,2.308759011830E1,2.905958017591E0));
#5649=CARTESIAN_POINT('',(-9.824391092554E0,2.875559011830E1,
-2.905958017591E0));
#5650=CARTESIAN_POINT('',(-9.824391092554E0,2.875559011830E1,2.905958017591E0));
#5651=B_SPLINE_SURFACE_WITH_KNOTS('',1,1,((#5647,#5648),(#5649,#5650)),
.UNSPECIFIED.,.F.,.F.,.F.,(2,2),(2,2),(-1.3709E1,-8.041E0),(6.579826068243E0,
1.239174210342E1),.UNSPECIFIED.);
#5652=ORIENTED_EDGE('',*,*,#5527,.F.);
#5653=ORIENTED_EDGE('',*,*,#5598,.T.);
#5655=ORIENTED_EDGE('',*,*,#5654,.T.);
#5657=ORIENTED_EDGE('',*,*,#5656,.T.);
#5658=ORIENTED_EDGE('',*,*,#5639,.T.);
#5659=EDGE_LOOP('',(#5652,#5653,#5655,#5657,#5658));
#5660=FACE_OUTER_BOUND('',#5659,.F.);
#5662=CARTESIAN_POINT('',(-9.738969178142E0,2.871547381417E1,
5.262546469720E-1));
#5663=CARTESIAN_POINT('',(-1.027567540877E1,2.817770642243E1,
5.600213408852E-1));
#5664=CARTESIAN_POINT('',(-9.953895283412E0,2.871547381417E1,
-2.889897971356E0));
#5665=CARTESIAN_POINT('',(-1.050439206972E1,2.817770642243E1,
-3.075325883111E0));
#5666=CARTESIAN_POINT('',(-8.574329050389E0,2.871547381417E1,
-6.406367544586E0));
#5667=CARTESIAN_POINT('',(-9.036307111039E0,2.817770642243E1,
-6.817426816402E0));
#5668=CARTESIAN_POINT('',(-5.548303451563E0,2.871547381417E1,
-9.154592682433E0));
#5669=CARTESIAN_POINT('',(-5.816119083897E0,2.817770642243E1,
-9.741989545884E0));
#5670=CARTESIAN_POINT('',(-1.373309573027E0,2.871547381417E1,
-1.023298503829E1));
#5671=CARTESIAN_POINT('',(-1.373240178221E0,2.817770642243E1,
-1.088957605482E1));
#5672=CARTESIAN_POINT('',(2.798169367046E0,2.871547381417E1,-9.154592682433E0));
#5673=CARTESIAN_POINT('',(3.065898255873E0,2.817770642243E1,-9.741989545884E0));
#5674=CARTESIAN_POINT('',(5.825546865281E0,2.871547381417E1,-6.406367544586E0));
#5675=CARTESIAN_POINT('',(6.287524925931E0,2.817770642243E1,-6.817426816402E0));
#5676=CARTESIAN_POINT('',(7.205113098304E0,2.871547381417E1,-2.889897971356E0));
#5677=CARTESIAN_POINT('',(7.755609884616E0,2.817770642243E1,-3.075325883111E0));
#5678=CARTESIAN_POINT('',(6.990186993034E0,2.871547381417E1,5.262546469719E-1));
#5679=CARTESIAN_POINT('',(7.526893223667E0,2.817770642243E1,5.600213408852E-1));
#5680=B_SPLINE_SURFACE_WITH_KNOTS('',8,1,((#5662,#5663),(#5664,#5665),(#5666,
#5667),(#5668,#5669),(#5670,#5671),(#5672,#5673),(#5674,#5675),(#5676,#5677),(
#5678,#5679)),.UNSPECIFIED.,.F.,.F.,.F.,(9,9),(2,2),(3.078760800518E0,
6.346017160251E0),(8.381116304131E0,8.918883695870E0),.UNSPECIFIED.);
#5682=ORIENTED_EDGE('',*,*,#5681,.F.);
#5683=ORIENTED_EDGE('',*,*,#5654,.F.);
#5684=ORIENTED_EDGE('',*,*,#5596,.F.);
#5685=ORIENTED_EDGE('',*,*,#5613,.F.);
#5687=ORIENTED_EDGE('',*,*,#5686,.T.);
#5689=ORIENTED_EDGE('',*,*,#5688,.T.);
#5690=EDGE_LOOP('',(#5682,#5683,#5684,#5685,#5687,#5689));
#5691=FACE_OUTER_BOUND('',#5690,.F.);
#5693=CARTESIAN_POINT('',(6.990186993034E0,2.871547381417E1,
-5.262546469719E-1));
#5694=CARTESIAN_POINT('',(7.526893223667E0,2.817770642243E1,
-5.600213408852E-1));
#5695=CARTESIAN_POINT('',(7.205113098304E0,2.871547381417E1,2.889897971356E0));
#5696=CARTESIAN_POINT('',(7.755609884616E0,2.817770642243E1,3.075325883111E0));
#5697=CARTESIAN_POINT('',(5.825546865281E0,2.871547381417E1,6.406367544586E0));
#5698=CARTESIAN_POINT('',(6.287524925931E0,2.817770642243E1,6.817426816402E0));
#5699=CARTESIAN_POINT('',(2.799521266455E0,2.871547381417E1,9.154592682433E0));
#5700=CARTESIAN_POINT('',(3.067336898789E0,2.817770642243E1,9.741989545884E0));
#5701=CARTESIAN_POINT('',(-1.375472612081E0,2.871547381417E1,1.023298503829E1));
#5702=CARTESIAN_POINT('',(-1.375542006887E0,2.817770642243E1,1.088957605482E1));
#5703=CARTESIAN_POINT('',(-5.546951552154E0,2.871547381417E1,9.154592682433E0));
#5704=CARTESIAN_POINT('',(-5.814680440981E0,2.817770642243E1,9.741989545884E0));
#5705=CARTESIAN_POINT('',(-8.574329050389E0,2.871547381417E1,6.406367544586E0));
#5706=CARTESIAN_POINT('',(-9.036307111039E0,2.817770642243E1,6.817426816402E0));
#5707=CARTESIAN_POINT('',(-9.953895283412E0,2.871547381417E1,2.889897971356E0));
#5708=CARTESIAN_POINT('',(-1.050439206972E1,2.817770642243E1,3.075325883111E0));
#5709=CARTESIAN_POINT('',(-9.738969178142E0,2.871547381417E1,
-5.262546469720E-1));
#5710=CARTESIAN_POINT('',(-1.027567540877E1,2.817770642243E1,
-5.600213408852E-1));
#5711=B_SPLINE_SURFACE_WITH_KNOTS('',8,1,((#5693,#5694),(#5695,#5696),(#5697,
#5698),(#5699,#5700),(#5701,#5702),(#5703,#5704),(#5705,#5706),(#5707,#5708),(
#5709,#5710)),.UNSPECIFIED.,.F.,.F.,.F.,(9,9),(2,2),(-6.283185307180E-2,
3.204424506662E0),(8.381116304131E0,8.918883695870E0),.UNSPECIFIED.);
#5713=ORIENTED_EDGE('',*,*,#5712,.T.);
#5714=ORIENTED_EDGE('',*,*,#5686,.F.);
#5715=ORIENTED_EDGE('',*,*,#5611,.F.);
#5716=ORIENTED_EDGE('',*,*,#5641,.F.);
#5717=ORIENTED_EDGE('',*,*,#5656,.F.);
#5718=ORIENTED_EDGE('',*,*,#5681,.T.);
#5719=EDGE_LOOP('',(#5713,#5714,#5715,#5716,#5717,#5718));
#5720=FACE_OUTER_BOUND('',#5719,.F.);
#5722=CARTESIAN_POINT('',(-1.011039109255E1,2.869659011830E1,
-8.736000000004E0));
#5723=CARTESIAN_POINT('',(-1.011039109255E1,2.869659011830E1,8.736000000004E0));
#5724=CARTESIAN_POINT('',(7.361608907446E0,2.869659011830E1,-8.736000000004E0));
#5725=CARTESIAN_POINT('',(7.361608907446E0,2.869659011830E1,8.736000000004E0));
#5726=B_SPLINE_SURFACE_WITH_KNOTS('',1,1,((#5722,#5723),(#5724,#5725)),
.UNSPECIFIED.,.F.,.F.,.F.,(2,2),(2,2),(-8.736E0,8.736E0),(-8.736000000004E0,
8.736000000004E0),.UNSPECIFIED.);
#5727=ORIENTED_EDGE('',*,*,#5688,.F.);
#5728=ORIENTED_EDGE('',*,*,#5712,.F.);
#5729=EDGE_LOOP('',(#5727,#5728));
#5730=FACE_OUTER_BOUND('',#5729,.F.);
#5732=ORIENTED_EDGE('',*,*,#5731,.F.);
#5734=ORIENTED_EDGE('',*,*,#5733,.F.);
#5736=ORIENTED_EDGE('',*,*,#5735,.F.);
#5738=ORIENTED_EDGE('',*,*,#5737,.F.);
#5739=EDGE_LOOP('',(#5732,#5734,#5736,#5738));
#5740=FACE_BOUND('',#5739,.F.);
#5742=CARTESIAN_POINT('',(6.025608907446E0,3.226659011831E1,-2.876497870675E0));
#5743=CARTESIAN_POINT('',(6.025608907446E0,3.226659011831E1,2.876497870675E0));
#5744=CARTESIAN_POINT('',(6.025608907446E0,2.862659011812E1,-2.876497870675E0));
#5745=CARTESIAN_POINT('',(6.025608907446E0,2.862659011812E1,2.876497870675E0));
#5746=B_SPLINE_SURFACE_WITH_KNOTS('',1,1,((#5742,#5743),(#5744,#5745)),
.UNSPECIFIED.,.F.,.F.,.F.,(2,2),(2,2),(4.529999999996E0,8.170000000179E0),(
3.343752783884E0,9.096748525235E0),.UNSPECIFIED.);
#5748=ORIENTED_EDGE('',*,*,#5747,.T.);
#5749=ORIENTED_EDGE('',*,*,#5731,.T.);
#5751=ORIENTED_EDGE('',*,*,#5750,.T.);
#5753=ORIENTED_EDGE('',*,*,#5752,.T.);
#5755=ORIENTED_EDGE('',*,*,#5754,.T.);
#5756=EDGE_LOOP('',(#5748,#5749,#5751,#5753,#5755));
#5757=FACE_OUTER_BOUND('',#5756,.F.);
#5759=CARTESIAN_POINT('',(-8.899839774454E0,3.175659011830E1,
-2.403668474663E0));
#5760=CARTESIAN_POINT('',(-8.899839774454E0,2.863659011830E1,
-2.403668474663E0));
#5761=CARTESIAN_POINT('',(-7.888990697667E0,3.175659011830E1,
-5.568453024899E0));
#5762=CARTESIAN_POINT('',(-7.888990697667E0,2.863659011830E1,
-5.568453024899E0));
#5763=CARTESIAN_POINT('',(-5.281023095815E0,3.175659011830E1,
-8.223109393910E0));
#5764=CARTESIAN_POINT('',(-5.281023095815E0,2.863659011830E1,
-8.223109393910E0));
#5765=CARTESIAN_POINT('',(-1.374391092554E0,3.175659011830E1,
-9.363897246729E0));
#5766=CARTESIAN_POINT('',(-1.374391092554E0,2.863659011830E1,
-9.363897246729E0));
#5767=CARTESIAN_POINT('',(2.532240910707E0,3.175659011830E1,-8.223109393910E0));
#5768=CARTESIAN_POINT('',(2.532240910707E0,2.863659011830E1,-8.223109393910E0));
#5769=CARTESIAN_POINT('',(5.140208512559E0,3.175659011830E1,-5.568453024899E0));
#5770=CARTESIAN_POINT('',(5.140208512559E0,2.863659011830E1,-5.568453024899E0));
#5771=CARTESIAN_POINT('',(6.151057589346E0,3.175659011830E1,-2.403668474663E0));
#5772=CARTESIAN_POINT('',(6.151057589346E0,2.863659011830E1,-2.403668474663E0));
#5773=B_SPLINE_SURFACE_WITH_KNOTS('',6,1,((#5759,#5760),(#5761,#5762),(#5763,
#5764),(#5765,#5766),(#5767,#5768),(#5769,#5770),(#5771,#5772)),.UNSPECIFIED.,
.F.,.F.,.F.,(7,7),(2,2),(3.450756079539E0,5.974021881230E0),(4.4E-1,3.56E0),
.UNSPECIFIED.);
#5774=ORIENTED_EDGE('',*,*,#5747,.F.);
#5776=ORIENTED_EDGE('',*,*,#5775,.T.);
#5778=ORIENTED_EDGE('',*,*,#5777,.F.);
#5779=ORIENTED_EDGE('',*,*,#5733,.T.);
#5780=EDGE_LOOP('',(#5774,#5776,#5778,#5779));
#5781=FACE_OUTER_BOUND('',#5780,.F.);
#5783=CARTESIAN_POINT('',(-8.740942449714E0,3.221547381417E1,
4.634641274427E-1));
#5784=CARTESIAN_POINT('',(-9.277648680347E0,3.167770642243E1,
4.972308213559E-1));
#5785=CARTESIAN_POINT('',(-8.930224464451E0,3.221547381417E1,
-2.545087343930E0));
#5786=CARTESIAN_POINT('',(-9.480721250763E0,3.167770642243E1,
-2.730515255685E0));
#5787=CARTESIAN_POINT('',(-7.715262346555E0,3.221547381417E1,
-5.641986367651E0));
#5788=CARTESIAN_POINT('',(-8.177240407205E0,3.167770642243E1,
-6.053045639466E0));
#5789=CARTESIAN_POINT('',(-5.050289558479E0,3.221547381417E1,
-8.062304692357E0));
#5790=CARTESIAN_POINT('',(-5.318105190813E0,3.167770642243E1,
-8.649701555808E0));
#5791=CARTESIAN_POINT('',(-1.373438615446E0,3.221547381417E1,
-9.012027749671E0));
#5792=CARTESIAN_POINT('',(-1.373369220641E0,3.167770642243E1,
-9.668618766196E0));
#5793=CARTESIAN_POINT('',(2.300316776987E0,3.221547381417E1,-8.062304692357E0));
#5794=CARTESIAN_POINT('',(2.568045665813E0,3.167770642243E1,-8.649701555808E0));
#5795=CARTESIAN_POINT('',(4.966480161447E0,3.221547381417E1,-5.641986367651E0));
#5796=CARTESIAN_POINT('',(5.428458222098E0,3.167770642243E1,-6.053045639466E0));
#5797=CARTESIAN_POINT('',(6.181442279343E0,3.221547381417E1,-2.545087343930E0));
#5798=CARTESIAN_POINT('',(6.731939065655E0,3.167770642243E1,-2.730515255685E0));
#5799=CARTESIAN_POINT('',(5.992160264606E0,3.221547381417E1,4.634641274427E-1));
#5800=CARTESIAN_POINT('',(6.528866495239E0,3.167770642243E1,4.972308213559E-1));
#5801=B_SPLINE_SURFACE_WITH_KNOTS('',8,1,((#5783,#5784),(#5785,#5786),(#5787,
#5788),(#5789,#5790),(#5791,#5792),(#5793,#5794),(#5795,#5796),(#5797,#5798),(
#5799,#5800)),.UNSPECIFIED.,.F.,.F.,.F.,(9,9),(2,2),(3.078760800518E0,
6.346017160251E0),(7.381116304131E0,7.918883695870E0),.UNSPECIFIED.);
#5802=ORIENTED_EDGE('',*,*,#5754,.F.);
#5804=ORIENTED_EDGE('',*,*,#5803,.T.);
#5806=ORIENTED_EDGE('',*,*,#5805,.F.);
#5807=ORIENTED_EDGE('',*,*,#5775,.F.);
#5808=EDGE_LOOP('',(#5802,#5804,#5806,#5807));
#5809=FACE_OUTER_BOUND('',#5808,.F.);
#5811=CARTESIAN_POINT('',(-9.070391092554E0,3.219659011830E1,
-7.696000000005E0));
#5812=CARTESIAN_POINT('',(-9.070391092554E0,3.219659011830E1,7.696000000005E0));
#5813=CARTESIAN_POINT('',(6.321608907446E0,3.219659011830E1,-7.696000000005E0));
#5814=CARTESIAN_POINT('',(6.321608907446E0,3.219659011830E1,7.696000000005E0));
#5815=B_SPLINE_SURFACE_WITH_KNOTS('',1,1,((#5811,#5812),(#5813,#5814)),
.UNSPECIFIED.,.F.,.F.,.F.,(2,2),(2,2),(-7.696E0,7.696E0),(-7.696000000005E0,
7.696000000005E0),.UNSPECIFIED.);
#5816=ORIENTED_EDGE('',*,*,#5803,.F.);
#5818=ORIENTED_EDGE('',*,*,#5817,.F.);
#5819=EDGE_LOOP('',(#5816,#5818));
#5820=FACE_OUTER_BOUND('',#5819,.F.);
#5822=ORIENTED_EDGE('',*,*,#5821,.F.);
#5824=ORIENTED_EDGE('',*,*,#5823,.F.);
#5825=EDGE_LOOP('',(#5822,#5824));
#5826=FACE_BOUND('',#5825,.F.);
#5828=CARTESIAN_POINT('',(5.992160264606E0,3.221547381417E1,
-4.634641274427E-1));
#5829=CARTESIAN_POINT('',(6.528866495239E0,3.167770642243E1,
-4.972308213559E-1));
#5830=CARTESIAN_POINT('',(6.181442279343E0,3.221547381417E1,2.545087343930E0));
#5831=CARTESIAN_POINT('',(6.731939065655E0,3.167770642243E1,2.730515255685E0));
#5832=CARTESIAN_POINT('',(4.966480161447E0,3.221547381417E1,5.641986367651E0));
#5833=CARTESIAN_POINT('',(5.428458222098E0,3.167770642243E1,6.053045639466E0));
#5834=CARTESIAN_POINT('',(2.301507373371E0,3.221547381417E1,8.062304692357E0));
#5835=CARTESIAN_POINT('',(2.569323005705E0,3.167770642243E1,8.649701555808E0));
#5836=CARTESIAN_POINT('',(-1.375343569662E0,3.221547381417E1,9.012027749671E0));
#5837=CARTESIAN_POINT('',(-1.375412964467E0,3.167770642243E1,9.668618766196E0));
#5838=CARTESIAN_POINT('',(-5.049098962095E0,3.221547381417E1,8.062304692357E0));
#5839=CARTESIAN_POINT('',(-5.316827850921E0,3.167770642243E1,8.649701555808E0));
#5840=CARTESIAN_POINT('',(-7.715262346555E0,3.221547381417E1,5.641986367651E0));
#5841=CARTESIAN_POINT('',(-8.177240407205E0,3.167770642243E1,6.053045639466E0));
#5842=CARTESIAN_POINT('',(-8.930224464451E0,3.221547381417E1,2.545087343930E0));
#5843=CARTESIAN_POINT('',(-9.480721250763E0,3.167770642243E1,2.730515255685E0));
#5844=CARTESIAN_POINT('',(-8.740942449714E0,3.221547381417E1,
-4.634641274427E-1));
#5845=CARTESIAN_POINT('',(-9.277648680347E0,3.167770642243E1,
-4.972308213559E-1));
#5846=B_SPLINE_SURFACE_WITH_KNOTS('',8,1,((#5828,#5829),(#5830,#5831),(#5832,
#5833),(#5834,#5835),(#5836,#5837),(#5838,#5839),(#5840,#5841),(#5842,#5843),(
#5844,#5845)),.UNSPECIFIED.,.F.,.F.,.F.,(9,9),(2,2),(-6.283185307181E-2,
3.204424506662E0),(7.381116304131E0,7.918883695870E0),.UNSPECIFIED.);
#5847=ORIENTED_EDGE('',*,*,#5752,.F.);
#5849=ORIENTED_EDGE('',*,*,#5848,.F.);
#5851=ORIENTED_EDGE('',*,*,#5850,.F.);
#5852=ORIENTED_EDGE('',*,*,#5817,.T.);
#5853=EDGE_LOOP('',(#5847,#5849,#5851,#5852));
#5854=FACE_OUTER_BOUND('',#5853,.F.);
#5856=CARTESIAN_POINT('',(6.151057589346E0,3.175659011830E1,2.403668474663E0));
#5857=CARTESIAN_POINT('',(6.151057589346E0,2.863659011830E1,2.403668474663E0));
#5858=CARTESIAN_POINT('',(5.140208512559E0,3.175659011830E1,5.568453024899E0));
#5859=CARTESIAN_POINT('',(5.140208512559E0,2.863659011830E1,5.568453024899E0));
#5860=CARTESIAN_POINT('',(2.532240910707E0,3.175659011830E1,8.223109393910E0));
#5861=CARTESIAN_POINT('',(2.532240910707E0,2.863659011830E1,8.223109393910E0));
#5862=CARTESIAN_POINT('',(-1.374391092554E0,3.175659011830E1,9.363897246729E0));
#5863=CARTESIAN_POINT('',(-1.374391092554E0,2.863659011830E1,9.363897246729E0));
#5864=CARTESIAN_POINT('',(-5.281023095815E0,3.175659011830E1,8.223109393910E0));
#5865=CARTESIAN_POINT('',(-5.281023095815E0,2.863659011830E1,8.223109393910E0));
#5866=CARTESIAN_POINT('',(-7.888990697667E0,3.175659011830E1,5.568453024899E0));
#5867=CARTESIAN_POINT('',(-7.888990697667E0,2.863659011830E1,5.568453024899E0));
#5868=CARTESIAN_POINT('',(-8.899839774454E0,3.175659011830E1,2.403668474663E0));
#5869=CARTESIAN_POINT('',(-8.899839774454E0,2.863659011830E1,2.403668474663E0));
#5870=B_SPLINE_SURFACE_WITH_KNOTS('',6,1,((#5856,#5857),(#5858,#5859),(#5860,
#5861),(#5862,#5863),(#5864,#5865),(#5866,#5867),(#5868,#5869)),.UNSPECIFIED.,
.F.,.F.,.F.,(7,7),(2,2),(3.091634259495E-1,2.832429227640E0),(4.4E-1,3.56E0),
.UNSPECIFIED.);
#5871=ORIENTED_EDGE('',*,*,#5750,.F.);
#5872=ORIENTED_EDGE('',*,*,#5737,.T.);
#5874=ORIENTED_EDGE('',*,*,#5873,.F.);
#5875=ORIENTED_EDGE('',*,*,#5848,.T.);
#5876=EDGE_LOOP('',(#5871,#5872,#5874,#5875));
#5877=FACE_OUTER_BOUND('',#5876,.F.);
#5879=CARTESIAN_POINT('',(-8.774391092554E0,2.862659011812E1,
-2.876497870675E0));
#5880=CARTESIAN_POINT('',(-8.774391092554E0,2.862659011812E1,2.876497870675E0));
#5881=CARTESIAN_POINT('',(-8.774391092554E0,3.226659011831E1,
-2.876497870675E0));
#5882=CARTESIAN_POINT('',(-8.774391092554E0,3.226659011831E1,2.876497870675E0));
#5883=B_SPLINE_SURFACE_WITH_KNOTS('',1,1,((#5879,#5880),(#5881,#5882)),
.UNSPECIFIED.,.F.,.F.,.F.,(2,2),(2,2),(-8.170000000179E0,-4.529999999996E0),(
3.343752783884E0,9.096748525235E0),.UNSPECIFIED.);
#5884=ORIENTED_EDGE('',*,*,#5873,.T.);
#5885=ORIENTED_EDGE('',*,*,#5735,.T.);
#5886=ORIENTED_EDGE('',*,*,#5777,.T.);
#5887=ORIENTED_EDGE('',*,*,#5805,.T.);
#5888=ORIENTED_EDGE('',*,*,#5850,.T.);
#5889=EDGE_LOOP('',(#5884,#5885,#5886,#5887,#5888));
#5890=FACE_OUTER_BOUND('',#5889,.F.);
#5892=CARTESIAN_POINT('',(5.362289324337E0,3.658259011830E1,
-4.238360068229E-1));
#5893=CARTESIAN_POINT('',(5.362289324337E0,3.211059011830E1,
-4.238360068229E-1));
#5894=CARTESIAN_POINT('',(5.535386935434E0,3.658259011830E1,2.327471735124E0));
#5895=CARTESIAN_POINT('',(5.535386935434E0,3.211059011830E1,2.327471735124E0));
#5896=CARTESIAN_POINT('',(4.424309158322E0,3.658259011830E1,5.159572944316E0));
#5897=CARTESIAN_POINT('',(4.424309158322E0,3.211059011830E1,5.159572944316E0));
#5898=CARTESIAN_POINT('',(1.987202685763E0,3.658259011830E1,7.372943933014E0));
#5899=CARTESIAN_POINT('',(1.987202685763E0,3.211059011830E1,7.372943933014E0));
#5900=CARTESIAN_POINT('',(-1.375262128887E0,3.658259011830E1,8.241461698177E0));
#5901=CARTESIAN_POINT('',(-1.375262128887E0,3.211059011830E1,8.241461698177E0));
#5902=CARTESIAN_POINT('',(-4.734896075454E0,3.658259011830E1,7.372943933014E0));
#5903=CARTESIAN_POINT('',(-4.734896075454E0,3.211059011830E1,7.372943933014E0));
#5904=CARTESIAN_POINT('',(-7.173091343430E0,3.658259011830E1,5.159572944316E0));
#5905=CARTESIAN_POINT('',(-7.173091343430E0,3.211059011830E1,5.159572944316E0));
#5906=CARTESIAN_POINT('',(-8.284169120542E0,3.658259011830E1,2.327471735124E0));
#5907=CARTESIAN_POINT('',(-8.284169120542E0,3.211059011830E1,2.327471735124E0));
#5908=CARTESIAN_POINT('',(-8.111071509445E0,3.658259011830E1,
-4.238360068229E-1));
#5909=CARTESIAN_POINT('',(-8.111071509445E0,3.211059011830E1,
-4.238360068229E-1));
#5910=B_SPLINE_SURFACE_WITH_KNOTS('',8,1,((#5892,#5893),(#5894,#5895),(#5896,
#5897),(#5898,#5899),(#5900,#5901),(#5902,#5903),(#5904,#5905),(#5906,#5907),(
#5908,#5909)),.UNSPECIFIED.,.F.,.F.,.F.,(9,9),(2,2),(-6.283185307180E-2,
3.204424506662E0),(2.14E-1,4.686E0),.UNSPECIFIED.);
#5912=ORIENTED_EDGE('',*,*,#5911,.T.);
#5914=ORIENTED_EDGE('',*,*,#5913,.F.);
#5915=ORIENTED_EDGE('',*,*,#5821,.T.);
#5917=ORIENTED_EDGE('',*,*,#5916,.T.);
#5918=EDGE_LOOP('',(#5912,#5914,#5915,#5917));
#5919=FACE_OUTER_BOUND('',#5918,.F.);
#5921=CARTESIAN_POINT('',(5.036263611368E0,3.679540225646E1,
-4.033242075753E-1));
#5922=CARTESIAN_POINT('',(5.140571912414E0,3.680473064716E1,
-4.098867296274E-1));
#5923=CARTESIAN_POINT('',(5.248950616151E0,3.676836440664E1,
-4.167053397104E-1));
#5924=CARTESIAN_POINT('',(5.334119309674E0,3.668302731987E1,
-4.220636997238E-1));
#5925=CARTESIAN_POINT('',(5.370413789718E0,3.657443433268E1,
-4.243471548589E-1));
#5926=CARTESIAN_POINT('',(5.361103806472E0,3.646991979607E1,
-4.237614203608E-1));
#5927=CARTESIAN_POINT('',(5.200984059147E0,3.679540225646E1,2.214832336355E0));
#5928=CARTESIAN_POINT('',(5.307972540433E0,3.680473064716E1,2.250870059299E0));
#5929=CARTESIAN_POINT('',(5.418974863721E0,3.676836440664E1,2.285752687840E0));
#5930=CARTESIAN_POINT('',(5.506261756845E0,3.668302731987E1,2.314062146369E0));
#5931=CARTESIAN_POINT('',(5.543720157274E0,3.657443433268E1,2.330278675987E0));
#5932=CARTESIAN_POINT('',(5.534170955932E0,3.646991979607E1,2.327062147738E0));
#5933=CARTESIAN_POINT('',(4.143677561365E0,3.679540225646E1,4.909872298941E0));
#5934=CARTESIAN_POINT('',(4.240961732076E0,3.680473064716E1,4.989289432999E0));
#5935=CARTESIAN_POINT('',(4.342203184104E0,3.676836440664E1,5.066652466282E0));
#5936=CARTESIAN_POINT('',(4.419223786016E0,3.668302731987E1,5.129408909472E0));
#5937=CARTESIAN_POINT('',(4.445461616017E0,3.657443433268E1,5.164904589961E0));
#5938=CARTESIAN_POINT('',(4.423288705767E0,3.646991979607E1,5.158664965085E0));
#5939=CARTESIAN_POINT('',(1.823825591831E0,3.679540225646E1,7.016125863329E0));
#5940=CARTESIAN_POINT('',(1.866490028781E0,3.680473064716E1,7.131347409953E0));
#5941=CARTESIAN_POINT('',(1.910738988563E0,3.676836440664E1,7.267142308469E0));
#5942=CARTESIAN_POINT('',(1.948643570818E0,3.668302731987E1,7.367873060455E0));
#5943=CARTESIAN_POINT('',(1.972831042719E0,3.657443433268E1,7.383840083025E0));
#5944=CARTESIAN_POINT('',(1.985885378190E0,3.646991979607E1,7.371646445793E0));
#5945=CARTESIAN_POINT('',(-1.374391092554E0,3.679540225646E1,7.842611187276E0));
#5946=CARTESIAN_POINT('',(-1.374391092554E0,3.680473064716E1,7.968897903276E0));
#5947=CARTESIAN_POINT('',(-1.374391092554E0,3.676836440664E1,8.079097351659E0));
#5948=CARTESIAN_POINT('',(-1.374391092554E0,3.668302731987E1,8.173495273881E0));
#5949=CARTESIAN_POINT('',(-1.374391092554E0,3.657443433268E1,8.248906636346E0));
#5950=CARTESIAN_POINT('',(-1.374391092554E0,3.646991979607E1,8.240011369606E0));
#5951=CARTESIAN_POINT('',(-4.572607776939E0,3.679540225646E1,7.016125863329E0));
#5952=CARTESIAN_POINT('',(-4.615272213889E0,3.680473064716E1,7.131347409953E0));
#5953=CARTESIAN_POINT('',(-4.659521173671E0,3.676836440664E1,7.267142308469E0));
#5954=CARTESIAN_POINT('',(-4.697425755926E0,3.668302731987E1,7.367873060455E0));
#5955=CARTESIAN_POINT('',(-4.721613227827E0,3.657443433268E1,7.383840083025E0));
#5956=CARTESIAN_POINT('',(-4.734667563298E0,3.646991979607E1,7.371646445793E0));
#5957=CARTESIAN_POINT('',(-6.892459746473E0,3.679540225646E1,4.909872298941E0));
#5958=CARTESIAN_POINT('',(-6.989743917184E0,3.680473064716E1,4.989289432999E0));
#5959=CARTESIAN_POINT('',(-7.090985369212E0,3.676836440664E1,5.066652466282E0));
#5960=CARTESIAN_POINT('',(-7.168005971124E0,3.668302731987E1,5.129408909472E0));
#5961=CARTESIAN_POINT('',(-7.194243801125E0,3.657443433268E1,5.164904589961E0));
#5962=CARTESIAN_POINT('',(-7.172070890875E0,3.646991979607E1,5.158664965085E0));
#5963=CARTESIAN_POINT('',(-7.949766244255E0,3.679540225646E1,2.214832336355E0));
#5964=CARTESIAN_POINT('',(-8.056754725540E0,3.680473064716E1,2.250870059299E0));
#5965=CARTESIAN_POINT('',(-8.167757048829E0,3.676836440664E1,2.285752687840E0));
#5966=CARTESIAN_POINT('',(-8.255043941952E0,3.668302731987E1,2.314062146369E0));
#5967=CARTESIAN_POINT('',(-8.292502342382E0,3.657443433268E1,2.330278675987E0));
#5968=CARTESIAN_POINT('',(-8.282953141040E0,3.646991979607E1,2.327062147738E0));
#5969=CARTESIAN_POINT('',(-7.785045796476E0,3.679540225646E1,
-4.033242075753E-1));
#5970=CARTESIAN_POINT('',(-7.889354097522E0,3.680473064716E1,
-4.098867296274E-1));
#5971=CARTESIAN_POINT('',(-7.997732801259E0,3.676836440664E1,
-4.167053397104E-1));
#5972=CARTESIAN_POINT('',(-8.082901494781E0,3.668302731987E1,
-4.220636997238E-1));
#5973=CARTESIAN_POINT('',(-8.119195974826E0,3.657443433268E1,
-4.243471548589E-1));
#5974=CARTESIAN_POINT('',(-8.109885991580E0,3.646991979607E1,
-4.237614203609E-1));
#5975=B_SPLINE_SURFACE_WITH_KNOTS('',8,5,((#5921,#5922,#5923,#5924,#5925,#5926),
(#5927,#5928,#5929,#5930,#5931,#5932),(#5933,#5934,#5935,#5936,#5937,#5938),(
#5939,#5940,#5941,#5942,#5943,#5944),(#5945,#5946,#5947,#5948,#5949,#5950),(
#5951,#5952,#5953,#5954,#5955,#5956),(#5957,#5958,#5959,#5960,#5961,#5962),(
#5963,#5964,#5965,#5966,#5967,#5968),(#5969,#5970,#5971,#5972,#5973,#5974)),
.UNSPECIFIED.,.F.,.F.,.F.,(9,9),(6,6),(-6.283185307180E-2,3.204424506662E0),(
-1.659814922816E0,8.901859602136E-2),.UNSPECIFIED.);
#5977=ORIENTED_EDGE('',*,*,#5976,.T.);
#5979=ORIENTED_EDGE('',*,*,#5978,.F.);
#5980=ORIENTED_EDGE('',*,*,#5911,.F.);
#5982=ORIENTED_EDGE('',*,*,#5981,.T.);
#5983=EDGE_LOOP('',(#5977,#5979,#5980,#5982));
#5984=FACE_OUTER_BOUND('',#5983,.F.);
#5986=CARTESIAN_POINT('',(-8.082391092554E0,3.679659011830E1,
-6.710264633014E0));
#5987=CARTESIAN_POINT('',(-8.082391092554E0,3.679659011830E1,6.710264633014E0));
#5988=CARTESIAN_POINT('',(5.333608907446E0,3.679659011830E1,-6.710264633014E0));
#5989=CARTESIAN_POINT('',(5.333608907446E0,3.679659011830E1,6.710264633014E0));
#5990=B_SPLINE_SURFACE_WITH_KNOTS('',1,1,((#5986,#5987),(#5988,#5989)),
.UNSPECIFIED.,.F.,.F.,.F.,(2,2),(2,2),(-6.708E0,6.708E0),(-6.710264633014E0,
6.710264633014E0),.UNSPECIFIED.);
#5992=ORIENTED_EDGE('',*,*,#5991,.F.);
#5993=ORIENTED_EDGE('',*,*,#5976,.F.);
#5994=EDGE_LOOP('',(#5992,#5993));
#5995=FACE_OUTER_BOUND('',#5994,.F.);
#5997=ORIENTED_EDGE('',*,*,#5996,.F.);
#5999=ORIENTED_EDGE('',*,*,#5998,.F.);
#6000=EDGE_LOOP('',(#5997,#5999));
#6001=FACE_BOUND('',#6000,.F.);
#6003=CARTESIAN_POINT('',(-7.785045796476E0,3.679540225646E1,
4.033242075753E-1));
#6004=CARTESIAN_POINT('',(-7.889354097522E0,3.680473064716E1,
4.098867296274E-1));
#6005=CARTESIAN_POINT('',(-7.997732801259E0,3.676836440664E1,
4.167053397104E-1));
#6006=CARTESIAN_POINT('',(-8.082901494781E0,3.668302731987E1,
4.220636997238E-1));
#6007=CARTESIAN_POINT('',(-8.119195974826E0,3.657443433268E1,
4.243471548589E-1));
#6008=CARTESIAN_POINT('',(-8.109885991580E0,3.646991979607E1,
4.237614203608E-1));
#6009=CARTESIAN_POINT('',(-7.949766244255E0,3.679540225646E1,
-2.214832336355E0));
#6010=CARTESIAN_POINT('',(-8.056754725540E0,3.680473064716E1,
-2.250870059299E0));
#6011=CARTESIAN_POINT('',(-8.167757048829E0,3.676836440664E1,
-2.285752687840E0));
#6012=CARTESIAN_POINT('',(-8.255043941952E0,3.668302731987E1,
-2.314062146369E0));
#6013=CARTESIAN_POINT('',(-8.292502342382E0,3.657443433268E1,
-2.330278675987E0));
#6014=CARTESIAN_POINT('',(-8.282953141040E0,3.646991979607E1,
-2.327062147738E0));
#6015=CARTESIAN_POINT('',(-6.892459746473E0,3.679540225646E1,
-4.909872298941E0));
#6016=CARTESIAN_POINT('',(-6.989743917184E0,3.680473064716E1,
-4.989289432999E0));
#6017=CARTESIAN_POINT('',(-7.090985369212E0,3.676836440664E1,
-5.066652466282E0));
#6018=CARTESIAN_POINT('',(-7.168005971124E0,3.668302731987E1,
-5.129408909472E0));
#6019=CARTESIAN_POINT('',(-7.194243801125E0,3.657443433268E1,
-5.164904589961E0));
#6020=CARTESIAN_POINT('',(-7.172070890875E0,3.646991979607E1,
-5.158664965085E0));
#6021=CARTESIAN_POINT('',(-4.572607776939E0,3.679540225646E1,
-7.016125863329E0));
#6022=CARTESIAN_POINT('',(-4.615272213889E0,3.680473064716E1,
-7.131347409953E0));
#6023=CARTESIAN_POINT('',(-4.659521173671E0,3.676836440664E1,
-7.267142308469E0));
#6024=CARTESIAN_POINT('',(-4.697425755926E0,3.668302731987E1,
-7.367873060455E0));
#6025=CARTESIAN_POINT('',(-4.721613227827E0,3.657443433268E1,
-7.383840083025E0));
#6026=CARTESIAN_POINT('',(-4.734667563298E0,3.646991979607E1,
-7.371646445793E0));
#6027=CARTESIAN_POINT('',(-1.374391092554E0,3.679540225646E1,
-7.842611187276E0));
#6028=CARTESIAN_POINT('',(-1.374391092554E0,3.680473064716E1,
-7.968897903276E0));
#6029=CARTESIAN_POINT('',(-1.374391092554E0,3.676836440664E1,
-8.079097351659E0));
#6030=CARTESIAN_POINT('',(-1.374391092554E0,3.668302731987E1,
-8.173495273881E0));
#6031=CARTESIAN_POINT('',(-1.374391092554E0,3.657443433268E1,
-8.248906636346E0));
#6032=CARTESIAN_POINT('',(-1.374391092554E0,3.646991979607E1,
-8.240011369606E0));
#6033=CARTESIAN_POINT('',(1.823825591831E0,3.679540225646E1,-7.016125863329E0));
#6034=CARTESIAN_POINT('',(1.866490028781E0,3.680473064716E1,-7.131347409953E0));
#6035=CARTESIAN_POINT('',(1.910738988563E0,3.676836440664E1,-7.267142308469E0));
#6036=CARTESIAN_POINT('',(1.948643570818E0,3.668302731987E1,-7.367873060455E0));
#6037=CARTESIAN_POINT('',(1.972831042719E0,3.657443433268E1,-7.383840083025E0));
#6038=CARTESIAN_POINT('',(1.985885378190E0,3.646991979607E1,-7.371646445793E0));
#6039=CARTESIAN_POINT('',(4.143677561365E0,3.679540225646E1,-4.909872298941E0));
#6040=CARTESIAN_POINT('',(4.240961732076E0,3.680473064716E1,-4.989289432999E0));
#6041=CARTESIAN_POINT('',(4.342203184104E0,3.676836440664E1,-5.066652466282E0));
#6042=CARTESIAN_POINT('',(4.419223786016E0,3.668302731987E1,-5.129408909472E0));
#6043=CARTESIAN_POINT('',(4.445461616017E0,3.657443433268E1,-5.164904589961E0));
#6044=CARTESIAN_POINT('',(4.423288705767E0,3.646991979607E1,-5.158664965085E0));
#6045=CARTESIAN_POINT('',(5.200984059147E0,3.679540225646E1,-2.214832336355E0));
#6046=CARTESIAN_POINT('',(5.307972540433E0,3.680473064716E1,-2.250870059299E0));
#6047=CARTESIAN_POINT('',(5.418974863721E0,3.676836440664E1,-2.285752687840E0));
#6048=CARTESIAN_POINT('',(5.506261756845E0,3.668302731987E1,-2.314062146369E0));
#6049=CARTESIAN_POINT('',(5.543720157274E0,3.657443433268E1,-2.330278675987E0));
#6050=CARTESIAN_POINT('',(5.534170955932E0,3.646991979607E1,-2.327062147738E0));
#6051=CARTESIAN_POINT('',(5.036263611368E0,3.679540225646E1,4.033242075753E-1));
#6052=CARTESIAN_POINT('',(5.140571912414E0,3.680473064716E1,4.098867296274E-1));
#6053=CARTESIAN_POINT('',(5.248950616151E0,3.676836440664E1,4.167053397104E-1));
#6054=CARTESIAN_POINT('',(5.334119309674E0,3.668302731987E1,4.220636997238E-1));
#6055=CARTESIAN_POINT('',(5.370413789718E0,3.657443433268E1,4.243471548589E-1));
#6056=CARTESIAN_POINT('',(5.361103806472E0,3.646991979607E1,4.237614203608E-1));
#6057=B_SPLINE_SURFACE_WITH_KNOTS('',8,5,((#6003,#6004,#6005,#6006,#6007,#6008),
(#6009,#6010,#6011,#6012,#6013,#6014),(#6015,#6016,#6017,#6018,#6019,#6020),(
#6021,#6022,#6023,#6024,#6025,#6026),(#6027,#6028,#6029,#6030,#6031,#6032),(
#6033,#6034,#6035,#6036,#6037,#6038),(#6039,#6040,#6041,#6042,#6043,#6044),(
#6045,#6046,#6047,#6048,#6049,#6050),(#6051,#6052,#6053,#6054,#6055,#6056)),
.UNSPECIFIED.,.F.,.F.,.F.,(9,9),(6,6),(3.078760800518E0,6.346017160251E0),(
-1.659814922816E0,8.901859602136E-2),.UNSPECIFIED.);
#6058=ORIENTED_EDGE('',*,*,#5981,.F.);
#6060=ORIENTED_EDGE('',*,*,#6059,.F.);
#6061=ORIENTED_EDGE('',*,*,#5978,.T.);
#6062=ORIENTED_EDGE('',*,*,#5991,.T.);
#6063=EDGE_LOOP('',(#6058,#6060,#6061,#6062));
#6064=FACE_OUTER_BOUND('',#6063,.F.);
#6066=CARTESIAN_POINT('',(-8.111071509445E0,3.658259011830E1,
4.238360068229E-1));
#6067=CARTESIAN_POINT('',(-8.111071509445E0,3.211059011830E1,
4.238360068229E-1));
#6068=CARTESIAN_POINT('',(-8.284169120542E0,3.658259011830E1,
-2.327471735124E0));
#6069=CARTESIAN_POINT('',(-8.284169120542E0,3.211059011830E1,
-2.327471735124E0));
#6070=CARTESIAN_POINT('',(-7.173091343430E0,3.658259011830E1,
-5.159572944316E0));
#6071=CARTESIAN_POINT('',(-7.173091343430E0,3.211059011830E1,
-5.159572944316E0));
#6072=CARTESIAN_POINT('',(-4.735984870870E0,3.658259011830E1,
-7.372943933014E0));
#6073=CARTESIAN_POINT('',(-4.735984870870E0,3.211059011830E1,
-7.372943933014E0));
#6074=CARTESIAN_POINT('',(-1.373520056221E0,3.658259011830E1,
-8.241461698177E0));
#6075=CARTESIAN_POINT('',(-1.373520056221E0,3.211059011830E1,
-8.241461698177E0));
#6076=CARTESIAN_POINT('',(1.986113890347E0,3.658259011830E1,-7.372943933014E0));
#6077=CARTESIAN_POINT('',(1.986113890347E0,3.211059011830E1,-7.372943933014E0));
#6078=CARTESIAN_POINT('',(4.424309158322E0,3.658259011830E1,-5.159572944316E0));
#6079=CARTESIAN_POINT('',(4.424309158322E0,3.211059011830E1,-5.159572944316E0));
#6080=CARTESIAN_POINT('',(5.535386935434E0,3.658259011830E1,-2.327471735124E0));
#6081=CARTESIAN_POINT('',(5.535386935434E0,3.211059011830E1,-2.327471735124E0));
#6082=CARTESIAN_POINT('',(5.362289324337E0,3.658259011830E1,4.238360068229E-1));
#6083=CARTESIAN_POINT('',(5.362289324337E0,3.211059011830E1,4.238360068229E-1));
#6084=B_SPLINE_SURFACE_WITH_KNOTS('',8,1,((#6066,#6067),(#6068,#6069),(#6070,
#6071),(#6072,#6073),(#6074,#6075),(#6076,#6077),(#6078,#6079),(#6080,#6081),(
#6082,#6083)),.UNSPECIFIED.,.F.,.F.,.F.,(9,9),(2,2),(3.078760800518E0,
6.346017160251E0),(2.14E-1,4.686E0),.UNSPECIFIED.);
#6085=ORIENTED_EDGE('',*,*,#5916,.F.);
#6086=ORIENTED_EDGE('',*,*,#5823,.T.);
#6087=ORIENTED_EDGE('',*,*,#5913,.T.);
#6088=ORIENTED_EDGE('',*,*,#6059,.T.);
#6089=EDGE_LOOP('',(#6085,#6086,#6087,#6088));
#6090=FACE_OUTER_BOUND('',#6089,.F.);
#6092=CARTESIAN_POINT('',(4.664856132302E0,3.646991979607E1,
-3.799572296144E-1));
#6093=CARTESIAN_POINT('',(4.655546149056E0,3.657443433268E1,
-3.793714951163E-1));
#6094=CARTESIAN_POINT('',(4.691840629100E0,3.668302731987E1,
-3.816549502514E-1));
#6095=CARTESIAN_POINT('',(4.777009322623E0,3.676836440664E1,
-3.870133102648E-1));
#6096=CARTESIAN_POINT('',(4.885388026360E0,3.680473064716E1,
-3.938319203478E-1));
#6097=CARTESIAN_POINT('',(4.989696327406E0,3.679540225646E1,
-4.003944423999E-1));
#6098=CARTESIAN_POINT('',(4.788997899791E0,3.646991979607E1,1.593219660727E0));
#6099=CARTESIAN_POINT('',(4.779496542068E0,3.657443433268E1,1.590763585028E0));
#6100=CARTESIAN_POINT('',(4.816722158420E0,3.668302731987E1,1.603280117695E0));
#6101=CARTESIAN_POINT('',(4.903585411624E0,3.676836440664E1,1.624856012516E0));
#6102=CARTESIAN_POINT('',(5.014063011002E0,3.680473064716E1,1.651398393332E0));
#6103=CARTESIAN_POINT('',(5.120515456239E0,3.679540225646E1,1.678916067276E0));
#6104=CARTESIAN_POINT('',(4.196820251296E0,3.646991979607E1,3.611463548772E0));
#6105=CARTESIAN_POINT('',(4.179421613703E0,3.657443433268E1,3.606450477350E0));
#6106=CARTESIAN_POINT('',(4.209872460968E0,3.668302731987E1,3.634251812293E0));
#6107=CARTESIAN_POINT('',(4.290724368458E0,3.676836440664E1,3.683246776422E0));
#6108=CARTESIAN_POINT('',(4.395594958083E0,3.680473064716E1,3.743634962611E0));
#6109=CARTESIAN_POINT('',(4.496485642117E0,3.679540225646E1,3.805717647026E0));
#6110=CARTESIAN_POINT('',(2.869906447416E0,3.646991979607E1,5.382226060559E0));
#6111=CARTESIAN_POINT('',(2.882635767850E0,3.657443433268E1,5.372300704528E0));
#6112=CARTESIAN_POINT('',(2.914407555791E0,3.668302731987E1,5.377577286126E0));
#6113=CARTESIAN_POINT('',(2.969378179716E0,3.676836440664E1,5.461945663798E0));
#6114=CARTESIAN_POINT('',(3.035100404810E0,3.680473064716E1,5.577903506787E0));
#6115=CARTESIAN_POINT('',(3.098199542503E0,3.679540225646E1,5.671726274494E0));
#6116=CARTESIAN_POINT('',(9.264809902030E-1,3.646991979607E1,6.604353365883E0));
#6117=CARTESIAN_POINT('',(9.053136733431E-1,3.657443433268E1,6.596904078502E0));
#6118=CARTESIAN_POINT('',(9.135081018461E-1,3.668302731988E1,6.686256569588E0));
#6119=CARTESIAN_POINT('',(9.503936567720E-1,3.676836440665E1,6.763903564522E0));
#6120=CARTESIAN_POINT('',(1.001168326979E0,3.680473064716E1,6.846967817757E0));
#6121=CARTESIAN_POINT('',(1.050240741782E0,3.679540225646E1,6.959589599147E0));
#6122=CARTESIAN_POINT('',(-1.374391092554E0,3.646991979607E1,7.042529778467E0));
#6123=CARTESIAN_POINT('',(-1.374391092554E0,3.657443433268E1,7.028472796519E0));
#6124=CARTESIAN_POINT('',(-1.374391092554E0,3.668302731987E1,7.011396290796E0));
#6125=CARTESIAN_POINT('',(-1.374391092554E0,3.676836440664E1,7.129232324094E0));
#6126=CARTESIAN_POINT('',(-1.374391092554E0,3.680473064716E1,7.298002971135E0));
#6127=CARTESIAN_POINT('',(-1.374391092554E0,3.679540225646E1,7.421334729164E0));
#6128=CARTESIAN_POINT('',(-3.675263175311E0,3.646991979607E1,6.604353365883E0));
#6129=CARTESIAN_POINT('',(-3.654095858451E0,3.657443433268E1,6.596904078502E0));
#6130=CARTESIAN_POINT('',(-3.662290286954E0,3.668302731987E1,6.686256569588E0));
#6131=CARTESIAN_POINT('',(-3.699175841880E0,3.676836440665E1,6.763903564522E0));
#6132=CARTESIAN_POINT('',(-3.749950512087E0,3.680473064716E1,6.846967817756E0));
#6133=CARTESIAN_POINT('',(-3.799022926890E0,3.679540225646E1,6.959589599147E0));
#6134=CARTESIAN_POINT('',(-5.618688632524E0,3.646991979607E1,5.382226060559E0));
#6135=CARTESIAN_POINT('',(-5.631417952958E0,3.657443433268E1,5.372300704528E0));
#6136=CARTESIAN_POINT('',(-5.663189740899E0,3.668302731987E1,5.377577286126E0));
#6137=CARTESIAN_POINT('',(-5.718160364824E0,3.676836440664E1,5.461945663798E0));
#6138=CARTESIAN_POINT('',(-5.783882589918E0,3.680473064716E1,5.577903506787E0));
#6139=CARTESIAN_POINT('',(-5.846981727611E0,3.679540225646E1,5.671726274494E0));
#6140=CARTESIAN_POINT('',(-6.945602436404E0,3.646991979607E1,3.611463548772E0));
#6141=CARTESIAN_POINT('',(-6.928203798810E0,3.657443433268E1,3.606450477350E0));
#6142=CARTESIAN_POINT('',(-6.958654646076E0,3.668302731987E1,3.634251812293E0));
#6143=CARTESIAN_POINT('',(-7.039506553566E0,3.676836440664E1,3.683246776422E0));
#6144=CARTESIAN_POINT('',(-7.144377143191E0,3.680473064716E1,3.743634962611E0));
#6145=CARTESIAN_POINT('',(-7.245267827225E0,3.679540225646E1,3.805717647026E0));
#6146=CARTESIAN_POINT('',(-7.537780084899E0,3.646991979607E1,1.593219660727E0));
#6147=CARTESIAN_POINT('',(-7.528278727176E0,3.657443433268E1,1.590763585028E0));
#6148=CARTESIAN_POINT('',(-7.565504343528E0,3.668302731987E1,1.603280117695E0));
#6149=CARTESIAN_POINT('',(-7.652367596732E0,3.676836440664E1,1.624856012516E0));
#6150=CARTESIAN_POINT('',(-7.762845196110E0,3.680473064716E1,1.651398393332E0));
#6151=CARTESIAN_POINT('',(-7.869297641347E0,3.679540225646E1,1.678916067276E0));
#6152=CARTESIAN_POINT('',(-7.413638317410E0,3.646991979607E1,
-3.799572296144E-1));
#6153=CARTESIAN_POINT('',(-7.404328334164E0,3.657443433268E1,
-3.793714951163E-1));
#6154=CARTESIAN_POINT('',(-7.440622814208E0,3.668302731987E1,
-3.816549502514E-1));
#6155=CARTESIAN_POINT('',(-7.525791507731E0,3.676836440664E1,
-3.870133102648E-1));
#6156=CARTESIAN_POINT('',(-7.634170211468E0,3.680473064716E1,
-3.938319203478E-1));
#6157=CARTESIAN_POINT('',(-7.738478512514E0,3.679540225646E1,
-4.003944423999E-1));
#6158=B_SPLINE_SURFACE_WITH_KNOTS('',10,5,((#6092,#6093,#6094,#6095,#6096,
#6097),(#6098,#6099,#6100,#6101,#6102,#6103),(#6104,#6105,#6106,#6107,#6108,
#6109),(#6110,#6111,#6112,#6113,#6114,#6115),(#6116,#6117,#6118,#6119,#6120,
#6121),(#6122,#6123,#6124,#6125,#6126,#6127),(#6128,#6129,#6130,#6131,#6132,
#6133),(#6134,#6135,#6136,#6137,#6138,#6139),(#6140,#6141,#6142,#6143,#6144,
#6145),(#6146,#6147,#6148,#6149,#6150,#6151),(#6152,#6153,#6154,#6155,#6156,
#6157)),.UNSPECIFIED.,.F.,.F.,.F.,(11,11),(6,6),(-6.283185307180E-2,
3.204424506662E0),(-3.230611249611E0,-1.481777730774E0),.UNSPECIFIED.);
#6160=ORIENTED_EDGE('',*,*,#6159,.F.);
#6162=ORIENTED_EDGE('',*,*,#6161,.F.);
#6163=ORIENTED_EDGE('',*,*,#5996,.T.);
#6165=ORIENTED_EDGE('',*,*,#6164,.T.);
#6166=EDGE_LOOP('',(#6160,#6162,#6163,#6165));
#6167=FACE_OUTER_BOUND('',#6166,.F.);
#6169=CARTESIAN_POINT('',(-7.412452799545E0,3.078459011830E1,
-3.798826431523E-1));
#6170=CARTESIAN_POINT('',(-7.412452799545E0,3.660859011830E1,
-3.798826431523E-1));
#6171=CARTESIAN_POINT('',(-7.567599547269E0,3.078459011830E1,2.086104295926E0));
#6172=CARTESIAN_POINT('',(-7.567599547269E0,3.660859011830E1,2.086104295926E0));
#6173=CARTESIAN_POINT('',(-6.571744650747E0,3.078459011830E1,4.624506120461E0));
#6174=CARTESIAN_POINT('',(-6.571744650747E0,3.660859011830E1,4.624506120461E0));
#6175=CARTESIAN_POINT('',(-4.387375145712E0,3.078459011830E1,6.608342339961E0));
#6176=CARTESIAN_POINT('',(-4.387375145712E0,3.660859011830E1,6.608342339961E0));
#6177=CARTESIAN_POINT('',(-1.373610385915E0,3.078459011830E1,7.386791596144E0));
#6178=CARTESIAN_POINT('',(-1.373610385915E0,3.660859011830E1,7.386791596144E0));
#6179=CARTESIAN_POINT('',(1.637617077305E0,3.078459011830E1,6.608342339961E0));
#6180=CARTESIAN_POINT('',(1.637617077305E0,3.660859011830E1,6.608342339961E0));
#6181=CARTESIAN_POINT('',(3.822962465639E0,3.078459011830E1,4.624506120461E0));
#6182=CARTESIAN_POINT('',(3.822962465639E0,3.660859011830E1,4.624506120461E0));
#6183=CARTESIAN_POINT('',(4.818817362161E0,3.078459011830E1,2.086104295926E0));
#6184=CARTESIAN_POINT('',(4.818817362161E0,3.660859011830E1,2.086104295926E0));
#6185=CARTESIAN_POINT('',(4.663670614437E0,3.078459011830E1,
-3.798826431523E-1));
#6186=CARTESIAN_POINT('',(4.663670614437E0,3.660859011830E1,
-3.798826431523E-1));
#6187=B_SPLINE_SURFACE_WITH_KNOTS('',8,1,((#6169,#6170),(#6171,#6172),(#6173,
#6174),(#6175,#6176),(#6177,#6178),(#6179,#6180),(#6181,#6182),(#6183,#6184),(
#6185,#6186)),.UNSPECIFIED.,.F.,.F.,.F.,(9,9),(2,2),(-6.283185307180E-2,
3.204424506662E0),(-1.12E-1,5.712E0),.UNSPECIFIED.);
#6189=ORIENTED_EDGE('',*,*,#6188,.F.);
#6190=ORIENTED_EDGE('',*,*,#6159,.T.);
#6192=ORIENTED_EDGE('',*,*,#6191,.T.);
#6194=ORIENTED_EDGE('',*,*,#6193,.T.);
#6195=EDGE_LOOP('',(#6189,#6190,#6192,#6194));
#6196=FACE_OUTER_BOUND('',#6195,.F.);
#6198=CARTESIAN_POINT('',(4.673277411222E0,3.078459011830E1,1.679454329207E-1));
#6199=CARTESIAN_POINT('',(4.673277411222E0,3.660859011830E1,1.679454329207E-1));
#6200=CARTESIAN_POINT('',(4.721769417675E0,3.078459011830E1,-1.578238282903E0));
#6201=CARTESIAN_POINT('',(4.721769417675E0,3.660859011830E1,-1.578238282903E0));
#6202=CARTESIAN_POINT('',(4.140027316657E0,3.078459011830E1,-3.341923774818E0));
#6203=CARTESIAN_POINT('',(4.140027316657E0,3.660859011830E1,-3.341923774818E0));
#6204=CARTESIAN_POINT('',(2.913508176764E0,3.078459011830E1,-4.815722662771E0));
#6205=CARTESIAN_POINT('',(2.913508176764E0,3.660859011830E1,-4.815722662771E0));
#6206=CARTESIAN_POINT('',(1.284815925160E0,3.078459011830E1,-5.708119399683E0));
#6207=CARTESIAN_POINT('',(1.284815925160E0,3.660859011830E1,-5.708119399683E0));
#6208=CARTESIAN_POINT('',(-4.411322452050E-1,3.078459011830E1,
-5.977585459351E0));
#6209=CARTESIAN_POINT('',(-4.411322452050E-1,3.660859011830E1,
-5.977585459351E0));
#6210=B_SPLINE_SURFACE_WITH_KNOTS('',5,1,((#6198,#6199),(#6200,#6201),(#6202,
#6203),(#6204,#6205),(#6206,#6207),(#6208,#6209)),.UNSPECIFIED.,.F.,.F.,.F.,(6,
6),(2,2),(3.113829511436E0,4.557512903419E0),(-1.12E-1,5.712E0),.UNSPECIFIED.);
#6212=ORIENTED_EDGE('',*,*,#6211,.T.);
#6214=ORIENTED_EDGE('',*,*,#6213,.F.);
#6216=ORIENTED_EDGE('',*,*,#6215,.T.);
#6217=ORIENTED_EDGE('',*,*,#6188,.T.);
#6218=EDGE_LOOP('',(#6212,#6214,#6216,#6217));
#6219=FACE_OUTER_BOUND('',#6218,.F.);
#6221=CARTESIAN_POINT('',(4.917608907446E0,3.089659011830E1,-6.189403425500E0));
#6222=CARTESIAN_POINT('',(4.917608907446E0,3.089659011830E1,6.292074700516E0));
#6223=CARTESIAN_POINT('',(-7.666391092554E0,3.089659011830E1,
-6.189403425500E0));
#6224=CARTESIAN_POINT('',(-7.666391092554E0,3.089659011830E1,6.292074700516E0));
#6225=B_SPLINE_SURFACE_WITH_KNOTS('',1,1,((#6221,#6222),(#6223,#6224)),
.UNSPECIFIED.,.F.,.F.,.F.,(2,2),(2,2),(-6.292E0,6.292E0),(-6.189403425500E0,
6.292074700516E0),.UNSPECIFIED.);
#6227=ORIENTED_EDGE('',*,*,#6226,.F.);
#6229=ORIENTED_EDGE('',*,*,#6228,.F.);
#6230=ORIENTED_EDGE('',*,*,#6211,.F.);
#6231=ORIENTED_EDGE('',*,*,#6193,.F.);
#6232=EDGE_LOOP('',(#6227,#6229,#6230,#6231));
#6233=FACE_OUTER_BOUND('',#6232,.F.);
#6235=ORIENTED_EDGE('',*,*,#6234,.F.);
#6237=ORIENTED_EDGE('',*,*,#6236,.F.);
#6238=EDGE_LOOP('',(#6235,#6237));
#6239=FACE_BOUND('',#6238,.F.);
#6241=ORIENTED_EDGE('',*,*,#6240,.F.);
#6243=ORIENTED_EDGE('',*,*,#6242,.F.);
#6244=EDGE_LOOP('',(#6241,#6243));
#6245=FACE_BOUND('',#6244,.F.);
#6247=ORIENTED_EDGE('',*,*,#6246,.F.);
#6249=ORIENTED_EDGE('',*,*,#6248,.F.);
#6250=EDGE_LOOP('',(#6247,#6249));
#6251=FACE_BOUND('',#6250,.F.);
#6253=ORIENTED_EDGE('',*,*,#6252,.F.);
#6255=ORIENTED_EDGE('',*,*,#6254,.F.);
#6256=EDGE_LOOP('',(#6253,#6255));
#6257=FACE_BOUND('',#6256,.F.);
#6259=ORIENTED_EDGE('',*,*,#6258,.F.);
#6261=ORIENTED_EDGE('',*,*,#6260,.F.);
#6262=EDGE_LOOP('',(#6259,#6261));
#6263=FACE_BOUND('',#6262,.F.);
#6265=ORIENTED_EDGE('',*,*,#6264,.F.);
#6267=ORIENTED_EDGE('',*,*,#6266,.F.);
#6268=EDGE_LOOP('',(#6265,#6267));
#6269=FACE_BOUND('',#6268,.F.);
#6271=ORIENTED_EDGE('',*,*,#6270,.F.);
#6273=ORIENTED_EDGE('',*,*,#6272,.F.);
#6274=EDGE_LOOP('',(#6271,#6273));
#6275=FACE_BOUND('',#6274,.F.);
#6277=ORIENTED_EDGE('',*,*,#6276,.F.);
#6279=ORIENTED_EDGE('',*,*,#6278,.F.);
#6280=EDGE_LOOP('',(#6277,#6279));
#6281=FACE_BOUND('',#6280,.F.);
#6283=ORIENTED_EDGE('',*,*,#6282,.F.);
#6285=ORIENTED_EDGE('',*,*,#6284,.F.);
#6286=EDGE_LOOP('',(#6283,#6285));
#6287=FACE_BOUND('',#6286,.F.);
#6289=ORIENTED_EDGE('',*,*,#6288,.F.);
#6291=ORIENTED_EDGE('',*,*,#6290,.F.);
#6292=EDGE_LOOP('',(#6289,#6291));
#6293=FACE_BOUND('',#6292,.F.);
#6295=ORIENTED_EDGE('',*,*,#6294,.F.);
#6297=ORIENTED_EDGE('',*,*,#6296,.F.);
#6298=EDGE_LOOP('',(#6295,#6297));
#6299=FACE_BOUND('',#6298,.F.);
#6301=ORIENTED_EDGE('',*,*,#6300,.F.);
#6303=ORIENTED_EDGE('',*,*,#6302,.F.);
#6304=EDGE_LOOP('',(#6301,#6303));
#6305=FACE_BOUND('',#6304,.F.);
#6307=ORIENTED_EDGE('',*,*,#6306,.F.);
#6309=ORIENTED_EDGE('',*,*,#6308,.T.);
#6311=ORIENTED_EDGE('',*,*,#6310,.F.);
#6312=EDGE_LOOP('',(#6307,#6309,#6311));
#6313=FACE_BOUND('',#6312,.F.);
#6315=CARTESIAN_POINT('',(-2.307649939903E0,3.078459011830E1,
-5.977585459351E0));
#6316=CARTESIAN_POINT('',(-2.307649939903E0,3.660859011830E1,
-5.977585459351E0));
#6317=CARTESIAN_POINT('',(-4.033598110268E0,3.078459011830E1,
-5.708119399683E0));
#6318=CARTESIAN_POINT('',(-4.033598110268E0,3.660859011830E1,
-5.708119399683E0));
#6319=CARTESIAN_POINT('',(-5.662290361871E0,3.078459011830E1,
-4.815722662771E0));
#6320=CARTESIAN_POINT('',(-5.662290361871E0,3.660859011830E1,
-4.815722662771E0));
#6321=CARTESIAN_POINT('',(-6.888809501765E0,3.078459011830E1,
-3.341923774818E0));
#6322=CARTESIAN_POINT('',(-6.888809501765E0,3.660859011830E1,
-3.341923774818E0));
#6323=CARTESIAN_POINT('',(-7.470551602783E0,3.078459011830E1,
-1.578238282903E0));
#6324=CARTESIAN_POINT('',(-7.470551602783E0,3.660859011830E1,
-1.578238282903E0));
#6325=CARTESIAN_POINT('',(-7.422059596330E0,3.078459011830E1,
1.679454329207E-1));
#6326=CARTESIAN_POINT('',(-7.422059596330E0,3.660859011830E1,
1.679454329207E-1));
#6327=B_SPLINE_SURFACE_WITH_KNOTS('',5,1,((#6315,#6316),(#6317,#6318),(#6319,
#6320),(#6321,#6322),(#6323,#6324),(#6325,#6326)),.UNSPECIFIED.,.F.,.F.,.F.,(6,
6),(2,2),(4.867265057350E0,6.310948449333E0),(-1.12E-1,5.712E0),.UNSPECIFIED.);
#6328=ORIENTED_EDGE('',*,*,#6191,.F.);
#6330=ORIENTED_EDGE('',*,*,#6329,.T.);
#6332=ORIENTED_EDGE('',*,*,#6331,.F.);
#6333=ORIENTED_EDGE('',*,*,#6226,.T.);
#6334=EDGE_LOOP('',(#6328,#6330,#6332,#6333));
#6335=FACE_OUTER_BOUND('',#6334,.F.);
#6337=CARTESIAN_POINT('',(-7.413638317410E0,3.646991979607E1,
3.799572296144E-1));
#6338=CARTESIAN_POINT('',(-7.404328334164E0,3.657443433268E1,
3.793714951163E-1));
#6339=CARTESIAN_POINT('',(-7.440622814208E0,3.668302731987E1,
3.816549502514E-1));
#6340=CARTESIAN_POINT('',(-7.525791507731E0,3.676836440664E1,
3.870133102648E-1));
#6341=CARTESIAN_POINT('',(-7.634170211468E0,3.680473064716E1,
3.938319203478E-1));
#6342=CARTESIAN_POINT('',(-7.738478512514E0,3.679540225646E1,
4.003944423999E-1));
#6343=CARTESIAN_POINT('',(-7.537780084899E0,3.646991979607E1,
-1.593219660727E0));
#6344=CARTESIAN_POINT('',(-7.528278727176E0,3.657443433268E1,
-1.590763585028E0));
#6345=CARTESIAN_POINT('',(-7.565504343528E0,3.668302731987E1,
-1.603280117695E0));
#6346=CARTESIAN_POINT('',(-7.652367596732E0,3.676836440664E1,
-1.624856012516E0));
#6347=CARTESIAN_POINT('',(-7.762845196110E0,3.680473064716E1,
-1.651398393332E0));
#6348=CARTESIAN_POINT('',(-7.869297641347E0,3.679540225646E1,
-1.678916067276E0));
#6349=CARTESIAN_POINT('',(-6.945602436404E0,3.646991979607E1,
-3.611463548772E0));
#6350=CARTESIAN_POINT('',(-6.928203798810E0,3.657443433268E1,
-3.606450477350E0));
#6351=CARTESIAN_POINT('',(-6.958654646076E0,3.668302731987E1,
-3.634251812293E0));
#6352=CARTESIAN_POINT('',(-7.039506553566E0,3.676836440664E1,
-3.683246776422E0));
#6353=CARTESIAN_POINT('',(-7.144377143191E0,3.680473064716E1,
-3.743634962611E0));
#6354=CARTESIAN_POINT('',(-7.245267827225E0,3.679540225646E1,
-3.805717647026E0));
#6355=CARTESIAN_POINT('',(-5.618688632524E0,3.646991979607E1,
-5.382226060559E0));
#6356=CARTESIAN_POINT('',(-5.631417952958E0,3.657443433268E1,
-5.372300704528E0));
#6357=CARTESIAN_POINT('',(-5.663189740899E0,3.668302731987E1,
-5.377577286126E0));
#6358=CARTESIAN_POINT('',(-5.718160364824E0,3.676836440664E1,
-5.461945663798E0));
#6359=CARTESIAN_POINT('',(-5.783882589918E0,3.680473064716E1,
-5.577903506787E0));
#6360=CARTESIAN_POINT('',(-5.846981727611E0,3.679540225646E1,
-5.671726274494E0));
#6361=CARTESIAN_POINT('',(-3.675263175311E0,3.646991979607E1,
-6.604353365883E0));
#6362=CARTESIAN_POINT('',(-3.654095858451E0,3.657443433268E1,
-6.596904078502E0));
#6363=CARTESIAN_POINT('',(-3.662290286954E0,3.668302731987E1,
-6.686256569588E0));
#6364=CARTESIAN_POINT('',(-3.699175841880E0,3.676836440664E1,
-6.763903564521E0));
#6365=CARTESIAN_POINT('',(-3.749950512087E0,3.680473064716E1,
-6.846967817756E0));
#6366=CARTESIAN_POINT('',(-3.799022926890E0,3.679540225646E1,
-6.959589599146E0));
#6367=CARTESIAN_POINT('',(-1.374391092554E0,3.646991979608E1,
-7.042529778467E0));
#6368=CARTESIAN_POINT('',(-1.374391092554E0,3.657443433269E1,
-7.028472796519E0));
#6369=CARTESIAN_POINT('',(-1.374391092554E0,3.668302731988E1,
-7.011396290796E0));
#6370=CARTESIAN_POINT('',(-1.374391092554E0,3.676836440665E1,
-7.129232324094E0));
#6371=CARTESIAN_POINT('',(-1.374391092554E0,3.680473064716E1,
-7.298002971136E0));
#6372=CARTESIAN_POINT('',(-1.374391092554E0,3.679540225647E1,
-7.421334729165E0));
#6373=CARTESIAN_POINT('',(9.264809902032E-1,3.646991979607E1,
-6.604353365883E0));
#6374=CARTESIAN_POINT('',(9.053136733433E-1,3.657443433268E1,
-6.596904078502E0));
#6375=CARTESIAN_POINT('',(9.135081018462E-1,3.668302731987E1,
-6.686256569588E0));
#6376=CARTESIAN_POINT('',(9.503936567721E-1,3.676836440664E1,
-6.763903564521E0));
#6377=CARTESIAN_POINT('',(1.001168326979E0,3.680473064716E1,-6.846967817756E0));
#6378=CARTESIAN_POINT('',(1.050240741782E0,3.679540225646E1,-6.959589599146E0));
#6379=CARTESIAN_POINT('',(2.869906447416E0,3.646991979607E1,-5.382226060559E0));
#6380=CARTESIAN_POINT('',(2.882635767850E0,3.657443433268E1,-5.372300704528E0));
#6381=CARTESIAN_POINT('',(2.914407555791E0,3.668302731987E1,-5.377577286126E0));
#6382=CARTESIAN_POINT('',(2.969378179716E0,3.676836440664E1,-5.461945663798E0));
#6383=CARTESIAN_POINT('',(3.035100404810E0,3.680473064716E1,-5.577903506787E0));
#6384=CARTESIAN_POINT('',(3.098199542503E0,3.679540225646E1,-5.671726274494E0));
#6385=CARTESIAN_POINT('',(4.196820251296E0,3.646991979607E1,-3.611463548772E0));
#6386=CARTESIAN_POINT('',(4.179421613703E0,3.657443433268E1,-3.606450477350E0));
#6387=CARTESIAN_POINT('',(4.209872460968E0,3.668302731987E1,-3.634251812293E0));
#6388=CARTESIAN_POINT('',(4.290724368458E0,3.676836440664E1,-3.683246776422E0));
#6389=CARTESIAN_POINT('',(4.395594958083E0,3.680473064716E1,-3.743634962611E0));
#6390=CARTESIAN_POINT('',(4.496485642117E0,3.679540225646E1,-3.805717647026E0));
#6391=CARTESIAN_POINT('',(4.788997899791E0,3.646991979607E1,-1.593219660727E0));
#6392=CARTESIAN_POINT('',(4.779496542068E0,3.657443433268E1,-1.590763585028E0));
#6393=CARTESIAN_POINT('',(4.816722158420E0,3.668302731987E1,-1.603280117695E0));
#6394=CARTESIAN_POINT('',(4.903585411624E0,3.676836440664E1,-1.624856012516E0));
#6395=CARTESIAN_POINT('',(5.014063011002E0,3.680473064716E1,-1.651398393332E0));
#6396=CARTESIAN_POINT('',(5.120515456239E0,3.679540225646E1,-1.678916067276E0));
#6397=CARTESIAN_POINT('',(4.664856132302E0,3.646991979607E1,3.799572296144E-1));
#6398=CARTESIAN_POINT('',(4.655546149056E0,3.657443433268E1,3.793714951163E-1));
#6399=CARTESIAN_POINT('',(4.691840629100E0,3.668302731987E1,3.816549502514E-1));
#6400=CARTESIAN_POINT('',(4.777009322623E0,3.676836440664E1,3.870133102648E-1));
#6401=CARTESIAN_POINT('',(4.885388026360E0,3.680473064716E1,3.938319203478E-1));
#6402=CARTESIAN_POINT('',(4.989696327406E0,3.679540225646E1,4.003944423999E-1));
#6403=B_SPLINE_SURFACE_WITH_KNOTS('',10,5,((#6337,#6338,#6339,#6340,#6341,
#6342),(#6343,#6344,#6345,#6346,#6347,#6348),(#6349,#6350,#6351,#6352,#6353,
#6354),(#6355,#6356,#6357,#6358,#6359,#6360),(#6361,#6362,#6363,#6364,#6365,
#6366),(#6367,#6368,#6369,#6370,#6371,#6372),(#6373,#6374,#6375,#6376,#6377,
#6378),(#6379,#6380,#6381,#6382,#6383,#6384),(#6385,#6386,#6387,#6388,#6389,
#6390),(#6391,#6392,#6393,#6394,#6395,#6396),(#6397,#6398,#6399,#6400,#6401,
#6402)),.UNSPECIFIED.,.F.,.F.,.F.,(11,11),(6,6),(3.078760800518E0,
6.346017160251E0),(-3.230611249611E0,-1.481777730774E0),.UNSPECIFIED.);
#6404=ORIENTED_EDGE('',*,*,#6164,.F.);
#6405=ORIENTED_EDGE('',*,*,#5998,.T.);
#6406=ORIENTED_EDGE('',*,*,#6161,.T.);
#6407=ORIENTED_EDGE('',*,*,#6215,.F.);
#6409=ORIENTED_EDGE('',*,*,#6408,.T.);
#6411=ORIENTED_EDGE('',*,*,#6410,.T.);
#6413=ORIENTED_EDGE('',*,*,#6412,.T.);
#6415=ORIENTED_EDGE('',*,*,#6414,.T.);
#6417=ORIENTED_EDGE('',*,*,#6416,.T.);
#6418=ORIENTED_EDGE('',*,*,#6329,.F.);
#6419=EDGE_LOOP('',(#6404,#6405,#6406,#6407,#6409,#6411,#6413,#6415,#6417,
#6418));
#6420=FACE_OUTER_BOUND('',#6419,.F.);
#6422=CARTESIAN_POINT('',(-2.470443684613E0,3.646996382751E1,
-6.068957784122E0));
#6423=CARTESIAN_POINT('',(-2.478583455017E0,3.653068023650E1,
-6.069469895068E0));
#6424=CARTESIAN_POINT('',(-2.464449707888E0,3.659439449992E1,
-6.068580675071E0));
#6425=CARTESIAN_POINT('',(-2.426625941120E0,3.665090541728E1,
-6.066201005370E0));
#6426=CARTESIAN_POINT('',(-2.370226535151E0,3.668880396818E1,
-6.062652655510E0));
#6427=CARTESIAN_POINT('',(-2.306637997278E0,3.670296566017E1,
-6.058652003809E0));
#6428=CARTESIAN_POINT('',(-2.246041398255E0,3.669480979603E1,
-6.054839588945E0));
#6429=CARTESIAN_POINT('',(-2.498606529454E0,3.646996382751E1,
-5.621322183871E0));
#6430=CARTESIAN_POINT('',(-2.506955449576E0,3.653068023650E1,
-5.618509955240E0));
#6431=CARTESIAN_POINT('',(-2.492441751853E0,3.659439449992E1,
-5.623659876998E0));
#6432=CARTESIAN_POINT('',(-2.453658260953E0,3.665090541728E1,
-5.636534585555E0));
#6433=CARTESIAN_POINT('',(-2.395837290789E0,3.668880396818E1,
-5.655581351539E0));
#6434=CARTESIAN_POINT('',(-2.330591888835E0,3.670296566017E1,
-5.677915800271E0));
#6435=CARTESIAN_POINT('',(-2.268438272723E0,3.669480979603E1,
-5.698851463349E0));
#6436=CARTESIAN_POINT('',(-2.317835051186E0,3.646996382751E1,
-5.160541550204E0));
#6437=CARTESIAN_POINT('',(-2.326467549849E0,3.653068023650E1,
-5.154409664660E0));
#6438=CARTESIAN_POINT('',(-2.314470328295E0,3.659439449992E1,
-5.165780955899E0));
#6439=CARTESIAN_POINT('',(-2.280445537968E0,3.665090541728E1,
-5.194269815501E0));
#6440=CARTESIAN_POINT('',(-2.229743426257E0,3.668880396818E1,
-5.236449015179E0));
#6441=CARTESIAN_POINT('',(-2.174203580812E0,3.670296566017E1,
-5.285833427255E0));
#6442=CARTESIAN_POINT('',(-2.124677366142E0,3.669480979603E1,
-5.332409576247E0));
#6443=CARTESIAN_POINT('',(-1.921164974768E0,3.646996382751E1,
-4.800421760811E0));
#6444=CARTESIAN_POINT('',(-1.922515446758E0,3.653068023650E1,
-4.791240353954E0));
#6445=CARTESIAN_POINT('',(-1.915207943445E0,3.659439449992E1,
-4.804536362331E0));
#6446=CARTESIAN_POINT('',(-1.898767408628E0,3.665090541728E1,
-4.847730952994E0));
#6447=CARTESIAN_POINT('',(-1.874184714638E0,3.668880396818E1,
-4.913345708913E0));
#6448=CARTESIAN_POINT('',(-1.843838022841E0,3.670296566017E1,
-4.980141198924E0));
#6449=CARTESIAN_POINT('',(-1.809220246770E0,3.669480979603E1,
-5.046019555561E0));
#6450=CARTESIAN_POINT('',(-1.374391092554E0,3.646996382751E1,
-4.659130399558E0));
#6451=CARTESIAN_POINT('',(-1.374391092554E0,3.653068023650E1,
-4.649527162058E0));
#6452=CARTESIAN_POINT('',(-1.374391092554E0,3.659439449992E1,
-4.669796127695E0));
#6453=CARTESIAN_POINT('',(-1.374391092554E0,3.665090541728E1,
-4.713619309712E0));
#6454=CARTESIAN_POINT('',(-1.374391092554E0,3.668880396818E1,
-4.777308673171E0));
#6455=CARTESIAN_POINT('',(-1.374391092554E0,3.670296566017E1,
-4.858949810330E0));
#6456=CARTESIAN_POINT('',(-1.374391092554E0,3.669480979603E1,
-4.933655733677E0));
#6457=CARTESIAN_POINT('',(-8.276172103401E-1,3.646996382751E1,
-4.800421760811E0));
#6458=CARTESIAN_POINT('',(-8.262667383496E-1,3.653068023650E1,
-4.791240353954E0));
#6459=CARTESIAN_POINT('',(-8.335742416624E-1,3.659439449992E1,
-4.804536362331E0));
#6460=CARTESIAN_POINT('',(-8.500147764795E-1,3.665090541728E1,
-4.847730952994E0));
#6461=CARTESIAN_POINT('',(-8.745974704696E-1,3.668880396818E1,
-4.913345708913E0));
#6462=CARTESIAN_POINT('',(-9.049441622671E-1,3.670296566017E1,
-4.980141198924E0));
#6463=CARTESIAN_POINT('',(-9.395619383383E-1,3.669480979603E1,
-5.046019555561E0));
#6464=CARTESIAN_POINT('',(-4.309471339223E-1,3.646996382751E1,
-5.160541550204E0));
#6465=CARTESIAN_POINT('',(-4.223146352593E-1,3.653068023650E1,
-5.154409664660E0));
#6466=CARTESIAN_POINT('',(-4.343118568128E-1,3.659439449992E1,
-5.165780955899E0));
#6467=CARTESIAN_POINT('',(-4.683366471394E-1,3.665090541728E1,
-5.194269815501E0));
#6468=CARTESIAN_POINT('',(-5.190387588504E-1,3.668880396818E1,
-5.236449015179E0));
#6469=CARTESIAN_POINT('',(-5.745786042961E-1,3.670296566017E1,
-5.285833427255E0));
#6470=CARTESIAN_POINT('',(-6.241048189656E-1,3.669480979603E1,
-5.332409576247E0));
#6471=CARTESIAN_POINT('',(-2.501756556540E-1,3.646996382751E1,
-5.621322183871E0));
#6472=CARTESIAN_POINT('',(-2.418267355315E-1,3.653068023650E1,
-5.618509955240E0));
#6473=CARTESIAN_POINT('',(-2.563404332549E-1,3.659439449992E1,
-5.623659876998E0));
#6474=CARTESIAN_POINT('',(-2.951239241551E-1,3.665090541728E1,
-5.636534585555E0));
#6475=CARTESIAN_POINT('',(-3.529448943188E-1,3.668880396818E1,
-5.655581351539E0));
#6476=CARTESIAN_POINT('',(-4.181902962730E-1,3.670296566017E1,
-5.677915800271E0));
#6477=CARTESIAN_POINT('',(-4.803439123849E-1,3.669480979603E1,
-5.698851463349E0));
#6478=CARTESIAN_POINT('',(-2.783385004947E-1,3.646996382751E1,
-6.068957784122E0));
#6479=CARTESIAN_POINT('',(-2.701987300905E-1,3.653068023650E1,
-6.069469895068E0));
#6480=CARTESIAN_POINT('',(-2.843324772199E-1,3.659439449992E1,
-6.068580675071E0));
#6481=CARTESIAN_POINT('',(-3.221562439879E-1,3.665090541728E1,
-6.066201005370E0));
#6482=CARTESIAN_POINT('',(-3.785556499567E-1,3.668880396818E1,
-6.062652655510E0));
#6483=CARTESIAN_POINT('',(-4.421441878300E-1,3.670296566017E1,
-6.058652003809E0));
#6484=CARTESIAN_POINT('',(-5.027407868530E-1,3.669480979603E1,
-6.054839588945E0));
#6485=B_SPLINE_SURFACE_WITH_KNOTS('',8,6,((#6422,#6423,#6424,#6425,#6426,#6427,
#6428),(#6429,#6430,#6431,#6432,#6433,#6434,#6435),(#6436,#6437,#6438,#6439,
#6440,#6441,#6442),(#6443,#6444,#6445,#6446,#6447,#6448,#6449),(#6450,#6451,
#6452,#6453,#6454,#6455,#6456),(#6457,#6458,#6459,#6460,#6461,#6462,#6463),(
#6464,#6465,#6466,#6467,#6468,#6469,#6470),(#6471,#6472,#6473,#6474,#6475,#6476,
#6477),(#6478,#6479,#6480,#6481,#6482,#6483,#6484)),.UNSPECIFIED.,.F.,.F.,.F.,
(9,9),(7,7),(-6.283185307180E-2,3.204424506662E0),(-1.335278940320E-1,
1.704324220827E0),.UNSPECIFIED.);
#6486=ORIENTED_EDGE('',*,*,#6408,.F.);
#6488=ORIENTED_EDGE('',*,*,#6487,.F.);
#6489=ORIENTED_EDGE('',*,*,#6416,.F.);
#6491=ORIENTED_EDGE('',*,*,#6490,.F.);
#6493=ORIENTED_EDGE('',*,*,#6492,.T.);
#6495=ORIENTED_EDGE('',*,*,#6494,.T.);
#6496=EDGE_LOOP('',(#6486,#6488,#6489,#6491,#6493,#6495));
#6497=FACE_OUTER_BOUND('',#6496,.F.);
#6499=CARTESIAN_POINT('',(-2.745140380837E-1,3.660859011830E1,
-6.016445821652E0));
#6500=CARTESIAN_POINT('',(-2.745140380837E-1,3.078459011830E1,
-6.016445821652E0));
#6501=CARTESIAN_POINT('',(-2.658210638431E-1,3.660859011830E1,
-5.435070010559E0));
#6502=CARTESIAN_POINT('',(-2.658210638431E-1,3.078459011830E1,
-5.435070010559E0));
#6503=CARTESIAN_POINT('',(-6.258942156175E-1,3.660859011830E1,
-4.848180254143E0));
#6504=CARTESIAN_POINT('',(-6.258942156175E-1,3.078459011830E1,
-4.848180254143E0));
#6505=CARTESIAN_POINT('',(-1.374391092554E0,3.660859011830E1,
-4.545043030286E0));
#6506=CARTESIAN_POINT('',(-1.374391092554E0,3.078459011830E1,
-4.545043030286E0));
#6507=CARTESIAN_POINT('',(-2.122887969490E0,3.660859011830E1,
-4.848180254143E0));
#6508=CARTESIAN_POINT('',(-2.122887969490E0,3.078459011830E1,
-4.848180254143E0));
#6509=CARTESIAN_POINT('',(-2.482961121265E0,3.660859011830E1,
-5.435070010559E0));
#6510=CARTESIAN_POINT('',(-2.482961121265E0,3.078459011830E1,
-5.435070010559E0));
#6511=CARTESIAN_POINT('',(-2.474268147024E0,3.660859011830E1,
-6.016445821652E0));
#6512=CARTESIAN_POINT('',(-2.474268147024E0,3.078459011830E1,
-6.016445821652E0));
#6513=B_SPLINE_SURFACE_WITH_KNOTS('',6,1,((#6499,#6500),(#6501,#6502),(#6503,
#6504),(#6505,#6506),(#6507,#6508),(#6509,#6510),(#6511,#6512)),.UNSPECIFIED.,
.F.,.F.,.F.,(7,7),(2,2),(-1.495130399003E-2,3.156543957580E0),(8.8E-2,5.912E0),
.UNSPECIFIED.);
#6514=ORIENTED_EDGE('',*,*,#6213,.T.);
#6515=ORIENTED_EDGE('',*,*,#6228,.T.);
#6516=ORIENTED_EDGE('',*,*,#6331,.T.);
#6517=ORIENTED_EDGE('',*,*,#6487,.T.);
#6518=EDGE_LOOP('',(#6514,#6515,#6516,#6517));
#6519=FACE_OUTER_BOUND('',#6518,.F.);
#6521=CARTESIAN_POINT('',(-2.423154152820E0,3.662458476831E1,
-6.101668091550E0));
#6522=CARTESIAN_POINT('',(-2.397423417894E0,3.665562373531E1,
-6.099173729560E0));
#6523=CARTESIAN_POINT('',(-2.363892987507E0,3.668013613499E1,
-6.095923257651E0));
#6524=CARTESIAN_POINT('',(-2.324737192033E0,3.669545792721E1,
-6.092127457485E0));
#6525=CARTESIAN_POINT('',(-2.283537771355E0,3.670018756533E1,
-6.088133546341E0));
#6526=CARTESIAN_POINT('',(-2.243689715326E0,3.669480979603E1,
-6.084270637776E0));
#6527=CARTESIAN_POINT('',(-2.425722529787E0,3.662458476831E1,
-6.075173850861E0));
#6528=CARTESIAN_POINT('',(-2.399928781365E0,3.665562373531E1,
-6.073329508223E0));
#6529=CARTESIAN_POINT('',(-2.366315293816E0,3.668013613499E1,
-6.070935817260E0));
#6530=CARTESIAN_POINT('',(-2.327063997836E0,3.669545792721E1,
-6.068125158069E0));
#6531=CARTESIAN_POINT('',(-2.285764233630E0,3.670018756533E1,
-6.065166346368E0));
#6532=CARTESIAN_POINT('',(-2.245818591375E0,3.669480979603E1,
-6.062310094146E0));
#6533=CARTESIAN_POINT('',(-2.427454272609E0,3.662458476831E1,
-6.048598506060E0));
#6534=CARTESIAN_POINT('',(-2.401626143674E0,3.665562373531E1,
-6.047406958482E0));
#6535=CARTESIAN_POINT('',(-2.367958231946E0,3.668013613499E1,
-6.045872824174E0));
#6536=CARTESIAN_POINT('',(-2.328640068443E0,3.669545792721E1,
-6.044050081668E0));
#6537=CARTESIAN_POINT('',(-2.287268593693E0,3.670018756533E1,
-6.042129145117E0));
#6538=CARTESIAN_POINT('',(-2.247253998195E0,3.669480979603E1,
-6.040282324948E0));
#6539=CARTESIAN_POINT('',(-2.428345965887E0,3.662458476831E1,
-6.021977282724E0));
#6540=CARTESIAN_POINT('',(-2.402495994241E0,3.665562373531E1,
-6.021437842424E0));
#6541=CARTESIAN_POINT('',(-2.368800887275E0,3.668013613499E1,
-6.020715613445E0));
#6542=CARTESIAN_POINT('',(-2.329448880437E0,3.669545792721E1,
-6.019903253078E0));
#6543=CARTESIAN_POINT('',(-2.288041593870E0,3.670018756533E1,
-6.019051467124E0));
#6544=CARTESIAN_POINT('',(-2.247993104832E0,3.669480979603E1,
-6.018216527954E0));
#6545=CARTESIAN_POINT('',(-2.428396422491E0,3.662458476831E1,
-5.995345622269E0));
#6546=CARTESIAN_POINT('',(-2.402537071811E0,3.665562373531E1,
-5.995459814467E0));
#6547=CARTESIAN_POINT('',(-2.368838748876E0,3.668013613499E1,
-5.995598857392E0));
#6548=CARTESIAN_POINT('',(-2.329487352172E0,3.669545792721E1,
-5.995776673913E0));
#6549=CARTESIAN_POINT('',(-2.288082164880E0,3.670018756533E1,
-5.995965235412E0));
#6550=CARTESIAN_POINT('',(-2.248034927298E0,3.669480979603E1,
-5.996142079841E0));
#6551=CARTESIAN_POINT('',(-2.427606693007E0,3.662458476831E1,
-5.968738899861E0));
#6552=CARTESIAN_POINT('',(-2.401766717838E0,3.665562373531E1,
-5.969505871079E0));
#6553=CARTESIAN_POINT('',(-2.368093933478E0,3.668013613499E1,
-5.970505332427E0));
#6554=CARTESIAN_POINT('',(-2.328771901453E0,3.669545792721E1,
-5.971672472355E0));
#6555=CARTESIAN_POINT('',(-2.287397567982E0,3.670018756533E1,
-5.972900527828E0));
#6556=CARTESIAN_POINT('',(-2.247380336400E0,3.669480979603E1,
-5.974088302376E0));
#6557=B_SPLINE_SURFACE_WITH_KNOTS('',5,5,((#6521,#6522,#6523,#6524,#6525,#6526),
(#6527,#6528,#6529,#6530,#6531,#6532),(#6533,#6534,#6535,#6536,#6537,#6538),(
#6539,#6540,#6541,#6542,#6543,#6544),(#6545,#6546,#6547,#6548,#6549,#6550),(
#6551,#6552,#6553,#6554,#6555,#6556)),.UNSPECIFIED.,.F.,.F.,.F.,(6,6),(6,6),(
6.186546321481E0,6.312858172520E0),(6.944634524342E-1,1.704324220827E0),
.UNSPECIFIED.);
#6558=ORIENTED_EDGE('',*,*,#6414,.F.);
#6560=ORIENTED_EDGE('',*,*,#6559,.T.);
#6561=ORIENTED_EDGE('',*,*,#6490,.T.);
#6562=EDGE_LOOP('',(#6558,#6560,#6561));
#6563=FACE_OUTER_BOUND('',#6562,.F.);
#6565=CARTESIAN_POINT('',(-4.383910925539E-1,3.669659011830E1,
-6.153098781056E0));
#6566=CARTESIAN_POINT('',(-4.383910925539E-1,3.669659011830E1,
-5.072551473168E0));
#6567=CARTESIAN_POINT('',(-2.310391092554E0,3.669659011830E1,
-6.153098781056E0));
#6568=CARTESIAN_POINT('',(-2.310391092554E0,3.669659011830E1,
-5.072551473168E0));
#6569=B_SPLINE_SURFACE_WITH_KNOTS('',1,1,((#6565,#6566),(#6567,#6568)),
.UNSPECIFIED.,.F.,.F.,.F.,(2,2),(2,2),(-9.36E-1,9.36E-1),(-3.153098781056E0,
-2.072551473168E0),.UNSPECIFIED.);
#6570=ORIENTED_EDGE('',*,*,#6412,.F.);
#6572=ORIENTED_EDGE('',*,*,#6571,.F.);
#6573=ORIENTED_EDGE('',*,*,#6492,.F.);
#6574=ORIENTED_EDGE('',*,*,#6559,.F.);
#6575=EDGE_LOOP('',(#6570,#6572,#6573,#6574));
#6576=FACE_OUTER_BOUND('',#6575,.F.);
#6578=CARTESIAN_POINT('',(-3.211754921006E-1,3.662458476831E1,
-5.968738899861E0));
#6579=CARTESIAN_POINT('',(-3.470154672697E-1,3.665562373531E1,
-5.969505871079E0));
#6580=CARTESIAN_POINT('',(-3.806882516297E-1,3.668013613499E1,
-5.970505332427E0));
#6581=CARTESIAN_POINT('',(-4.200102836545E-1,3.669545792721E1,
-5.971672472355E0));
#6582=CARTESIAN_POINT('',(-4.613846171259E-1,3.670018756533E1,
-5.972900527828E0));
#6583=CARTESIAN_POINT('',(-5.014018487082E-1,3.669480979603E1,
-5.974088302376E0));
#6584=CARTESIAN_POINT('',(-3.203857626158E-1,3.662458476831E1,
-5.995345622269E0));
#6585=CARTESIAN_POINT('',(-3.462451132958E-1,3.665562373531E1,
-5.995459814467E0));
#6586=CARTESIAN_POINT('',(-3.799434362316E-1,3.668013613499E1,
-5.995598857392E0));
#6587=CARTESIAN_POINT('',(-4.192948329355E-1,3.669545792721E1,
-5.995776673913E0));
#6588=CARTESIAN_POINT('',(-4.607000202274E-1,3.670018756533E1,
-5.995965235412E0));
#6589=CARTESIAN_POINT('',(-5.007472578101E-1,3.669480979603E1,
-5.996142079841E0));
#6590=CARTESIAN_POINT('',(-3.204362192203E-1,3.662458476831E1,
-6.021977282724E0));
#6591=CARTESIAN_POINT('',(-3.462861908660E-1,3.665562373531E1,
-6.021437842424E0));
#6592=CARTESIAN_POINT('',(-3.799812978324E-1,3.668013613499E1,
-6.020715613445E0));
#6593=CARTESIAN_POINT('',(-4.193333046703E-1,3.669545792721E1,
-6.019903253078E0));
#6594=CARTESIAN_POINT('',(-4.607405912376E-1,3.670018756533E1,
-6.019051467124E0));
#6595=CARTESIAN_POINT('',(-5.007890802755E-1,3.669480979603E1,
-6.018216527954E0));
#6596=CARTESIAN_POINT('',(-3.213279124986E-1,3.662458476831E1,
-6.048598506060E0));
#6597=CARTESIAN_POINT('',(-3.471560414336E-1,3.665562373531E1,
-6.047406958482E0));
#6598=CARTESIAN_POINT('',(-3.808239531613E-1,3.668013613499E1,
-6.045872824174E0));
#6599=CARTESIAN_POINT('',(-4.201421166649E-1,3.669545792721E1,
-6.044050081668E0));
#6600=CARTESIAN_POINT('',(-4.615135914144E-1,3.670018756533E1,
-6.042129145117E0));
#6601=CARTESIAN_POINT('',(-5.015281869127E-1,3.669480979603E1,
-6.040282324948E0));
#6602=CARTESIAN_POINT('',(-3.230596553198E-1,3.662458476831E1,
-6.075173850861E0));
#6603=CARTESIAN_POINT('',(-3.488534037422E-1,3.665562373531E1,
-6.073329508223E0));
#6604=CARTESIAN_POINT('',(-3.824668912911E-1,3.668013613499E1,
-6.070935817260E0));
#6605=CARTESIAN_POINT('',(-4.217181872720E-1,3.669545792721E1,
-6.068125158069E0));
#6606=CARTESIAN_POINT('',(-4.630179514775E-1,3.670018756533E1,
-6.065166346368E0));
#6607=CARTESIAN_POINT('',(-5.029635937329E-1,3.669480979603E1,
-6.062310094146E0));
#6608=CARTESIAN_POINT('',(-3.256280322869E-1,3.662458476831E1,
-6.101668091550E0));
#6609=CARTESIAN_POINT('',(-3.513587672133E-1,3.665562373531E1,
-6.099173729560E0));
#6610=CARTESIAN_POINT('',(-3.848891975999E-1,3.668013613499E1,
-6.095923257651E0));
#6611=CARTESIAN_POINT('',(-4.240449930747E-1,3.669545792721E1,
-6.092127457485E0));
#6612=CARTESIAN_POINT('',(-4.652444137529E-1,3.670018756533E1,
-6.088133546341E0));
#6613=CARTESIAN_POINT('',(-5.050924697821E-1,3.669480979603E1,
-6.084270637776E0));
#6614=B_SPLINE_SURFACE_WITH_KNOTS('',5,5,((#6578,#6579,#6580,#6581,#6582,#6583),
(#6584,#6585,#6586,#6587,#6588,#6589),(#6590,#6591,#6592,#6593,#6594,#6595),(
#6596,#6597,#6598,#6599,#6600,#6601),(#6602,#6603,#6604,#6605,#6606,#6607),(
#6608,#6609,#6610,#6611,#6612,#6613)),.UNSPECIFIED.,.F.,.F.,.F.,(6,6),(6,6),(
3.111919788249E0,3.238231639289E0),(6.944634524296E-1,1.704324220827E0),
.UNSPECIFIED.);
#6615=ORIENTED_EDGE('',*,*,#6494,.F.);
#6616=ORIENTED_EDGE('',*,*,#6571,.T.);
#6617=ORIENTED_EDGE('',*,*,#6410,.F.);
#6618=EDGE_LOOP('',(#6615,#6616,#6617));
#6619=FACE_OUTER_BOUND('',#6618,.F.);
#6621=CARTESIAN_POINT('',(2.356687958847E0,3.559571070013E1,1.461462009754E0));
#6622=CARTESIAN_POINT('',(2.440154688574E0,3.080445049905E1,1.456210728227E0));
#6623=CARTESIAN_POINT('',(2.372689069368E0,3.559571070013E1,1.715792378483E0));
#6624=CARTESIAN_POINT('',(2.459015346257E0,3.080445049905E1,1.755992297543E0));
#6625=CARTESIAN_POINT('',(2.222497676949E0,3.559571070013E1,1.980578693234E0));
#6626=CARTESIAN_POINT('',(2.281983356163E0,3.080445049905E1,2.068098387613E0));
#6627=CARTESIAN_POINT('',(1.889634858521E0,3.559571070013E1,2.121744077010E0));
#6628=CARTESIAN_POINT('',(1.889634858521E0,3.080445049905E1,2.234491337432E0));
#6629=CARTESIAN_POINT('',(1.556772040093E0,3.559571070013E1,1.980578693234E0));
#6630=CARTESIAN_POINT('',(1.497286360879E0,3.080445049905E1,2.068098387613E0));
#6631=CARTESIAN_POINT('',(1.406580647674E0,3.559571070013E1,1.715792378483E0));
#6632=CARTESIAN_POINT('',(1.320254370785E0,3.080445049905E1,1.755992297543E0));
#6633=CARTESIAN_POINT('',(1.422581758195E0,3.559571070013E1,1.461462009754E0));
#6634=CARTESIAN_POINT('',(1.339115028468E0,3.080445049905E1,1.456210728227E0));
#6635=B_SPLINE_SURFACE_WITH_KNOTS('',6,1,((#6621,#6622),(#6623,#6624),(#6625,
#6626),(#6627,#6628),(#6629,#6630),(#6631,#6632),(#6633,#6634)),.UNSPECIFIED.,
.F.,.F.,.F.,(7,7),(2,2),(3.078760800518E0,6.346017160251E0),(2.681035831509E1,
3.160161851617E1),.UNSPECIFIED.);
#6637=ORIENTED_EDGE('',*,*,#6636,.F.);
#6638=ORIENTED_EDGE('',*,*,#6234,.T.);
#6640=ORIENTED_EDGE('',*,*,#6639,.T.);
#6642=ORIENTED_EDGE('',*,*,#6641,.T.);
#6643=EDGE_LOOP('',(#6637,#6638,#6640,#6642));
#6644=FACE_OUTER_BOUND('',#6643,.F.);
#6646=CARTESIAN_POINT('',(1.422581758195E0,3.559571070013E1,1.520230990548E0));
#6647=CARTESIAN_POINT('',(1.339115028468E0,3.080445049905E1,1.525482272075E0));
#6648=CARTESIAN_POINT('',(1.406580647674E0,3.559571070013E1,1.265900621819E0));
#6649=CARTESIAN_POINT('',(1.320254370785E0,3.080445049905E1,1.225700702758E0));
#6650=CARTESIAN_POINT('',(1.556772040093E0,3.559571070013E1,1.001114307067E0));
#6651=CARTESIAN_POINT('',(1.497286360879E0,3.080445049905E1,9.135946126892E-1));
#6652=CARTESIAN_POINT('',(1.889634858521E0,3.559571070013E1,8.599489232918E-1));
#6653=CARTESIAN_POINT('',(1.889634858521E0,3.080445049905E1,7.472016628697E-1));
#6654=CARTESIAN_POINT('',(2.222497676949E0,3.559571070013E1,1.001114307067E0));
#6655=CARTESIAN_POINT('',(2.281983356163E0,3.080445049905E1,9.135946126892E-1));
#6656=CARTESIAN_POINT('',(2.372689069368E0,3.559571070013E1,1.265900621819E0));
#6657=CARTESIAN_POINT('',(2.459015346257E0,3.080445049905E1,1.225700702758E0));
#6658=CARTESIAN_POINT('',(2.356687958847E0,3.559571070013E1,1.520230990548E0));
#6659=CARTESIAN_POINT('',(2.440154688574E0,3.080445049905E1,1.525482272075E0));
#6660=B_SPLINE_SURFACE_WITH_KNOTS('',6,1,((#6646,#6647),(#6648,#6649),(#6650,
#6651),(#6652,#6653),(#6654,#6655),(#6656,#6657),(#6658,#6659)),.UNSPECIFIED.,
.F.,.F.,.F.,(7,7),(2,2),(-6.283185307180E-2,3.204424506662E0),(2.681035831509E1,
3.160161851617E1),.UNSPECIFIED.);
#6662=ORIENTED_EDGE('',*,*,#6661,.T.);
#6663=ORIENTED_EDGE('',*,*,#6639,.F.);
#6664=ORIENTED_EDGE('',*,*,#6236,.T.);
#6665=ORIENTED_EDGE('',*,*,#6636,.T.);
#6666=EDGE_LOOP('',(#6662,#6663,#6664,#6665));
#6667=FACE_OUTER_BOUND('',#6666,.F.);
#6669=CARTESIAN_POINT('',(2.324724018258E0,3.547687384892E1,1.666368909837E0));
#6670=CARTESIAN_POINT('',(2.329864609105E0,3.558919521534E1,1.668442712119E0));
#6671=CARTESIAN_POINT('',(2.299862759341E0,3.570338669194E1,1.656339452712E0));
#6672=CARTESIAN_POINT('',(2.233943177840E0,3.580352513515E1,1.629746365912E0));
#6673=CARTESIAN_POINT('',(2.139940484191E0,3.587284817935E1,1.591824071281E0));
#6674=CARTESIAN_POINT('',(2.033534125210E0,3.590320153197E1,1.548897925878E0));
#6675=CARTESIAN_POINT('',(1.929475124894E0,3.589569896447E1,1.506918745114E0));
#6676=CARTESIAN_POINT('',(2.410477466555E0,3.547687384892E1,1.453801205059E0));
#6677=CARTESIAN_POINT('',(2.416631236842E0,3.558919521534E1,1.453363513840E0));
#6678=CARTESIAN_POINT('',(2.380554514727E0,3.570338669194E1,1.456318793747E0));
#6679=CARTESIAN_POINT('',(2.301764811178E0,3.580352513515E1,1.461628474219E0));
#6680=CARTESIAN_POINT('',(2.189488513625E0,3.587284817935E1,1.469003227311E0));
#6681=CARTESIAN_POINT('',(2.061895802465E0,3.590320153197E1,1.478594319928E0));
#6682=CARTESIAN_POINT('',(1.937327401022E0,3.589569896447E1,1.487454334680E0));
#6683=CARTESIAN_POINT('',(2.377542521638E0,3.547687384892E1,1.193352572173E0));
#6684=CARTESIAN_POINT('',(2.386834544597E0,3.558919521534E1,1.191260678344E0));
#6685=CARTESIAN_POINT('',(2.353146015960E0,3.570338669194E1,1.212688643090E0));
#6686=CARTESIAN_POINT('',(2.276287248792E0,3.580352513515E1,1.255872090991E0));
#6687=CARTESIAN_POINT('',(2.166876398363E0,3.587284817935E1,1.317071746597E0));
#6688=CARTESIAN_POINT('',(2.045574378651E0,3.590320153197E1,1.390264786657E0));
#6689=CARTESIAN_POINT('',(1.934311612306E0,3.589569896447E1,1.463605560979E0));
#6690=CARTESIAN_POINT('',(2.195125726954E0,3.547687384892E1,9.624179586837E-1));
#6691=CARTESIAN_POINT('',(2.192856143646E0,3.558919521534E1,9.523798792412E-1));
#6692=CARTESIAN_POINT('',(2.172098619243E0,3.570338669194E1,9.853052976239E-1));
#6693=CARTESIAN_POINT('',(2.130532270238E0,3.580352513515E1,1.071217536274E0));
#6694=CARTESIAN_POINT('',(2.070824104525E0,3.587284817935E1,1.195274102373E0));
#6695=CARTESIAN_POINT('',(1.999719219686E0,3.590320153197E1,1.321916682067E0));
#6696=CARTESIAN_POINT('',(1.917608061945E0,3.589569896447E1,1.442459328511E0));
#6697=CARTESIAN_POINT('',(1.889634858521E0,3.547687384892E1,8.619963433123E-1));
#6698=CARTESIAN_POINT('',(1.889634858521E0,3.558919521534E1,8.594995462266E-1));
#6699=CARTESIAN_POINT('',(1.889634858521E0,3.570338669194E1,9.076597649628E-1));
#6700=CARTESIAN_POINT('',(1.889634858521E0,3.580352513515E1,9.951548850374E-1));
#6701=CARTESIAN_POINT('',(1.889634858521E0,3.587284817935E1,1.117804151772E0));
#6702=CARTESIAN_POINT('',(1.889634858521E0,3.590320153197E1,1.275271587653E0));
#6703=CARTESIAN_POINT('',(1.889634858521E0,3.589569896447E1,1.433263916912E0));
#6704=CARTESIAN_POINT('',(1.584143990088E0,3.547687384892E1,9.624179586837E-1));
#6705=CARTESIAN_POINT('',(1.586413573396E0,3.558919521534E1,9.523798792412E-1));
#6706=CARTESIAN_POINT('',(1.607171097799E0,3.570338669194E1,9.853052976240E-1));
#6707=CARTESIAN_POINT('',(1.648737446804E0,3.580352513515E1,1.071217536274E0));
#6708=CARTESIAN_POINT('',(1.708445612517E0,3.587284817935E1,1.195274102373E0));
#6709=CARTESIAN_POINT('',(1.779550497356E0,3.590320153197E1,1.321916682067E0));
#6710=CARTESIAN_POINT('',(1.861661655097E0,3.589569896447E1,1.442459328511E0));
#6711=CARTESIAN_POINT('',(1.401727195404E0,3.547687384892E1,1.193352572173E0));
#6712=CARTESIAN_POINT('',(1.392435172445E0,3.558919521534E1,1.191260678344E0));
#6713=CARTESIAN_POINT('',(1.426123701082E0,3.570338669194E1,1.212688643090E0));
#6714=CARTESIAN_POINT('',(1.502982468250E0,3.580352513515E1,1.255872090991E0));
#6715=CARTESIAN_POINT('',(1.612393318679E0,3.587284817935E1,1.317071746597E0));
#6716=CARTESIAN_POINT('',(1.733695338391E0,3.590320153197E1,1.390264786657E0));
#6717=CARTESIAN_POINT('',(1.844958104736E0,3.589569896447E1,1.463605560979E0));
#6718=CARTESIAN_POINT('',(1.368792250487E0,3.547687384892E1,1.453801205059E0));
#6719=CARTESIAN_POINT('',(1.362638480200E0,3.558919521534E1,1.453363513840E0));
#6720=CARTESIAN_POINT('',(1.398715202315E0,3.570338669194E1,1.456318793747E0));
#6721=CARTESIAN_POINT('',(1.477504905864E0,3.580352513515E1,1.461628474219E0));
#6722=CARTESIAN_POINT('',(1.589781203417E0,3.587284817935E1,1.469003227311E0));
#6723=CARTESIAN_POINT('',(1.717373914577E0,3.590320153197E1,1.478594319928E0));
#6724=CARTESIAN_POINT('',(1.841942316020E0,3.589569896447E1,1.487454334680E0));
#6725=CARTESIAN_POINT('',(1.454545698784E0,3.547687384892E1,1.666368909837E0));
#6726=CARTESIAN_POINT('',(1.449405107937E0,3.558919521534E1,1.668442712119E0));
#6727=CARTESIAN_POINT('',(1.479406957701E0,3.570338669194E1,1.656339452712E0));
#6728=CARTESIAN_POINT('',(1.545326539202E0,3.580352513515E1,1.629746365912E0));
#6729=CARTESIAN_POINT('',(1.639329232851E0,3.587284817935E1,1.591824071281E0));
#6730=CARTESIAN_POINT('',(1.745735591832E0,3.590320153197E1,1.548897925878E0));
#6731=CARTESIAN_POINT('',(1.849794592148E0,3.589569896447E1,1.506918745114E0));
#6732=B_SPLINE_SURFACE_WITH_KNOTS('',8,6,((#6669,#6670,#6671,#6672,#6673,#6674,
#6675),(#6676,#6677,#6678,#6679,#6680,#6681,#6682),(#6683,#6684,#6685,#6686,
#6687,#6688,#6689),(#6690,#6691,#6692,#6693,#6694,#6695,#6696),(#6697,#6698,
#6699,#6700,#6701,#6702,#6703),(#6704,#6705,#6706,#6707,#6708,#6709,#6710),(
#6711,#6712,#6713,#6714,#6715,#6716,#6717),(#6718,#6719,#6720,#6721,#6722,#6723,
#6724),(#6725,#6726,#6727,#6728,#6729,#6730,#6731)),.UNSPECIFIED.,.F.,.F.,.F.,
(9,9),(7,7),(2.758143970874E0,6.666633989895E0),(-4.931065449608E-2,
1.637560273811E0),.UNSPECIFIED.);
#6734=ORIENTED_EDGE('',*,*,#6733,.F.);
#6736=ORIENTED_EDGE('',*,*,#6735,.T.);
#6738=ORIENTED_EDGE('',*,*,#6737,.T.);
#6739=ORIENTED_EDGE('',*,*,#6661,.F.);
#6740=EDGE_LOOP('',(#6734,#6736,#6738,#6739));
#6741=FACE_OUTER_BOUND('',#6740,.F.);
#6743=CARTESIAN_POINT('',(1.454545698784E0,3.547687384892E1,1.315324090465E0));
#6744=CARTESIAN_POINT('',(1.449405107937E0,3.558919521534E1,1.313250288182E0));
#6745=CARTESIAN_POINT('',(1.479406957701E0,3.570338669194E1,1.325353547590E0));
#6746=CARTESIAN_POINT('',(1.545326539202E0,3.580352513515E1,1.351946634390E0));
#6747=CARTESIAN_POINT('',(1.639329232851E0,3.587284817935E1,1.389868929021E0));
#6748=CARTESIAN_POINT('',(1.745735591832E0,3.590320153197E1,1.432795074424E0));
#6749=CARTESIAN_POINT('',(1.849794592148E0,3.589569896447E1,1.474774255187E0));
#6750=CARTESIAN_POINT('',(1.368792250487E0,3.547687384892E1,1.527891795242E0));
#6751=CARTESIAN_POINT('',(1.362638480200E0,3.558919521534E1,1.528329486462E0));
#6752=CARTESIAN_POINT('',(1.398715202315E0,3.570338669194E1,1.525374206555E0));
#6753=CARTESIAN_POINT('',(1.477504905864E0,3.580352513515E1,1.520064526083E0));
#6754=CARTESIAN_POINT('',(1.589781203417E0,3.587284817935E1,1.512689772991E0));
#6755=CARTESIAN_POINT('',(1.717373914577E0,3.590320153197E1,1.503098680373E0));
#6756=CARTESIAN_POINT('',(1.841942316020E0,3.589569896447E1,1.494238665621E0));
#6757=CARTESIAN_POINT('',(1.401727195404E0,3.547687384892E1,1.788340428129E0));
#6758=CARTESIAN_POINT('',(1.392435172445E0,3.558919521534E1,1.790432321957E0));
#6759=CARTESIAN_POINT('',(1.426123701082E0,3.570338669194E1,1.769004357212E0));
#6760=CARTESIAN_POINT('',(1.502982468250E0,3.580352513515E1,1.725820909310E0));
#6761=CARTESIAN_POINT('',(1.612393318679E0,3.587284817935E1,1.664621253705E0));
#6762=CARTESIAN_POINT('',(1.733695338391E0,3.590320153197E1,1.591428213645E0));
#6763=CARTESIAN_POINT('',(1.844958104736E0,3.589569896447E1,1.518087439323E0));
#6764=CARTESIAN_POINT('',(1.584143990088E0,3.547687384892E1,2.019275041618E0));
#6765=CARTESIAN_POINT('',(1.586413573396E0,3.558919521534E1,2.029313121061E0));
#6766=CARTESIAN_POINT('',(1.607171097799E0,3.570338669194E1,1.996387702678E0));
#6767=CARTESIAN_POINT('',(1.648737446804E0,3.580352513515E1,1.910475464028E0));
#6768=CARTESIAN_POINT('',(1.708445612517E0,3.587284817935E1,1.786418897929E0));
#6769=CARTESIAN_POINT('',(1.779550497356E0,3.590320153197E1,1.659776318234E0));
#6770=CARTESIAN_POINT('',(1.861661655097E0,3.589569896447E1,1.539233671791E0));
#6771=CARTESIAN_POINT('',(1.889634858521E0,3.547687384892E1,2.119696656989E0));
#6772=CARTESIAN_POINT('',(1.889634858521E0,3.558919521534E1,2.122193454075E0));
#6773=CARTESIAN_POINT('',(1.889634858521E0,3.570338669194E1,2.074033235339E0));
#6774=CARTESIAN_POINT('',(1.889634858521E0,3.580352513515E1,1.986538115264E0));
#6775=CARTESIAN_POINT('',(1.889634858521E0,3.587284817935E1,1.863888848529E0));
#6776=CARTESIAN_POINT('',(1.889634858521E0,3.590320153197E1,1.706421412649E0));
#6777=CARTESIAN_POINT('',(1.889634858521E0,3.589569896447E1,1.548429083390E0));
#6778=CARTESIAN_POINT('',(2.195125726954E0,3.547687384892E1,2.019275041618E0));
#6779=CARTESIAN_POINT('',(2.192856143646E0,3.558919521534E1,2.029313121061E0));
#6780=CARTESIAN_POINT('',(2.172098619243E0,3.570338669194E1,1.996387702678E0));
#6781=CARTESIAN_POINT('',(2.130532270238E0,3.580352513515E1,1.910475464028E0));
#6782=CARTESIAN_POINT('',(2.070824104525E0,3.587284817935E1,1.786418897929E0));
#6783=CARTESIAN_POINT('',(1.999719219686E0,3.590320153197E1,1.659776318234E0));
#6784=CARTESIAN_POINT('',(1.917608061945E0,3.589569896447E1,1.539233671791E0));
#6785=CARTESIAN_POINT('',(2.377542521638E0,3.547687384892E1,1.788340428129E0));
#6786=CARTESIAN_POINT('',(2.386834544597E0,3.558919521534E1,1.790432321957E0));
#6787=CARTESIAN_POINT('',(2.353146015960E0,3.570338669194E1,1.769004357212E0));
#6788=CARTESIAN_POINT('',(2.276287248792E0,3.580352513515E1,1.725820909310E0));
#6789=CARTESIAN_POINT('',(2.166876398363E0,3.587284817935E1,1.664621253705E0));
#6790=CARTESIAN_POINT('',(2.045574378651E0,3.590320153197E1,1.591428213645E0));
#6791=CARTESIAN_POINT('',(1.934311612306E0,3.589569896447E1,1.518087439323E0));
#6792=CARTESIAN_POINT('',(2.410477466555E0,3.547687384892E1,1.527891795242E0));
#6793=CARTESIAN_POINT('',(2.416631236842E0,3.558919521534E1,1.528329486462E0));
#6794=CARTESIAN_POINT('',(2.380554514727E0,3.570338669194E1,1.525374206555E0));
#6795=CARTESIAN_POINT('',(2.301764811178E0,3.580352513515E1,1.520064526083E0));
#6796=CARTESIAN_POINT('',(2.189488513625E0,3.587284817935E1,1.512689772991E0));
#6797=CARTESIAN_POINT('',(2.061895802465E0,3.590320153197E1,1.503098680373E0));
#6798=CARTESIAN_POINT('',(1.937327401022E0,3.589569896447E1,1.494238665621E0));
#6799=CARTESIAN_POINT('',(2.324724018258E0,3.547687384892E1,1.315324090465E0));
#6800=CARTESIAN_POINT('',(2.329864609105E0,3.558919521534E1,1.313250288182E0));
#6801=CARTESIAN_POINT('',(2.299862759341E0,3.570338669194E1,1.325353547590E0));
#6802=CARTESIAN_POINT('',(2.233943177840E0,3.580352513515E1,1.351946634390E0));
#6803=CARTESIAN_POINT('',(2.139940484191E0,3.587284817935E1,1.389868929021E0));
#6804=CARTESIAN_POINT('',(2.033534125210E0,3.590320153197E1,1.432795074424E0));
#6805=CARTESIAN_POINT('',(1.929475124894E0,3.589569896447E1,1.474774255187E0));
#6806=B_SPLINE_SURFACE_WITH_KNOTS('',8,6,((#6743,#6744,#6745,#6746,#6747,#6748,
#6749),(#6750,#6751,#6752,#6753,#6754,#6755,#6756),(#6757,#6758,#6759,#6760,
#6761,#6762,#6763),(#6764,#6765,#6766,#6767,#6768,#6769,#6770),(#6771,#6772,
#6773,#6774,#6775,#6776,#6777),(#6778,#6779,#6780,#6781,#6782,#6783,#6784),(
#6785,#6786,#6787,#6788,#6789,#6790,#6791),(#6792,#6793,#6794,#6795,#6796,#6797,
#6798),(#6799,#6800,#6801,#6802,#6803,#6804,#6805)),.UNSPECIFIED.,.F.,.F.,.F.,
(9,9),(7,7),(-3.834486827157E-1,3.525041336305E0),(-4.931065449608E-2,
1.637560273811E0),.UNSPECIFIED.);
#6807=ORIENTED_EDGE('',*,*,#6641,.F.);
#6808=ORIENTED_EDGE('',*,*,#6737,.F.);
#6810=ORIENTED_EDGE('',*,*,#6809,.T.);
#6811=ORIENTED_EDGE('',*,*,#6733,.T.);
#6812=EDGE_LOOP('',(#6807,#6808,#6810,#6811));
#6813=FACE_OUTER_BOUND('',#6812,.F.);
#6815=CARTESIAN_POINT('',(1.985986207440E0,3.589659011830E1,1.394299057382E0));
#6816=CARTESIAN_POINT('',(1.985986207440E0,3.589659011830E1,1.587393942920E0));
#6817=CARTESIAN_POINT('',(1.793283509602E0,3.589659011830E1,1.394299057382E0));
#6818=CARTESIAN_POINT('',(1.793283509602E0,3.589659011830E1,1.587393942920E0));
#6819=B_SPLINE_SURFACE_WITH_KNOTS('',1,1,((#6815,#6816),(#6817,#6818)),
.UNSPECIFIED.,.F.,.F.,.F.,(2,2),(2,2),(-9.635134891905E-2,9.635134891905E-2),(
-9.654744276869E-2,9.654744276869E-2),.UNSPECIFIED.);
#6820=ORIENTED_EDGE('',*,*,#6809,.F.);
#6821=ORIENTED_EDGE('',*,*,#6735,.F.);
#6822=EDGE_LOOP('',(#6820,#6821));
#6823=FACE_OUTER_BOUND('',#6822,.F.);
#6825=CARTESIAN_POINT('',(3.377360568955E0,3.559571070013E1,-1.324123655333E0));
#6826=CARTESIAN_POINT('',(3.460827298683E0,3.080445049905E1,-1.329374936860E0));
#6827=CARTESIAN_POINT('',(3.393361679476E0,3.559571070013E1,-1.069793286604E0));
#6828=CARTESIAN_POINT('',(3.479687956365E0,3.080445049905E1,-1.029593367543E0));
#6829=CARTESIAN_POINT('',(3.243170287057E0,3.559571070013E1,
-8.050069718524E-1));
#6830=CARTESIAN_POINT('',(3.302655966271E0,3.080445049905E1,
-7.174872774742E-1));
#6831=CARTESIAN_POINT('',(2.910307468629E0,3.559571070013E1,
-6.638415880768E-1));
#6832=CARTESIAN_POINT('',(2.910307468629E0,3.080445049905E1,
-5.510943276547E-1));
#6833=CARTESIAN_POINT('',(2.577444650202E0,3.559571070013E1,
-8.050069718524E-1));
#6834=CARTESIAN_POINT('',(2.517958970987E0,3.080445049905E1,
-7.174872774742E-1));
#6835=CARTESIAN_POINT('',(2.427253257782E0,3.559571070013E1,-1.069793286604E0));
#6836=CARTESIAN_POINT('',(2.340926980893E0,3.080445049905E1,-1.029593367543E0));
#6837=CARTESIAN_POINT('',(2.443254368303E0,3.559571070013E1,-1.324123655333E0));
#6838=CARTESIAN_POINT('',(2.359787638576E0,3.080445049905E1,-1.329374936860E0));
#6839=B_SPLINE_SURFACE_WITH_KNOTS('',6,1,((#6825,#6826),(#6827,#6828),(#6829,
#6830),(#6831,#6832),(#6833,#6834),(#6835,#6836),(#6837,#6838)),.UNSPECIFIED.,
.F.,.F.,.F.,(7,7),(2,2),(3.078760800518E0,6.346017160251E0),(2.681035831509E1,
3.160161851617E1),.UNSPECIFIED.);
#6841=ORIENTED_EDGE('',*,*,#6840,.F.);
#6842=ORIENTED_EDGE('',*,*,#6240,.T.);
#6844=ORIENTED_EDGE('',*,*,#6843,.T.);
#6846=ORIENTED_EDGE('',*,*,#6845,.T.);
#6847=EDGE_LOOP('',(#6841,#6842,#6844,#6846));
#6848=FACE_OUTER_BOUND('',#6847,.F.);
#6850=CARTESIAN_POINT('',(2.443254368303E0,3.559571070013E1,-1.265354674539E0));
#6851=CARTESIAN_POINT('',(2.359787638576E0,3.080445049905E1,-1.260103393012E0));
#6852=CARTESIAN_POINT('',(2.427253257782E0,3.559571070013E1,-1.519685043268E0));
#6853=CARTESIAN_POINT('',(2.340926980893E0,3.080445049905E1,-1.559884962328E0));
#6854=CARTESIAN_POINT('',(2.577444650202E0,3.559571070013E1,-1.784471358019E0));
#6855=CARTESIAN_POINT('',(2.517958970987E0,3.080445049905E1,-1.871991052398E0));
#6856=CARTESIAN_POINT('',(2.910307468629E0,3.559571070013E1,-1.925636741795E0));
#6857=CARTESIAN_POINT('',(2.910307468629E0,3.080445049905E1,-2.038384002217E0));
#6858=CARTESIAN_POINT('',(3.243170287057E0,3.559571070013E1,-1.784471358019E0));
#6859=CARTESIAN_POINT('',(3.302655966271E0,3.080445049905E1,-1.871991052398E0));
#6860=CARTESIAN_POINT('',(3.393361679476E0,3.559571070013E1,-1.519685043268E0));
#6861=CARTESIAN_POINT('',(3.479687956365E0,3.080445049905E1,-1.559884962328E0));
#6862=CARTESIAN_POINT('',(3.377360568955E0,3.559571070013E1,-1.265354674539E0));
#6863=CARTESIAN_POINT('',(3.460827298683E0,3.080445049905E1,-1.260103393012E0));
#6864=B_SPLINE_SURFACE_WITH_KNOTS('',6,1,((#6850,#6851),(#6852,#6853),(#6854,
#6855),(#6856,#6857),(#6858,#6859),(#6860,#6861),(#6862,#6863)),.UNSPECIFIED.,
.F.,.F.,.F.,(7,7),(2,2),(-6.283185307180E-2,3.204424506662E0),(2.681035831509E1,
3.160161851617E1),.UNSPECIFIED.);
#6866=ORIENTED_EDGE('',*,*,#6865,.T.);
#6867=ORIENTED_EDGE('',*,*,#6843,.F.);
#6868=ORIENTED_EDGE('',*,*,#6242,.T.);
#6869=ORIENTED_EDGE('',*,*,#6840,.T.);
#6870=EDGE_LOOP('',(#6866,#6867,#6868,#6869));
#6871=FACE_OUTER_BOUND('',#6870,.F.);
#6873=CARTESIAN_POINT('',(3.345396628366E0,3.547687384892E1,-1.119216755250E0));
#6874=CARTESIAN_POINT('',(3.350537219213E0,3.558919521534E1,-1.117142952967E0));
#6875=CARTESIAN_POINT('',(3.320535369449E0,3.570338669194E1,-1.129246212375E0));
#6876=CARTESIAN_POINT('',(3.254615787948E0,3.580352513515E1,-1.155839299175E0));
#6877=CARTESIAN_POINT('',(3.160613094299E0,3.587284817935E1,-1.193761593806E0));
#6878=CARTESIAN_POINT('',(3.054206735318E0,3.590320153197E1,-1.236687739209E0));
#6879=CARTESIAN_POINT('',(2.950147735002E0,3.589569896447E1,-1.278666919972E0));
#6880=CARTESIAN_POINT('',(3.431150076663E0,3.547687384892E1,-1.331784460027E0));
#6881=CARTESIAN_POINT('',(3.437303846950E0,3.558919521534E1,-1.332222151247E0));
#6882=CARTESIAN_POINT('',(3.401227124835E0,3.570338669194E1,-1.329266871340E0));
#6883=CARTESIAN_POINT('',(3.322437421286E0,3.580352513515E1,-1.323957190868E0));
#6884=CARTESIAN_POINT('',(3.210161123733E0,3.587284817935E1,-1.316582437776E0));
#6885=CARTESIAN_POINT('',(3.082568412573E0,3.590320153197E1,-1.306991345158E0));
#6886=CARTESIAN_POINT('',(2.958000011130E0,3.589569896447E1,-1.298131330407E0));
#6887=CARTESIAN_POINT('',(3.398215131747E0,3.547687384892E1,-1.592233092914E0));
#6888=CARTESIAN_POINT('',(3.407507154705E0,3.558919521534E1,-1.594324986743E0));
#6889=CARTESIAN_POINT('',(3.373818626068E0,3.570338669194E1,-1.572897021997E0));
#6890=CARTESIAN_POINT('',(3.296959858901E0,3.580352513515E1,-1.529713574095E0));
#6891=CARTESIAN_POINT('',(3.187549008471E0,3.587284817935E1,-1.468513918490E0));
#6892=CARTESIAN_POINT('',(3.066246988759E0,3.590320153197E1,-1.395320878430E0));
#6893=CARTESIAN_POINT('',(2.954984222414E0,3.589569896447E1,-1.321980104108E0));
#6894=CARTESIAN_POINT('',(3.215798337062E0,3.547687384892E1,-1.823167706403E0));
#6895=CARTESIAN_POINT('',(3.213528753754E0,3.558919521534E1,-1.833205785846E0));
#6896=CARTESIAN_POINT('',(3.192771229351E0,3.570338669194E1,-1.800280367463E0));
#6897=CARTESIAN_POINT('',(3.151204880346E0,3.580352513515E1,-1.714368128813E0));
#6898=CARTESIAN_POINT('',(3.091496714633E0,3.587284817935E1,-1.590311562714E0));
#6899=CARTESIAN_POINT('',(3.020391829795E0,3.590320153197E1,-1.463668983019E0));
#6900=CARTESIAN_POINT('',(2.938280672053E0,3.589569896447E1,-1.343126336576E0));
#6901=CARTESIAN_POINT('',(2.910307468629E0,3.547687384892E1,-1.923589321775E0));
#6902=CARTESIAN_POINT('',(2.910307468629E0,3.558919521534E1,-1.926086118860E0));
#6903=CARTESIAN_POINT('',(2.910307468629E0,3.570338669194E1,-1.877925900124E0));
#6904=CARTESIAN_POINT('',(2.910307468629E0,3.580352513515E1,-1.790430780049E0));
#6905=CARTESIAN_POINT('',(2.910307468629E0,3.587284817935E1,-1.667781513314E0));
#6906=CARTESIAN_POINT('',(2.910307468629E0,3.590320153197E1,-1.510314077434E0));
#6907=CARTESIAN_POINT('',(2.910307468629E0,3.589569896447E1,-1.352321748175E0));
#6908=CARTESIAN_POINT('',(2.604816600196E0,3.547687384892E1,-1.823167706403E0));
#6909=CARTESIAN_POINT('',(2.607086183504E0,3.558919521534E1,-1.833205785846E0));
#6910=CARTESIAN_POINT('',(2.627843707907E0,3.570338669194E1,-1.800280367463E0));
#6911=CARTESIAN_POINT('',(2.669410056913E0,3.580352513515E1,-1.714368128813E0));
#6912=CARTESIAN_POINT('',(2.729118222625E0,3.587284817935E1,-1.590311562714E0));
#6913=CARTESIAN_POINT('',(2.800223107464E0,3.590320153197E1,-1.463668983019E0));
#6914=CARTESIAN_POINT('',(2.882334265205E0,3.589569896447E1,-1.343126336576E0));
#6915=CARTESIAN_POINT('',(2.422399805512E0,3.547687384892E1,-1.592233092914E0));
#6916=CARTESIAN_POINT('',(2.413107782554E0,3.558919521534E1,-1.594324986743E0));
#6917=CARTESIAN_POINT('',(2.446796311190E0,3.570338669194E1,-1.572897021997E0));
#6918=CARTESIAN_POINT('',(2.523655078358E0,3.580352513515E1,-1.529713574095E0));
#6919=CARTESIAN_POINT('',(2.633065928787E0,3.587284817935E1,-1.468513918490E0));
#6920=CARTESIAN_POINT('',(2.754367948499E0,3.590320153197E1,-1.395320878430E0));
#6921=CARTESIAN_POINT('',(2.865630714845E0,3.589569896447E1,-1.321980104108E0));
#6922=CARTESIAN_POINT('',(2.389464860595E0,3.547687384892E1,-1.331784460027E0));
#6923=CARTESIAN_POINT('',(2.383311090308E0,3.558919521534E1,-1.332222151247E0));
#6924=CARTESIAN_POINT('',(2.419387812423E0,3.570338669194E1,-1.329266871340E0));
#6925=CARTESIAN_POINT('',(2.498177515972E0,3.580352513515E1,-1.323957190868E0));
#6926=CARTESIAN_POINT('',(2.610453813525E0,3.587284817935E1,-1.316582437776E0));
#6927=CARTESIAN_POINT('',(2.738046524685E0,3.590320153197E1,-1.306991345158E0));
#6928=CARTESIAN_POINT('',(2.862614926129E0,3.589569896447E1,-1.298131330407E0));
#6929=CARTESIAN_POINT('',(2.475218308892E0,3.547687384892E1,-1.119216755250E0));
#6930=CARTESIAN_POINT('',(2.470077718045E0,3.558919521534E1,-1.117142952967E0));
#6931=CARTESIAN_POINT('',(2.500079567809E0,3.570338669194E1,-1.129246212375E0));
#6932=CARTESIAN_POINT('',(2.565999149310E0,3.580352513515E1,-1.155839299175E0));
#6933=CARTESIAN_POINT('',(2.660001842960E0,3.587284817935E1,-1.193761593806E0));
#6934=CARTESIAN_POINT('',(2.766408201940E0,3.590320153197E1,-1.236687739209E0));
#6935=CARTESIAN_POINT('',(2.870467202256E0,3.589569896447E1,-1.278666919972E0));
#6936=B_SPLINE_SURFACE_WITH_KNOTS('',8,6,((#6873,#6874,#6875,#6876,#6877,#6878,
#6879),(#6880,#6881,#6882,#6883,#6884,#6885,#6886),(#6887,#6888,#6889,#6890,
#6891,#6892,#6893),(#6894,#6895,#6896,#6897,#6898,#6899,#6900),(#6901,#6902,
#6903,#6904,#6905,#6906,#6907),(#6908,#6909,#6910,#6911,#6912,#6913,#6914),(
#6915,#6916,#6917,#6918,#6919,#6920,#6921),(#6922,#6923,#6924,#6925,#6926,#6927,
#6928),(#6929,#6930,#6931,#6932,#6933,#6934,#6935)),.UNSPECIFIED.,.F.,.F.,.F.,
(9,9),(7,7),(2.758143970874E0,6.666633989895E0),(-4.931065449608E-2,
1.637560273811E0),.UNSPECIFIED.);
#6938=ORIENTED_EDGE('',*,*,#6937,.F.);
#6940=ORIENTED_EDGE('',*,*,#6939,.T.);
#6942=ORIENTED_EDGE('',*,*,#6941,.T.);
#6943=ORIENTED_EDGE('',*,*,#6865,.F.);
#6944=EDGE_LOOP('',(#6938,#6940,#6942,#6943));
#6945=FACE_OUTER_BOUND('',#6944,.F.);
#6947=CARTESIAN_POINT('',(2.475218308892E0,3.547687384892E1,-1.470261574622E0));
#6948=CARTESIAN_POINT('',(2.470077718045E0,3.558919521534E1,-1.472335376904E0));
#6949=CARTESIAN_POINT('',(2.500079567809E0,3.570338669194E1,-1.460232117497E0));
#6950=CARTESIAN_POINT('',(2.565999149310E0,3.580352513515E1,-1.433639030697E0));
#6951=CARTESIAN_POINT('',(2.660001842960E0,3.587284817935E1,-1.395716736066E0));
#6952=CARTESIAN_POINT('',(2.766408201940E0,3.590320153197E1,-1.352790590663E0));
#6953=CARTESIAN_POINT('',(2.870467202256E0,3.589569896447E1,-1.310811409899E0));
#6954=CARTESIAN_POINT('',(2.389464860595E0,3.547687384892E1,-1.257693869844E0));
#6955=CARTESIAN_POINT('',(2.383311090308E0,3.558919521534E1,-1.257256178625E0));
#6956=CARTESIAN_POINT('',(2.419387812423E0,3.570338669194E1,-1.260211458532E0));
#6957=CARTESIAN_POINT('',(2.498177515972E0,3.580352513515E1,-1.265521139004E0));
#6958=CARTESIAN_POINT('',(2.610453813525E0,3.587284817935E1,-1.272895892096E0));
#6959=CARTESIAN_POINT('',(2.738046524685E0,3.590320153197E1,-1.282486984713E0));
#6960=CARTESIAN_POINT('',(2.862614926129E0,3.589569896447E1,-1.291346999465E0));
#6961=CARTESIAN_POINT('',(2.422399805512E0,3.547687384892E1,
-9.972452369582E-1));
#6962=CARTESIAN_POINT('',(2.413107782554E0,3.558919521534E1,
-9.951533431293E-1));
#6963=CARTESIAN_POINT('',(2.446796311190E0,3.570338669194E1,-1.016581307875E0));
#6964=CARTESIAN_POINT('',(2.523655078358E0,3.580352513515E1,-1.059764755776E0));
#6965=CARTESIAN_POINT('',(2.633065928787E0,3.587284817935E1,-1.120964411382E0));
#6966=CARTESIAN_POINT('',(2.754367948499E0,3.590320153197E1,-1.194157451442E0));
#6967=CARTESIAN_POINT('',(2.865630714845E0,3.589569896447E1,-1.267498225764E0));
#6968=CARTESIAN_POINT('',(2.604816600196E0,3.547687384892E1,
-7.663106234687E-1));
#6969=CARTESIAN_POINT('',(2.607086183504E0,3.558919521534E1,
-7.562725440263E-1));
#6970=CARTESIAN_POINT('',(2.627843707907E0,3.570338669194E1,
-7.891979624090E-1));
#6971=CARTESIAN_POINT('',(2.669410056913E0,3.580352513515E1,
-8.751102010591E-1));
#6972=CARTESIAN_POINT('',(2.729118222625E0,3.587284817935E1,
-9.991667671580E-1));
#6973=CARTESIAN_POINT('',(2.800223107464E0,3.590320153197E1,-1.125809346853E0));
#6974=CARTESIAN_POINT('',(2.882334265205E0,3.589569896447E1,-1.246351993296E0));
#6975=CARTESIAN_POINT('',(2.910307468629E0,3.547687384892E1,
-6.658890080973E-1));
#6976=CARTESIAN_POINT('',(2.910307468629E0,3.558919521534E1,
-6.633922110116E-1));
#6977=CARTESIAN_POINT('',(2.910307468629E0,3.570338669194E1,
-7.115524297478E-1));
#6978=CARTESIAN_POINT('',(2.910307468629E0,3.580352513515E1,
-7.990475498224E-1));
#6979=CARTESIAN_POINT('',(2.910307468629E0,3.587284817935E1,
-9.216968165574E-1));
#6980=CARTESIAN_POINT('',(2.910307468629E0,3.590320153197E1,-1.079164252438E0));
#6981=CARTESIAN_POINT('',(2.910307468629E0,3.589569896447E1,-1.237156581697E0));
#6982=CARTESIAN_POINT('',(3.215798337062E0,3.547687384892E1,
-7.663106234687E-1));
#6983=CARTESIAN_POINT('',(3.213528753754E0,3.558919521534E1,
-7.562725440263E-1));
#6984=CARTESIAN_POINT('',(3.192771229351E0,3.570338669194E1,
-7.891979624090E-1));
#6985=CARTESIAN_POINT('',(3.151204880346E0,3.580352513515E1,
-8.751102010591E-1));
#6986=CARTESIAN_POINT('',(3.091496714633E0,3.587284817935E1,
-9.991667671580E-1));
#6987=CARTESIAN_POINT('',(3.020391829795E0,3.590320153197E1,-1.125809346852E0));
#6988=CARTESIAN_POINT('',(2.938280672053E0,3.589569896447E1,-1.246351993296E0));
#6989=CARTESIAN_POINT('',(3.398215131747E0,3.547687384892E1,
-9.972452369582E-1));
#6990=CARTESIAN_POINT('',(3.407507154705E0,3.558919521534E1,
-9.951533431293E-1));
#6991=CARTESIAN_POINT('',(3.373818626068E0,3.570338669194E1,-1.016581307875E0));
#6992=CARTESIAN_POINT('',(3.296959858901E0,3.580352513515E1,-1.059764755776E0));
#6993=CARTESIAN_POINT('',(3.187549008471E0,3.587284817935E1,-1.120964411382E0));
#6994=CARTESIAN_POINT('',(3.066246988759E0,3.590320153197E1,-1.194157451442E0));
#6995=CARTESIAN_POINT('',(2.954984222414E0,3.589569896447E1,-1.267498225764E0));
#6996=CARTESIAN_POINT('',(3.431150076663E0,3.547687384892E1,-1.257693869844E0));
#6997=CARTESIAN_POINT('',(3.437303846950E0,3.558919521534E1,-1.257256178625E0));
#6998=CARTESIAN_POINT('',(3.401227124835E0,3.570338669194E1,-1.260211458532E0));
#6999=CARTESIAN_POINT('',(3.322437421286E0,3.580352513515E1,-1.265521139004E0));
#7000=CARTESIAN_POINT('',(3.210161123733E0,3.587284817935E1,-1.272895892096E0));
#7001=CARTESIAN_POINT('',(3.082568412573E0,3.590320153197E1,-1.282486984713E0));
#7002=CARTESIAN_POINT('',(2.958000011130E0,3.589569896447E1,-1.291346999465E0));
#7003=CARTESIAN_POINT('',(3.345396628366E0,3.547687384892E1,-1.470261574622E0));
#7004=CARTESIAN_POINT('',(3.350537219213E0,3.558919521534E1,-1.472335376904E0));
#7005=CARTESIAN_POINT('',(3.320535369449E0,3.570338669194E1,-1.460232117497E0));
#7006=CARTESIAN_POINT('',(3.254615787948E0,3.580352513515E1,-1.433639030697E0));
#7007=CARTESIAN_POINT('',(3.160613094299E0,3.587284817935E1,-1.395716736066E0));
#7008=CARTESIAN_POINT('',(3.054206735318E0,3.590320153197E1,-1.352790590663E0));
#7009=CARTESIAN_POINT('',(2.950147735002E0,3.589569896447E1,-1.310811409899E0));
#7010=B_SPLINE_SURFACE_WITH_KNOTS('',8,6,((#6947,#6948,#6949,#6950,#6951,#6952,
#6953),(#6954,#6955,#6956,#6957,#6958,#6959,#6960),(#6961,#6962,#6963,#6964,
#6965,#6966,#6967),(#6968,#6969,#6970,#6971,#6972,#6973,#6974),(#6975,#6976,
#6977,#6978,#6979,#6980,#6981),(#6982,#6983,#6984,#6985,#6986,#6987,#6988),(
#6989,#6990,#6991,#6992,#6993,#6994,#6995),(#6996,#6997,#6998,#6999,#7000,#7001,
#7002),(#7003,#7004,#7005,#7006,#7007,#7008,#7009)),.UNSPECIFIED.,.F.,.F.,.F.,
(9,9),(7,7),(-3.834486827157E-1,3.525041336305E0),(-4.931065449608E-2,
1.637560273811E0),.UNSPECIFIED.);
#7011=ORIENTED_EDGE('',*,*,#6845,.F.);
#7012=ORIENTED_EDGE('',*,*,#6941,.F.);
#7014=ORIENTED_EDGE('',*,*,#7013,.T.);
#7015=ORIENTED_EDGE('',*,*,#6937,.T.);
#7016=EDGE_LOOP('',(#7011,#7012,#7014,#7015));
#7017=FACE_OUTER_BOUND('',#7016,.F.);
#7019=CARTESIAN_POINT('',(3.006658817548E0,3.589659011830E1,-1.391286607705E0));
#7020=CARTESIAN_POINT('',(3.006658817548E0,3.589659011830E1,-1.198191722167E0));
#7021=CARTESIAN_POINT('',(2.813956119710E0,3.589659011830E1,-1.391286607705E0));
#7022=CARTESIAN_POINT('',(2.813956119710E0,3.589659011830E1,-1.198191722167E0));
#7023=B_SPLINE_SURFACE_WITH_KNOTS('',1,1,((#7019,#7020),(#7021,#7022)),
.UNSPECIFIED.,.F.,.F.,.F.,(2,2),(2,2),(-9.635134891905E-2,9.635134891905E-2),(
-9.654744276869E-2,9.654744276869E-2),.UNSPECIFIED.);
#7024=ORIENTED_EDGE('',*,*,#7013,.F.);
#7025=ORIENTED_EDGE('',*,*,#6939,.F.);
#7026=EDGE_LOOP('',(#7024,#7025));
#7027=FACE_OUTER_BOUND('',#7026,.F.);
#7029=CARTESIAN_POINT('',(8.469430563953E-1,3.559571070013E1,
-1.366651680754E0));
#7030=CARTESIAN_POINT('',(9.304097861228E-1,3.080445049905E1,
-1.371902962281E0));
#7031=CARTESIAN_POINT('',(8.629441669164E-1,3.559571070013E1,
-1.112321312025E0));
#7032=CARTESIAN_POINT('',(9.492704438051E-1,3.080445049905E1,
-1.072121392965E0));
#7033=CARTESIAN_POINT('',(7.127527744970E-1,3.559571070013E1,
-8.475349972736E-1));
#7034=CARTESIAN_POINT('',(7.722384537112E-1,3.080445049905E1,
-7.600153028954E-1));
#7035=CARTESIAN_POINT('',(3.798899560694E-1,3.559571070013E1,
-7.063696134980E-1));
#7036=CARTESIAN_POINT('',(3.798899560694E-1,3.080445049905E1,
-5.936223530759E-1));
#7037=CARTESIAN_POINT('',(4.702713764185E-2,3.559571070013E1,
-8.475349972736E-1));
#7038=CARTESIAN_POINT('',(-1.245854157239E-2,3.080445049905E1,
-7.600153028954E-1));
#7039=CARTESIAN_POINT('',(-1.031642547776E-1,3.559571070013E1,
-1.112321312025E0));
#7040=CARTESIAN_POINT('',(-1.894905316663E-1,3.080445049905E1,
-1.072121392965E0));
#7041=CARTESIAN_POINT('',(-8.716314425653E-2,3.559571070013E1,
-1.366651680754E0));
#7042=CARTESIAN_POINT('',(-1.706298739840E-1,3.080445049905E1,
-1.371902962281E0));
#7043=B_SPLINE_SURFACE_WITH_KNOTS('',6,1,((#7029,#7030),(#7031,#7032),(#7033,
#7034),(#7035,#7036),(#7037,#7038),(#7039,#7040),(#7041,#7042)),.UNSPECIFIED.,
.F.,.F.,.F.,(7,7),(2,2),(3.078760800518E0,6.346017160251E0),(2.681035831509E1,
3.160161851617E1),.UNSPECIFIED.);
#7045=ORIENTED_EDGE('',*,*,#7044,.F.);
#7046=ORIENTED_EDGE('',*,*,#6246,.T.);
#7048=ORIENTED_EDGE('',*,*,#7047,.T.);
#7050=ORIENTED_EDGE('',*,*,#7049,.T.);
#7051=EDGE_LOOP('',(#7045,#7046,#7048,#7050));
#7052=FACE_OUTER_BOUND('',#7051,.F.);
#7054=CARTESIAN_POINT('',(-8.716314425653E-2,3.559571070013E1,
-1.307882699960E0));
#7055=CARTESIAN_POINT('',(-1.706298739840E-1,3.080445049905E1,
-1.302631418433E0));
#7056=CARTESIAN_POINT('',(-1.031642547776E-1,3.559571070013E1,
-1.562213068689E0));
#7057=CARTESIAN_POINT('',(-1.894905316663E-1,3.080445049905E1,
-1.602412987750E0));
#7058=CARTESIAN_POINT('',(4.702713764186E-2,3.559571070013E1,
-1.826999383441E0));
#7059=CARTESIAN_POINT('',(-1.245854157239E-2,3.080445049905E1,
-1.914519077819E0));
#7060=CARTESIAN_POINT('',(3.798899560694E-1,3.559571070013E1,
-1.968164767216E0));
#7061=CARTESIAN_POINT('',(3.798899560694E-1,3.080445049905E1,
-2.080912027638E0));
#7062=CARTESIAN_POINT('',(7.127527744970E-1,3.559571070013E1,
-1.826999383441E0));
#7063=CARTESIAN_POINT('',(7.722384537112E-1,3.080445049905E1,
-1.914519077819E0));
#7064=CARTESIAN_POINT('',(8.629441669164E-1,3.559571070013E1,
-1.562213068689E0));
#7065=CARTESIAN_POINT('',(9.492704438051E-1,3.080445049905E1,
-1.602412987750E0));
#7066=CARTESIAN_POINT('',(8.469430563953E-1,3.559571070013E1,
-1.307882699960E0));
#7067=CARTESIAN_POINT('',(9.304097861228E-1,3.080445049905E1,
-1.302631418433E0));
#7068=B_SPLINE_SURFACE_WITH_KNOTS('',6,1,((#7054,#7055),(#7056,#7057),(#7058,
#7059),(#7060,#7061),(#7062,#7063),(#7064,#7065),(#7066,#7067)),.UNSPECIFIED.,
.F.,.F.,.F.,(7,7),(2,2),(-6.283185307180E-2,3.204424506662E0),(2.681035831509E1,
3.160161851617E1),.UNSPECIFIED.);
#7070=ORIENTED_EDGE('',*,*,#7069,.T.);
#7071=ORIENTED_EDGE('',*,*,#7047,.F.);
#7072=ORIENTED_EDGE('',*,*,#6248,.T.);
#7073=ORIENTED_EDGE('',*,*,#7044,.T.);
#7074=EDGE_LOOP('',(#7070,#7071,#7072,#7073));
#7075=FACE_OUTER_BOUND('',#7074,.F.);
#7077=CARTESIAN_POINT('',(8.149791158067E-1,3.547687384892E1,
-1.161744780671E0));
#7078=CARTESIAN_POINT('',(8.201197066537E-1,3.558919521534E1,
-1.159670978389E0));
#7079=CARTESIAN_POINT('',(7.901178568897E-1,3.570338669194E1,
-1.171774237796E0));
#7080=CARTESIAN_POINT('',(7.241982753881E-1,3.580352513515E1,
-1.198367324596E0));
#7081=CARTESIAN_POINT('',(6.301955817390E-1,3.587284817935E1,
-1.236289619227E0));
#7082=CARTESIAN_POINT('',(5.237892227581E-1,3.590320153197E1,
-1.279215764630E0));
#7083=CARTESIAN_POINT('',(4.197302224421E-1,3.589569896447E1,
-1.321194945394E0));
#7084=CARTESIAN_POINT('',(9.007325641030E-1,3.547687384892E1,
-1.374312485449E0));
#7085=CARTESIAN_POINT('',(9.068863343905E-1,3.558919521534E1,
-1.374750176668E0));
#7086=CARTESIAN_POINT('',(8.708096122754E-1,3.570338669194E1,
-1.371794896761E0));
#7087=CARTESIAN_POINT('',(7.920199087267E-1,3.580352513515E1,
-1.366485216289E0));
#7088=CARTESIAN_POINT('',(6.797436111734E-1,3.587284817935E1,
-1.359110463197E0));
#7089=CARTESIAN_POINT('',(5.521509000137E-1,3.590320153197E1,
-1.349519370580E0));
#7090=CARTESIAN_POINT('',(4.275824985700E-1,3.589569896447E1,
-1.340659355828E0));
#7091=CARTESIAN_POINT('',(8.677976191869E-1,3.547687384892E1,
-1.634761118335E0));
#7092=CARTESIAN_POINT('',(8.770896421450E-1,3.558919521534E1,
-1.636853012164E0));
#7093=CARTESIAN_POINT('',(8.434011135081E-1,3.570338669194E1,
-1.615425047418E0));
#7094=CARTESIAN_POINT('',(7.665423463408E-1,3.580352513515E1,
-1.572241599517E0));
#7095=CARTESIAN_POINT('',(6.571314959111E-1,3.587284817935E1,
-1.511041943911E0));
#7096=CARTESIAN_POINT('',(5.358294761994E-1,3.590320153197E1,
-1.437848903851E0));
#7097=CARTESIAN_POINT('',(4.245667098539E-1,3.589569896447E1,
-1.364508129529E0));
#7098=CARTESIAN_POINT('',(6.853808245025E-1,3.547687384892E1,
-1.865695731824E0));
#7099=CARTESIAN_POINT('',(6.831112411946E-1,3.558919521534E1,
-1.875733811267E0));
#7100=CARTESIAN_POINT('',(6.623537167912E-1,3.570338669194E1,
-1.842808392884E0));
#7101=CARTESIAN_POINT('',(6.207873677860E-1,3.580352513515E1,
-1.756896154234E0));
#7102=CARTESIAN_POINT('',(5.610792020737E-1,3.587284817935E1,
-1.632839588135E0));
#7103=CARTESIAN_POINT('',(4.899743172349E-1,3.590320153197E1,
-1.506197008440E0));
#7104=CARTESIAN_POINT('',(4.078631594932E-1,3.589569896447E1,
-1.385654361997E0));
#7105=CARTESIAN_POINT('',(3.798899560694E-1,3.547687384892E1,
-1.966117347196E0));
#7106=CARTESIAN_POINT('',(3.798899560694E-1,3.558919521534E1,
-1.968614144281E0));
#7107=CARTESIAN_POINT('',(3.798899560694E-1,3.570338669194E1,
-1.920453925545E0));
#7108=CARTESIAN_POINT('',(3.798899560694E-1,3.580352513515E1,
-1.832958805471E0));
#7109=CARTESIAN_POINT('',(3.798899560694E-1,3.587284817935E1,
-1.710309538736E0));
#7110=CARTESIAN_POINT('',(3.798899560694E-1,3.590320153197E1,
-1.552842102855E0));
#7111=CARTESIAN_POINT('',(3.798899560694E-1,3.589569896447E1,
-1.394849773596E0));
#7112=CARTESIAN_POINT('',(7.439908763626E-2,3.547687384892E1,
-1.865695731824E0));
#7113=CARTESIAN_POINT('',(7.666867094416E-2,3.558919521534E1,
-1.875733811267E0));
#7114=CARTESIAN_POINT('',(9.742619534761E-2,3.570338669194E1,
-1.842808392884E0));
#7115=CARTESIAN_POINT('',(1.389925443528E-1,3.580352513515E1,
-1.756896154234E0));
#7116=CARTESIAN_POINT('',(1.987007100651E-1,3.587284817935E1,
-1.632839588135E0));
#7117=CARTESIAN_POINT('',(2.698055949039E-1,3.590320153197E1,
-1.506197008440E0));
#7118=CARTESIAN_POINT('',(3.519167526456E-1,3.589569896447E1,
-1.385654361997E0));
#7119=CARTESIAN_POINT('',(-1.080177070481E-1,3.547687384892E1,
-1.634761118335E0));
#7120=CARTESIAN_POINT('',(-1.173097300062E-1,3.558919521534E1,
-1.636853012164E0));
#7121=CARTESIAN_POINT('',(-8.362120136932E-2,3.570338669194E1,
-1.615425047418E0));
#7122=CARTESIAN_POINT('',(-6.762434202008E-3,3.580352513515E1,
-1.572241599517E0));
#7123=CARTESIAN_POINT('',(1.026484162278E-1,3.587284817935E1,
-1.511041943911E0));
#7124=CARTESIAN_POINT('',(2.239504359395E-1,3.590320153197E1,
-1.437848903851E0));
#7125=CARTESIAN_POINT('',(3.352132022849E-1,3.589569896447E1,
-1.364508129529E0));
#7126=CARTESIAN_POINT('',(-1.409526519642E-1,3.547687384892E1,
-1.374312485449E0));
#7127=CARTESIAN_POINT('',(-1.471064222517E-1,3.558919521534E1,
-1.374750176668E0));
#7128=CARTESIAN_POINT('',(-1.110297001366E-1,3.570338669194E1,
-1.371794896761E0));
#7129=CARTESIAN_POINT('',(-3.223999658789E-2,3.580352513515E1,
-1.366485216289E0));
#7130=CARTESIAN_POINT('',(8.003630096537E-2,3.587284817935E1,
-1.359110463197E0));
#7131=CARTESIAN_POINT('',(2.076290121251E-1,3.590320153197E1,
-1.349519370580E0));
#7132=CARTESIAN_POINT('',(3.321974135688E-1,3.589569896447E1,
-1.340659355828E0));
#7133=CARTESIAN_POINT('',(-5.519920366785E-2,3.547687384892E1,
-1.161744780671E0));
#7134=CARTESIAN_POINT('',(-6.033979451487E-2,3.558919521534E1,
-1.159670978389E0));
#7135=CARTESIAN_POINT('',(-3.033794475087E-2,3.570338669194E1,
-1.171774237796E0));
#7136=CARTESIAN_POINT('',(3.558163675070E-2,3.580352513515E1,
-1.198367324596E0));
#7137=CARTESIAN_POINT('',(1.295843303998E-1,3.587284817935E1,
-1.236289619227E0));
#7138=CARTESIAN_POINT('',(2.359906893807E-1,3.590320153197E1,
-1.279215764630E0));
#7139=CARTESIAN_POINT('',(3.400496896967E-1,3.589569896447E1,
-1.321194945394E0));
#7140=B_SPLINE_SURFACE_WITH_KNOTS('',8,6,((#7077,#7078,#7079,#7080,#7081,#7082,
#7083),(#7084,#7085,#7086,#7087,#7088,#7089,#7090),(#7091,#7092,#7093,#7094,
#7095,#7096,#7097),(#7098,#7099,#7100,#7101,#7102,#7103,#7104),(#7105,#7106,
#7107,#7108,#7109,#7110,#7111),(#7112,#7113,#7114,#7115,#7116,#7117,#7118),(
#7119,#7120,#7121,#7122,#7123,#7124,#7125),(#7126,#7127,#7128,#7129,#7130,#7131,
#7132),(#7133,#7134,#7135,#7136,#7137,#7138,#7139)),.UNSPECIFIED.,.F.,.F.,.F.,
(9,9),(7,7),(2.758143970874E0,6.666633989895E0),(-4.931065449608E-2,
1.637560273811E0),.UNSPECIFIED.);
#7142=ORIENTED_EDGE('',*,*,#7141,.F.);
#7144=ORIENTED_EDGE('',*,*,#7143,.T.);
#7146=ORIENTED_EDGE('',*,*,#7145,.T.);
#7147=ORIENTED_EDGE('',*,*,#7069,.F.);
#7148=EDGE_LOOP('',(#7142,#7144,#7146,#7147));
#7149=FACE_OUTER_BOUND('',#7148,.F.);
#7151=CARTESIAN_POINT('',(-5.519920366785E-2,3.547687384892E1,
-1.512789600043E0));
#7152=CARTESIAN_POINT('',(-6.033979451487E-2,3.558919521534E1,
-1.514863402326E0));
#7153=CARTESIAN_POINT('',(-3.033794475087E-2,3.570338669194E1,
-1.502760142918E0));
#7154=CARTESIAN_POINT('',(3.558163675070E-2,3.580352513515E1,
-1.476167056118E0));
#7155=CARTESIAN_POINT('',(1.295843303998E-1,3.587284817935E1,
-1.438244761487E0));
#7156=CARTESIAN_POINT('',(2.359906893807E-1,3.590320153197E1,
-1.395318616084E0));
#7157=CARTESIAN_POINT('',(3.400496896967E-1,3.589569896447E1,
-1.353339435321E0));
#7158=CARTESIAN_POINT('',(-1.409526519642E-1,3.547687384892E1,
-1.300221895266E0));
#7159=CARTESIAN_POINT('',(-1.471064222517E-1,3.558919521534E1,
-1.299784204046E0));
#7160=CARTESIAN_POINT('',(-1.110297001366E-1,3.570338669194E1,
-1.302739483953E0));
#7161=CARTESIAN_POINT('',(-3.223999658789E-2,3.580352513515E1,
-1.308049164425E0));
#7162=CARTESIAN_POINT('',(8.003630096537E-2,3.587284817935E1,
-1.315423917517E0));
#7163=CARTESIAN_POINT('',(2.076290121251E-1,3.590320153197E1,
-1.325015010135E0));
#7164=CARTESIAN_POINT('',(3.321974135688E-1,3.589569896447E1,
-1.333875024886E0));
#7165=CARTESIAN_POINT('',(-1.080177070481E-1,3.547687384892E1,
-1.039773262379E0));
#7166=CARTESIAN_POINT('',(-1.173097300062E-1,3.558919521534E1,
-1.037681368550E0));
#7167=CARTESIAN_POINT('',(-8.362120136932E-2,3.570338669194E1,
-1.059109333296E0));
#7168=CARTESIAN_POINT('',(-6.762434202008E-3,3.580352513515E1,
-1.102292781198E0));
#7169=CARTESIAN_POINT('',(1.026484162278E-1,3.587284817935E1,
-1.163492436803E0));
#7170=CARTESIAN_POINT('',(2.239504359395E-1,3.590320153197E1,
-1.236685476863E0));
#7171=CARTESIAN_POINT('',(3.352132022849E-1,3.589569896447E1,
-1.310026251185E0));
#7172=CARTESIAN_POINT('',(7.439908763626E-2,3.547687384892E1,
-8.088386488899E-1));
#7173=CARTESIAN_POINT('',(7.666867094416E-2,3.558919521534E1,
-7.988005694474E-1));
#7174=CARTESIAN_POINT('',(9.742619534762E-2,3.570338669194E1,
-8.317259878302E-1));
#7175=CARTESIAN_POINT('',(1.389925443528E-1,3.580352513515E1,
-9.176382264802E-1));
#7176=CARTESIAN_POINT('',(1.987007100651E-1,3.587284817935E1,
-1.041694792579E0));
#7177=CARTESIAN_POINT('',(2.698055949039E-1,3.590320153197E1,
-1.168337372274E0));
#7178=CARTESIAN_POINT('',(3.519167526456E-1,3.589569896447E1,
-1.288880018717E0));
#7179=CARTESIAN_POINT('',(3.798899560694E-1,3.547687384892E1,
-7.084170335185E-1));
#7180=CARTESIAN_POINT('',(3.798899560694E-1,3.558919521534E1,
-7.059202364328E-1));
#7181=CARTESIAN_POINT('',(3.798899560694E-1,3.570338669194E1,
-7.540804551690E-1));
#7182=CARTESIAN_POINT('',(3.798899560694E-1,3.580352513515E1,
-8.415755752435E-1));
#7183=CARTESIAN_POINT('',(3.798899560694E-1,3.587284817935E1,
-9.642248419786E-1));
#7184=CARTESIAN_POINT('',(3.798899560694E-1,3.590320153197E1,
-1.121692277859E0));
#7185=CARTESIAN_POINT('',(3.798899560694E-1,3.589569896447E1,
-1.279684607118E0));
#7186=CARTESIAN_POINT('',(6.853808245025E-1,3.547687384892E1,
-8.088386488899E-1));
#7187=CARTESIAN_POINT('',(6.831112411947E-1,3.558919521534E1,
-7.988005694474E-1));
#7188=CARTESIAN_POINT('',(6.623537167912E-1,3.570338669194E1,
-8.317259878302E-1));
#7189=CARTESIAN_POINT('',(6.207873677860E-1,3.580352513515E1,
-9.176382264802E-1));
#7190=CARTESIAN_POINT('',(5.610792020737E-1,3.587284817935E1,
-1.041694792579E0));
#7191=CARTESIAN_POINT('',(4.899743172349E-1,3.590320153197E1,
-1.168337372274E0));
#7192=CARTESIAN_POINT('',(4.078631594932E-1,3.589569896447E1,
-1.288880018717E0));
#7193=CARTESIAN_POINT('',(8.677976191869E-1,3.547687384892E1,
-1.039773262379E0));
#7194=CARTESIAN_POINT('',(8.770896421450E-1,3.558919521534E1,
-1.037681368550E0));
#7195=CARTESIAN_POINT('',(8.434011135081E-1,3.570338669194E1,
-1.059109333296E0));
#7196=CARTESIAN_POINT('',(7.665423463408E-1,3.580352513515E1,
-1.102292781198E0));
#7197=CARTESIAN_POINT('',(6.571314959111E-1,3.587284817935E1,
-1.163492436803E0));
#7198=CARTESIAN_POINT('',(5.358294761994E-1,3.590320153197E1,
-1.236685476863E0));
#7199=CARTESIAN_POINT('',(4.245667098539E-1,3.589569896447E1,
-1.310026251185E0));
#7200=CARTESIAN_POINT('',(9.007325641030E-1,3.547687384892E1,
-1.300221895266E0));
#7201=CARTESIAN_POINT('',(9.068863343905E-1,3.558919521534E1,
-1.299784204046E0));
#7202=CARTESIAN_POINT('',(8.708096122754E-1,3.570338669194E1,
-1.302739483953E0));
#7203=CARTESIAN_POINT('',(7.920199087267E-1,3.580352513515E1,
-1.308049164425E0));
#7204=CARTESIAN_POINT('',(6.797436111734E-1,3.587284817935E1,
-1.315423917517E0));
#7205=CARTESIAN_POINT('',(5.521509000137E-1,3.590320153197E1,
-1.325015010135E0));
#7206=CARTESIAN_POINT('',(4.275824985700E-1,3.589569896447E1,
-1.333875024886E0));
#7207=CARTESIAN_POINT('',(8.149791158067E-1,3.547687384892E1,
-1.512789600043E0));
#7208=CARTESIAN_POINT('',(8.201197066537E-1,3.558919521534E1,
-1.514863402326E0));
#7209=CARTESIAN_POINT('',(7.901178568897E-1,3.570338669194E1,
-1.502760142918E0));
#7210=CARTESIAN_POINT('',(7.241982753881E-1,3.580352513515E1,
-1.476167056118E0));
#7211=CARTESIAN_POINT('',(6.301955817390E-1,3.587284817935E1,
-1.438244761487E0));
#7212=CARTESIAN_POINT('',(5.237892227581E-1,3.590320153197E1,
-1.395318616084E0));
#7213=CARTESIAN_POINT('',(4.197302224421E-1,3.589569896447E1,
-1.353339435321E0));
#7214=B_SPLINE_SURFACE_WITH_KNOTS('',8,6,((#7151,#7152,#7153,#7154,#7155,#7156,
#7157),(#7158,#7159,#7160,#7161,#7162,#7163,#7164),(#7165,#7166,#7167,#7168,
#7169,#7170,#7171),(#7172,#7173,#7174,#7175,#7176,#7177,#7178),(#7179,#7180,
#7181,#7182,#7183,#7184,#7185),(#7186,#7187,#7188,#7189,#7190,#7191,#7192),(
#7193,#7194,#7195,#7196,#7197,#7198,#7199),(#7200,#7201,#7202,#7203,#7204,#7205,
#7206),(#7207,#7208,#7209,#7210,#7211,#7212,#7213)),.UNSPECIFIED.,.F.,.F.,.F.,
(9,9),(7,7),(-3.834486827157E-1,3.525041336305E0),(-4.931065449608E-2,
1.637560273811E0),.UNSPECIFIED.);
#7215=ORIENTED_EDGE('',*,*,#7049,.F.);
#7216=ORIENTED_EDGE('',*,*,#7145,.F.);
#7218=ORIENTED_EDGE('',*,*,#7217,.T.);
#7219=ORIENTED_EDGE('',*,*,#7141,.T.);
#7220=EDGE_LOOP('',(#7215,#7216,#7218,#7219));
#7221=FACE_OUTER_BOUND('',#7220,.F.);
#7223=CARTESIAN_POINT('',(4.762413049884E-1,3.589659011830E1,
-1.433814633126E0));
#7224=CARTESIAN_POINT('',(4.762413049884E-1,3.589659011830E1,
-1.240720085591E0));
#7225=CARTESIAN_POINT('',(2.835386071504E-1,3.589659011830E1,
-1.433814633126E0));
#7226=CARTESIAN_POINT('',(2.835386071504E-1,3.589659011830E1,
-1.240720085591E0));
#7227=B_SPLINE_SURFACE_WITH_KNOTS('',1,1,((#7223,#7224),(#7225,#7226)),
.UNSPECIFIED.,.F.,.F.,.F.,(2,2),(2,2),(-9.635134891905E-2,9.635134891905E-2),(
-9.654744276869E-2,9.654710476645E-2),.UNSPECIFIED.);
#7228=ORIENTED_EDGE('',*,*,#7217,.F.);
#7229=ORIENTED_EDGE('',*,*,#7143,.F.);
#7230=EDGE_LOOP('',(#7228,#7229));
#7231=FACE_OUTER_BOUND('',#7230,.F.);
#7233=CARTESIAN_POINT('',(1.272223310607E0,3.559571070013E1,-3.790749129761E0));
#7234=CARTESIAN_POINT('',(1.355690040335E0,3.080445049905E1,-3.796000411288E0));
#7235=CARTESIAN_POINT('',(1.288224421128E0,3.559571070013E1,-3.536418761032E0));
#7236=CARTESIAN_POINT('',(1.374550698017E0,3.080445049905E1,-3.496218841971E0));
#7237=CARTESIAN_POINT('',(1.138033028709E0,3.559571070013E1,-3.271632446280E0));
#7238=CARTESIAN_POINT('',(1.197518707923E0,3.080445049905E1,-3.184112751902E0));
#7239=CARTESIAN_POINT('',(8.051702102811E-1,3.559571070013E1,
-3.130467062505E0));
#7240=CARTESIAN_POINT('',(8.051702102811E-1,3.080445049905E1,
-3.017719802083E0));
#7241=CARTESIAN_POINT('',(4.723073918536E-1,3.559571070013E1,
-3.271632446280E0));
#7242=CARTESIAN_POINT('',(4.128217126393E-1,3.080445049905E1,
-3.184112751902E0));
#7243=CARTESIAN_POINT('',(3.221159994341E-1,3.559571070013E1,
-3.536418761032E0));
#7244=CARTESIAN_POINT('',(2.357897225454E-1,3.080445049905E1,
-3.496218841971E0));
#7245=CARTESIAN_POINT('',(3.381171099552E-1,3.559571070013E1,
-3.790749129761E0));
#7246=CARTESIAN_POINT('',(2.546503802277E-1,3.080445049905E1,
-3.796000411288E0));
#7247=B_SPLINE_SURFACE_WITH_KNOTS('',6,1,((#7233,#7234),(#7235,#7236),(#7237,
#7238),(#7239,#7240),(#7241,#7242),(#7243,#7244),(#7245,#7246)),.UNSPECIFIED.,
.F.,.F.,.F.,(7,7),(2,2),(3.078760800518E0,6.346017160251E0),(2.681035831509E1,
3.160161851617E1),.UNSPECIFIED.);
#7249=ORIENTED_EDGE('',*,*,#7248,.F.);
#7250=ORIENTED_EDGE('',*,*,#6252,.T.);
#7252=ORIENTED_EDGE('',*,*,#7251,.T.);
#7254=ORIENTED_EDGE('',*,*,#7253,.T.);
#7255=EDGE_LOOP('',(#7249,#7250,#7252,#7254));
#7256=FACE_OUTER_BOUND('',#7255,.F.);
#7258=CARTESIAN_POINT('',(3.381171099552E-1,3.559571070013E1,
-3.731980148967E0));
#7259=CARTESIAN_POINT('',(2.546503802277E-1,3.080445049905E1,
-3.726728867440E0));
#7260=CARTESIAN_POINT('',(3.221159994341E-1,3.559571070013E1,
-3.986310517696E0));
#7261=CARTESIAN_POINT('',(2.357897225454E-1,3.080445049905E1,
-4.026510436756E0));
#7262=CARTESIAN_POINT('',(4.723073918536E-1,3.559571070013E1,
-4.251096832447E0));
#7263=CARTESIAN_POINT('',(4.128217126393E-1,3.080445049905E1,
-4.338616526826E0));
#7264=CARTESIAN_POINT('',(8.051702102811E-1,3.559571070013E1,
-4.392262216223E0));
#7265=CARTESIAN_POINT('',(8.051702102811E-1,3.080445049905E1,
-4.505009476645E0));
#7266=CARTESIAN_POINT('',(1.138033028709E0,3.559571070013E1,-4.251096832447E0));
#7267=CARTESIAN_POINT('',(1.197518707923E0,3.080445049905E1,-4.338616526826E0));
#7268=CARTESIAN_POINT('',(1.288224421128E0,3.559571070013E1,-3.986310517696E0));
#7269=CARTESIAN_POINT('',(1.374550698017E0,3.080445049905E1,-4.026510436756E0));
#7270=CARTESIAN_POINT('',(1.272223310607E0,3.559571070013E1,-3.731980148967E0));
#7271=CARTESIAN_POINT('',(1.355690040335E0,3.080445049905E1,-3.726728867440E0));
#7272=B_SPLINE_SURFACE_WITH_KNOTS('',6,1,((#7258,#7259),(#7260,#7261),(#7262,
#7263),(#7264,#7265),(#7266,#7267),(#7268,#7269),(#7270,#7271)),.UNSPECIFIED.,
.F.,.F.,.F.,(7,7),(2,2),(-6.283185307180E-2,3.204424506662E0),(2.681035831509E1,
3.160161851617E1),.UNSPECIFIED.);
#7274=ORIENTED_EDGE('',*,*,#7273,.T.);
#7275=ORIENTED_EDGE('',*,*,#7251,.F.);
#7276=ORIENTED_EDGE('',*,*,#6254,.T.);
#7277=ORIENTED_EDGE('',*,*,#7248,.T.);
#7278=EDGE_LOOP('',(#7274,#7275,#7276,#7277));
#7279=FACE_OUTER_BOUND('',#7278,.F.);
#7281=CARTESIAN_POINT('',(1.240259370018E0,3.547687384892E1,-3.585842229678E0));
#7282=CARTESIAN_POINT('',(1.245399960865E0,3.558919521534E1,-3.583768427395E0));
#7283=CARTESIAN_POINT('',(1.215398111101E0,3.570338669194E1,-3.595871686803E0));
#7284=CARTESIAN_POINT('',(1.149478529600E0,3.580352513515E1,-3.622464773603E0));
#7285=CARTESIAN_POINT('',(1.055475835951E0,3.587284817935E1,-3.660387068234E0));
#7286=CARTESIAN_POINT('',(9.490694769698E-1,3.590320153197E1,
-3.703313213637E0));
#7287=CARTESIAN_POINT('',(8.450104766538E-1,3.589569896447E1,
-3.745292394400E0));
#7288=CARTESIAN_POINT('',(1.326012818315E0,3.547687384892E1,-3.798409934455E0));
#7289=CARTESIAN_POINT('',(1.332166588602E0,3.558919521534E1,-3.798847625675E0));
#7290=CARTESIAN_POINT('',(1.296089866487E0,3.570338669194E1,-3.795892345768E0));
#7291=CARTESIAN_POINT('',(1.217300162938E0,3.580352513515E1,-3.790582665296E0));
#7292=CARTESIAN_POINT('',(1.105023865385E0,3.587284817935E1,-3.783207912204E0));
#7293=CARTESIAN_POINT('',(9.774311542254E-1,3.590320153197E1,
-3.773616819586E0));
#7294=CARTESIAN_POINT('',(8.528627527817E-1,3.589569896447E1,
-3.764756804834E0));
#7295=CARTESIAN_POINT('',(1.293077873399E0,3.547687384892E1,-4.058858567342E0));
#7296=CARTESIAN_POINT('',(1.302369896357E0,3.558919521534E1,-4.060950461170E0));
#7297=CARTESIAN_POINT('',(1.268681367720E0,3.570338669194E1,-4.039522496425E0));
#7298=CARTESIAN_POINT('',(1.191822600553E0,3.580352513515E1,-3.996339048523E0));
#7299=CARTESIAN_POINT('',(1.082411750123E0,3.587284817935E1,-3.935139392918E0));
#7300=CARTESIAN_POINT('',(9.611097304111E-1,3.590320153197E1,
-3.861946352858E0));
#7301=CARTESIAN_POINT('',(8.498469640656E-1,3.589569896447E1,
-3.788605578536E0));
#7302=CARTESIAN_POINT('',(1.110661078714E0,3.547687384892E1,-4.289793180831E0));
#7303=CARTESIAN_POINT('',(1.108391495406E0,3.558919521534E1,-4.299831260273E0));
#7304=CARTESIAN_POINT('',(1.087633971003E0,3.570338669194E1,-4.266905841891E0));
#7305=CARTESIAN_POINT('',(1.046067621998E0,3.580352513515E1,-4.180993603241E0));
#7306=CARTESIAN_POINT('',(9.863594562854E-1,3.587284817935E1,
-4.056937037142E0));
#7307=CARTESIAN_POINT('',(9.152545714466E-1,3.590320153197E1,
-3.930294457447E0));
#7308=CARTESIAN_POINT('',(8.331434137049E-1,3.589569896447E1,
-3.809751811004E0));
#7309=CARTESIAN_POINT('',(8.051702102811E-1,3.547687384892E1,
-4.390214796202E0));
#7310=CARTESIAN_POINT('',(8.051702102811E-1,3.558919521534E1,
-4.392711593288E0));
#7311=CARTESIAN_POINT('',(8.051702102811E-1,3.570338669194E1,
-4.344551374552E0));
#7312=CARTESIAN_POINT('',(8.051702102811E-1,3.580352513515E1,
-4.257056254477E0));
#7313=CARTESIAN_POINT('',(8.051702102811E-1,3.587284817935E1,
-4.134406987742E0));
#7314=CARTESIAN_POINT('',(8.051702102811E-1,3.590320153197E1,
-3.976939551862E0));
#7315=CARTESIAN_POINT('',(8.051702102811E-1,3.589569896447E1,
-3.818947222603E0));
#7316=CARTESIAN_POINT('',(4.996793418480E-1,3.547687384892E1,
-4.289793180831E0));
#7317=CARTESIAN_POINT('',(5.019489251559E-1,3.558919521534E1,
-4.299831260273E0));
#7318=CARTESIAN_POINT('',(5.227064495593E-1,3.570338669194E1,
-4.266905841891E0));
#7319=CARTESIAN_POINT('',(5.642727985645E-1,3.580352513515E1,
-4.180993603241E0));
#7320=CARTESIAN_POINT('',(6.239809642769E-1,3.587284817935E1,
-4.056937037142E0));
#7321=CARTESIAN_POINT('',(6.950858491156E-1,3.590320153197E1,
-3.930294457447E0));
#7322=CARTESIAN_POINT('',(7.771970068573E-1,3.589569896447E1,
-3.809751811004E0));
#7323=CARTESIAN_POINT('',(3.172625471637E-1,3.547687384892E1,
-4.058858567342E0));
#7324=CARTESIAN_POINT('',(3.079705242055E-1,3.558919521534E1,
-4.060950461170E0));
#7325=CARTESIAN_POINT('',(3.416590528424E-1,3.570338669194E1,
-4.039522496425E0));
#7326=CARTESIAN_POINT('',(4.185178200097E-1,3.580352513515E1,
-3.996339048523E0));
#7327=CARTESIAN_POINT('',(5.279286704395E-1,3.587284817935E1,
-3.935139392918E0));
#7328=CARTESIAN_POINT('',(6.492306901512E-1,3.590320153197E1,
-3.861946352858E0));
#7329=CARTESIAN_POINT('',(7.604934564966E-1,3.589569896447E1,
-3.788605578536E0));
#7330=CARTESIAN_POINT('',(2.843276022475E-1,3.547687384892E1,
-3.798409934455E0));
#7331=CARTESIAN_POINT('',(2.781738319600E-1,3.558919521534E1,
-3.798847625675E0));
#7332=CARTESIAN_POINT('',(3.142505540751E-1,3.570338669194E1,
-3.795892345768E0));
#7333=CARTESIAN_POINT('',(3.930402576238E-1,3.580352513515E1,
-3.790582665296E0));
#7334=CARTESIAN_POINT('',(5.053165551771E-1,3.587284817935E1,
-3.783207912204E0));
#7335=CARTESIAN_POINT('',(6.329092663368E-1,3.590320153197E1,
-3.773616819586E0));
#7336=CARTESIAN_POINT('',(7.574776677805E-1,3.589569896447E1,
-3.764756804834E0));
#7337=CARTESIAN_POINT('',(3.700810505439E-1,3.547687384892E1,
-3.585842229678E0));
#7338=CARTESIAN_POINT('',(3.649404596969E-1,3.558919521534E1,
-3.583768427395E0));
#7339=CARTESIAN_POINT('',(3.949423094609E-1,3.570338669194E1,
-3.595871686803E0));
#7340=CARTESIAN_POINT('',(4.608618909624E-1,3.580352513515E1,
-3.622464773603E0));
#7341=CARTESIAN_POINT('',(5.548645846115E-1,3.587284817935E1,
-3.660387068234E0));
#7342=CARTESIAN_POINT('',(6.612709435924E-1,3.590320153197E1,
-3.703313213637E0));
#7343=CARTESIAN_POINT('',(7.653299439084E-1,3.589569896447E1,
-3.745292394400E0));
#7344=B_SPLINE_SURFACE_WITH_KNOTS('',8,6,((#7281,#7282,#7283,#7284,#7285,#7286,
#7287),(#7288,#7289,#7290,#7291,#7292,#7293,#7294),(#7295,#7296,#7297,#7298,
#7299,#7300,#7301),(#7302,#7303,#7304,#7305,#7306,#7307,#7308),(#7309,#7310,
#7311,#7312,#7313,#7314,#7315),(#7316,#7317,#7318,#7319,#7320,#7321,#7322),(
#7323,#7324,#7325,#7326,#7327,#7328,#7329),(#7330,#7331,#7332,#7333,#7334,#7335,
#7336),(#7337,#7338,#7339,#7340,#7341,#7342,#7343)),.UNSPECIFIED.,.F.,.F.,.F.,
(9,9),(7,7),(2.758143970874E0,6.666633989895E0),(-4.931065449608E-2,
1.637560273811E0),.UNSPECIFIED.);
#7346=ORIENTED_EDGE('',*,*,#7345,.F.);
#7348=ORIENTED_EDGE('',*,*,#7347,.T.);
#7350=ORIENTED_EDGE('',*,*,#7349,.T.);
#7351=ORIENTED_EDGE('',*,*,#7273,.F.);
#7352=EDGE_LOOP('',(#7346,#7348,#7350,#7351));
#7353=FACE_OUTER_BOUND('',#7352,.F.);
#7355=CARTESIAN_POINT('',(3.700810505439E-1,3.547687384892E1,
-3.936887049050E0));
#7356=CARTESIAN_POINT('',(3.649404596969E-1,3.558919521534E1,
-3.938960851332E0));
#7357=CARTESIAN_POINT('',(3.949423094609E-1,3.570338669194E1,
-3.926857591925E0));
#7358=CARTESIAN_POINT('',(4.608618909624E-1,3.580352513515E1,
-3.900264505125E0));
#7359=CARTESIAN_POINT('',(5.548645846115E-1,3.587284817935E1,
-3.862342210494E0));
#7360=CARTESIAN_POINT('',(6.612709435924E-1,3.590320153197E1,
-3.819416065091E0));
#7361=CARTESIAN_POINT('',(7.653299439084E-1,3.589569896447E1,
-3.777436884327E0));
#7362=CARTESIAN_POINT('',(2.843276022475E-1,3.547687384892E1,
-3.724319344272E0));
#7363=CARTESIAN_POINT('',(2.781738319600E-1,3.558919521534E1,
-3.723881653053E0));
#7364=CARTESIAN_POINT('',(3.142505540751E-1,3.570338669194E1,
-3.726836932960E0));
#7365=CARTESIAN_POINT('',(3.930402576238E-1,3.580352513515E1,
-3.732146613432E0));
#7366=CARTESIAN_POINT('',(5.053165551771E-1,3.587284817935E1,
-3.739521366524E0));
#7367=CARTESIAN_POINT('',(6.329092663368E-1,3.590320153197E1,
-3.749112459141E0));
#7368=CARTESIAN_POINT('',(7.574776677805E-1,3.589569896447E1,
-3.757972473893E0));
#7369=CARTESIAN_POINT('',(3.172625471637E-1,3.547687384892E1,
-3.463870711386E0));
#7370=CARTESIAN_POINT('',(3.079705242055E-1,3.558919521534E1,
-3.461778817557E0));
#7371=CARTESIAN_POINT('',(3.416590528424E-1,3.570338669194E1,
-3.483206782303E0));
#7372=CARTESIAN_POINT('',(4.185178200097E-1,3.580352513515E1,
-3.526390230204E0));
#7373=CARTESIAN_POINT('',(5.279286704395E-1,3.587284817935E1,
-3.587589885810E0));
#7374=CARTESIAN_POINT('',(6.492306901512E-1,3.590320153197E1,
-3.660782925870E0));
#7375=CARTESIAN_POINT('',(7.604934564966E-1,3.589569896447E1,
-3.734123700192E0));
#7376=CARTESIAN_POINT('',(4.996793418480E-1,3.547687384892E1,
-3.232936097897E0));
#7377=CARTESIAN_POINT('',(5.019489251559E-1,3.558919521534E1,
-3.222898018454E0));
#7378=CARTESIAN_POINT('',(5.227064495593E-1,3.570338669194E1,
-3.255823436837E0));
#7379=CARTESIAN_POINT('',(5.642727985646E-1,3.580352513515E1,
-3.341735675487E0));
#7380=CARTESIAN_POINT('',(6.239809642769E-1,3.587284817935E1,
-3.465792241586E0));
#7381=CARTESIAN_POINT('',(6.950858491156E-1,3.590320153197E1,
-3.592434821280E0));
#7382=CARTESIAN_POINT('',(7.771970068573E-1,3.589569896447E1,
-3.712977467724E0));
#7383=CARTESIAN_POINT('',(8.051702102811E-1,3.547687384892E1,
-3.132514482525E0));
#7384=CARTESIAN_POINT('',(8.051702102811E-1,3.558919521534E1,
-3.130017685440E0));
#7385=CARTESIAN_POINT('',(8.051702102811E-1,3.570338669194E1,
-3.178177904176E0));
#7386=CARTESIAN_POINT('',(8.051702102811E-1,3.580352513515E1,
-3.265673024250E0));
#7387=CARTESIAN_POINT('',(8.051702102811E-1,3.587284817935E1,
-3.388322290985E0));
#7388=CARTESIAN_POINT('',(8.051702102811E-1,3.590320153197E1,
-3.545789726866E0));
#7389=CARTESIAN_POINT('',(8.051702102811E-1,3.589569896447E1,
-3.703782056125E0));
#7390=CARTESIAN_POINT('',(1.110661078714E0,3.547687384892E1,-3.232936097897E0));
#7391=CARTESIAN_POINT('',(1.108391495406E0,3.558919521534E1,-3.222898018454E0));
#7392=CARTESIAN_POINT('',(1.087633971003E0,3.570338669194E1,-3.255823436837E0));
#7393=CARTESIAN_POINT('',(1.046067621998E0,3.580352513515E1,-3.341735675487E0));
#7394=CARTESIAN_POINT('',(9.863594562854E-1,3.587284817935E1,
-3.465792241586E0));
#7395=CARTESIAN_POINT('',(9.152545714466E-1,3.590320153197E1,
-3.592434821280E0));
#7396=CARTESIAN_POINT('',(8.331434137049E-1,3.589569896447E1,
-3.712977467724E0));
#7397=CARTESIAN_POINT('',(1.293077873399E0,3.547687384892E1,-3.463870711386E0));
#7398=CARTESIAN_POINT('',(1.302369896357E0,3.558919521534E1,-3.461778817557E0));
#7399=CARTESIAN_POINT('',(1.268681367720E0,3.570338669194E1,-3.483206782303E0));
#7400=CARTESIAN_POINT('',(1.191822600553E0,3.580352513515E1,-3.526390230204E0));
#7401=CARTESIAN_POINT('',(1.082411750123E0,3.587284817935E1,-3.587589885810E0));
#7402=CARTESIAN_POINT('',(9.611097304111E-1,3.590320153197E1,
-3.660782925870E0));
#7403=CARTESIAN_POINT('',(8.498469640656E-1,3.589569896447E1,
-3.734123700192E0));
#7404=CARTESIAN_POINT('',(1.326012818315E0,3.547687384892E1,-3.724319344272E0));
#7405=CARTESIAN_POINT('',(1.332166588602E0,3.558919521534E1,-3.723881653053E0));
#7406=CARTESIAN_POINT('',(1.296089866487E0,3.570338669194E1,-3.726836932960E0));
#7407=CARTESIAN_POINT('',(1.217300162938E0,3.580352513515E1,-3.732146613432E0));
#7408=CARTESIAN_POINT('',(1.105023865385E0,3.587284817935E1,-3.739521366524E0));
#7409=CARTESIAN_POINT('',(9.774311542254E-1,3.590320153197E1,
-3.749112459141E0));
#7410=CARTESIAN_POINT('',(8.528627527817E-1,3.589569896447E1,
-3.757972473893E0));
#7411=CARTESIAN_POINT('',(1.240259370018E0,3.547687384892E1,-3.936887049050E0));
#7412=CARTESIAN_POINT('',(1.245399960865E0,3.558919521534E1,-3.938960851332E0));
#7413=CARTESIAN_POINT('',(1.215398111101E0,3.570338669194E1,-3.926857591925E0));
#7414=CARTESIAN_POINT('',(1.149478529600E0,3.580352513515E1,-3.900264505125E0));
#7415=CARTESIAN_POINT('',(1.055475835951E0,3.587284817935E1,-3.862342210494E0));
#7416=CARTESIAN_POINT('',(9.490694769698E-1,3.590320153197E1,
-3.819416065091E0));
#7417=CARTESIAN_POINT('',(8.450104766538E-1,3.589569896447E1,
-3.777436884327E0));
#7418=B_SPLINE_SURFACE_WITH_KNOTS('',8,6,((#7355,#7356,#7357,#7358,#7359,#7360,
#7361),(#7362,#7363,#7364,#7365,#7366,#7367,#7368),(#7369,#7370,#7371,#7372,
#7373,#7374,#7375),(#7376,#7377,#7378,#7379,#7380,#7381,#7382),(#7383,#7384,
#7385,#7386,#7387,#7388,#7389),(#7390,#7391,#7392,#7393,#7394,#7395,#7396),(
#7397,#7398,#7399,#7400,#7401,#7402,#7403),(#7404,#7405,#7406,#7407,#7408,#7409,
#7410),(#7411,#7412,#7413,#7414,#7415,#7416,#7417)),.UNSPECIFIED.,.F.,.F.,.F.,
(9,9),(7,7),(-3.834486827157E-1,3.525041336305E0),(-4.931065449608E-2,
1.637560273811E0),.UNSPECIFIED.);
#7419=ORIENTED_EDGE('',*,*,#7253,.F.);
#7420=ORIENTED_EDGE('',*,*,#7349,.F.);
#7422=ORIENTED_EDGE('',*,*,#7421,.T.);
#7423=ORIENTED_EDGE('',*,*,#7345,.T.);
#7424=EDGE_LOOP('',(#7419,#7420,#7422,#7423));
#7425=FACE_OUTER_BOUND('',#7424,.F.);
#7427=CARTESIAN_POINT('',(9.015215592002E-1,3.589659011830E1,
-3.857911744130E0));
#7428=CARTESIAN_POINT('',(9.015215592002E-1,3.589659011830E1,
-3.664817490819E0));
#7429=CARTESIAN_POINT('',(7.088188613621E-1,3.589659011830E1,
-3.857911744130E0));
#7430=CARTESIAN_POINT('',(7.088188613621E-1,3.589659011830E1,
-3.664817490819E0));
#7431=B_SPLINE_SURFACE_WITH_KNOTS('',1,1,((#7427,#7428),(#7429,#7430)),
.UNSPECIFIED.,.F.,.F.,.F.,(2,2),(2,2),(-9.635134891905E-2,9.635134891905E-2),(
-9.654710476645E-2,9.654714854448E-2),.UNSPECIFIED.);
#7432=ORIENTED_EDGE('',*,*,#7421,.F.);
#7433=ORIENTED_EDGE('',*,*,#7347,.F.);
#7434=EDGE_LOOP('',(#7432,#7433));
#7435=FACE_OUTER_BOUND('',#7434,.F.);
#7437=CARTESIAN_POINT('',(-1.321986240084E0,3.559571070013E1,
-3.663165053497E0));
#7438=CARTESIAN_POINT('',(-1.238519510357E0,3.080445049905E1,
-3.668416335025E0));
#7439=CARTESIAN_POINT('',(-1.305985129563E0,3.559571070013E1,
-3.408834684768E0));
#7440=CARTESIAN_POINT('',(-1.219658852675E0,3.080445049905E1,
-3.368634765708E0));
#7441=CARTESIAN_POINT('',(-1.456176521983E0,3.559571070013E1,
-3.144048370017E0));
#7442=CARTESIAN_POINT('',(-1.396690842769E0,3.080445049905E1,
-3.056528675639E0));
#7443=CARTESIAN_POINT('',(-1.789039340410E0,3.559571070013E1,
-3.002882986241E0));
#7444=CARTESIAN_POINT('',(-1.789039340410E0,3.080445049905E1,
-2.890135725819E0));
#7445=CARTESIAN_POINT('',(-2.121902158838E0,3.559571070013E1,
-3.144048370017E0));
#7446=CARTESIAN_POINT('',(-2.181387838052E0,3.080445049905E1,
-3.056528675639E0));
#7447=CARTESIAN_POINT('',(-2.272093551257E0,3.559571070013E1,
-3.408834684768E0));
#7448=CARTESIAN_POINT('',(-2.358419828146E0,3.080445049905E1,
-3.368634765708E0));
#7449=CARTESIAN_POINT('',(-2.256092440736E0,3.559571070013E1,
-3.663165053497E0));
#7450=CARTESIAN_POINT('',(-2.339559170464E0,3.080445049905E1,
-3.668416335025E0));
#7451=B_SPLINE_SURFACE_WITH_KNOTS('',6,1,((#7437,#7438),(#7439,#7440),(#7441,
#7442),(#7443,#7444),(#7445,#7446),(#7447,#7448),(#7449,#7450)),.UNSPECIFIED.,
.F.,.F.,.F.,(7,7),(2,2),(3.078760800518E0,6.346017160251E0),(2.681035831509E1,
3.160161851617E1),.UNSPECIFIED.);
#7453=ORIENTED_EDGE('',*,*,#7452,.F.);
#7454=ORIENTED_EDGE('',*,*,#6258,.T.);
#7456=ORIENTED_EDGE('',*,*,#7455,.T.);
#7458=ORIENTED_EDGE('',*,*,#7457,.T.);
#7459=EDGE_LOOP('',(#7453,#7454,#7456,#7458));
#7460=FACE_OUTER_BOUND('',#7459,.F.);
#7462=CARTESIAN_POINT('',(-2.256092440736E0,3.559571070013E1,
-3.604396072704E0));
#7463=CARTESIAN_POINT('',(-2.339559170464E0,3.080445049905E1,
-3.599144791176E0));
#7464=CARTESIAN_POINT('',(-2.272093551257E0,3.559571070013E1,
-3.858726441432E0));
#7465=CARTESIAN_POINT('',(-2.358419828146E0,3.080445049905E1,
-3.898926360493E0));
#7466=CARTESIAN_POINT('',(-2.121902158838E0,3.559571070013E1,
-4.123512756184E0));
#7467=CARTESIAN_POINT('',(-2.181387838052E0,3.080445049905E1,
-4.211032450562E0));
#7468=CARTESIAN_POINT('',(-1.789039340410E0,3.559571070013E1,
-4.264678139959E0));
#7469=CARTESIAN_POINT('',(-1.789039340410E0,3.080445049905E1,
-4.377425400382E0));
#7470=CARTESIAN_POINT('',(-1.456176521983E0,3.559571070013E1,
-4.123512756184E0));
#7471=CARTESIAN_POINT('',(-1.396690842769E0,3.080445049905E1,
-4.211032450562E0));
#7472=CARTESIAN_POINT('',(-1.305985129563E0,3.559571070013E1,
-3.858726441432E0));
#7473=CARTESIAN_POINT('',(-1.219658852675E0,3.080445049905E1,
-3.898926360493E0));
#7474=CARTESIAN_POINT('',(-1.321986240084E0,3.559571070013E1,
-3.604396072704E0));
#7475=CARTESIAN_POINT('',(-1.238519510357E0,3.080445049905E1,
-3.599144791176E0));
#7476=B_SPLINE_SURFACE_WITH_KNOTS('',6,1,((#7462,#7463),(#7464,#7465),(#7466,
#7467),(#7468,#7469),(#7470,#7471),(#7472,#7473),(#7474,#7475)),.UNSPECIFIED.,
.F.,.F.,.F.,(7,7),(2,2),(-6.283185307180E-2,3.204424506662E0),(2.681035831509E1,
3.160161851617E1),.UNSPECIFIED.);
#7478=ORIENTED_EDGE('',*,*,#7477,.T.);
#7479=ORIENTED_EDGE('',*,*,#7455,.F.);
#7480=ORIENTED_EDGE('',*,*,#6260,.T.);
#7481=ORIENTED_EDGE('',*,*,#7452,.T.);
#7482=EDGE_LOOP('',(#7478,#7479,#7480,#7481));
#7483=FACE_OUTER_BOUND('',#7482,.F.);
#7485=CARTESIAN_POINT('',(-1.353950180673E0,3.547687384892E1,
-3.458258153415E0));
#7486=CARTESIAN_POINT('',(-1.348809589826E0,3.558919521534E1,
-3.456184351132E0));
#7487=CARTESIAN_POINT('',(-1.378811439590E0,3.570338669194E1,
-3.468287610539E0));
#7488=CARTESIAN_POINT('',(-1.444731021092E0,3.580352513515E1,
-3.494880697339E0));
#7489=CARTESIAN_POINT('',(-1.538733714741E0,3.587284817935E1,
-3.532802991970E0));
#7490=CARTESIAN_POINT('',(-1.645140073722E0,3.590320153197E1,
-3.575729137373E0));
#7491=CARTESIAN_POINT('',(-1.749199074038E0,3.589569896447E1,
-3.617708318137E0));
#7492=CARTESIAN_POINT('',(-1.268196732377E0,3.547687384892E1,
-3.670825858192E0));
#7493=CARTESIAN_POINT('',(-1.262042962089E0,3.558919521534E1,
-3.671263549411E0));
#7494=CARTESIAN_POINT('',(-1.298119684204E0,3.570338669194E1,
-3.668308269504E0));
#7495=CARTESIAN_POINT('',(-1.376909387753E0,3.580352513515E1,
-3.662998589033E0));
#7496=CARTESIAN_POINT('',(-1.489185685306E0,3.587284817935E1,
-3.655623835940E0));
#7497=CARTESIAN_POINT('',(-1.616778396466E0,3.590320153197E1,
-3.646032743323E0));
#7498=CARTESIAN_POINT('',(-1.741346797910E0,3.589569896447E1,
-3.637172728571E0));
#7499=CARTESIAN_POINT('',(-1.301131677293E0,3.547687384892E1,
-3.931274491078E0));
#7500=CARTESIAN_POINT('',(-1.291839654335E0,3.558919521534E1,
-3.933366384907E0));
#7501=CARTESIAN_POINT('',(-1.325528182972E0,3.570338669194E1,
-3.911938420161E0));
#7502=CARTESIAN_POINT('',(-1.402386950139E0,3.580352513515E1,
-3.868754972260E0));
#7503=CARTESIAN_POINT('',(-1.511797800569E0,3.587284817935E1,
-3.807555316654E0));
#7504=CARTESIAN_POINT('',(-1.633099820280E0,3.590320153197E1,
-3.734362276594E0));
#7505=CARTESIAN_POINT('',(-1.744362586626E0,3.589569896447E1,
-3.661021502273E0));
#7506=CARTESIAN_POINT('',(-1.483548471977E0,3.547687384892E1,
-4.162209104568E0));
#7507=CARTESIAN_POINT('',(-1.485818055285E0,3.558919521534E1,
-4.172247184010E0));
#7508=CARTESIAN_POINT('',(-1.506575579689E0,3.570338669194E1,
-4.139321765627E0));
#7509=CARTESIAN_POINT('',(-1.548141928694E0,3.580352513515E1,
-4.053409526977E0));
#7510=CARTESIAN_POINT('',(-1.607850094406E0,3.587284817935E1,
-3.929352960878E0));
#7511=CARTESIAN_POINT('',(-1.678954979245E0,3.590320153197E1,
-3.802710381184E0));
#7512=CARTESIAN_POINT('',(-1.761066136987E0,3.589569896447E1,
-3.682167734741E0));
#7513=CARTESIAN_POINT('',(-1.789039340410E0,3.547687384892E1,
-4.262630719939E0));
#7514=CARTESIAN_POINT('',(-1.789039340410E0,3.558919521534E1,
-4.265127517025E0));
#7515=CARTESIAN_POINT('',(-1.789039340410E0,3.570338669194E1,
-4.216967298288E0));
#7516=CARTESIAN_POINT('',(-1.789039340410E0,3.580352513515E1,
-4.129472178214E0));
#7517=CARTESIAN_POINT('',(-1.789039340410E0,3.587284817935E1,
-4.006822911479E0));
#7518=CARTESIAN_POINT('',(-1.789039340410E0,3.590320153197E1,
-3.849355475598E0));
#7519=CARTESIAN_POINT('',(-1.789039340410E0,3.589569896447E1,
-3.691363146339E0));
#7520=CARTESIAN_POINT('',(-2.094530208844E0,3.547687384892E1,
-4.162209104568E0));
#7521=CARTESIAN_POINT('',(-2.092260625536E0,3.558919521534E1,
-4.172247184010E0));
#7522=CARTESIAN_POINT('',(-2.071503101132E0,3.570338669194E1,
-4.139321765627E0));
#7523=CARTESIAN_POINT('',(-2.029936752127E0,3.580352513515E1,
-4.053409526977E0));
#7524=CARTESIAN_POINT('',(-1.970228586415E0,3.587284817935E1,
-3.929352960878E0));
#7525=CARTESIAN_POINT('',(-1.899123701576E0,3.590320153197E1,
-3.802710381184E0));
#7526=CARTESIAN_POINT('',(-1.817012543834E0,3.589569896447E1,
-3.682167734741E0));
#7527=CARTESIAN_POINT('',(-2.276947003528E0,3.547687384892E1,
-3.931274491078E0));
#7528=CARTESIAN_POINT('',(-2.286239026486E0,3.558919521534E1,
-3.933366384907E0));
#7529=CARTESIAN_POINT('',(-2.252550497849E0,3.570338669194E1,
-3.911938420161E0));
#7530=CARTESIAN_POINT('',(-2.175691730682E0,3.580352513515E1,
-3.868754972260E0));
#7531=CARTESIAN_POINT('',(-2.066280880252E0,3.587284817935E1,
-3.807555316654E0));
#7532=CARTESIAN_POINT('',(-1.944978860540E0,3.590320153197E1,
-3.734362276594E0));
#7533=CARTESIAN_POINT('',(-1.833716094195E0,3.589569896447E1,
-3.661021502273E0));
#7534=CARTESIAN_POINT('',(-2.309881948444E0,3.547687384892E1,
-3.670825858192E0));
#7535=CARTESIAN_POINT('',(-2.316035718731E0,3.558919521534E1,
-3.671263549411E0));
#7536=CARTESIAN_POINT('',(-2.279958996616E0,3.570338669194E1,
-3.668308269504E0));
#7537=CARTESIAN_POINT('',(-2.201169293068E0,3.580352513515E1,
-3.662998589033E0));
#7538=CARTESIAN_POINT('',(-2.088892995514E0,3.587284817935E1,
-3.655623835940E0));
#7539=CARTESIAN_POINT('',(-1.961300284355E0,3.590320153197E1,
-3.646032743323E0));
#7540=CARTESIAN_POINT('',(-1.836731882911E0,3.589569896447E1,
-3.637172728571E0));
#7541=CARTESIAN_POINT('',(-2.224128500148E0,3.547687384892E1,
-3.458258153415E0));
#7542=CARTESIAN_POINT('',(-2.229269090995E0,3.558919521534E1,
-3.456184351132E0));
#7543=CARTESIAN_POINT('',(-2.199267241231E0,3.570338669194E1,
-3.468287610539E0));
#7544=CARTESIAN_POINT('',(-2.133347659729E0,3.580352513515E1,
-3.494880697339E0));
#7545=CARTESIAN_POINT('',(-2.039344966080E0,3.587284817935E1,
-3.532802991970E0));
#7546=CARTESIAN_POINT('',(-1.932938607099E0,3.590320153197E1,
-3.575729137373E0));
#7547=CARTESIAN_POINT('',(-1.828879606783E0,3.589569896447E1,
-3.617708318137E0));
#7548=B_SPLINE_SURFACE_WITH_KNOTS('',8,6,((#7485,#7486,#7487,#7488,#7489,#7490,
#7491),(#7492,#7493,#7494,#7495,#7496,#7497,#7498),(#7499,#7500,#7501,#7502,
#7503,#7504,#7505),(#7506,#7507,#7508,#7509,#7510,#7511,#7512),(#7513,#7514,
#7515,#7516,#7517,#7518,#7519),(#7520,#7521,#7522,#7523,#7524,#7525,#7526),(
#7527,#7528,#7529,#7530,#7531,#7532,#7533),(#7534,#7535,#7536,#7537,#7538,#7539,
#7540),(#7541,#7542,#7543,#7544,#7545,#7546,#7547)),.UNSPECIFIED.,.F.,.F.,.F.,
(9,9),(7,7),(2.758143970874E0,6.666633989895E0),(-4.931065449608E-2,
1.637560273811E0),.UNSPECIFIED.);
#7550=ORIENTED_EDGE('',*,*,#7549,.F.);
#7552=ORIENTED_EDGE('',*,*,#7551,.T.);
#7554=ORIENTED_EDGE('',*,*,#7553,.T.);
#7555=ORIENTED_EDGE('',*,*,#7477,.F.);
#7556=EDGE_LOOP('',(#7550,#7552,#7554,#7555));
#7557=FACE_OUTER_BOUND('',#7556,.F.);
#7559=CARTESIAN_POINT('',(-2.224128500148E0,3.547687384892E1,
-3.809302972786E0));
#7560=CARTESIAN_POINT('',(-2.229269090995E0,3.558919521534E1,
-3.811376775069E0));
#7561=CARTESIAN_POINT('',(-2.199267241231E0,3.570338669194E1,
-3.799273515662E0));
#7562=CARTESIAN_POINT('',(-2.133347659729E0,3.580352513515E1,
-3.772680428862E0));
#7563=CARTESIAN_POINT('',(-2.039344966080E0,3.587284817935E1,
-3.734758134231E0));
#7564=CARTESIAN_POINT('',(-1.932938607099E0,3.590320153197E1,
-3.691831988828E0));
#7565=CARTESIAN_POINT('',(-1.828879606783E0,3.589569896447E1,
-3.649852808064E0));
#7566=CARTESIAN_POINT('',(-2.309881948444E0,3.547687384892E1,
-3.596735268009E0));
#7567=CARTESIAN_POINT('',(-2.316035718731E0,3.558919521534E1,
-3.596297576789E0));
#7568=CARTESIAN_POINT('',(-2.279958996616E0,3.570338669194E1,
-3.599252856696E0));
#7569=CARTESIAN_POINT('',(-2.201169293068E0,3.580352513515E1,
-3.604562537168E0));
#7570=CARTESIAN_POINT('',(-2.088892995514E0,3.587284817935E1,
-3.611937290261E0));
#7571=CARTESIAN_POINT('',(-1.961300284355E0,3.590320153197E1,
-3.621528382878E0));
#7572=CARTESIAN_POINT('',(-1.836731882911E0,3.589569896447E1,
-3.630388397630E0));
#7573=CARTESIAN_POINT('',(-2.276947003528E0,3.547687384892E1,
-3.336286635123E0));
#7574=CARTESIAN_POINT('',(-2.286239026486E0,3.558919521534E1,
-3.334194741294E0));
#7575=CARTESIAN_POINT('',(-2.252550497849E0,3.570338669194E1,
-3.355622706040E0));
#7576=CARTESIAN_POINT('',(-2.175691730682E0,3.580352513515E1,
-3.398806153941E0));
#7577=CARTESIAN_POINT('',(-2.066280880252E0,3.587284817935E1,
-3.460005809546E0));
#7578=CARTESIAN_POINT('',(-1.944978860540E0,3.590320153197E1,
-3.533198849606E0));
#7579=CARTESIAN_POINT('',(-1.833716094195E0,3.589569896447E1,
-3.606539623928E0));
#7580=CARTESIAN_POINT('',(-2.094530208844E0,3.547687384892E1,
-3.105352021633E0));
#7581=CARTESIAN_POINT('',(-2.092260625536E0,3.558919521534E1,
-3.095313942191E0));
#7582=CARTESIAN_POINT('',(-2.071503101132E0,3.570338669194E1,
-3.128239360573E0));
#7583=CARTESIAN_POINT('',(-2.029936752127E0,3.580352513515E1,
-3.214151599224E0));
#7584=CARTESIAN_POINT('',(-1.970228586415E0,3.587284817935E1,
-3.338208165322E0));
#7585=CARTESIAN_POINT('',(-1.899123701576E0,3.590320153197E1,
-3.464850745017E0));
#7586=CARTESIAN_POINT('',(-1.817012543834E0,3.589569896447E1,
-3.585393391460E0));
#7587=CARTESIAN_POINT('',(-1.789039340410E0,3.547687384892E1,
-3.004930406262E0));
#7588=CARTESIAN_POINT('',(-1.789039340410E0,3.558919521534E1,
-3.002433609176E0));
#7589=CARTESIAN_POINT('',(-1.789039340410E0,3.570338669194E1,
-3.050593827912E0));
#7590=CARTESIAN_POINT('',(-1.789039340410E0,3.580352513515E1,
-3.138088947987E0));
#7591=CARTESIAN_POINT('',(-1.789039340410E0,3.587284817935E1,
-3.260738214722E0));
#7592=CARTESIAN_POINT('',(-1.789039340410E0,3.590320153197E1,
-3.418205650602E0));
#7593=CARTESIAN_POINT('',(-1.789039340410E0,3.589569896447E1,
-3.576197979861E0));
#7594=CARTESIAN_POINT('',(-1.483548471977E0,3.547687384892E1,
-3.105352021633E0));
#7595=CARTESIAN_POINT('',(-1.485818055285E0,3.558919521534E1,
-3.095313942191E0));
#7596=CARTESIAN_POINT('',(-1.506575579689E0,3.570338669194E1,
-3.128239360573E0));
#7597=CARTESIAN_POINT('',(-1.548141928694E0,3.580352513515E1,
-3.214151599224E0));
#7598=CARTESIAN_POINT('',(-1.607850094406E0,3.587284817935E1,
-3.338208165322E0));
#7599=CARTESIAN_POINT('',(-1.678954979245E0,3.590320153197E1,
-3.464850745017E0));
#7600=CARTESIAN_POINT('',(-1.761066136987E0,3.589569896447E1,
-3.585393391460E0));
#7601=CARTESIAN_POINT('',(-1.301131677293E0,3.547687384892E1,
-3.336286635123E0));
#7602=CARTESIAN_POINT('',(-1.291839654335E0,3.558919521534E1,
-3.334194741294E0));
#7603=CARTESIAN_POINT('',(-1.325528182972E0,3.570338669194E1,
-3.355622706040E0));
#7604=CARTESIAN_POINT('',(-1.402386950139E0,3.580352513515E1,
-3.398806153941E0));
#7605=CARTESIAN_POINT('',(-1.511797800569E0,3.587284817935E1,
-3.460005809546E0));
#7606=CARTESIAN_POINT('',(-1.633099820280E0,3.590320153197E1,
-3.533198849606E0));
#7607=CARTESIAN_POINT('',(-1.744362586626E0,3.589569896447E1,
-3.606539623928E0));
#7608=CARTESIAN_POINT('',(-1.268196732377E0,3.547687384892E1,
-3.596735268009E0));
#7609=CARTESIAN_POINT('',(-1.262042962089E0,3.558919521534E1,
-3.596297576789E0));
#7610=CARTESIAN_POINT('',(-1.298119684204E0,3.570338669194E1,
-3.599252856696E0));
#7611=CARTESIAN_POINT('',(-1.376909387753E0,3.580352513515E1,
-3.604562537168E0));
#7612=CARTESIAN_POINT('',(-1.489185685306E0,3.587284817935E1,
-3.611937290261E0));
#7613=CARTESIAN_POINT('',(-1.616778396466E0,3.590320153197E1,
-3.621528382878E0));
#7614=CARTESIAN_POINT('',(-1.741346797910E0,3.589569896447E1,
-3.630388397630E0));
#7615=CARTESIAN_POINT('',(-1.353950180673E0,3.547687384892E1,
-3.809302972786E0));
#7616=CARTESIAN_POINT('',(-1.348809589826E0,3.558919521534E1,
-3.811376775069E0));
#7617=CARTESIAN_POINT('',(-1.378811439590E0,3.570338669194E1,
-3.799273515662E0));
#7618=CARTESIAN_POINT('',(-1.444731021092E0,3.580352513515E1,
-3.772680428862E0));
#7619=CARTESIAN_POINT('',(-1.538733714741E0,3.587284817935E1,
-3.734758134231E0));
#7620=CARTESIAN_POINT('',(-1.645140073722E0,3.590320153197E1,
-3.691831988828E0));
#7621=CARTESIAN_POINT('',(-1.749199074038E0,3.589569896447E1,
-3.649852808064E0));
#7622=B_SPLINE_SURFACE_WITH_KNOTS('',8,6,((#7559,#7560,#7561,#7562,#7563,#7564,
#7565),(#7566,#7567,#7568,#7569,#7570,#7571,#7572),(#7573,#7574,#7575,#7576,
#7577,#7578,#7579),(#7580,#7581,#7582,#7583,#7584,#7585,#7586),(#7587,#7588,
#7589,#7590,#7591,#7592,#7593),(#7594,#7595,#7596,#7597,#7598,#7599,#7600),(
#7601,#7602,#7603,#7604,#7605,#7606,#7607),(#7608,#7609,#7610,#7611,#7612,#7613,
#7614),(#7615,#7616,#7617,#7618,#7619,#7620,#7621)),.UNSPECIFIED.,.F.,.F.,.F.,
(9,9),(7,7),(-3.834486827157E-1,3.525041336305E0),(-4.931065449608E-2,
1.637560273811E0),.UNSPECIFIED.);
#7623=ORIENTED_EDGE('',*,*,#7457,.F.);
#7624=ORIENTED_EDGE('',*,*,#7553,.F.);
#7626=ORIENTED_EDGE('',*,*,#7625,.T.);
#7627=ORIENTED_EDGE('',*,*,#7549,.T.);
#7628=EDGE_LOOP('',(#7623,#7624,#7626,#7627));
#7629=FACE_OUTER_BOUND('',#7628,.F.);
#7631=CARTESIAN_POINT('',(-1.692687991491E0,3.589659011830E1,
-3.730328005869E0));
#7632=CARTESIAN_POINT('',(-1.692687991491E0,3.589659011830E1,
-3.537233120332E0));
#7633=CARTESIAN_POINT('',(-1.885390689329E0,3.589659011830E1,
-3.730328005869E0));
#7634=CARTESIAN_POINT('',(-1.885390689329E0,3.589659011830E1,
-3.537233120332E0));
#7635=B_SPLINE_SURFACE_WITH_KNOTS('',1,1,((#7631,#7632),(#7633,#7634)),
.UNSPECIFIED.,.F.,.F.,.F.,(2,2),(2,2),(-9.635134891905E-2,9.635134891905E-2),(
-9.654744276869E-2,9.654744276869E-2),.UNSPECIFIED.);
#7636=ORIENTED_EDGE('',*,*,#7625,.F.);
#7637=ORIENTED_EDGE('',*,*,#7551,.F.);
#7638=EDGE_LOOP('',(#7636,#7637));
#7639=FACE_OUTER_BOUND('',#7638,.F.);
#7641=CARTESIAN_POINT('',(-3.448387511143E0,3.559571070013E1,
-3.748221104339E0));
#7642=CARTESIAN_POINT('',(-3.364920781416E0,3.080445049905E1,
-3.753472385867E0));
#7643=CARTESIAN_POINT('',(-3.432386400622E0,3.559571070013E1,
-3.493890735611E0));
#7644=CARTESIAN_POINT('',(-3.346060123733E0,3.080445049905E1,
-3.453690816550E0));
#7645=CARTESIAN_POINT('',(-3.582577793041E0,3.559571070013E1,
-3.229104420859E0));
#7646=CARTESIAN_POINT('',(-3.523092113827E0,3.080445049905E1,
-3.141584726481E0));
#7647=CARTESIAN_POINT('',(-3.915440611469E0,3.559571070013E1,
-3.087939037084E0));
#7648=CARTESIAN_POINT('',(-3.915440611469E0,3.080445049905E1,
-2.975191776662E0));
#7649=CARTESIAN_POINT('',(-4.248303429896E0,3.559571070013E1,
-3.229104420859E0));
#7650=CARTESIAN_POINT('',(-4.307789109111E0,3.080445049905E1,
-3.141584726481E0));
#7651=CARTESIAN_POINT('',(-4.398494822316E0,3.559571070013E1,
-3.493890735611E0));
#7652=CARTESIAN_POINT('',(-4.484821099205E0,3.080445049905E1,
-3.453690816550E0));
#7653=CARTESIAN_POINT('',(-4.382493711795E0,3.559571070013E1,
-3.748221104339E0));
#7654=CARTESIAN_POINT('',(-4.465960441522E0,3.080445049905E1,
-3.753472385867E0));
#7655=B_SPLINE_SURFACE_WITH_KNOTS('',6,1,((#7641,#7642),(#7643,#7644),(#7645,
#7646),(#7647,#7648),(#7649,#7650),(#7651,#7652),(#7653,#7654)),.UNSPECIFIED.,
.F.,.F.,.F.,(7,7),(2,2),(3.078760800518E0,6.346017160251E0),(2.681035831509E1,
3.160161851617E1),.UNSPECIFIED.);
#7657=ORIENTED_EDGE('',*,*,#7656,.F.);
#7658=ORIENTED_EDGE('',*,*,#6264,.T.);
#7660=ORIENTED_EDGE('',*,*,#7659,.T.);
#7662=ORIENTED_EDGE('',*,*,#7661,.T.);
#7663=EDGE_LOOP('',(#7657,#7658,#7660,#7662));
#7664=FACE_OUTER_BOUND('',#7663,.F.);
#7666=CARTESIAN_POINT('',(-4.382493711795E0,3.559571070013E1,
-3.689452123546E0));
#7667=CARTESIAN_POINT('',(-4.465960441522E0,3.080445049905E1,
-3.684200842018E0));
#7668=CARTESIAN_POINT('',(-4.398494822316E0,3.559571070013E1,
-3.943782492275E0));
#7669=CARTESIAN_POINT('',(-4.484821099205E0,3.080445049905E1,
-3.983982411335E0));
#7670=CARTESIAN_POINT('',(-4.248303429897E0,3.559571070013E1,
-4.208568807026E0));
#7671=CARTESIAN_POINT('',(-4.307789109111E0,3.080445049905E1,
-4.296088501404E0));
#7672=CARTESIAN_POINT('',(-3.915440611469E0,3.559571070013E1,
-4.349734190802E0));
#7673=CARTESIAN_POINT('',(-3.915440611469E0,3.080445049905E1,
-4.462481451224E0));
#7674=CARTESIAN_POINT('',(-3.582577793041E0,3.559571070013E1,
-4.208568807026E0));
#7675=CARTESIAN_POINT('',(-3.523092113827E0,3.080445049905E1,
-4.296088501404E0));
#7676=CARTESIAN_POINT('',(-3.432386400622E0,3.559571070013E1,
-3.943782492275E0));
#7677=CARTESIAN_POINT('',(-3.346060123733E0,3.080445049905E1,
-3.983982411335E0));
#7678=CARTESIAN_POINT('',(-3.448387511143E0,3.559571070013E1,
-3.689452123546E0));
#7679=CARTESIAN_POINT('',(-3.364920781416E0,3.080445049905E1,
-3.684200842018E0));
#7680=B_SPLINE_SURFACE_WITH_KNOTS('',6,1,((#7666,#7667),(#7668,#7669),(#7670,
#7671),(#7672,#7673),(#7674,#7675),(#7676,#7677),(#7678,#7679)),.UNSPECIFIED.,
.F.,.F.,.F.,(7,7),(2,2),(-6.283185307180E-2,3.204424506662E0),(2.681035831509E1,
3.160161851617E1),.UNSPECIFIED.);
#7682=ORIENTED_EDGE('',*,*,#7681,.T.);
#7683=ORIENTED_EDGE('',*,*,#7659,.F.);
#7684=ORIENTED_EDGE('',*,*,#6266,.T.);
#7685=ORIENTED_EDGE('',*,*,#7656,.T.);
#7686=EDGE_LOOP('',(#7682,#7683,#7684,#7685));
#7687=FACE_OUTER_BOUND('',#7686,.F.);
#7689=CARTESIAN_POINT('',(-3.480351451732E0,3.547687384892E1,
-3.543314204257E0));
#7690=CARTESIAN_POINT('',(-3.475210860885E0,3.558919521534E1,
-3.541240401974E0));
#7691=CARTESIAN_POINT('',(-3.505212710649E0,3.570338669194E1,
-3.553343661382E0));
#7692=CARTESIAN_POINT('',(-3.571132292150E0,3.580352513515E1,
-3.579936748182E0));
#7693=CARTESIAN_POINT('',(-3.665134985799E0,3.587284817935E1,
-3.617859042812E0));
#7694=CARTESIAN_POINT('',(-3.771541344780E0,3.590320153197E1,
-3.660785188215E0));
#7695=CARTESIAN_POINT('',(-3.875600345096E0,3.589569896447E1,
-3.702764368979E0));
#7696=CARTESIAN_POINT('',(-3.394598003435E0,3.547687384892E1,
-3.755881909034E0));
#7697=CARTESIAN_POINT('',(-3.388444233148E0,3.558919521534E1,
-3.756319600254E0));
#7698=CARTESIAN_POINT('',(-3.424520955263E0,3.570338669194E1,
-3.753364320347E0));
#7699=CARTESIAN_POINT('',(-3.503310658812E0,3.580352513515E1,
-3.748054639875E0));
#7700=CARTESIAN_POINT('',(-3.615586956365E0,3.587284817935E1,
-3.740679886782E0));
#7701=CARTESIAN_POINT('',(-3.743179667525E0,3.590320153197E1,
-3.731088794165E0));
#7702=CARTESIAN_POINT('',(-3.867748068968E0,3.589569896447E1,
-3.722228779413E0));
#7703=CARTESIAN_POINT('',(-3.427532948351E0,3.547687384892E1,
-4.016330541920E0));
#7704=CARTESIAN_POINT('',(-3.418240925393E0,3.558919521534E1,
-4.018422435749E0));
#7705=CARTESIAN_POINT('',(-3.451929454030E0,3.570338669194E1,
-3.996994471003E0));
#7706=CARTESIAN_POINT('',(-3.528788221198E0,3.580352513515E1,
-3.953811023102E0));
#7707=CARTESIAN_POINT('',(-3.638199071627E0,3.587284817935E1,
-3.892611367497E0));
#7708=CARTESIAN_POINT('',(-3.759501091339E0,3.590320153197E1,
-3.819418327437E0));
#7709=CARTESIAN_POINT('',(-3.870763857684E0,3.589569896447E1,
-3.746077553115E0));
#7710=CARTESIAN_POINT('',(-3.609949743036E0,3.547687384892E1,
-4.247265155410E0));
#7711=CARTESIAN_POINT('',(-3.612219326344E0,3.558919521534E1,
-4.257303234852E0));
#7712=CARTESIAN_POINT('',(-3.632976850747E0,3.570338669194E1,
-4.224377816470E0));
#7713=CARTESIAN_POINT('',(-3.674543199752E0,3.580352513515E1,
-4.138465577819E0));
#7714=CARTESIAN_POINT('',(-3.734251365465E0,3.587284817935E1,
-4.014409011721E0));
#7715=CARTESIAN_POINT('',(-3.805356250303E0,3.590320153197E1,
-3.887766432026E0));
#7716=CARTESIAN_POINT('',(-3.887467408045E0,3.589569896447E1,
-3.767223785583E0));
#7717=CARTESIAN_POINT('',(-3.915440611469E0,3.547687384892E1,
-4.347686770781E0));
#7718=CARTESIAN_POINT('',(-3.915440611469E0,3.558919521534E1,
-4.350183567867E0));
#7719=CARTESIAN_POINT('',(-3.915440611469E0,3.570338669194E1,
-4.302023349131E0));
#7720=CARTESIAN_POINT('',(-3.915440611469E0,3.580352513515E1,
-4.214528229056E0));
#7721=CARTESIAN_POINT('',(-3.915440611469E0,3.587284817935E1,
-4.091878962321E0));
#7722=CARTESIAN_POINT('',(-3.915440611469E0,3.590320153197E1,
-3.934411526441E0));
#7723=CARTESIAN_POINT('',(-3.915440611469E0,3.589569896447E1,
-3.776419197182E0));
#7724=CARTESIAN_POINT('',(-4.220931479902E0,3.547687384892E1,
-4.247265155410E0));
#7725=CARTESIAN_POINT('',(-4.218661896594E0,3.558919521534E1,
-4.257303234852E0));
#7726=CARTESIAN_POINT('',(-4.197904372191E0,3.570338669194E1,
-4.224377816470E0));
#7727=CARTESIAN_POINT('',(-4.156338023186E0,3.580352513515E1,
-4.138465577819E0));
#7728=CARTESIAN_POINT('',(-4.096629857473E0,3.587284817935E1,
-4.014409011721E0));
#7729=CARTESIAN_POINT('',(-4.025524972634E0,3.590320153197E1,
-3.887766432026E0));
#7730=CARTESIAN_POINT('',(-3.943413814893E0,3.589569896447E1,
-3.767223785583E0));
#7731=CARTESIAN_POINT('',(-4.403348274586E0,3.547687384892E1,
-4.016330541920E0));
#7732=CARTESIAN_POINT('',(-4.412640297545E0,3.558919521534E1,
-4.018422435749E0));
#7733=CARTESIAN_POINT('',(-4.378951768908E0,3.570338669194E1,
-3.996994471003E0));
#7734=CARTESIAN_POINT('',(-4.302093001740E0,3.580352513515E1,
-3.953811023102E0));
#7735=CARTESIAN_POINT('',(-4.192682151311E0,3.587284817935E1,
-3.892611367497E0));
#7736=CARTESIAN_POINT('',(-4.071380131599E0,3.590320153197E1,
-3.819418327437E0));
#7737=CARTESIAN_POINT('',(-3.960117365253E0,3.589569896447E1,
-3.746077553115E0));
#7738=CARTESIAN_POINT('',(-4.436283219503E0,3.547687384892E1,
-3.755881909034E0));
#7739=CARTESIAN_POINT('',(-4.442436989790E0,3.558919521534E1,
-3.756319600254E0));
#7740=CARTESIAN_POINT('',(-4.406360267675E0,3.570338669194E1,
-3.753364320347E0));
#7741=CARTESIAN_POINT('',(-4.327570564126E0,3.580352513515E1,
-3.748054639875E0));
#7742=CARTESIAN_POINT('',(-4.215294266573E0,3.587284817935E1,
-3.740679886782E0));
#7743=CARTESIAN_POINT('',(-4.087701555413E0,3.590320153197E1,
-3.731088794165E0));
#7744=CARTESIAN_POINT('',(-3.963133153970E0,3.589569896447E1,
-3.722228779413E0));
#7745=CARTESIAN_POINT('',(-4.350529771206E0,3.547687384892E1,
-3.543314204257E0));
#7746=CARTESIAN_POINT('',(-4.355670362053E0,3.558919521534E1,
-3.541240401974E0));
#7747=CARTESIAN_POINT('',(-4.325668512289E0,3.570338669194E1,
-3.553343661382E0));
#7748=CARTESIAN_POINT('',(-4.259748930788E0,3.580352513515E1,
-3.579936748182E0));
#7749=CARTESIAN_POINT('',(-4.165746237139E0,3.587284817935E1,
-3.617859042812E0));
#7750=CARTESIAN_POINT('',(-4.059339878158E0,3.590320153197E1,
-3.660785188215E0));
#7751=CARTESIAN_POINT('',(-3.955280877842E0,3.589569896447E1,
-3.702764368979E0));
#7752=B_SPLINE_SURFACE_WITH_KNOTS('',8,6,((#7689,#7690,#7691,#7692,#7693,#7694,
#7695),(#7696,#7697,#7698,#7699,#7700,#7701,#7702),(#7703,#7704,#7705,#7706,
#7707,#7708,#7709),(#7710,#7711,#7712,#7713,#7714,#7715,#7716),(#7717,#7718,
#7719,#7720,#7721,#7722,#7723),(#7724,#7725,#7726,#7727,#7728,#7729,#7730),(
#7731,#7732,#7733,#7734,#7735,#7736,#7737),(#7738,#7739,#7740,#7741,#7742,#7743,
#7744),(#7745,#7746,#7747,#7748,#7749,#7750,#7751)),.UNSPECIFIED.,.F.,.F.,.F.,
(9,9),(7,7),(2.758143970874E0,6.666633989895E0),(-4.931065449608E-2,
1.637560273811E0),.UNSPECIFIED.);
#7754=ORIENTED_EDGE('',*,*,#7753,.F.);
#7756=ORIENTED_EDGE('',*,*,#7755,.T.);
#7758=ORIENTED_EDGE('',*,*,#7757,.T.);
#7759=ORIENTED_EDGE('',*,*,#7681,.F.);
#7760=EDGE_LOOP('',(#7754,#7756,#7758,#7759));
#7761=FACE_OUTER_BOUND('',#7760,.F.);
#7763=CARTESIAN_POINT('',(-4.350529771206E0,3.547687384892E1,
-3.894359023628E0));
#7764=CARTESIAN_POINT('',(-4.355670362053E0,3.558919521534E1,
-3.896432825911E0));
#7765=CARTESIAN_POINT('',(-4.325668512289E0,3.570338669194E1,
-3.884329566504E0));
#7766=CARTESIAN_POINT('',(-4.259748930788E0,3.580352513515E1,
-3.857736479704E0));
#7767=CARTESIAN_POINT('',(-4.165746237139E0,3.587284817935E1,
-3.819814185073E0));
#7768=CARTESIAN_POINT('',(-4.059339878158E0,3.590320153197E1,
-3.776888039670E0));
#7769=CARTESIAN_POINT('',(-3.955280877842E0,3.589569896447E1,
-3.734908858906E0));
#7770=CARTESIAN_POINT('',(-4.436283219503E0,3.547687384892E1,
-3.681791318851E0));
#7771=CARTESIAN_POINT('',(-4.442436989790E0,3.558919521534E1,
-3.681353627632E0));
#7772=CARTESIAN_POINT('',(-4.406360267675E0,3.570338669194E1,
-3.684308907539E0));
#7773=CARTESIAN_POINT('',(-4.327570564126E0,3.580352513515E1,
-3.689618588010E0));
#7774=CARTESIAN_POINT('',(-4.215294266573E0,3.587284817935E1,
-3.696993341103E0));
#7775=CARTESIAN_POINT('',(-4.087701555413E0,3.590320153197E1,
-3.706584433720E0));
#7776=CARTESIAN_POINT('',(-3.963133153970E0,3.589569896447E1,
-3.715444448472E0));
#7777=CARTESIAN_POINT('',(-4.403348274586E0,3.547687384892E1,
-3.421342685965E0));
#7778=CARTESIAN_POINT('',(-4.412640297545E0,3.558919521534E1,
-3.419250792136E0));
#7779=CARTESIAN_POINT('',(-4.378951768908E0,3.570338669194E1,
-3.440678756882E0));
#7780=CARTESIAN_POINT('',(-4.302093001740E0,3.580352513515E1,
-3.483862204783E0));
#7781=CARTESIAN_POINT('',(-4.192682151311E0,3.587284817935E1,
-3.545061860389E0));
#7782=CARTESIAN_POINT('',(-4.071380131599E0,3.590320153197E1,
-3.618254900449E0));
#7783=CARTESIAN_POINT('',(-3.960117365253E0,3.589569896447E1,
-3.691595674770E0));
#7784=CARTESIAN_POINT('',(-4.220931479902E0,3.547687384892E1,
-3.190408072475E0));
#7785=CARTESIAN_POINT('',(-4.218661896594E0,3.558919521534E1,
-3.180369993033E0));
#7786=CARTESIAN_POINT('',(-4.197904372191E0,3.570338669194E1,
-3.213295411416E0));
#7787=CARTESIAN_POINT('',(-4.156338023186E0,3.580352513515E1,
-3.299207650066E0));
#7788=CARTESIAN_POINT('',(-4.096629857473E0,3.587284817935E1,
-3.423264216165E0));
#7789=CARTESIAN_POINT('',(-4.025524972634E0,3.590320153197E1,
-3.549906795859E0));
#7790=CARTESIAN_POINT('',(-3.943413814893E0,3.589569896447E1,
-3.670449442302E0));
#7791=CARTESIAN_POINT('',(-3.915440611469E0,3.547687384892E1,
-3.089986457104E0));
#7792=CARTESIAN_POINT('',(-3.915440611469E0,3.558919521534E1,
-3.087489660018E0));
#7793=CARTESIAN_POINT('',(-3.915440611469E0,3.570338669194E1,
-3.135649878755E0));
#7794=CARTESIAN_POINT('',(-3.915440611469E0,3.580352513515E1,
-3.223144998829E0));
#7795=CARTESIAN_POINT('',(-3.915440611469E0,3.587284817935E1,
-3.345794265564E0));
#7796=CARTESIAN_POINT('',(-3.915440611469E0,3.590320153197E1,
-3.503261701445E0));
#7797=CARTESIAN_POINT('',(-3.915440611469E0,3.589569896447E1,
-3.661254030704E0));
#7798=CARTESIAN_POINT('',(-3.609949743036E0,3.547687384892E1,
-3.190408072475E0));
#7799=CARTESIAN_POINT('',(-3.612219326344E0,3.558919521534E1,
-3.180369993033E0));
#7800=CARTESIAN_POINT('',(-3.632976850747E0,3.570338669194E1,
-3.213295411416E0));
#7801=CARTESIAN_POINT('',(-3.674543199752E0,3.580352513515E1,
-3.299207650066E0));
#7802=CARTESIAN_POINT('',(-3.734251365465E0,3.587284817935E1,
-3.423264216165E0));
#7803=CARTESIAN_POINT('',(-3.805356250303E0,3.590320153197E1,
-3.549906795859E0));
#7804=CARTESIAN_POINT('',(-3.887467408045E0,3.589569896447E1,
-3.670449442302E0));
#7805=CARTESIAN_POINT('',(-3.427532948351E0,3.547687384892E1,
-3.421342685965E0));
#7806=CARTESIAN_POINT('',(-3.418240925393E0,3.558919521534E1,
-3.419250792136E0));
#7807=CARTESIAN_POINT('',(-3.451929454030E0,3.570338669194E1,
-3.440678756882E0));
#7808=CARTESIAN_POINT('',(-3.528788221198E0,3.580352513515E1,
-3.483862204783E0));
#7809=CARTESIAN_POINT('',(-3.638199071627E0,3.587284817935E1,
-3.545061860389E0));
#7810=CARTESIAN_POINT('',(-3.759501091339E0,3.590320153197E1,
-3.618254900449E0));
#7811=CARTESIAN_POINT('',(-3.870763857684E0,3.589569896447E1,
-3.691595674770E0));
#7812=CARTESIAN_POINT('',(-3.394598003435E0,3.547687384892E1,
-3.681791318851E0));
#7813=CARTESIAN_POINT('',(-3.388444233148E0,3.558919521534E1,
-3.681353627632E0));
#7814=CARTESIAN_POINT('',(-3.424520955263E0,3.570338669194E1,
-3.684308907539E0));
#7815=CARTESIAN_POINT('',(-3.503310658812E0,3.580352513515E1,
-3.689618588010E0));
#7816=CARTESIAN_POINT('',(-3.615586956365E0,3.587284817935E1,
-3.696993341103E0));
#7817=CARTESIAN_POINT('',(-3.743179667525E0,3.590320153197E1,
-3.706584433720E0));
#7818=CARTESIAN_POINT('',(-3.867748068968E0,3.589569896447E1,
-3.715444448472E0));
#7819=CARTESIAN_POINT('',(-3.480351451732E0,3.547687384892E1,
-3.894359023628E0));
#7820=CARTESIAN_POINT('',(-3.475210860885E0,3.558919521534E1,
-3.896432825911E0));
#7821=CARTESIAN_POINT('',(-3.505212710649E0,3.570338669194E1,
-3.884329566504E0));
#7822=CARTESIAN_POINT('',(-3.571132292150E0,3.580352513515E1,
-3.857736479704E0));
#7823=CARTESIAN_POINT('',(-3.665134985799E0,3.587284817935E1,
-3.819814185073E0));
#7824=CARTESIAN_POINT('',(-3.771541344780E0,3.590320153197E1,
-3.776888039670E0));
#7825=CARTESIAN_POINT('',(-3.875600345096E0,3.589569896447E1,
-3.734908858906E0));
#7826=B_SPLINE_SURFACE_WITH_KNOTS('',8,6,((#7763,#7764,#7765,#7766,#7767,#7768,
#7769),(#7770,#7771,#7772,#7773,#7774,#7775,#7776),(#7777,#7778,#7779,#7780,
#7781,#7782,#7783),(#7784,#7785,#7786,#7787,#7788,#7789,#7790),(#7791,#7792,
#7793,#7794,#7795,#7796,#7797),(#7798,#7799,#7800,#7801,#7802,#7803,#7804),(
#7805,#7806,#7807,#7808,#7809,#7810,#7811),(#7812,#7813,#7814,#7815,#7816,#7817,
#7818),(#7819,#7820,#7821,#7822,#7823,#7824,#7825)),.UNSPECIFIED.,.F.,.F.,.F.,
(9,9),(7,7),(-3.834486827157E-1,3.525041336305E0),(-4.931065449608E-2,
1.637560273811E0),.UNSPECIFIED.);
#7827=ORIENTED_EDGE('',*,*,#7661,.F.);
#7828=ORIENTED_EDGE('',*,*,#7757,.F.);
#7830=ORIENTED_EDGE('',*,*,#7829,.T.);
#7831=ORIENTED_EDGE('',*,*,#7753,.T.);
#7832=EDGE_LOOP('',(#7827,#7828,#7830,#7831));
#7833=FACE_OUTER_BOUND('',#7832,.F.);
#7835=CARTESIAN_POINT('',(-3.819089262550E0,3.589659011830E1,
-3.815383762487E0));
#7836=CARTESIAN_POINT('',(-3.819089262550E0,3.589659011830E1,
-3.622289171174E0));
#7837=CARTESIAN_POINT('',(-4.011791960388E0,3.589659011830E1,
-3.815383762487E0));
#7838=CARTESIAN_POINT('',(-4.011791960388E0,3.589659011830E1,
-3.622289171174E0));
#7839=B_SPLINE_SURFACE_WITH_KNOTS('',1,1,((#7835,#7836),(#7837,#7838)),
.UNSPECIFIED.,.F.,.F.,.F.,(2,2),(2,2),(-9.635134891905E-2,9.635134891905E-2),(
-9.654714854448E-2,9.654744276869E-2),.UNSPECIFIED.);
#7840=ORIENTED_EDGE('',*,*,#7829,.F.);
#7841=ORIENTED_EDGE('',*,*,#7755,.F.);
#7842=EDGE_LOOP('',(#7840,#7841));
#7843=FACE_OUTER_BOUND('',#7842,.F.);
#7845=CARTESIAN_POINT('',(-4.235155981435E0,3.559571070013E1,
-1.217803591780E0));
#7846=CARTESIAN_POINT('',(-4.151689251707E0,3.080445049905E1,
-1.223054873307E0));
#7847=CARTESIAN_POINT('',(-4.219154870914E0,3.559571070013E1,
-9.634732230509E-1));
#7848=CARTESIAN_POINT('',(-4.132828594025E0,3.080445049905E1,
-9.232733039904E-1));
#7849=CARTESIAN_POINT('',(-4.369346263333E0,3.559571070013E1,
-6.986869082995E-1));
#7850=CARTESIAN_POINT('',(-4.309860584119E0,3.080445049905E1,
-6.111672139213E-1));
#7851=CARTESIAN_POINT('',(-4.702209081761E0,3.559571070013E1,
-5.575215245239E-1));
#7852=CARTESIAN_POINT('',(-4.702209081761E0,3.080445049905E1,
-4.447742641018E-1));
#7853=CARTESIAN_POINT('',(-5.035071900188E0,3.559571070013E1,
-6.986869082995E-1));
#7854=CARTESIAN_POINT('',(-5.094557579402E0,3.080445049905E1,
-6.111672139213E-1));
#7855=CARTESIAN_POINT('',(-5.185263292608E0,3.559571070013E1,
-9.634732230509E-1));
#7856=CARTESIAN_POINT('',(-5.271589569496E0,3.080445049905E1,
-9.232733039904E-1));
#7857=CARTESIAN_POINT('',(-5.169262182087E0,3.559571070013E1,
-1.217803591780E0));
#7858=CARTESIAN_POINT('',(-5.252728911814E0,3.080445049905E1,
-1.223054873307E0));
#7859=B_SPLINE_SURFACE_WITH_KNOTS('',6,1,((#7845,#7846),(#7847,#7848),(#7849,
#7850),(#7851,#7852),(#7853,#7854),(#7855,#7856),(#7857,#7858)),.UNSPECIFIED.,
.F.,.F.,.F.,(7,7),(2,2),(3.078760800518E0,6.346017160251E0),(2.681035831509E1,
3.160161851617E1),.UNSPECIFIED.);
#7861=ORIENTED_EDGE('',*,*,#7860,.F.);
#7862=ORIENTED_EDGE('',*,*,#6270,.T.);
#7864=ORIENTED_EDGE('',*,*,#7863,.T.);
#7866=ORIENTED_EDGE('',*,*,#7865,.T.);
#7867=EDGE_LOOP('',(#7861,#7862,#7864,#7866));
#7868=FACE_OUTER_BOUND('',#7867,.F.);
#7870=CARTESIAN_POINT('',(-5.169262182087E0,3.559571070013E1,
-1.159034610986E0));
#7871=CARTESIAN_POINT('',(-5.252728911814E0,3.080445049905E1,
-1.153783329459E0));
#7872=CARTESIAN_POINT('',(-5.185263292608E0,3.559571070013E1,
-1.413364979715E0));
#7873=CARTESIAN_POINT('',(-5.271589569496E0,3.080445049905E1,
-1.453564898775E0));
#7874=CARTESIAN_POINT('',(-5.035071900188E0,3.559571070013E1,
-1.678151294466E0));
#7875=CARTESIAN_POINT('',(-5.094557579402E0,3.080445049905E1,
-1.765670988845E0));
#7876=CARTESIAN_POINT('',(-4.702209081761E0,3.559571070013E1,
-1.819316678242E0));
#7877=CARTESIAN_POINT('',(-4.702209081761E0,3.080445049905E1,
-1.932063938664E0));
#7878=CARTESIAN_POINT('',(-4.369346263333E0,3.559571070013E1,
-1.678151294466E0));
#7879=CARTESIAN_POINT('',(-4.309860584119E0,3.080445049905E1,
-1.765670988845E0));
#7880=CARTESIAN_POINT('',(-4.219154870914E0,3.559571070013E1,
-1.413364979715E0));
#7881=CARTESIAN_POINT('',(-4.132828594025E0,3.080445049905E1,
-1.453564898775E0));
#7882=CARTESIAN_POINT('',(-4.235155981435E0,3.559571070013E1,
-1.159034610986E0));
#7883=CARTESIAN_POINT('',(-4.151689251707E0,3.080445049905E1,
-1.153783329459E0));
#7884=B_SPLINE_SURFACE_WITH_KNOTS('',6,1,((#7870,#7871),(#7872,#7873),(#7874,
#7875),(#7876,#7877),(#7878,#7879),(#7880,#7881),(#7882,#7883)),.UNSPECIFIED.,
.F.,.F.,.F.,(7,7),(2,2),(-6.283185307180E-2,3.204424506662E0),(2.681035831509E1,
3.160161851617E1),.UNSPECIFIED.);
#7886=ORIENTED_EDGE('',*,*,#7885,.T.);
#7887=ORIENTED_EDGE('',*,*,#7863,.F.);
#7888=ORIENTED_EDGE('',*,*,#6272,.T.);
#7889=ORIENTED_EDGE('',*,*,#7860,.T.);
#7890=EDGE_LOOP('',(#7886,#7887,#7888,#7889));
#7891=FACE_OUTER_BOUND('',#7890,.F.);
#7893=CARTESIAN_POINT('',(-4.267119922023E0,3.547687384892E1,
-1.012896691697E0));
#7894=CARTESIAN_POINT('',(-4.261979331176E0,3.558919521534E1,
-1.010822889414E0));
#7895=CARTESIAN_POINT('',(-4.291981180940E0,3.570338669194E1,
-1.022926148822E0));
#7896=CARTESIAN_POINT('',(-4.357900762442E0,3.580352513515E1,
-1.049519235622E0));
#7897=CARTESIAN_POINT('',(-4.451903456091E0,3.587284817935E1,
-1.087441530253E0));
#7898=CARTESIAN_POINT('',(-4.558309815072E0,3.590320153197E1,
-1.130367675656E0));
#7899=CARTESIAN_POINT('',(-4.662368815388E0,3.589569896447E1,
-1.172346856419E0));
#7900=CARTESIAN_POINT('',(-4.181366473727E0,3.547687384892E1,
-1.225464396474E0));
#7901=CARTESIAN_POINT('',(-4.175212703440E0,3.558919521534E1,
-1.225902087694E0));
#7902=CARTESIAN_POINT('',(-4.211289425555E0,3.570338669194E1,
-1.222946807787E0));
#7903=CARTESIAN_POINT('',(-4.290079129103E0,3.580352513515E1,
-1.217637127315E0));
#7904=CARTESIAN_POINT('',(-4.402355426657E0,3.587284817935E1,
-1.210262374223E0));
#7905=CARTESIAN_POINT('',(-4.529948137816E0,3.590320153197E1,
-1.200671281605E0));
#7906=CARTESIAN_POINT('',(-4.654516539260E0,3.589569896447E1,
-1.191811266854E0));
#7907=CARTESIAN_POINT('',(-4.214301418643E0,3.547687384892E1,
-1.485913029361E0));
#7908=CARTESIAN_POINT('',(-4.205009395685E0,3.558919521534E1,
-1.488004923190E0));
#7909=CARTESIAN_POINT('',(-4.238697924322E0,3.570338669194E1,
-1.466576958444E0));
#7910=CARTESIAN_POINT('',(-4.315556691489E0,3.580352513515E1,
-1.423393510543E0));
#7911=CARTESIAN_POINT('',(-4.424967541919E0,3.587284817935E1,
-1.362193854937E0));
#7912=CARTESIAN_POINT('',(-4.546269561631E0,3.590320153197E1,
-1.289000814877E0));
#7913=CARTESIAN_POINT('',(-4.657532327976E0,3.589569896447E1,
-1.215660040555E0));
#7914=CARTESIAN_POINT('',(-4.396718213327E0,3.547687384892E1,
-1.716847642850E0));
#7915=CARTESIAN_POINT('',(-4.398987796635E0,3.558919521534E1,
-1.726885722293E0));
#7916=CARTESIAN_POINT('',(-4.419745321039E0,3.570338669194E1,
-1.693960303910E0));
#7917=CARTESIAN_POINT('',(-4.461311670044E0,3.580352513515E1,
-1.608048065260E0));
#7918=CARTESIAN_POINT('',(-4.521019835756E0,3.587284817935E1,
-1.483991499161E0));
#7919=CARTESIAN_POINT('',(-4.592124720595E0,3.590320153197E1,
-1.357348919466E0));
#7920=CARTESIAN_POINT('',(-4.674235878337E0,3.589569896447E1,
-1.236806273023E0));
#7921=CARTESIAN_POINT('',(-4.702209081761E0,3.547687384892E1,
-1.817269258222E0));
#7922=CARTESIAN_POINT('',(-4.702209081761E0,3.558919521534E1,
-1.819766055307E0));
#7923=CARTESIAN_POINT('',(-4.702209081761E0,3.570338669194E1,
-1.771605836571E0));
#7924=CARTESIAN_POINT('',(-4.702209081761E0,3.580352513515E1,
-1.684110716496E0));
#7925=CARTESIAN_POINT('',(-4.702209081761E0,3.587284817935E1,
-1.561461449761E0));
#7926=CARTESIAN_POINT('',(-4.702209081761E0,3.590320153197E1,
-1.403994013881E0));
#7927=CARTESIAN_POINT('',(-4.702209081761E0,3.589569896447E1,
-1.246001684622E0));
#7928=CARTESIAN_POINT('',(-5.007699950194E0,3.547687384892E1,
-1.716847642850E0));
#7929=CARTESIAN_POINT('',(-5.005430366886E0,3.558919521534E1,
-1.726885722293E0));
#7930=CARTESIAN_POINT('',(-4.984672842482E0,3.570338669194E1,
-1.693960303910E0));
#7931=CARTESIAN_POINT('',(-4.943106493477E0,3.580352513515E1,
-1.608048065260E0));
#7932=CARTESIAN_POINT('',(-4.883398327765E0,3.587284817935E1,
-1.483991499161E0));
#7933=CARTESIAN_POINT('',(-4.812293442926E0,3.590320153197E1,
-1.357348919466E0));
#7934=CARTESIAN_POINT('',(-4.730182285184E0,3.589569896447E1,
-1.236806273023E0));
#7935=CARTESIAN_POINT('',(-5.190116744878E0,3.547687384892E1,
-1.485913029361E0));
#7936=CARTESIAN_POINT('',(-5.199408767836E0,3.558919521534E1,
-1.488004923190E0));
#7937=CARTESIAN_POINT('',(-5.165720239199E0,3.570338669194E1,
-1.466576958444E0));
#7938=CARTESIAN_POINT('',(-5.088861472032E0,3.580352513515E1,
-1.423393510543E0));
#7939=CARTESIAN_POINT('',(-4.979450621602E0,3.587284817935E1,
-1.362193854937E0));
#7940=CARTESIAN_POINT('',(-4.858148601891E0,3.590320153197E1,
-1.289000814877E0));
#7941=CARTESIAN_POINT('',(-4.746885835545E0,3.589569896447E1,
-1.215660040555E0));
#7942=CARTESIAN_POINT('',(-5.223051689794E0,3.547687384892E1,
-1.225464396474E0));
#7943=CARTESIAN_POINT('',(-5.229205460082E0,3.558919521534E1,
-1.225902087694E0));
#7944=CARTESIAN_POINT('',(-5.193128737967E0,3.570338669194E1,
-1.222946807787E0));
#7945=CARTESIAN_POINT('',(-5.114339034418E0,3.580352513515E1,
-1.217637127315E0));
#7946=CARTESIAN_POINT('',(-5.002062736865E0,3.587284817935E1,
-1.210262374223E0));
#7947=CARTESIAN_POINT('',(-4.874470025705E0,3.590320153197E1,
-1.200671281605E0));
#7948=CARTESIAN_POINT('',(-4.749901624261E0,3.589569896447E1,
-1.191811266854E0));
#7949=CARTESIAN_POINT('',(-5.137298241498E0,3.547687384892E1,
-1.012896691697E0));
#7950=CARTESIAN_POINT('',(-5.142438832345E0,3.558919521534E1,
-1.010822889414E0));
#7951=CARTESIAN_POINT('',(-5.112436982581E0,3.570338669194E1,
-1.022926148822E0));
#7952=CARTESIAN_POINT('',(-5.046517401079E0,3.580352513515E1,
-1.049519235622E0));
#7953=CARTESIAN_POINT('',(-4.952514707430E0,3.587284817935E1,
-1.087441530253E0));
#7954=CARTESIAN_POINT('',(-4.846108348449E0,3.590320153197E1,
-1.130367675656E0));
#7955=CARTESIAN_POINT('',(-4.742049348133E0,3.589569896447E1,
-1.172346856419E0));
#7956=B_SPLINE_SURFACE_WITH_KNOTS('',8,6,((#7893,#7894,#7895,#7896,#7897,#7898,
#7899),(#7900,#7901,#7902,#7903,#7904,#7905,#7906),(#7907,#7908,#7909,#7910,
#7911,#7912,#7913),(#7914,#7915,#7916,#7917,#7918,#7919,#7920),(#7921,#7922,
#7923,#7924,#7925,#7926,#7927),(#7928,#7929,#7930,#7931,#7932,#7933,#7934),(
#7935,#7936,#7937,#7938,#7939,#7940,#7941),(#7942,#7943,#7944,#7945,#7946,#7947,
#7948),(#7949,#7950,#7951,#7952,#7953,#7954,#7955)),.UNSPECIFIED.,.F.,.F.,.F.,
(9,9),(7,7),(2.758143970874E0,6.666633989895E0),(-4.931065449608E-2,
1.637560273811E0),.UNSPECIFIED.);
#7958=ORIENTED_EDGE('',*,*,#7957,.F.);
#7960=ORIENTED_EDGE('',*,*,#7959,.T.);
#7962=ORIENTED_EDGE('',*,*,#7961,.T.);
#7963=ORIENTED_EDGE('',*,*,#7885,.F.);
#7964=EDGE_LOOP('',(#7958,#7960,#7962,#7963));
#7965=FACE_OUTER_BOUND('',#7964,.F.);
#7967=CARTESIAN_POINT('',(-5.137298241498E0,3.547687384892E1,
-1.363941511069E0));
#7968=CARTESIAN_POINT('',(-5.142438832345E0,3.558919521534E1,
-1.366015313351E0));
#7969=CARTESIAN_POINT('',(-5.112436982581E0,3.570338669194E1,
-1.353912053944E0));
#7970=CARTESIAN_POINT('',(-5.046517401079E0,3.580352513515E1,
-1.327318967144E0));
#7971=CARTESIAN_POINT('',(-4.952514707430E0,3.587284817935E1,
-1.289396672513E0));
#7972=CARTESIAN_POINT('',(-4.846108348449E0,3.590320153197E1,
-1.246470527110E0));
#7973=CARTESIAN_POINT('',(-4.742049348133E0,3.589569896447E1,
-1.204491346346E0));
#7974=CARTESIAN_POINT('',(-5.223051689794E0,3.547687384892E1,
-1.151373806291E0));
#7975=CARTESIAN_POINT('',(-5.229205460082E0,3.558919521534E1,
-1.150936115072E0));
#7976=CARTESIAN_POINT('',(-5.193128737967E0,3.570338669194E1,
-1.153891394979E0));
#7977=CARTESIAN_POINT('',(-5.114339034418E0,3.580352513515E1,
-1.159201075451E0));
#7978=CARTESIAN_POINT('',(-5.002062736865E0,3.587284817935E1,
-1.166575828543E0));
#7979=CARTESIAN_POINT('',(-4.874470025705E0,3.590320153197E1,
-1.176166921161E0));
#7980=CARTESIAN_POINT('',(-4.749901624261E0,3.589569896447E1,
-1.185026935912E0));
#7981=CARTESIAN_POINT('',(-5.190116744878E0,3.547687384892E1,
-8.909251734053E-1));
#7982=CARTESIAN_POINT('',(-5.199408767836E0,3.558919521534E1,
-8.888332795763E-1));
#7983=CARTESIAN_POINT('',(-5.165720239199E0,3.570338669194E1,
-9.102612443223E-1));
#7984=CARTESIAN_POINT('',(-5.088861472032E0,3.580352513515E1,
-9.534446922234E-1));
#7985=CARTESIAN_POINT('',(-4.979450621602E0,3.587284817935E1,
-1.014644347829E0));
#7986=CARTESIAN_POINT('',(-4.858148601891E0,3.590320153197E1,
-1.087837387889E0));
#7987=CARTESIAN_POINT('',(-4.746885835545E0,3.589569896447E1,
-1.161178162211E0));
#7988=CARTESIAN_POINT('',(-5.007699950194E0,3.547687384892E1,
-6.599905599158E-1));
#7989=CARTESIAN_POINT('',(-5.005430366886E0,3.558919521534E1,
-6.499524804733E-1));
#7990=CARTESIAN_POINT('',(-4.984672842482E0,3.570338669194E1,
-6.828778988561E-1));
#7991=CARTESIAN_POINT('',(-4.943106493477E0,3.580352513515E1,
-7.687901375061E-1));
#7992=CARTESIAN_POINT('',(-4.883398327765E0,3.587284817935E1,
-8.928467036050E-1));
#7993=CARTESIAN_POINT('',(-4.812293442926E0,3.590320153197E1,
-1.019489283300E0));
#7994=CARTESIAN_POINT('',(-4.730182285184E0,3.589569896447E1,
-1.140031929743E0));
#7995=CARTESIAN_POINT('',(-4.702209081761E0,3.547687384892E1,
-5.595689445444E-1));
#7996=CARTESIAN_POINT('',(-4.702209081761E0,3.558919521534E1,
-5.570721474587E-1));
#7997=CARTESIAN_POINT('',(-4.702209081761E0,3.570338669194E1,
-6.052323661949E-1));
#7998=CARTESIAN_POINT('',(-4.702209081761E0,3.580352513515E1,
-6.927274862694E-1));
#7999=CARTESIAN_POINT('',(-4.702209081761E0,3.587284817935E1,
-8.153767530045E-1));
#8000=CARTESIAN_POINT('',(-4.702209081761E0,3.590320153197E1,
-9.728441888849E-1));
#8001=CARTESIAN_POINT('',(-4.702209081761E0,3.589569896447E1,
-1.130836518144E0));
#8002=CARTESIAN_POINT('',(-4.396718213327E0,3.547687384892E1,
-6.599905599158E-1));
#8003=CARTESIAN_POINT('',(-4.398987796635E0,3.558919521534E1,
-6.499524804733E-1));
#8004=CARTESIAN_POINT('',(-4.419745321039E0,3.570338669194E1,
-6.828778988561E-1));
#8005=CARTESIAN_POINT('',(-4.461311670044E0,3.580352513515E1,
-7.687901375061E-1));
#8006=CARTESIAN_POINT('',(-4.521019835756E0,3.587284817935E1,
-8.928467036050E-1));
#8007=CARTESIAN_POINT('',(-4.592124720595E0,3.590320153197E1,
-1.019489283300E0));
#8008=CARTESIAN_POINT('',(-4.674235878337E0,3.589569896447E1,
-1.140031929743E0));
#8009=CARTESIAN_POINT('',(-4.214301418643E0,3.547687384892E1,
-8.909251734053E-1));
#8010=CARTESIAN_POINT('',(-4.205009395685E0,3.558919521534E1,
-8.888332795763E-1));
#8011=CARTESIAN_POINT('',(-4.238697924322E0,3.570338669194E1,
-9.102612443223E-1));
#8012=CARTESIAN_POINT('',(-4.315556691489E0,3.580352513515E1,
-9.534446922234E-1));
#8013=CARTESIAN_POINT('',(-4.424967541919E0,3.587284817935E1,
-1.014644347829E0));
#8014=CARTESIAN_POINT('',(-4.546269561631E0,3.590320153197E1,
-1.087837387889E0));
#8015=CARTESIAN_POINT('',(-4.657532327976E0,3.589569896447E1,
-1.161178162211E0));
#8016=CARTESIAN_POINT('',(-4.181366473727E0,3.547687384892E1,
-1.151373806291E0));
#8017=CARTESIAN_POINT('',(-4.175212703440E0,3.558919521534E1,
-1.150936115072E0));
#8018=CARTESIAN_POINT('',(-4.211289425555E0,3.570338669194E1,
-1.153891394979E0));
#8019=CARTESIAN_POINT('',(-4.290079129103E0,3.580352513515E1,
-1.159201075451E0));
#8020=CARTESIAN_POINT('',(-4.402355426657E0,3.587284817935E1,
-1.166575828543E0));
#8021=CARTESIAN_POINT('',(-4.529948137816E0,3.590320153197E1,
-1.176166921161E0));
#8022=CARTESIAN_POINT('',(-4.654516539260E0,3.589569896447E1,
-1.185026935912E0));
#8023=CARTESIAN_POINT('',(-4.267119922023E0,3.547687384892E1,
-1.363941511069E0));
#8024=CARTESIAN_POINT('',(-4.261979331176E0,3.558919521534E1,
-1.366015313351E0));
#8025=CARTESIAN_POINT('',(-4.291981180940E0,3.570338669194E1,
-1.353912053944E0));
#8026=CARTESIAN_POINT('',(-4.357900762442E0,3.580352513515E1,
-1.327318967144E0));
#8027=CARTESIAN_POINT('',(-4.451903456091E0,3.587284817935E1,
-1.289396672513E0));
#8028=CARTESIAN_POINT('',(-4.558309815072E0,3.590320153197E1,
-1.246470527110E0));
#8029=CARTESIAN_POINT('',(-4.662368815388E0,3.589569896447E1,
-1.204491346346E0));
#8030=B_SPLINE_SURFACE_WITH_KNOTS('',8,6,((#7967,#7968,#7969,#7970,#7971,#7972,
#7973),(#7974,#7975,#7976,#7977,#7978,#7979,#7980),(#7981,#7982,#7983,#7984,
#7985,#7986,#7987),(#7988,#7989,#7990,#7991,#7992,#7993,#7994),(#7995,#7996,
#7997,#7998,#7999,#8000,#8001),(#8002,#8003,#8004,#8005,#8006,#8007,#8008),(
#8009,#8010,#8011,#8012,#8013,#8014,#8015),(#8016,#8017,#8018,#8019,#8020,#8021,
#8022),(#8023,#8024,#8025,#8026,#8027,#8028,#8029)),.UNSPECIFIED.,.F.,.F.,.F.,
(9,9),(7,7),(-3.834486827157E-1,3.525041336305E0),(-4.931065449608E-2,
1.637560273811E0),.UNSPECIFIED.);
#8031=ORIENTED_EDGE('',*,*,#7865,.F.);
#8032=ORIENTED_EDGE('',*,*,#7961,.F.);
#8034=ORIENTED_EDGE('',*,*,#8033,.T.);
#8035=ORIENTED_EDGE('',*,*,#7957,.T.);
#8036=EDGE_LOOP('',(#8031,#8032,#8034,#8035));
#8037=FACE_OUTER_BOUND('',#8036,.F.);
#8039=CARTESIAN_POINT('',(-4.605857732842E0,3.589659011830E1,
-1.284966544152E0));
#8040=CARTESIAN_POINT('',(-4.605857732842E0,3.589659011830E1,
-1.091871658614E0));
#8041=CARTESIAN_POINT('',(-4.798560430680E0,3.589659011830E1,
-1.284966544152E0));
#8042=CARTESIAN_POINT('',(-4.798560430680E0,3.589659011830E1,
-1.091871658614E0));
#8043=B_SPLINE_SURFACE_WITH_KNOTS('',1,1,((#8039,#8040),(#8041,#8042)),
.UNSPECIFIED.,.F.,.F.,.F.,(2,2),(2,2),(-9.635134891905E-2,9.635134891905E-2),(
-9.654744276869E-2,9.654744276869E-2),.UNSPECIFIED.);
#8044=ORIENTED_EDGE('',*,*,#8033,.F.);
#8045=ORIENTED_EDGE('',*,*,#7959,.F.);
#8046=EDGE_LOOP('',(#8044,#8045));
#8047=FACE_OUTER_BOUND('',#8046,.F.);
#8049=CARTESIAN_POINT('',(-5.064452477148E0,3.559571070013E1,1.248821882648E0));
#8050=CARTESIAN_POINT('',(-4.980985747420E0,3.080445049905E1,1.243570601121E0));
#8051=CARTESIAN_POINT('',(-5.048451366626E0,3.559571070013E1,1.503152251377E0));
#8052=CARTESIAN_POINT('',(-4.962125089738E0,3.080445049905E1,1.543352170438E0));
#8053=CARTESIAN_POINT('',(-5.198642759046E0,3.559571070013E1,1.767938566128E0));
#8054=CARTESIAN_POINT('',(-5.139157079832E0,3.080445049905E1,1.855458260507E0));
#8055=CARTESIAN_POINT('',(-5.531505577473E0,3.559571070013E1,1.909103949904E0));
#8056=CARTESIAN_POINT('',(-5.531505577473E0,3.080445049905E1,2.021851210326E0));
#8057=CARTESIAN_POINT('',(-5.864368395901E0,3.559571070013E1,1.767938566128E0));
#8058=CARTESIAN_POINT('',(-5.923854075115E0,3.080445049905E1,1.855458260507E0));
#8059=CARTESIAN_POINT('',(-6.014559788320E0,3.559571070013E1,1.503152251377E0));
#8060=CARTESIAN_POINT('',(-6.100886065209E0,3.080445049905E1,1.543352170438E0));
#8061=CARTESIAN_POINT('',(-5.998558677799E0,3.559571070013E1,1.248821882648E0));
#8062=CARTESIAN_POINT('',(-6.082025407527E0,3.080445049905E1,1.243570601121E0));
#8063=B_SPLINE_SURFACE_WITH_KNOTS('',6,1,((#8049,#8050),(#8051,#8052),(#8053,
#8054),(#8055,#8056),(#8057,#8058),(#8059,#8060),(#8061,#8062)),.UNSPECIFIED.,
.F.,.F.,.F.,(7,7),(2,2),(3.078760800518E0,6.346017160251E0),(2.681035831509E1,
3.160161851617E1),.UNSPECIFIED.);
#8065=ORIENTED_EDGE('',*,*,#8064,.F.);
#8066=ORIENTED_EDGE('',*,*,#6276,.T.);
#8068=ORIENTED_EDGE('',*,*,#8067,.T.);
#8070=ORIENTED_EDGE('',*,*,#8069,.T.);
#8071=EDGE_LOOP('',(#8065,#8066,#8068,#8070));
#8072=FACE_OUTER_BOUND('',#8071,.F.);
#8074=CARTESIAN_POINT('',(-5.998558677799E0,3.559571070013E1,1.307590863442E0));
#8075=CARTESIAN_POINT('',(-6.082025407527E0,3.080445049905E1,1.312842144969E0));
#8076=CARTESIAN_POINT('',(-6.014559788320E0,3.559571070013E1,1.053260494713E0));
#8077=CARTESIAN_POINT('',(-6.100886065209E0,3.080445049905E1,1.013060575652E0));
#8078=CARTESIAN_POINT('',(-5.864368395901E0,3.559571070013E1,
7.884741799615E-1));
#8079=CARTESIAN_POINT('',(-5.923854075115E0,3.080445049905E1,
7.009544855833E-1));
#8080=CARTESIAN_POINT('',(-5.531505577473E0,3.559571070013E1,
6.473087961859E-1));
#8081=CARTESIAN_POINT('',(-5.531505577473E0,3.080445049905E1,
5.345615357638E-1));
#8082=CARTESIAN_POINT('',(-5.198642759046E0,3.559571070013E1,
7.884741799615E-1));
#8083=CARTESIAN_POINT('',(-5.139157079832E0,3.080445049905E1,
7.009544855833E-1));
#8084=CARTESIAN_POINT('',(-5.048451366626E0,3.559571070013E1,1.053260494713E0));
#8085=CARTESIAN_POINT('',(-4.962125089738E0,3.080445049905E1,1.013060575652E0));
#8086=CARTESIAN_POINT('',(-5.064452477148E0,3.559571070013E1,1.307590863442E0));
#8087=CARTESIAN_POINT('',(-4.980985747420E0,3.080445049905E1,1.312842144969E0));
#8088=B_SPLINE_SURFACE_WITH_KNOTS('',6,1,((#8074,#8075),(#8076,#8077),(#8078,
#8079),(#8080,#8081),(#8082,#8083),(#8084,#8085),(#8086,#8087)),.UNSPECIFIED.,
.F.,.F.,.F.,(7,7),(2,2),(-6.283185307180E-2,3.204424506662E0),(2.681035831509E1,
3.160161851617E1),.UNSPECIFIED.);
#8090=ORIENTED_EDGE('',*,*,#8089,.T.);
#8091=ORIENTED_EDGE('',*,*,#8067,.F.);
#8092=ORIENTED_EDGE('',*,*,#6278,.T.);
#8093=ORIENTED_EDGE('',*,*,#8064,.T.);
#8094=EDGE_LOOP('',(#8090,#8091,#8092,#8093));
#8095=FACE_OUTER_BOUND('',#8094,.F.);
#8097=CARTESIAN_POINT('',(-5.096416417736E0,3.547687384892E1,1.453728782731E0));
#8098=CARTESIAN_POINT('',(-5.091275826889E0,3.558919521534E1,1.455802585013E0));
#8099=CARTESIAN_POINT('',(-5.121277676653E0,3.570338669194E1,1.443699325606E0));
#8100=CARTESIAN_POINT('',(-5.187197258155E0,3.580352513515E1,1.417106238806E0));
#8101=CARTESIAN_POINT('',(-5.281199951804E0,3.587284817935E1,1.379183944175E0));
#8102=CARTESIAN_POINT('',(-5.387606310785E0,3.590320153197E1,1.336257798772E0));
#8103=CARTESIAN_POINT('',(-5.491665311101E0,3.589569896447E1,1.294278618009E0));
#8104=CARTESIAN_POINT('',(-5.010662969440E0,3.547687384892E1,1.241161077954E0));
#8105=CARTESIAN_POINT('',(-5.004509199152E0,3.558919521534E1,1.240723386734E0));
#8106=CARTESIAN_POINT('',(-5.040585921267E0,3.570338669194E1,1.243678666641E0));
#8107=CARTESIAN_POINT('',(-5.119375624816E0,3.580352513515E1,1.248988347113E0));
#8108=CARTESIAN_POINT('',(-5.231651922369E0,3.587284817935E1,1.256363100205E0));
#8109=CARTESIAN_POINT('',(-5.359244633529E0,3.590320153197E1,1.265954192823E0));
#8110=CARTESIAN_POINT('',(-5.483813034973E0,3.589569896447E1,1.274814207574E0));
#8111=CARTESIAN_POINT('',(-5.043597914356E0,3.547687384892E1,
9.807124450673E-1));
#8112=CARTESIAN_POINT('',(-5.034305891398E0,3.558919521534E1,
9.786205512384E-1));
#8113=CARTESIAN_POINT('',(-5.067994420035E0,3.570338669194E1,1.000048515984E0));
#8114=CARTESIAN_POINT('',(-5.144853187202E0,3.580352513515E1,1.043231963885E0));
#8115=CARTESIAN_POINT('',(-5.254264037632E0,3.587284817935E1,1.104431619491E0));
#8116=CARTESIAN_POINT('',(-5.375566057344E0,3.590320153197E1,1.177624659551E0));
#8117=CARTESIAN_POINT('',(-5.486828823689E0,3.589569896447E1,1.250965433873E0));
#8118=CARTESIAN_POINT('',(-5.226014709040E0,3.547687384892E1,
7.497778315778E-1));
#8119=CARTESIAN_POINT('',(-5.228284292348E0,3.558919521534E1,
7.397397521354E-1));
#8120=CARTESIAN_POINT('',(-5.249041816752E0,3.570338669194E1,
7.726651705181E-1));
#8121=CARTESIAN_POINT('',(-5.290608165757E0,3.580352513515E1,
8.585774091682E-1));
#8122=CARTESIAN_POINT('',(-5.350316331469E0,3.587284817935E1,
9.826339752671E-1));
#8123=CARTESIAN_POINT('',(-5.421421216308E0,3.590320153197E1,1.109276554962E0));
#8124=CARTESIAN_POINT('',(-5.503532374050E0,3.589569896447E1,1.229819201405E0));
#8125=CARTESIAN_POINT('',(-5.531505577473E0,3.547687384892E1,
6.493562162064E-1));
#8126=CARTESIAN_POINT('',(-5.531505577473E0,3.558919521534E1,
6.468594191207E-1));
#8127=CARTESIAN_POINT('',(-5.531505577473E0,3.570338669194E1,
6.950196378569E-1));
#8128=CARTESIAN_POINT('',(-5.531505577474E0,3.580352513515E1,
7.825147579315E-1));
#8129=CARTESIAN_POINT('',(-5.531505577473E0,3.587284817935E1,
9.051640246665E-1));
#8130=CARTESIAN_POINT('',(-5.531505577473E0,3.590320153197E1,1.062631460547E0));
#8131=CARTESIAN_POINT('',(-5.531505577473E0,3.589569896447E1,1.220623789806E0));
#8132=CARTESIAN_POINT('',(-5.836996445907E0,3.547687384892E1,
7.497778315778E-1));
#8133=CARTESIAN_POINT('',(-5.834726862599E0,3.558919521534E1,
7.397397521354E-1));
#8134=CARTESIAN_POINT('',(-5.813969338195E0,3.570338669194E1,
7.726651705181E-1));
#8135=CARTESIAN_POINT('',(-5.772402989190E0,3.580352513515E1,
8.585774091682E-1));
#8136=CARTESIAN_POINT('',(-5.712694823478E0,3.587284817935E1,
9.826339752671E-1));
#8137=CARTESIAN_POINT('',(-5.641589938639E0,3.590320153197E1,1.109276554962E0));
#8138=CARTESIAN_POINT('',(-5.559478780897E0,3.589569896447E1,1.229819201405E0));
#8139=CARTESIAN_POINT('',(-6.019413240591E0,3.547687384892E1,
9.807124450673E-1));
#8140=CARTESIAN_POINT('',(-6.028705263549E0,3.558919521534E1,
9.786205512384E-1));
#8141=CARTESIAN_POINT('',(-5.995016734912E0,3.570338669194E1,1.000048515984E0));
#8142=CARTESIAN_POINT('',(-5.918157967745E0,3.580352513515E1,1.043231963885E0));
#8143=CARTESIAN_POINT('',(-5.808747117315E0,3.587284817935E1,1.104431619491E0));
#8144=CARTESIAN_POINT('',(-5.687445097603E0,3.590320153197E1,1.177624659551E0));
#8145=CARTESIAN_POINT('',(-5.576182331258E0,3.589569896447E1,1.250965433873E0));
#8146=CARTESIAN_POINT('',(-6.052348185507E0,3.547687384892E1,1.241161077954E0));
#8147=CARTESIAN_POINT('',(-6.058501955795E0,3.558919521534E1,1.240723386734E0));
#8148=CARTESIAN_POINT('',(-6.022425233679E0,3.570338669194E1,1.243678666641E0));
#8149=CARTESIAN_POINT('',(-5.943635530131E0,3.580352513515E1,1.248988347113E0));
#8150=CARTESIAN_POINT('',(-5.831359232578E0,3.587284817935E1,1.256363100205E0));
#8151=CARTESIAN_POINT('',(-5.703766521418E0,3.590320153197E1,1.265954192823E0));
#8152=CARTESIAN_POINT('',(-5.579198119974E0,3.589569896447E1,1.274814207574E0));
#8153=CARTESIAN_POINT('',(-5.966594737211E0,3.547687384892E1,1.453728782731E0));
#8154=CARTESIAN_POINT('',(-5.971735328058E0,3.558919521534E1,1.455802585013E0));
#8155=CARTESIAN_POINT('',(-5.941733478294E0,3.570338669194E1,1.443699325606E0));
#8156=CARTESIAN_POINT('',(-5.875813896792E0,3.580352513515E1,1.417106238806E0));
#8157=CARTESIAN_POINT('',(-5.781811203143E0,3.587284817935E1,1.379183944175E0));
#8158=CARTESIAN_POINT('',(-5.675404844162E0,3.590320153197E1,1.336257798772E0));
#8159=CARTESIAN_POINT('',(-5.571345843846E0,3.589569896447E1,1.294278618009E0));
#8160=B_SPLINE_SURFACE_WITH_KNOTS('',8,6,((#8097,#8098,#8099,#8100,#8101,#8102,
#8103),(#8104,#8105,#8106,#8107,#8108,#8109,#8110),(#8111,#8112,#8113,#8114,
#8115,#8116,#8117),(#8118,#8119,#8120,#8121,#8122,#8123,#8124),(#8125,#8126,
#8127,#8128,#8129,#8130,#8131),(#8132,#8133,#8134,#8135,#8136,#8137,#8138),(
#8139,#8140,#8141,#8142,#8143,#8144,#8145),(#8146,#8147,#8148,#8149,#8150,#8151,
#8152),(#8153,#8154,#8155,#8156,#8157,#8158,#8159)),.UNSPECIFIED.,.F.,.F.,.F.,
(9,9),(7,7),(2.758143970874E0,6.666633989895E0),(-4.931065449608E-2,
1.637560273811E0),.UNSPECIFIED.);
#8162=ORIENTED_EDGE('',*,*,#8161,.F.);
#8164=ORIENTED_EDGE('',*,*,#8163,.T.);
#8166=ORIENTED_EDGE('',*,*,#8165,.T.);
#8167=ORIENTED_EDGE('',*,*,#8089,.F.);
#8168=EDGE_LOOP('',(#8162,#8164,#8166,#8167));
#8169=FACE_OUTER_BOUND('',#8168,.F.);
#8171=CARTESIAN_POINT('',(-5.966594737211E0,3.547687384892E1,1.102683963359E0));
#8172=CARTESIAN_POINT('',(-5.971735328058E0,3.558919521534E1,1.100610161077E0));
#8173=CARTESIAN_POINT('',(-5.941733478294E0,3.570338669194E1,1.112713420484E0));
#8174=CARTESIAN_POINT('',(-5.875813896792E0,3.580352513515E1,1.139306507284E0));
#8175=CARTESIAN_POINT('',(-5.781811203143E0,3.587284817935E1,1.177228801915E0));
#8176=CARTESIAN_POINT('',(-5.675404844162E0,3.590320153197E1,1.220154947318E0));
#8177=CARTESIAN_POINT('',(-5.571345843846E0,3.589569896447E1,1.262134128082E0));
#8178=CARTESIAN_POINT('',(-6.052348185507E0,3.547687384892E1,1.315251668136E0));
#8179=CARTESIAN_POINT('',(-6.058501955795E0,3.558919521534E1,1.315689359356E0));
#8180=CARTESIAN_POINT('',(-6.022425233679E0,3.570338669194E1,1.312734079449E0));
#8181=CARTESIAN_POINT('',(-5.943635530131E0,3.580352513515E1,1.307424398977E0));
#8182=CARTESIAN_POINT('',(-5.831359232578E0,3.587284817935E1,1.300049645885E0));
#8183=CARTESIAN_POINT('',(-5.703766521418E0,3.590320153197E1,1.290458553267E0));
#8184=CARTESIAN_POINT('',(-5.579198119974E0,3.589569896447E1,1.281598538516E0));
#8185=CARTESIAN_POINT('',(-6.019413240591E0,3.547687384892E1,1.575700301023E0));
#8186=CARTESIAN_POINT('',(-6.028705263549E0,3.558919521534E1,1.577792194852E0));
#8187=CARTESIAN_POINT('',(-5.995016734912E0,3.570338669194E1,1.556364230106E0));
#8188=CARTESIAN_POINT('',(-5.918157967745E0,3.580352513515E1,1.513180782205E0));
#8189=CARTESIAN_POINT('',(-5.808747117315E0,3.587284817935E1,1.451981126599E0));
#8190=CARTESIAN_POINT('',(-5.687445097603E0,3.590320153197E1,1.378788086539E0));
#8191=CARTESIAN_POINT('',(-5.576182331258E0,3.589569896447E1,1.305447312217E0));
#8192=CARTESIAN_POINT('',(-5.836996445907E0,3.547687384892E1,1.806634914512E0));
#8193=CARTESIAN_POINT('',(-5.834726862599E0,3.558919521534E1,1.816672993955E0));
#8194=CARTESIAN_POINT('',(-5.813969338195E0,3.570338669194E1,1.783747575572E0));
#8195=CARTESIAN_POINT('',(-5.772402989190E0,3.580352513515E1,1.697835336922E0));
#8196=CARTESIAN_POINT('',(-5.712694823478E0,3.587284817935E1,1.573778770823E0));
#8197=CARTESIAN_POINT('',(-5.641589938639E0,3.590320153197E1,1.447136191128E0));
#8198=CARTESIAN_POINT('',(-5.559478780897E0,3.589569896447E1,1.326593544685E0));
#8199=CARTESIAN_POINT('',(-5.531505577473E0,3.547687384892E1,1.907056529884E0));
#8200=CARTESIAN_POINT('',(-5.531505577473E0,3.558919521534E1,1.909553326969E0));
#8201=CARTESIAN_POINT('',(-5.531505577473E0,3.570338669194E1,1.861393108233E0));
#8202=CARTESIAN_POINT('',(-5.531505577473E0,3.580352513515E1,1.773897988159E0));
#8203=CARTESIAN_POINT('',(-5.531505577473E0,3.587284817935E1,1.651248721423E0));
#8204=CARTESIAN_POINT('',(-5.531505577473E0,3.590320153197E1,1.493781285543E0));
#8205=CARTESIAN_POINT('',(-5.531505577473E0,3.589569896447E1,1.335788956284E0));
#8206=CARTESIAN_POINT('',(-5.226014709040E0,3.547687384892E1,1.806634914512E0));
#8207=CARTESIAN_POINT('',(-5.228284292348E0,3.558919521534E1,1.816672993955E0));
#8208=CARTESIAN_POINT('',(-5.249041816752E0,3.570338669194E1,1.783747575572E0));
#8209=CARTESIAN_POINT('',(-5.290608165757E0,3.580352513515E1,1.697835336922E0));
#8210=CARTESIAN_POINT('',(-5.350316331469E0,3.587284817935E1,1.573778770823E0));
#8211=CARTESIAN_POINT('',(-5.421421216308E0,3.590320153197E1,1.447136191128E0));
#8212=CARTESIAN_POINT('',(-5.503532374050E0,3.589569896447E1,1.326593544685E0));
#8213=CARTESIAN_POINT('',(-5.043597914356E0,3.547687384892E1,1.575700301023E0));
#8214=CARTESIAN_POINT('',(-5.034305891398E0,3.558919521534E1,1.577792194852E0));
#8215=CARTESIAN_POINT('',(-5.067994420035E0,3.570338669194E1,1.556364230106E0));
#8216=CARTESIAN_POINT('',(-5.144853187202E0,3.580352513515E1,1.513180782205E0));
#8217=CARTESIAN_POINT('',(-5.254264037632E0,3.587284817935E1,1.451981126599E0));
#8218=CARTESIAN_POINT('',(-5.375566057344E0,3.590320153197E1,1.378788086539E0));
#8219=CARTESIAN_POINT('',(-5.486828823689E0,3.589569896447E1,1.305447312217E0));
#8220=CARTESIAN_POINT('',(-5.010662969440E0,3.547687384892E1,1.315251668136E0));
#8221=CARTESIAN_POINT('',(-5.004509199152E0,3.558919521534E1,1.315689359356E0));
#8222=CARTESIAN_POINT('',(-5.040585921267E0,3.570338669194E1,1.312734079449E0));
#8223=CARTESIAN_POINT('',(-5.119375624816E0,3.580352513515E1,1.307424398977E0));
#8224=CARTESIAN_POINT('',(-5.231651922369E0,3.587284817935E1,1.300049645885E0));
#8225=CARTESIAN_POINT('',(-5.359244633529E0,3.590320153197E1,1.290458553267E0));
#8226=CARTESIAN_POINT('',(-5.483813034973E0,3.589569896447E1,1.281598538516E0));
#8227=CARTESIAN_POINT('',(-5.096416417736E0,3.547687384892E1,1.102683963359E0));
#8228=CARTESIAN_POINT('',(-5.091275826889E0,3.558919521534E1,1.100610161077E0));
#8229=CARTESIAN_POINT('',(-5.121277676653E0,3.570338669194E1,1.112713420484E0));
#8230=CARTESIAN_POINT('',(-5.187197258155E0,3.580352513515E1,1.139306507284E0));
#8231=CARTESIAN_POINT('',(-5.281199951804E0,3.587284817935E1,1.177228801915E0));
#8232=CARTESIAN_POINT('',(-5.387606310785E0,3.590320153197E1,1.220154947318E0));
#8233=CARTESIAN_POINT('',(-5.491665311101E0,3.589569896447E1,1.262134128082E0));
#8234=B_SPLINE_SURFACE_WITH_KNOTS('',8,6,((#8171,#8172,#8173,#8174,#8175,#8176,
#8177),(#8178,#8179,#8180,#8181,#8182,#8183,#8184),(#8185,#8186,#8187,#8188,
#8189,#8190,#8191),(#8192,#8193,#8194,#8195,#8196,#8197,#8198),(#8199,#8200,
#8201,#8202,#8203,#8204,#8205),(#8206,#8207,#8208,#8209,#8210,#8211,#8212),(
#8213,#8214,#8215,#8216,#8217,#8218,#8219),(#8220,#8221,#8222,#8223,#8224,#8225,
#8226),(#8227,#8228,#8229,#8230,#8231,#8232,#8233)),.UNSPECIFIED.,.F.,.F.,.F.,
(9,9),(7,7),(-3.834486827157E-1,3.525041336305E0),(-4.931065449608E-2,
1.637560273811E0),.UNSPECIFIED.);
#8235=ORIENTED_EDGE('',*,*,#8069,.F.);
#8236=ORIENTED_EDGE('',*,*,#8165,.F.);
#8238=ORIENTED_EDGE('',*,*,#8237,.T.);
#8239=ORIENTED_EDGE('',*,*,#8161,.T.);
#8240=EDGE_LOOP('',(#8235,#8236,#8238,#8239));
#8241=FACE_OUTER_BOUND('',#8240,.F.);
#8243=CARTESIAN_POINT('',(-5.435154228554E0,3.589659011830E1,1.181658930276E0));
#8244=CARTESIAN_POINT('',(-5.435154228554E0,3.589659011830E1,1.374753815814E0));
#8245=CARTESIAN_POINT('',(-5.627856926393E0,3.589659011830E1,1.181658930276E0));
#8246=CARTESIAN_POINT('',(-5.627856926393E0,3.589659011830E1,1.374753815814E0));
#8247=B_SPLINE_SURFACE_WITH_KNOTS('',1,1,((#8243,#8244),(#8245,#8246)),
.UNSPECIFIED.,.F.,.F.,.F.,(2,2),(2,2),(-9.635134891905E-2,9.635134891905E-2),(
-9.654744276869E-2,9.654744276869E-2),.UNSPECIFIED.);
#8248=ORIENTED_EDGE('',*,*,#8237,.F.);
#8249=ORIENTED_EDGE('',*,*,#8163,.F.);
#8250=EDGE_LOOP('',(#8248,#8249));
#8251=FACE_OUTER_BOUND('',#8250,.F.);
#8253=CARTESIAN_POINT('',(-2.512770951877E0,3.559571070013E1,1.482726022465E0));
#8254=CARTESIAN_POINT('',(-2.429304222150E0,3.080445049905E1,1.477474740937E0));
#8255=CARTESIAN_POINT('',(-2.496769841356E0,3.559571070013E1,1.737056391194E0));
#8256=CARTESIAN_POINT('',(-2.410443564467E0,3.080445049905E1,1.777256310254E0));
#8257=CARTESIAN_POINT('',(-2.646961233776E0,3.559571070013E1,2.001842705945E0));
#8258=CARTESIAN_POINT('',(-2.587475554561E0,3.080445049905E1,2.089362400323E0));
#8259=CARTESIAN_POINT('',(-2.979824052203E0,3.559571070013E1,2.143008089721E0));
#8260=CARTESIAN_POINT('',(-2.979824052203E0,3.080445049905E1,2.255755350143E0));
#8261=CARTESIAN_POINT('',(-3.312686870631E0,3.559571070013E1,2.001842705945E0));
#8262=CARTESIAN_POINT('',(-3.372172549845E0,3.080445049905E1,2.089362400323E0));
#8263=CARTESIAN_POINT('',(-3.462878263050E0,3.559571070013E1,1.737056391194E0));
#8264=CARTESIAN_POINT('',(-3.549204539939E0,3.080445049905E1,1.777256310254E0));
#8265=CARTESIAN_POINT('',(-3.446877152529E0,3.559571070013E1,1.482726022465E0));
#8266=CARTESIAN_POINT('',(-3.530343882257E0,3.080445049905E1,1.477474740937E0));
#8267=B_SPLINE_SURFACE_WITH_KNOTS('',6,1,((#8253,#8254),(#8255,#8256),(#8257,
#8258),(#8259,#8260),(#8261,#8262),(#8263,#8264),(#8265,#8266)),.UNSPECIFIED.,
.F.,.F.,.F.,(7,7),(2,2),(3.078760800518E0,6.346017160251E0),(2.681035831509E1,
3.160161851617E1),.UNSPECIFIED.);
#8269=ORIENTED_EDGE('',*,*,#8268,.F.);
#8270=ORIENTED_EDGE('',*,*,#6282,.T.);
#8272=ORIENTED_EDGE('',*,*,#8271,.T.);
#8274=ORIENTED_EDGE('',*,*,#8273,.T.);
#8275=EDGE_LOOP('',(#8269,#8270,#8272,#8274));
#8276=FACE_OUTER_BOUND('',#8275,.F.);
#8278=CARTESIAN_POINT('',(-3.446877152529E0,3.559571070013E1,1.541495003258E0));
#8279=CARTESIAN_POINT('',(-3.530343882257E0,3.080445049905E1,1.546746284786E0));
#8280=CARTESIAN_POINT('',(-3.462878263050E0,3.559571070013E1,1.287164634529E0));
#8281=CARTESIAN_POINT('',(-3.549204539939E0,3.080445049905E1,1.246964715469E0));
#8282=CARTESIAN_POINT('',(-3.312686870631E0,3.559571070013E1,1.022378319778E0));
#8283=CARTESIAN_POINT('',(-3.372172549845E0,3.080445049905E1,
9.348586253998E-1));
#8284=CARTESIAN_POINT('',(-2.979824052203E0,3.559571070013E1,
8.812129360024E-1));
#8285=CARTESIAN_POINT('',(-2.979824052203E0,3.080445049905E1,
7.684656755803E-1));
#8286=CARTESIAN_POINT('',(-2.646961233776E0,3.559571070013E1,1.022378319778E0));
#8287=CARTESIAN_POINT('',(-2.587475554561E0,3.080445049905E1,
9.348586253998E-1));
#8288=CARTESIAN_POINT('',(-2.496769841356E0,3.559571070013E1,1.287164634529E0));
#8289=CARTESIAN_POINT('',(-2.410443564467E0,3.080445049905E1,1.246964715469E0));
#8290=CARTESIAN_POINT('',(-2.512770951877E0,3.559571070013E1,1.541495003258E0));
#8291=CARTESIAN_POINT('',(-2.429304222150E0,3.080445049905E1,1.546746284786E0));
#8292=B_SPLINE_SURFACE_WITH_KNOTS('',6,1,((#8278,#8279),(#8280,#8281),(#8282,
#8283),(#8284,#8285),(#8286,#8287),(#8288,#8289),(#8290,#8291)),.UNSPECIFIED.,
.F.,.F.,.F.,(7,7),(2,2),(-6.283185307180E-2,3.204424506662E0),(2.681035831509E1,
3.160161851617E1),.UNSPECIFIED.);
#8294=ORIENTED_EDGE('',*,*,#8293,.T.);
#8295=ORIENTED_EDGE('',*,*,#8271,.F.);
#8296=ORIENTED_EDGE('',*,*,#6284,.T.);
#8297=ORIENTED_EDGE('',*,*,#8268,.T.);
#8298=EDGE_LOOP('',(#8294,#8295,#8296,#8297));
#8299=FACE_OUTER_BOUND('',#8298,.F.);
#8301=CARTESIAN_POINT('',(-2.544734892466E0,3.547687384892E1,1.687632922547E0));
#8302=CARTESIAN_POINT('',(-2.539594301619E0,3.558919521534E1,1.689706724830E0));
#8303=CARTESIAN_POINT('',(-2.569596151383E0,3.570338669194E1,1.677603465423E0));
#8304=CARTESIAN_POINT('',(-2.635515732884E0,3.580352513515E1,1.651010378623E0));
#8305=CARTESIAN_POINT('',(-2.729518426534E0,3.587284817935E1,1.613088083992E0));
#8306=CARTESIAN_POINT('',(-2.835924785514E0,3.590320153197E1,1.570161938589E0));
#8307=CARTESIAN_POINT('',(-2.939983785830E0,3.589569896447E1,1.528182757825E0));
#8308=CARTESIAN_POINT('',(-2.458981444170E0,3.547687384892E1,1.475065217770E0));
#8309=CARTESIAN_POINT('',(-2.452827673882E0,3.558919521534E1,1.474627526551E0));
#8310=CARTESIAN_POINT('',(-2.488904395997E0,3.570338669194E1,1.477582806457E0));
#8311=CARTESIAN_POINT('',(-2.567694099546E0,3.580352513515E1,1.482892486929E0));
#8312=CARTESIAN_POINT('',(-2.679970397099E0,3.587284817935E1,1.490267240022E0));
#8313=CARTESIAN_POINT('',(-2.807563108259E0,3.590320153197E1,1.499858332639E0));
#8314=CARTESIAN_POINT('',(-2.932131509703E0,3.589569896447E1,1.508718347391E0));
#8315=CARTESIAN_POINT('',(-2.491916389086E0,3.547687384892E1,1.214616584884E0));
#8316=CARTESIAN_POINT('',(-2.482624366128E0,3.558919521534E1,1.212524691055E0));
#8317=CARTESIAN_POINT('',(-2.516312894764E0,3.570338669194E1,1.233952655801E0));
#8318=CARTESIAN_POINT('',(-2.593171661932E0,3.580352513515E1,1.277136103702E0));
#8319=CARTESIAN_POINT('',(-2.702582512362E0,3.587284817935E1,1.338335759307E0));
#8320=CARTESIAN_POINT('',(-2.823884532073E0,3.590320153197E1,1.411528799367E0));
#8321=CARTESIAN_POINT('',(-2.935147298419E0,3.589569896447E1,1.484869573689E0));
#8322=CARTESIAN_POINT('',(-2.674333183770E0,3.547687384892E1,
9.836819713942E-1));
#8323=CARTESIAN_POINT('',(-2.676602767078E0,3.558919521534E1,
9.736438919518E-1));
#8324=CARTESIAN_POINT('',(-2.697360291481E0,3.570338669194E1,1.006569310335E0));
#8325=CARTESIAN_POINT('',(-2.738926640487E0,3.580352513515E1,1.092481548985E0));
#8326=CARTESIAN_POINT('',(-2.798634806199E0,3.587284817935E1,1.216538115084E0));
#8327=CARTESIAN_POINT('',(-2.869739691038E0,3.590320153197E1,1.343180694778E0));
#8328=CARTESIAN_POINT('',(-2.951850848779E0,3.589569896447E1,1.463723341221E0));
#8329=CARTESIAN_POINT('',(-2.979824052203E0,3.547687384892E1,
8.832603560229E-1));
#8330=CARTESIAN_POINT('',(-2.979824052203E0,3.558919521534E1,
8.807635589372E-1));
#8331=CARTESIAN_POINT('',(-2.979824052203E0,3.570338669194E1,
9.289237776734E-1));
#8332=CARTESIAN_POINT('',(-2.979824052203E0,3.580352513515E1,1.016418897748E0));
#8333=CARTESIAN_POINT('',(-2.979824052203E0,3.587284817935E1,1.139068164483E0));
#8334=CARTESIAN_POINT('',(-2.979824052203E0,3.590320153197E1,1.296535600363E0));
#8335=CARTESIAN_POINT('',(-2.979824052203E0,3.589569896447E1,1.454527929622E0));
#8336=CARTESIAN_POINT('',(-3.285314920636E0,3.547687384892E1,
9.836819713942E-1));
#8337=CARTESIAN_POINT('',(-3.283045337328E0,3.558919521534E1,
9.736438919518E-1));
#8338=CARTESIAN_POINT('',(-3.262287812925E0,3.570338669194E1,1.006569310335E0));
#8339=CARTESIAN_POINT('',(-3.220721463920E0,3.580352513515E1,1.092481548985E0));
#8340=CARTESIAN_POINT('',(-3.161013298207E0,3.587284817935E1,1.216538115084E0));
#8341=CARTESIAN_POINT('',(-3.089908413369E0,3.590320153197E1,1.343180694778E0));
#8342=CARTESIAN_POINT('',(-3.007797255627E0,3.589569896447E1,1.463723341221E0));
#8343=CARTESIAN_POINT('',(-3.467731715321E0,3.547687384892E1,1.214616584884E0));
#8344=CARTESIAN_POINT('',(-3.477023738279E0,3.558919521534E1,1.212524691055E0));
#8345=CARTESIAN_POINT('',(-3.443335209642E0,3.570338669194E1,1.233952655801E0));
#8346=CARTESIAN_POINT('',(-3.366476442475E0,3.580352513515E1,1.277136103702E0));
#8347=CARTESIAN_POINT('',(-3.257065592045E0,3.587284817935E1,1.338335759307E0));
#8348=CARTESIAN_POINT('',(-3.135763572333E0,3.590320153197E1,1.411528799367E0));
#8349=CARTESIAN_POINT('',(-3.024500805988E0,3.589569896447E1,1.484869573689E0));
#8350=CARTESIAN_POINT('',(-3.500666660237E0,3.547687384892E1,1.475065217770E0));
#8351=CARTESIAN_POINT('',(-3.506820430524E0,3.558919521534E1,1.474627526551E0));
#8352=CARTESIAN_POINT('',(-3.470743708409E0,3.570338669194E1,1.477582806457E0));
#8353=CARTESIAN_POINT('',(-3.391954004860E0,3.580352513515E1,1.482892486929E0));
#8354=CARTESIAN_POINT('',(-3.279677707307E0,3.587284817935E1,1.490267240022E0));
#8355=CARTESIAN_POINT('',(-3.152084996147E0,3.590320153197E1,1.499858332639E0));
#8356=CARTESIAN_POINT('',(-3.027516594704E0,3.589569896447E1,1.508718347391E0));
#8357=CARTESIAN_POINT('',(-3.414913211940E0,3.547687384892E1,1.687632922547E0));
#8358=CARTESIAN_POINT('',(-3.420053802787E0,3.558919521534E1,1.689706724830E0));
#8359=CARTESIAN_POINT('',(-3.390051953023E0,3.570338669194E1,1.677603465423E0));
#8360=CARTESIAN_POINT('',(-3.324132371522E0,3.580352513515E1,1.651010378623E0));
#8361=CARTESIAN_POINT('',(-3.230129677873E0,3.587284817935E1,1.613088083992E0));
#8362=CARTESIAN_POINT('',(-3.123723318892E0,3.590320153197E1,1.570161938589E0));
#8363=CARTESIAN_POINT('',(-3.019664318576E0,3.589569896447E1,1.528182757825E0));
#8364=B_SPLINE_SURFACE_WITH_KNOTS('',8,6,((#8301,#8302,#8303,#8304,#8305,#8306,
#8307),(#8308,#8309,#8310,#8311,#8312,#8313,#8314),(#8315,#8316,#8317,#8318,
#8319,#8320,#8321),(#8322,#8323,#8324,#8325,#8326,#8327,#8328),(#8329,#8330,
#8331,#8332,#8333,#8334,#8335),(#8336,#8337,#8338,#8339,#8340,#8341,#8342),(
#8343,#8344,#8345,#8346,#8347,#8348,#8349),(#8350,#8351,#8352,#8353,#8354,#8355,
#8356),(#8357,#8358,#8359,#8360,#8361,#8362,#8363)),.UNSPECIFIED.,.F.,.F.,.F.,
(9,9),(7,7),(2.758143970874E0,6.666633989895E0),(-4.931065449608E-2,
1.637560273811E0),.UNSPECIFIED.);
#8366=ORIENTED_EDGE('',*,*,#8365,.F.);
#8368=ORIENTED_EDGE('',*,*,#8367,.T.);
#8370=ORIENTED_EDGE('',*,*,#8369,.T.);
#8371=ORIENTED_EDGE('',*,*,#8293,.F.);
#8372=EDGE_LOOP('',(#8366,#8368,#8370,#8371));
#8373=FACE_OUTER_BOUND('',#8372,.F.);
#8375=CARTESIAN_POINT('',(-3.414913211940E0,3.547687384892E1,1.336588103176E0));
#8376=CARTESIAN_POINT('',(-3.420053802787E0,3.558919521534E1,1.334514300893E0));
#8377=CARTESIAN_POINT('',(-3.390051953023E0,3.570338669194E1,1.346617560300E0));
#8378=CARTESIAN_POINT('',(-3.324132371522E0,3.580352513515E1,1.373210647100E0));
#8379=CARTESIAN_POINT('',(-3.230129677873E0,3.587284817935E1,1.411132941731E0));
#8380=CARTESIAN_POINT('',(-3.123723318892E0,3.590320153197E1,1.454059087134E0));
#8381=CARTESIAN_POINT('',(-3.019664318576E0,3.589569896447E1,1.496038267898E0));
#8382=CARTESIAN_POINT('',(-3.500666660237E0,3.547687384892E1,1.549155807953E0));
#8383=CARTESIAN_POINT('',(-3.506820430524E0,3.558919521534E1,1.549593499172E0));
#8384=CARTESIAN_POINT('',(-3.470743708409E0,3.570338669194E1,1.546638219266E0));
#8385=CARTESIAN_POINT('',(-3.391954004860E0,3.580352513515E1,1.541328538794E0));
#8386=CARTESIAN_POINT('',(-3.279677707307E0,3.587284817935E1,1.533953785701E0));
#8387=CARTESIAN_POINT('',(-3.152084996147E0,3.590320153197E1,1.524362693084E0));
#8388=CARTESIAN_POINT('',(-3.027516594704E0,3.589569896447E1,1.515502678332E0));
#8389=CARTESIAN_POINT('',(-3.467731715321E0,3.547687384892E1,1.809604440839E0));
#8390=CARTESIAN_POINT('',(-3.477023738279E0,3.558919521534E1,1.811696334668E0));
#8391=CARTESIAN_POINT('',(-3.443335209642E0,3.570338669194E1,1.790268369922E0));
#8392=CARTESIAN_POINT('',(-3.366476442475E0,3.580352513515E1,1.747084922021E0));
#8393=CARTESIAN_POINT('',(-3.257065592045E0,3.587284817935E1,1.685885266416E0));
#8394=CARTESIAN_POINT('',(-3.135763572333E0,3.590320153197E1,1.612692226356E0));
#8395=CARTESIAN_POINT('',(-3.024500805988E0,3.589569896447E1,1.539351452034E0));
#8396=CARTESIAN_POINT('',(-3.285314920636E0,3.547687384892E1,2.040539054329E0));
#8397=CARTESIAN_POINT('',(-3.283045337328E0,3.558919521534E1,2.050577133771E0));
#8398=CARTESIAN_POINT('',(-3.262287812925E0,3.570338669194E1,2.017651715388E0));
#8399=CARTESIAN_POINT('',(-3.220721463920E0,3.580352513515E1,1.931739476738E0));
#8400=CARTESIAN_POINT('',(-3.161013298207E0,3.587284817935E1,1.807682910639E0));
#8401=CARTESIAN_POINT('',(-3.089908413369E0,3.590320153197E1,1.681040330945E0));
#8402=CARTESIAN_POINT('',(-3.007797255627E0,3.589569896447E1,1.560497684502E0));
#8403=CARTESIAN_POINT('',(-2.979824052203E0,3.547687384892E1,2.140960669700E0));
#8404=CARTESIAN_POINT('',(-2.979824052203E0,3.558919521534E1,2.143457466786E0));
#8405=CARTESIAN_POINT('',(-2.979824052203E0,3.570338669194E1,2.095297248050E0));
#8406=CARTESIAN_POINT('',(-2.979824052203E0,3.580352513515E1,2.007802127975E0));
#8407=CARTESIAN_POINT('',(-2.979824052203E0,3.587284817935E1,1.885152861240E0));
#8408=CARTESIAN_POINT('',(-2.979824052203E0,3.590320153197E1,1.727685425360E0));
#8409=CARTESIAN_POINT('',(-2.979824052203E0,3.589569896447E1,1.569693096101E0));
#8410=CARTESIAN_POINT('',(-2.674333183770E0,3.547687384892E1,2.040539054329E0));
#8411=CARTESIAN_POINT('',(-2.676602767078E0,3.558919521534E1,2.050577133771E0));
#8412=CARTESIAN_POINT('',(-2.697360291481E0,3.570338669194E1,2.017651715388E0));
#8413=CARTESIAN_POINT('',(-2.738926640487E0,3.580352513515E1,1.931739476738E0));
#8414=CARTESIAN_POINT('',(-2.798634806199E0,3.587284817935E1,1.807682910639E0));
#8415=CARTESIAN_POINT('',(-2.869739691038E0,3.590320153197E1,1.681040330945E0));
#8416=CARTESIAN_POINT('',(-2.951850848779E0,3.589569896447E1,1.560497684502E0));
#8417=CARTESIAN_POINT('',(-2.491916389086E0,3.547687384892E1,1.809604440839E0));
#8418=CARTESIAN_POINT('',(-2.482624366128E0,3.558919521534E1,1.811696334668E0));
#8419=CARTESIAN_POINT('',(-2.516312894764E0,3.570338669194E1,1.790268369922E0));
#8420=CARTESIAN_POINT('',(-2.593171661932E0,3.580352513515E1,1.747084922021E0));
#8421=CARTESIAN_POINT('',(-2.702582512362E0,3.587284817935E1,1.685885266416E0));
#8422=CARTESIAN_POINT('',(-2.823884532073E0,3.590320153197E1,1.612692226356E0));
#8423=CARTESIAN_POINT('',(-2.935147298419E0,3.589569896447E1,1.539351452034E0));
#8424=CARTESIAN_POINT('',(-2.458981444170E0,3.547687384892E1,1.549155807953E0));
#8425=CARTESIAN_POINT('',(-2.452827673882E0,3.558919521534E1,1.549593499172E0));
#8426=CARTESIAN_POINT('',(-2.488904395997E0,3.570338669194E1,1.546638219266E0));
#8427=CARTESIAN_POINT('',(-2.567694099546E0,3.580352513515E1,1.541328538794E0));
#8428=CARTESIAN_POINT('',(-2.679970397099E0,3.587284817935E1,1.533953785701E0));
#8429=CARTESIAN_POINT('',(-2.807563108259E0,3.590320153197E1,1.524362693084E0));
#8430=CARTESIAN_POINT('',(-2.932131509703E0,3.589569896447E1,1.515502678332E0));
#8431=CARTESIAN_POINT('',(-2.544734892466E0,3.547687384892E1,1.336588103176E0));
#8432=CARTESIAN_POINT('',(-2.539594301619E0,3.558919521534E1,1.334514300893E0));
#8433=CARTESIAN_POINT('',(-2.569596151383E0,3.570338669194E1,1.346617560300E0));
#8434=CARTESIAN_POINT('',(-2.635515732884E0,3.580352513515E1,1.373210647100E0));
#8435=CARTESIAN_POINT('',(-2.729518426534E0,3.587284817935E1,1.411132941731E0));
#8436=CARTESIAN_POINT('',(-2.835924785514E0,3.590320153197E1,1.454059087134E0));
#8437=CARTESIAN_POINT('',(-2.939983785830E0,3.589569896447E1,1.496038267898E0));
#8438=B_SPLINE_SURFACE_WITH_KNOTS('',8,6,((#8375,#8376,#8377,#8378,#8379,#8380,
#8381),(#8382,#8383,#8384,#8385,#8386,#8387,#8388),(#8389,#8390,#8391,#8392,
#8393,#8394,#8395),(#8396,#8397,#8398,#8399,#8400,#8401,#8402),(#8403,#8404,
#8405,#8406,#8407,#8408,#8409),(#8410,#8411,#8412,#8413,#8414,#8415,#8416),(
#8417,#8418,#8419,#8420,#8421,#8422,#8423),(#8424,#8425,#8426,#8427,#8428,#8429,
#8430),(#8431,#8432,#8433,#8434,#8435,#8436,#8437)),.UNSPECIFIED.,.F.,.F.,.F.,
(9,9),(7,7),(-3.834486827157E-1,3.525041336305E0),(-4.931065449608E-2,
1.637560273811E0),.UNSPECIFIED.);
#8439=ORIENTED_EDGE('',*,*,#8273,.F.);
#8440=ORIENTED_EDGE('',*,*,#8369,.F.);
#8442=ORIENTED_EDGE('',*,*,#8441,.T.);
#8443=ORIENTED_EDGE('',*,*,#8365,.T.);
#8444=EDGE_LOOP('',(#8439,#8440,#8442,#8443));
#8445=FACE_OUTER_BOUND('',#8444,.F.);
#8447=CARTESIAN_POINT('',(-2.883472703284E0,3.589659011830E1,1.415563408095E0));
#8448=CARTESIAN_POINT('',(-2.883472703284E0,3.589659011830E1,1.608657955630E0));
#8449=CARTESIAN_POINT('',(-3.076175401122E0,3.589659011830E1,1.415563408095E0));
#8450=CARTESIAN_POINT('',(-3.076175401122E0,3.589659011830E1,1.608657955630E0));
#8451=B_SPLINE_SURFACE_WITH_KNOTS('',1,1,((#8447,#8448),(#8449,#8450)),
.UNSPECIFIED.,.F.,.F.,.F.,(2,2),(2,2),(-9.635134891905E-2,9.635134891905E-2),(
-9.654710476645E-2,9.654744276869E-2),.UNSPECIFIED.);
#8452=ORIENTED_EDGE('',*,*,#8441,.F.);
#8453=ORIENTED_EDGE('',*,*,#8367,.F.);
#8454=EDGE_LOOP('',(#8452,#8453));
#8455=FACE_OUTER_BOUND('',#8454,.F.);
#8457=CARTESIAN_POINT('',(-4.926897443716E-1,3.559571070013E1,
3.630391306234E0));
#8458=CARTESIAN_POINT('',(-4.092230146441E-1,3.080445049905E1,
3.625140024706E0));
#8459=CARTESIAN_POINT('',(-4.766886338505E-1,3.559571070013E1,
3.884721674963E0));
#8460=CARTESIAN_POINT('',(-3.903623569618E-1,3.080445049905E1,
3.924921594023E0));
#8461=CARTESIAN_POINT('',(-6.268800262700E-1,3.559571070013E1,
4.149507989714E0));
#8462=CARTESIAN_POINT('',(-5.673943470557E-1,3.080445049905E1,
4.237027684092E0));
#8463=CARTESIAN_POINT('',(-9.597428446975E-1,3.559571070013E1,
4.290673373490E0));
#8464=CARTESIAN_POINT('',(-9.597428446975E-1,3.080445049905E1,
4.403420633912E0));
#8465=CARTESIAN_POINT('',(-1.292605663125E0,3.559571070013E1,4.149507989714E0));
#8466=CARTESIAN_POINT('',(-1.352091342339E0,3.080445049905E1,4.237027684092E0));
#8467=CARTESIAN_POINT('',(-1.442797055545E0,3.559571070013E1,3.884721674963E0));
#8468=CARTESIAN_POINT('',(-1.529123332433E0,3.080445049905E1,3.924921594023E0));
#8469=CARTESIAN_POINT('',(-1.426795945023E0,3.559571070013E1,3.630391306234E0));
#8470=CARTESIAN_POINT('',(-1.510262674751E0,3.080445049905E1,3.625140024706E0));
#8471=B_SPLINE_SURFACE_WITH_KNOTS('',6,1,((#8457,#8458),(#8459,#8460),(#8461,
#8462),(#8463,#8464),(#8465,#8466),(#8467,#8468),(#8469,#8470)),.UNSPECIFIED.,
.F.,.F.,.F.,(7,7),(2,2),(3.078760800518E0,6.346017160251E0),(2.681035831509E1,
3.160161851617E1),.UNSPECIFIED.);
#8473=ORIENTED_EDGE('',*,*,#8472,.F.);
#8474=ORIENTED_EDGE('',*,*,#6288,.T.);
#8476=ORIENTED_EDGE('',*,*,#8475,.T.);
#8478=ORIENTED_EDGE('',*,*,#8477,.T.);
#8479=EDGE_LOOP('',(#8473,#8474,#8476,#8478));
#8480=FACE_OUTER_BOUND('',#8479,.F.);
#8482=CARTESIAN_POINT('',(-1.426795945023E0,3.559571070013E1,3.689160287027E0));
#8483=CARTESIAN_POINT('',(-1.510262674751E0,3.080445049905E1,3.694411568555E0));
#8484=CARTESIAN_POINT('',(-1.442797055545E0,3.559571070013E1,3.434829918299E0));
#8485=CARTESIAN_POINT('',(-1.529123332433E0,3.080445049905E1,3.394629999238E0));
#8486=CARTESIAN_POINT('',(-1.292605663125E0,3.559571070013E1,3.170043603547E0));
#8487=CARTESIAN_POINT('',(-1.352091342339E0,3.080445049905E1,3.082523909169E0));
#8488=CARTESIAN_POINT('',(-9.597428446975E-1,3.559571070013E1,
3.028878219772E0));
#8489=CARTESIAN_POINT('',(-9.597428446975E-1,3.080445049905E1,
2.916130959349E0));
#8490=CARTESIAN_POINT('',(-6.268800262700E-1,3.559571070013E1,
3.170043603547E0));
#8491=CARTESIAN_POINT('',(-5.673943470557E-1,3.080445049905E1,
3.082523909169E0));
#8492=CARTESIAN_POINT('',(-4.766886338505E-1,3.559571070013E1,
3.434829918299E0));
#8493=CARTESIAN_POINT('',(-3.903623569618E-1,3.080445049905E1,
3.394629999238E0));
#8494=CARTESIAN_POINT('',(-4.926897443716E-1,3.559571070013E1,
3.689160287027E0));
#8495=CARTESIAN_POINT('',(-4.092230146441E-1,3.080445049905E1,
3.694411568555E0));
#8496=B_SPLINE_SURFACE_WITH_KNOTS('',6,1,((#8482,#8483),(#8484,#8485),(#8486,
#8487),(#8488,#8489),(#8490,#8491),(#8492,#8493),(#8494,#8495)),.UNSPECIFIED.,
.F.,.F.,.F.,(7,7),(2,2),(-6.283185307180E-2,3.204424506662E0),(2.681035831509E1,
3.160161851617E1),.UNSPECIFIED.);
#8498=ORIENTED_EDGE('',*,*,#8497,.T.);
#8499=ORIENTED_EDGE('',*,*,#8475,.F.);
#8500=ORIENTED_EDGE('',*,*,#6290,.T.);
#8501=ORIENTED_EDGE('',*,*,#8472,.T.);
#8502=EDGE_LOOP('',(#8498,#8499,#8500,#8501));
#8503=FACE_OUTER_BOUND('',#8502,.F.);
#8505=CARTESIAN_POINT('',(-5.246536849603E-1,3.547687384892E1,
3.835298206316E0));
#8506=CARTESIAN_POINT('',(-5.195130941132E-1,3.558919521534E1,
3.837372008599E0));
#8507=CARTESIAN_POINT('',(-5.495149438772E-1,3.570338669194E1,
3.825268749192E0));
#8508=CARTESIAN_POINT('',(-6.154345253788E-1,3.580352513515E1,
3.798675662392E0));
#8509=CARTESIAN_POINT('',(-7.094372190279E-1,3.587284817935E1,
3.760753367761E0));
#8510=CARTESIAN_POINT('',(-8.158435780088E-1,3.590320153197E1,
3.717827222358E0));
#8511=CARTESIAN_POINT('',(-9.199025783248E-1,3.589569896447E1,
3.675848041594E0));
#8512=CARTESIAN_POINT('',(-4.389002366639E-1,3.547687384892E1,
3.622730501539E0));
#8513=CARTESIAN_POINT('',(-4.327464663764E-1,3.558919521534E1,
3.622292810320E0));
#8514=CARTESIAN_POINT('',(-4.688231884915E-1,3.570338669194E1,
3.625248090227E0));
#8515=CARTESIAN_POINT('',(-5.476128920402E-1,3.580352513515E1,
3.630557770698E0));
#8516=CARTESIAN_POINT('',(-6.598891895935E-1,3.587284817935E1,
3.637932523791E0));
#8517=CARTESIAN_POINT('',(-7.874819007532E-1,3.590320153197E1,
3.647523616408E0));
#8518=CARTESIAN_POINT('',(-9.120503021969E-1,3.589569896447E1,
3.656383631160E0));
#8519=CARTESIAN_POINT('',(-4.718351815800E-1,3.547687384892E1,
3.362281868653E0));
#8520=CARTESIAN_POINT('',(-4.625431586219E-1,3.558919521534E1,
3.360189974824E0));
#8521=CARTESIAN_POINT('',(-4.962316872588E-1,3.570338669194E1,
3.381617939570E0));
#8522=CARTESIAN_POINT('',(-5.730904544261E-1,3.580352513515E1,
3.424801387471E0));
#8523=CARTESIAN_POINT('',(-6.825013048559E-1,3.587284817935E1,
3.486001043077E0));
#8524=CARTESIAN_POINT('',(-8.038033245676E-1,3.590320153197E1,
3.559194083136E0));
#8525=CARTESIAN_POINT('',(-9.150660909130E-1,3.589569896447E1,
3.632534857458E0));
#8526=CARTESIAN_POINT('',(-6.542519762644E-1,3.547687384892E1,
3.131347255163E0));
#8527=CARTESIAN_POINT('',(-6.565215595723E-1,3.558919521534E1,
3.121309175721E0));
#8528=CARTESIAN_POINT('',(-6.772790839757E-1,3.570338669194E1,
3.154234594104E0));
#8529=CARTESIAN_POINT('',(-7.188454329809E-1,3.580352513515E1,
3.240146832754E0));
#8530=CARTESIAN_POINT('',(-7.785535986932E-1,3.587284817935E1,
3.364203398853E0));
#8531=CARTESIAN_POINT('',(-8.496584835320E-1,3.590320153197E1,
3.490845978547E0));
#8532=CARTESIAN_POINT('',(-9.317696412737E-1,3.589569896447E1,
3.611388624990E0));
#8533=CARTESIAN_POINT('',(-9.597428446975E-1,3.547687384892E1,
3.030925639792E0));
#8534=CARTESIAN_POINT('',(-9.597428446975E-1,3.558919521534E1,
3.028428842706E0));
#8535=CARTESIAN_POINT('',(-9.597428446975E-1,3.570338669194E1,
3.076589061443E0));
#8536=CARTESIAN_POINT('',(-9.597428446975E-1,3.580352513515E1,
3.164084181517E0));
#8537=CARTESIAN_POINT('',(-9.597428446975E-1,3.587284817935E1,
3.286733448252E0));
#8538=CARTESIAN_POINT('',(-9.597428446975E-1,3.590320153197E1,
3.444200884133E0));
#8539=CARTESIAN_POINT('',(-9.597428446975E-1,3.589569896447E1,
3.602193213392E0));
#8540=CARTESIAN_POINT('',(-1.265233713131E0,3.547687384892E1,3.131347255163E0));
#8541=CARTESIAN_POINT('',(-1.262964129823E0,3.558919521534E1,3.121309175721E0));
#8542=CARTESIAN_POINT('',(-1.242206605419E0,3.570338669194E1,3.154234594104E0));
#8543=CARTESIAN_POINT('',(-1.200640256414E0,3.580352513515E1,3.240146832754E0));
#8544=CARTESIAN_POINT('',(-1.140932090702E0,3.587284817935E1,3.364203398853E0));
#8545=CARTESIAN_POINT('',(-1.069827205863E0,3.590320153197E1,3.490845978547E0));
#8546=CARTESIAN_POINT('',(-9.877160481213E-1,3.589569896447E1,
3.611388624990E0));
#8547=CARTESIAN_POINT('',(-1.447650507815E0,3.547687384892E1,3.362281868653E0));
#8548=CARTESIAN_POINT('',(-1.456942530773E0,3.558919521534E1,3.360189974824E0));
#8549=CARTESIAN_POINT('',(-1.423254002136E0,3.570338669194E1,3.381617939570E0));
#8550=CARTESIAN_POINT('',(-1.346395234969E0,3.580352513515E1,3.424801387471E0));
#8551=CARTESIAN_POINT('',(-1.236984384539E0,3.587284817935E1,3.486001043077E0));
#8552=CARTESIAN_POINT('',(-1.115682364827E0,3.590320153197E1,3.559194083136E0));
#8553=CARTESIAN_POINT('',(-1.004419598482E0,3.589569896447E1,3.632534857458E0));
#8554=CARTESIAN_POINT('',(-1.480585452731E0,3.547687384892E1,3.622730501539E0));
#8555=CARTESIAN_POINT('',(-1.486739223019E0,3.558919521534E1,3.622292810320E0));
#8556=CARTESIAN_POINT('',(-1.450662500904E0,3.570338669194E1,3.625248090227E0));
#8557=CARTESIAN_POINT('',(-1.371872797355E0,3.580352513515E1,3.630557770698E0));
#8558=CARTESIAN_POINT('',(-1.259596499802E0,3.587284817935E1,3.637932523791E0));
#8559=CARTESIAN_POINT('',(-1.132003788642E0,3.590320153197E1,3.647523616408E0));
#8560=CARTESIAN_POINT('',(-1.007435387198E0,3.589569896447E1,3.656383631160E0));
#8561=CARTESIAN_POINT('',(-1.394832004435E0,3.547687384892E1,3.835298206316E0));
#8562=CARTESIAN_POINT('',(-1.399972595282E0,3.558919521534E1,3.837372008599E0));
#8563=CARTESIAN_POINT('',(-1.369970745518E0,3.570338669194E1,3.825268749192E0));
#8564=CARTESIAN_POINT('',(-1.304051164016E0,3.580352513515E1,3.798675662392E0));
#8565=CARTESIAN_POINT('',(-1.210048470367E0,3.587284817935E1,3.760753367761E0));
#8566=CARTESIAN_POINT('',(-1.103642111386E0,3.590320153197E1,3.717827222358E0));
#8567=CARTESIAN_POINT('',(-9.995831110702E-1,3.589569896447E1,
3.675848041594E0));
#8568=B_SPLINE_SURFACE_WITH_KNOTS('',8,6,((#8505,#8506,#8507,#8508,#8509,#8510,
#8511),(#8512,#8513,#8514,#8515,#8516,#8517,#8518),(#8519,#8520,#8521,#8522,
#8523,#8524,#8525),(#8526,#8527,#8528,#8529,#8530,#8531,#8532),(#8533,#8534,
#8535,#8536,#8537,#8538,#8539),(#8540,#8541,#8542,#8543,#8544,#8545,#8546),(
#8547,#8548,#8549,#8550,#8551,#8552,#8553),(#8554,#8555,#8556,#8557,#8558,#8559,
#8560),(#8561,#8562,#8563,#8564,#8565,#8566,#8567)),.UNSPECIFIED.,.F.,.F.,.F.,
(9,9),(7,7),(2.758143970874E0,6.666633989895E0),(-4.931065449608E-2,
1.637560273811E0),.UNSPECIFIED.);
#8570=ORIENTED_EDGE('',*,*,#8569,.F.);
#8572=ORIENTED_EDGE('',*,*,#8571,.T.);
#8574=ORIENTED_EDGE('',*,*,#8573,.T.);
#8575=ORIENTED_EDGE('',*,*,#8497,.F.);
#8576=EDGE_LOOP('',(#8570,#8572,#8574,#8575));
#8577=FACE_OUTER_BOUND('',#8576,.F.);
#8579=CARTESIAN_POINT('',(-1.394832004435E0,3.547687384892E1,3.484253386945E0));
#8580=CARTESIAN_POINT('',(-1.399972595282E0,3.558919521534E1,3.482179584662E0));
#8581=CARTESIAN_POINT('',(-1.369970745518E0,3.570338669194E1,3.494282844069E0));
#8582=CARTESIAN_POINT('',(-1.304051164016E0,3.580352513515E1,3.520875930869E0));
#8583=CARTESIAN_POINT('',(-1.210048470367E0,3.587284817935E1,3.558798225500E0));
#8584=CARTESIAN_POINT('',(-1.103642111386E0,3.590320153197E1,3.601724370903E0));
#8585=CARTESIAN_POINT('',(-9.995831110702E-1,3.589569896447E1,
3.643703551667E0));
#8586=CARTESIAN_POINT('',(-1.480585452731E0,3.547687384892E1,3.696821091722E0));
#8587=CARTESIAN_POINT('',(-1.486739223019E0,3.558919521534E1,3.697258782942E0));
#8588=CARTESIAN_POINT('',(-1.450662500904E0,3.570338669194E1,3.694303503035E0));
#8589=CARTESIAN_POINT('',(-1.371872797355E0,3.580352513515E1,3.688993822563E0));
#8590=CARTESIAN_POINT('',(-1.259596499802E0,3.587284817935E1,3.681619069470E0));
#8591=CARTESIAN_POINT('',(-1.132003788642E0,3.590320153197E1,3.672027976853E0));
#8592=CARTESIAN_POINT('',(-1.007435387198E0,3.589569896447E1,3.663167962101E0));
#8593=CARTESIAN_POINT('',(-1.447650507815E0,3.547687384892E1,3.957269724608E0));
#8594=CARTESIAN_POINT('',(-1.456942530773E0,3.558919521534E1,3.959361618437E0));
#8595=CARTESIAN_POINT('',(-1.423254002136E0,3.570338669194E1,3.937933653691E0));
#8596=CARTESIAN_POINT('',(-1.346395234969E0,3.580352513515E1,3.894750205790E0));
#8597=CARTESIAN_POINT('',(-1.236984384539E0,3.587284817935E1,3.833550550185E0));
#8598=CARTESIAN_POINT('',(-1.115682364827E0,3.590320153197E1,3.760357510125E0));
#8599=CARTESIAN_POINT('',(-1.004419598482E0,3.589569896447E1,3.687016735803E0));
#8600=CARTESIAN_POINT('',(-1.265233713131E0,3.547687384892E1,4.188204338098E0));
#8601=CARTESIAN_POINT('',(-1.262964129823E0,3.558919521534E1,4.198242417540E0));
#8602=CARTESIAN_POINT('',(-1.242206605419E0,3.570338669194E1,4.165316999158E0));
#8603=CARTESIAN_POINT('',(-1.200640256414E0,3.580352513515E1,4.079404760507E0));
#8604=CARTESIAN_POINT('',(-1.140932090702E0,3.587284817935E1,3.955348194409E0));
#8605=CARTESIAN_POINT('',(-1.069827205863E0,3.590320153197E1,3.828705614714E0));
#8606=CARTESIAN_POINT('',(-9.877160481213E-1,3.589569896447E1,
3.708162968271E0));
#8607=CARTESIAN_POINT('',(-9.597428446975E-1,3.547687384892E1,
4.288625953469E0));
#8608=CARTESIAN_POINT('',(-9.597428446975E-1,3.558919521534E1,
4.291122750555E0));
#8609=CARTESIAN_POINT('',(-9.597428446975E-1,3.570338669194E1,
4.242962531819E0));
#8610=CARTESIAN_POINT('',(-9.597428446975E-1,3.580352513515E1,
4.155467411744E0));
#8611=CARTESIAN_POINT('',(-9.597428446975E-1,3.587284817935E1,
4.032818145009E0));
#8612=CARTESIAN_POINT('',(-9.597428446975E-1,3.590320153197E1,
3.875350709129E0));
#8613=CARTESIAN_POINT('',(-9.597428446975E-1,3.589569896447E1,
3.717358379870E0));
#8614=CARTESIAN_POINT('',(-6.542519762644E-1,3.547687384892E1,
4.188204338098E0));
#8615=CARTESIAN_POINT('',(-6.565215595723E-1,3.558919521534E1,
4.198242417540E0));
#8616=CARTESIAN_POINT('',(-6.772790839757E-1,3.570338669194E1,
4.165316999158E0));
#8617=CARTESIAN_POINT('',(-7.188454329809E-1,3.580352513515E1,
4.079404760507E0));
#8618=CARTESIAN_POINT('',(-7.785535986932E-1,3.587284817935E1,
3.955348194409E0));
#8619=CARTESIAN_POINT('',(-8.496584835320E-1,3.590320153197E1,
3.828705614714E0));
#8620=CARTESIAN_POINT('',(-9.317696412737E-1,3.589569896447E1,
3.708162968271E0));
#8621=CARTESIAN_POINT('',(-4.718351815800E-1,3.547687384892E1,
3.957269724608E0));
#8622=CARTESIAN_POINT('',(-4.625431586219E-1,3.558919521534E1,
3.959361618437E0));
#8623=CARTESIAN_POINT('',(-4.962316872588E-1,3.570338669194E1,
3.937933653691E0));
#8624=CARTESIAN_POINT('',(-5.730904544261E-1,3.580352513515E1,
3.894750205790E0));
#8625=CARTESIAN_POINT('',(-6.825013048559E-1,3.587284817935E1,
3.833550550185E0));
#8626=CARTESIAN_POINT('',(-8.038033245676E-1,3.590320153197E1,
3.760357510125E0));
#8627=CARTESIAN_POINT('',(-9.150660909130E-1,3.589569896447E1,
3.687016735803E0));
#8628=CARTESIAN_POINT('',(-4.389002366639E-1,3.547687384892E1,
3.696821091722E0));
#8629=CARTESIAN_POINT('',(-4.327464663764E-1,3.558919521534E1,
3.697258782942E0));
#8630=CARTESIAN_POINT('',(-4.688231884915E-1,3.570338669194E1,
3.694303503035E0));
#8631=CARTESIAN_POINT('',(-5.476128920402E-1,3.580352513515E1,
3.688993822563E0));
#8632=CARTESIAN_POINT('',(-6.598891895935E-1,3.587284817935E1,
3.681619069470E0));
#8633=CARTESIAN_POINT('',(-7.874819007532E-1,3.590320153197E1,
3.672027976853E0));
#8634=CARTESIAN_POINT('',(-9.120503021969E-1,3.589569896447E1,
3.663167962101E0));
#8635=CARTESIAN_POINT('',(-5.246536849603E-1,3.547687384892E1,
3.484253386945E0));
#8636=CARTESIAN_POINT('',(-5.195130941132E-1,3.558919521534E1,
3.482179584662E0));
#8637=CARTESIAN_POINT('',(-5.495149438772E-1,3.570338669194E1,
3.494282844069E0));
#8638=CARTESIAN_POINT('',(-6.154345253788E-1,3.580352513515E1,
3.520875930869E0));
#8639=CARTESIAN_POINT('',(-7.094372190279E-1,3.587284817935E1,
3.558798225500E0));
#8640=CARTESIAN_POINT('',(-8.158435780088E-1,3.590320153197E1,
3.601724370903E0));
#8641=CARTESIAN_POINT('',(-9.199025783248E-1,3.589569896447E1,
3.643703551667E0));
#8642=B_SPLINE_SURFACE_WITH_KNOTS('',8,6,((#8579,#8580,#8581,#8582,#8583,#8584,
#8585),(#8586,#8587,#8588,#8589,#8590,#8591,#8592),(#8593,#8594,#8595,#8596,
#8597,#8598,#8599),(#8600,#8601,#8602,#8603,#8604,#8605,#8606),(#8607,#8608,
#8609,#8610,#8611,#8612,#8613),(#8614,#8615,#8616,#8617,#8618,#8619,#8620),(
#8621,#8622,#8623,#8624,#8625,#8626,#8627),(#8628,#8629,#8630,#8631,#8632,#8633,
#8634),(#8635,#8636,#8637,#8638,#8639,#8640,#8641)),.UNSPECIFIED.,.F.,.F.,.F.,
(9,9),(7,7),(-3.834486827157E-1,3.525041336305E0),(-4.931065449608E-2,
1.637560273811E0),.UNSPECIFIED.);
#8643=ORIENTED_EDGE('',*,*,#8477,.F.);
#8644=ORIENTED_EDGE('',*,*,#8573,.F.);
#8646=ORIENTED_EDGE('',*,*,#8645,.T.);
#8647=ORIENTED_EDGE('',*,*,#8569,.T.);
#8648=EDGE_LOOP('',(#8643,#8644,#8646,#8647));
#8649=FACE_OUTER_BOUND('',#8648,.F.);
#8651=CARTESIAN_POINT('',(-8.633914957785E-1,3.589659011830E1,
3.563228353862E0));
#8652=CARTESIAN_POINT('',(-8.633914957785E-1,3.589659011830E1,
3.756323239399E0));
#8653=CARTESIAN_POINT('',(-1.056094193617E0,3.589659011830E1,3.563228353862E0));
#8654=CARTESIAN_POINT('',(-1.056094193617E0,3.589659011830E1,3.756323239399E0));
#8655=B_SPLINE_SURFACE_WITH_KNOTS('',1,1,((#8651,#8652),(#8653,#8654)),
.UNSPECIFIED.,.F.,.F.,.F.,(2,2),(2,2),(-9.635134891905E-2,9.635134891905E-2),(
-9.654744276869E-2,9.654744276869E-2),.UNSPECIFIED.);
#8656=ORIENTED_EDGE('',*,*,#8645,.F.);
#8657=ORIENTED_EDGE('',*,*,#8571,.F.);
#8658=EDGE_LOOP('',(#8656,#8657));
#8659=FACE_OUTER_BOUND('',#8658,.F.);
#8661=CARTESIAN_POINT('',(-3.108163307774E0,3.559571070013E1,3.672919331655E0));
#8662=CARTESIAN_POINT('',(-3.024696578046E0,3.080445049905E1,3.667668050127E0));
#8663=CARTESIAN_POINT('',(-3.092162197253E0,3.559571070013E1,3.927249700384E0));
#8664=CARTESIAN_POINT('',(-3.005835920364E0,3.080445049905E1,3.967449619444E0));
#8665=CARTESIAN_POINT('',(-3.242353589672E0,3.559571070013E1,4.192036015135E0));
#8666=CARTESIAN_POINT('',(-3.182867910458E0,3.080445049905E1,4.279555709513E0));
#8667=CARTESIAN_POINT('',(-3.575216408100E0,3.559571070013E1,4.333201398911E0));
#8668=CARTESIAN_POINT('',(-3.575216408100E0,3.080445049905E1,4.445948659333E0));
#8669=CARTESIAN_POINT('',(-3.908079226527E0,3.559571070013E1,4.192036015135E0));
#8670=CARTESIAN_POINT('',(-3.967564905741E0,3.080445049905E1,4.279555709513E0));
#8671=CARTESIAN_POINT('',(-4.058270618947E0,3.559571070013E1,3.927249700384E0));
#8672=CARTESIAN_POINT('',(-4.144596895835E0,3.080445049905E1,3.967449619444E0));
#8673=CARTESIAN_POINT('',(-4.042269508426E0,3.559571070013E1,3.672919331655E0));
#8674=CARTESIAN_POINT('',(-4.125736238153E0,3.080445049905E1,3.667668050127E0));
#8675=B_SPLINE_SURFACE_WITH_KNOTS('',6,1,((#8661,#8662),(#8663,#8664),(#8665,
#8666),(#8667,#8668),(#8669,#8670),(#8671,#8672),(#8673,#8674)),.UNSPECIFIED.,
.F.,.F.,.F.,(7,7),(2,2),(3.078760800518E0,6.346017160251E0),(2.681035831509E1,
3.160161851617E1),.UNSPECIFIED.);
#8677=ORIENTED_EDGE('',*,*,#8676,.F.);
#8678=ORIENTED_EDGE('',*,*,#6294,.T.);
#8680=ORIENTED_EDGE('',*,*,#8679,.T.);
#8682=ORIENTED_EDGE('',*,*,#8681,.T.);
#8683=EDGE_LOOP('',(#8677,#8678,#8680,#8682));
#8684=FACE_OUTER_BOUND('',#8683,.F.);
#8686=CARTESIAN_POINT('',(-4.042269508426E0,3.559571070013E1,3.731688312449E0));
#8687=CARTESIAN_POINT('',(-4.125736238153E0,3.080445049905E1,3.736939593976E0));
#8688=CARTESIAN_POINT('',(-4.058270618947E0,3.559571070013E1,3.477357943720E0));
#8689=CARTESIAN_POINT('',(-4.144596895835E0,3.080445049905E1,3.437158024659E0));
#8690=CARTESIAN_POINT('',(-3.908079226527E0,3.559571070013E1,3.212571628968E0));
#8691=CARTESIAN_POINT('',(-3.967564905741E0,3.080445049905E1,3.125051934590E0));
#8692=CARTESIAN_POINT('',(-3.575216408100E0,3.559571070013E1,3.071406245193E0));
#8693=CARTESIAN_POINT('',(-3.575216408100E0,3.080445049905E1,2.958658984771E0));
#8694=CARTESIAN_POINT('',(-3.242353589672E0,3.559571070013E1,3.212571628968E0));
#8695=CARTESIAN_POINT('',(-3.182867910458E0,3.080445049905E1,3.125051934590E0));
#8696=CARTESIAN_POINT('',(-3.092162197253E0,3.559571070013E1,3.477357943720E0));
#8697=CARTESIAN_POINT('',(-3.005835920364E0,3.080445049905E1,3.437158024659E0));
#8698=CARTESIAN_POINT('',(-3.108163307774E0,3.559571070013E1,3.731688312449E0));
#8699=CARTESIAN_POINT('',(-3.024696578046E0,3.080445049905E1,3.736939593976E0));
#8700=B_SPLINE_SURFACE_WITH_KNOTS('',6,1,((#8686,#8687),(#8688,#8689),(#8690,
#8691),(#8692,#8693),(#8694,#8695),(#8696,#8697),(#8698,#8699)),.UNSPECIFIED.,
.F.,.F.,.F.,(7,7),(2,2),(-6.283185307180E-2,3.204424506662E0),(2.681035831509E1,
3.160161851617E1),.UNSPECIFIED.);
#8702=ORIENTED_EDGE('',*,*,#8701,.T.);
#8703=ORIENTED_EDGE('',*,*,#8679,.F.);
#8704=ORIENTED_EDGE('',*,*,#6296,.T.);
#8705=ORIENTED_EDGE('',*,*,#8676,.T.);
#8706=EDGE_LOOP('',(#8702,#8703,#8704,#8705));
#8707=FACE_OUTER_BOUND('',#8706,.F.);
#8709=CARTESIAN_POINT('',(-3.140127248362E0,3.547687384892E1,3.877826231737E0));
#8710=CARTESIAN_POINT('',(-3.134986657515E0,3.558919521534E1,3.879900034020E0));
#8711=CARTESIAN_POINT('',(-3.164988507279E0,3.570338669194E1,3.867796774613E0));
#8712=CARTESIAN_POINT('',(-3.230908088781E0,3.580352513515E1,3.841203687813E0));
#8713=CARTESIAN_POINT('',(-3.324910782430E0,3.587284817935E1,3.803281393182E0));
#8714=CARTESIAN_POINT('',(-3.431317141411E0,3.590320153197E1,3.760355247779E0));
#8715=CARTESIAN_POINT('',(-3.535376141727E0,3.589569896447E1,3.718376067015E0));
#8716=CARTESIAN_POINT('',(-3.054373800066E0,3.547687384892E1,3.665258526960E0));
#8717=CARTESIAN_POINT('',(-3.048220029778E0,3.558919521534E1,3.664820835741E0));
#8718=CARTESIAN_POINT('',(-3.084296751894E0,3.570338669194E1,3.667776115648E0));
#8719=CARTESIAN_POINT('',(-3.163086455442E0,3.580352513515E1,3.673085796120E0));
#8720=CARTESIAN_POINT('',(-3.275362752996E0,3.587284817935E1,3.680460549212E0));
#8721=CARTESIAN_POINT('',(-3.402955464155E0,3.590320153197E1,3.690051641829E0));
#8722=CARTESIAN_POINT('',(-3.527523865599E0,3.589569896447E1,3.698911656581E0));
#8723=CARTESIAN_POINT('',(-3.087308744982E0,3.547687384892E1,3.404809894074E0));
#8724=CARTESIAN_POINT('',(-3.078016722024E0,3.558919521534E1,3.402718000245E0));
#8725=CARTESIAN_POINT('',(-3.111705250661E0,3.570338669194E1,3.424145964991E0));
#8726=CARTESIAN_POINT('',(-3.188564017828E0,3.580352513515E1,3.467329412892E0));
#8727=CARTESIAN_POINT('',(-3.297974868258E0,3.587284817935E1,3.528529068498E0));
#8728=CARTESIAN_POINT('',(-3.419276887970E0,3.590320153197E1,3.601722108558E0));
#8729=CARTESIAN_POINT('',(-3.530539654315E0,3.589569896447E1,3.675062882880E0));
#8730=CARTESIAN_POINT('',(-3.269725539666E0,3.547687384892E1,3.173875280585E0));
#8731=CARTESIAN_POINT('',(-3.271995122974E0,3.558919521534E1,3.163837201142E0));
#8732=CARTESIAN_POINT('',(-3.292752647378E0,3.570338669194E1,3.196762619525E0));
#8733=CARTESIAN_POINT('',(-3.334318996383E0,3.580352513515E1,3.282674858175E0));
#8734=CARTESIAN_POINT('',(-3.394027162095E0,3.587284817935E1,3.406731424274E0));
#8735=CARTESIAN_POINT('',(-3.465132046934E0,3.590320153197E1,3.533374003968E0));
#8736=CARTESIAN_POINT('',(-3.547243204676E0,3.589569896447E1,3.653916650412E0));
#8737=CARTESIAN_POINT('',(-3.575216408100E0,3.547687384892E1,3.073453665213E0));
#8738=CARTESIAN_POINT('',(-3.575216408100E0,3.558919521534E1,3.070956868127E0));
#8739=CARTESIAN_POINT('',(-3.575216408100E0,3.570338669194E1,3.119117086864E0));
#8740=CARTESIAN_POINT('',(-3.575216408100E0,3.580352513515E1,3.206612206938E0));
#8741=CARTESIAN_POINT('',(-3.575216408100E0,3.587284817935E1,3.329261473673E0));
#8742=CARTESIAN_POINT('',(-3.575216408100E0,3.590320153197E1,3.486728909554E0));
#8743=CARTESIAN_POINT('',(-3.575216408100E0,3.589569896447E1,3.644721238813E0));
#8744=CARTESIAN_POINT('',(-3.880707276533E0,3.547687384892E1,3.173875280585E0));
#8745=CARTESIAN_POINT('',(-3.878437693225E0,3.558919521534E1,3.163837201142E0));
#8746=CARTESIAN_POINT('',(-3.857680168821E0,3.570338669194E1,3.196762619525E0));
#8747=CARTESIAN_POINT('',(-3.816113819816E0,3.580352513515E1,3.282674858175E0));
#8748=CARTESIAN_POINT('',(-3.756405654104E0,3.587284817935E1,3.406731424274E0));
#8749=CARTESIAN_POINT('',(-3.685300769265E0,3.590320153197E1,3.533374003968E0));
#8750=CARTESIAN_POINT('',(-3.603189611523E0,3.589569896447E1,3.653916650412E0));
#8751=CARTESIAN_POINT('',(-4.063124071217E0,3.547687384892E1,3.404809894074E0));
#8752=CARTESIAN_POINT('',(-4.072416094175E0,3.558919521534E1,3.402718000245E0));
#8753=CARTESIAN_POINT('',(-4.038727565538E0,3.570338669194E1,3.424145964991E0));
#8754=CARTESIAN_POINT('',(-3.961868798371E0,3.580352513515E1,3.467329412892E0));
#8755=CARTESIAN_POINT('',(-3.852457947941E0,3.587284817935E1,3.528529068498E0));
#8756=CARTESIAN_POINT('',(-3.731155928230E0,3.590320153197E1,3.601722108558E0));
#8757=CARTESIAN_POINT('',(-3.619893161884E0,3.589569896447E1,3.675062882880E0));
#8758=CARTESIAN_POINT('',(-4.096059016133E0,3.547687384892E1,3.665258526960E0));
#8759=CARTESIAN_POINT('',(-4.102212786421E0,3.558919521534E1,3.664820835741E0));
#8760=CARTESIAN_POINT('',(-4.066136064306E0,3.570338669194E1,3.667776115648E0));
#8761=CARTESIAN_POINT('',(-3.987346360757E0,3.580352513515E1,3.673085796120E0));
#8762=CARTESIAN_POINT('',(-3.875070063204E0,3.587284817935E1,3.680460549212E0));
#8763=CARTESIAN_POINT('',(-3.747477352044E0,3.590320153197E1,3.690051641829E0));
#8764=CARTESIAN_POINT('',(-3.622908950600E0,3.589569896447E1,3.698911656581E0));
#8765=CARTESIAN_POINT('',(-4.010305567837E0,3.547687384892E1,3.877826231737E0));
#8766=CARTESIAN_POINT('',(-4.015446158684E0,3.558919521534E1,3.879900034020E0));
#8767=CARTESIAN_POINT('',(-3.985444308920E0,3.570338669194E1,3.867796774613E0));
#8768=CARTESIAN_POINT('',(-3.919524727418E0,3.580352513515E1,3.841203687813E0));
#8769=CARTESIAN_POINT('',(-3.825522033769E0,3.587284817935E1,3.803281393182E0));
#8770=CARTESIAN_POINT('',(-3.719115674788E0,3.590320153197E1,3.760355247779E0));
#8771=CARTESIAN_POINT('',(-3.615056674472E0,3.589569896447E1,3.718376067015E0));
#8772=B_SPLINE_SURFACE_WITH_KNOTS('',8,6,((#8709,#8710,#8711,#8712,#8713,#8714,
#8715),(#8716,#8717,#8718,#8719,#8720,#8721,#8722),(#8723,#8724,#8725,#8726,
#8727,#8728,#8729),(#8730,#8731,#8732,#8733,#8734,#8735,#8736),(#8737,#8738,
#8739,#8740,#8741,#8742,#8743),(#8744,#8745,#8746,#8747,#8748,#8749,#8750),(
#8751,#8752,#8753,#8754,#8755,#8756,#8757),(#8758,#8759,#8760,#8761,#8762,#8763,
#8764),(#8765,#8766,#8767,#8768,#8769,#8770,#8771)),.UNSPECIFIED.,.F.,.F.,.F.,
(9,9),(7,7),(2.758143970874E0,6.666633989895E0),(-4.931065449608E-2,
1.637560273811E0),.UNSPECIFIED.);
#8774=ORIENTED_EDGE('',*,*,#8773,.F.);
#8776=ORIENTED_EDGE('',*,*,#8775,.T.);
#8778=ORIENTED_EDGE('',*,*,#8777,.T.);
#8779=ORIENTED_EDGE('',*,*,#8701,.F.);
#8780=EDGE_LOOP('',(#8774,#8776,#8778,#8779));
#8781=FACE_OUTER_BOUND('',#8780,.F.);
#8783=CARTESIAN_POINT('',(-4.010305567837E0,3.547687384892E1,3.526781412366E0));
#8784=CARTESIAN_POINT('',(-4.015446158684E0,3.558919521534E1,3.524707610083E0));
#8785=CARTESIAN_POINT('',(-3.985444308920E0,3.570338669194E1,3.536810869491E0));
#8786=CARTESIAN_POINT('',(-3.919524727418E0,3.580352513515E1,3.563403956291E0));
#8787=CARTESIAN_POINT('',(-3.825522033769E0,3.587284817935E1,3.601326250921E0));
#8788=CARTESIAN_POINT('',(-3.719115674788E0,3.590320153197E1,3.644252396325E0));
#8789=CARTESIAN_POINT('',(-3.615056674472E0,3.589569896447E1,3.686231577088E0));
#8790=CARTESIAN_POINT('',(-4.096059016133E0,3.547687384892E1,3.739349117143E0));
#8791=CARTESIAN_POINT('',(-4.102212786421E0,3.558919521534E1,3.739786808363E0));
#8792=CARTESIAN_POINT('',(-4.066136064306E0,3.570338669194E1,3.736831528456E0));
#8793=CARTESIAN_POINT('',(-3.987346360757E0,3.580352513515E1,3.731521847984E0));
#8794=CARTESIAN_POINT('',(-3.875070063204E0,3.587284817935E1,3.724147094892E0));
#8795=CARTESIAN_POINT('',(-3.747477352044E0,3.590320153197E1,3.714556002274E0));
#8796=CARTESIAN_POINT('',(-3.622908950600E0,3.589569896447E1,3.705695987522E0));
#8797=CARTESIAN_POINT('',(-4.063124071217E0,3.547687384892E1,3.999797750029E0));
#8798=CARTESIAN_POINT('',(-4.072416094175E0,3.558919521534E1,4.001889643858E0));
#8799=CARTESIAN_POINT('',(-4.038727565538E0,3.570338669194E1,3.980461679112E0));
#8800=CARTESIAN_POINT('',(-3.961868798371E0,3.580352513515E1,3.937278231211E0));
#8801=CARTESIAN_POINT('',(-3.852457947941E0,3.587284817935E1,3.876078575606E0));
#8802=CARTESIAN_POINT('',(-3.731155928230E0,3.590320153197E1,3.802885535546E0));
#8803=CARTESIAN_POINT('',(-3.619893161884E0,3.589569896447E1,3.729544761224E0));
#8804=CARTESIAN_POINT('',(-3.880707276533E0,3.547687384892E1,4.230732363519E0));
#8805=CARTESIAN_POINT('',(-3.878437693225E0,3.558919521534E1,4.240770442961E0));
#8806=CARTESIAN_POINT('',(-3.857680168821E0,3.570338669194E1,4.207845024579E0));
#8807=CARTESIAN_POINT('',(-3.816113819816E0,3.580352513515E1,4.121932785929E0));
#8808=CARTESIAN_POINT('',(-3.756405654104E0,3.587284817935E1,3.997876219830E0));
#8809=CARTESIAN_POINT('',(-3.685300769265E0,3.590320153197E1,3.871233640135E0));
#8810=CARTESIAN_POINT('',(-3.603189611523E0,3.589569896447E1,3.750690993692E0));
#8811=CARTESIAN_POINT('',(-3.575216408100E0,3.547687384892E1,4.331153978890E0));
#8812=CARTESIAN_POINT('',(-3.575216408100E0,3.558919521534E1,4.333650775976E0));
#8813=CARTESIAN_POINT('',(-3.575216408100E0,3.570338669194E1,4.285490557240E0));
#8814=CARTESIAN_POINT('',(-3.575216408100E0,3.580352513515E1,4.197995437165E0));
#8815=CARTESIAN_POINT('',(-3.575216408100E0,3.587284817935E1,4.075346170430E0));
#8816=CARTESIAN_POINT('',(-3.575216408100E0,3.590320153197E1,3.917878734550E0));
#8817=CARTESIAN_POINT('',(-3.575216408100E0,3.589569896447E1,3.759886405291E0));
#8818=CARTESIAN_POINT('',(-3.269725539666E0,3.547687384892E1,4.230732363519E0));
#8819=CARTESIAN_POINT('',(-3.271995122974E0,3.558919521534E1,4.240770442961E0));
#8820=CARTESIAN_POINT('',(-3.292752647378E0,3.570338669194E1,4.207845024579E0));
#8821=CARTESIAN_POINT('',(-3.334318996383E0,3.580352513515E1,4.121932785929E0));
#8822=CARTESIAN_POINT('',(-3.394027162095E0,3.587284817935E1,3.997876219830E0));
#8823=CARTESIAN_POINT('',(-3.465132046934E0,3.590320153197E1,3.871233640135E0));
#8824=CARTESIAN_POINT('',(-3.547243204676E0,3.589569896447E1,3.750690993692E0));
#8825=CARTESIAN_POINT('',(-3.087308744982E0,3.547687384892E1,3.999797750029E0));
#8826=CARTESIAN_POINT('',(-3.078016722024E0,3.558919521534E1,4.001889643858E0));
#8827=CARTESIAN_POINT('',(-3.111705250661E0,3.570338669194E1,3.980461679112E0));
#8828=CARTESIAN_POINT('',(-3.188564017828E0,3.580352513515E1,3.937278231211E0));
#8829=CARTESIAN_POINT('',(-3.297974868258E0,3.587284817935E1,3.876078575606E0));
#8830=CARTESIAN_POINT('',(-3.419276887970E0,3.590320153197E1,3.802885535546E0));
#8831=CARTESIAN_POINT('',(-3.530539654315E0,3.589569896447E1,3.729544761224E0));
#8832=CARTESIAN_POINT('',(-3.054373800066E0,3.547687384892E1,3.739349117143E0));
#8833=CARTESIAN_POINT('',(-3.048220029778E0,3.558919521534E1,3.739786808363E0));
#8834=CARTESIAN_POINT('',(-3.084296751894E0,3.570338669194E1,3.736831528456E0));
#8835=CARTESIAN_POINT('',(-3.163086455442E0,3.580352513515E1,3.731521847984E0));
#8836=CARTESIAN_POINT('',(-3.275362752996E0,3.587284817935E1,3.724147094892E0));
#8837=CARTESIAN_POINT('',(-3.402955464155E0,3.590320153197E1,3.714556002274E0));
#8838=CARTESIAN_POINT('',(-3.527523865599E0,3.589569896447E1,3.705695987522E0));
#8839=CARTESIAN_POINT('',(-3.140127248362E0,3.547687384892E1,3.526781412366E0));
#8840=CARTESIAN_POINT('',(-3.134986657515E0,3.558919521534E1,3.524707610083E0));
#8841=CARTESIAN_POINT('',(-3.164988507279E0,3.570338669194E1,3.536810869491E0));
#8842=CARTESIAN_POINT('',(-3.230908088781E0,3.580352513515E1,3.563403956291E0));
#8843=CARTESIAN_POINT('',(-3.324910782430E0,3.587284817935E1,3.601326250921E0));
#8844=CARTESIAN_POINT('',(-3.431317141411E0,3.590320153197E1,3.644252396325E0));
#8845=CARTESIAN_POINT('',(-3.535376141727E0,3.589569896447E1,3.686231577088E0));
#8846=B_SPLINE_SURFACE_WITH_KNOTS('',8,6,((#8783,#8784,#8785,#8786,#8787,#8788,
#8789),(#8790,#8791,#8792,#8793,#8794,#8795,#8796),(#8797,#8798,#8799,#8800,
#8801,#8802,#8803),(#8804,#8805,#8806,#8807,#8808,#8809,#8810),(#8811,#8812,
#8813,#8814,#8815,#8816,#8817),(#8818,#8819,#8820,#8821,#8822,#8823,#8824),(
#8825,#8826,#8827,#8828,#8829,#8830,#8831),(#8832,#8833,#8834,#8835,#8836,#8837,
#8838),(#8839,#8840,#8841,#8842,#8843,#8844,#8845)),.UNSPECIFIED.,.F.,.F.,.F.,
(9,9),(7,7),(-3.834486827157E-1,3.525041336305E0),(-4.931065449608E-2,
1.637560273811E0),.UNSPECIFIED.);
#8847=ORIENTED_EDGE('',*,*,#8681,.F.);
#8848=ORIENTED_EDGE('',*,*,#8777,.F.);
#8850=ORIENTED_EDGE('',*,*,#8849,.T.);
#8851=ORIENTED_EDGE('',*,*,#8773,.T.);
#8852=EDGE_LOOP('',(#8847,#8848,#8850,#8851));
#8853=FACE_OUTER_BOUND('',#8852,.F.);
#8855=CARTESIAN_POINT('',(-3.478865059181E0,3.589659011830E1,3.605756717285E0));
#8856=CARTESIAN_POINT('',(-3.478865059181E0,3.589659011830E1,3.798850970596E0));
#8857=CARTESIAN_POINT('',(-3.671567757019E0,3.589659011830E1,3.605756717285E0));
#8858=CARTESIAN_POINT('',(-3.671567757019E0,3.589659011830E1,3.798850970596E0));
#8859=B_SPLINE_SURFACE_WITH_KNOTS('',1,1,((#8855,#8856),(#8857,#8858)),
.UNSPECIFIED.,.F.,.F.,.F.,(2,2),(2,2),(-9.635134891905E-2,9.635134891905E-2),(
-9.654710476645E-2,9.654714854448E-2),.UNSPECIFIED.);
#8860=ORIENTED_EDGE('',*,*,#8849,.F.);
#8861=ORIENTED_EDGE('',*,*,#8775,.F.);
#8862=EDGE_LOOP('',(#8860,#8861));
#8863=FACE_OUTER_BOUND('',#8862,.F.);
#8865=CARTESIAN_POINT('',(1.571397995061E0,3.559571070013E1,3.651655318944E0));
#8866=CARTESIAN_POINT('',(1.654864724789E0,3.080445049905E1,3.646404037417E0));
#8867=CARTESIAN_POINT('',(1.587399105582E0,3.559571070013E1,3.905985687673E0));
#8868=CARTESIAN_POINT('',(1.673725382471E0,3.080445049905E1,3.946185606734E0));
#8869=CARTESIAN_POINT('',(1.437207713163E0,3.559571070013E1,4.170772002425E0));
#8870=CARTESIAN_POINT('',(1.496693392377E0,3.080445049905E1,4.258291696803E0));
#8871=CARTESIAN_POINT('',(1.104344894735E0,3.559571070013E1,4.311937386200E0));
#8872=CARTESIAN_POINT('',(1.104344894735E0,3.080445049905E1,4.424684646622E0));
#8873=CARTESIAN_POINT('',(7.714820763079E-1,3.559571070013E1,4.170772002425E0));
#8874=CARTESIAN_POINT('',(7.119963970937E-1,3.080445049905E1,4.258291696803E0));
#8875=CARTESIAN_POINT('',(6.212906838885E-1,3.559571070013E1,3.905985687673E0));
#8876=CARTESIAN_POINT('',(5.349644069997E-1,3.080445049905E1,3.946185606734E0));
#8877=CARTESIAN_POINT('',(6.372917944095E-1,3.559571070013E1,3.651655318944E0));
#8878=CARTESIAN_POINT('',(5.538250646821E-1,3.080445049905E1,3.646404037417E0));
#8879=B_SPLINE_SURFACE_WITH_KNOTS('',6,1,((#8865,#8866),(#8867,#8868),(#8869,
#8870),(#8871,#8872),(#8873,#8874),(#8875,#8876),(#8877,#8878)),.UNSPECIFIED.,
.F.,.F.,.F.,(7,7),(2,2),(3.078760800518E0,6.346017160251E0),(2.681035831509E1,
3.160161851617E1),.UNSPECIFIED.);
#8881=ORIENTED_EDGE('',*,*,#8880,.F.);
#8882=ORIENTED_EDGE('',*,*,#6300,.T.);
#8884=ORIENTED_EDGE('',*,*,#8883,.T.);
#8886=ORIENTED_EDGE('',*,*,#8885,.T.);
#8887=EDGE_LOOP('',(#8881,#8882,#8884,#8886));
#8888=FACE_OUTER_BOUND('',#8887,.F.);
#8890=CARTESIAN_POINT('',(6.372917944095E-1,3.559571070013E1,3.710424299738E0));
#8891=CARTESIAN_POINT('',(5.538250646821E-1,3.080445049905E1,3.715675581266E0));
#8892=CARTESIAN_POINT('',(6.212906838885E-1,3.559571070013E1,3.456093931009E0));
#8893=CARTESIAN_POINT('',(5.349644069997E-1,3.080445049905E1,3.415894011949E0));
#8894=CARTESIAN_POINT('',(7.714820763079E-1,3.559571070013E1,3.191307616258E0));
#8895=CARTESIAN_POINT('',(7.119963970937E-1,3.080445049905E1,3.103787921880E0));
#8896=CARTESIAN_POINT('',(1.104344894735E0,3.559571070013E1,3.050142232482E0));
#8897=CARTESIAN_POINT('',(1.104344894735E0,3.080445049905E1,2.937394972060E0));
#8898=CARTESIAN_POINT('',(1.437207713163E0,3.559571070013E1,3.191307616258E0));
#8899=CARTESIAN_POINT('',(1.496693392377E0,3.080445049905E1,3.103787921880E0));
#8900=CARTESIAN_POINT('',(1.587399105582E0,3.559571070013E1,3.456093931009E0));
#8901=CARTESIAN_POINT('',(1.673725382471E0,3.080445049905E1,3.415894011949E0));
#8902=CARTESIAN_POINT('',(1.571397995061E0,3.559571070013E1,3.710424299738E0));
#8903=CARTESIAN_POINT('',(1.654864724789E0,3.080445049905E1,3.715675581266E0));
#8904=B_SPLINE_SURFACE_WITH_KNOTS('',6,1,((#8890,#8891),(#8892,#8893),(#8894,
#8895),(#8896,#8897),(#8898,#8899),(#8900,#8901),(#8902,#8903)),.UNSPECIFIED.,
.F.,.F.,.F.,(7,7),(2,2),(-6.283185307180E-2,3.204424506662E0),(2.681035831509E1,
3.160161851617E1),.UNSPECIFIED.);
#8906=ORIENTED_EDGE('',*,*,#8905,.T.);
#8907=ORIENTED_EDGE('',*,*,#8883,.F.);
#8908=ORIENTED_EDGE('',*,*,#6302,.T.);
#8909=ORIENTED_EDGE('',*,*,#8880,.T.);
#8910=EDGE_LOOP('',(#8906,#8907,#8908,#8909));
#8911=FACE_OUTER_BOUND('',#8910,.F.);
#8913=CARTESIAN_POINT('',(1.539434054473E0,3.547687384892E1,3.856562219027E0));
#8914=CARTESIAN_POINT('',(1.544574645320E0,3.558919521534E1,3.858636021310E0));
#8915=CARTESIAN_POINT('',(1.514572795556E0,3.570338669194E1,3.846532761902E0));
#8916=CARTESIAN_POINT('',(1.448653214054E0,3.580352513515E1,3.819939675102E0));
#8917=CARTESIAN_POINT('',(1.354650520405E0,3.587284817935E1,3.782017380472E0));
#8918=CARTESIAN_POINT('',(1.248244161424E0,3.590320153197E1,3.739091235068E0));
#8919=CARTESIAN_POINT('',(1.144185161108E0,3.589569896447E1,3.697112054305E0));
#8920=CARTESIAN_POINT('',(1.625187502769E0,3.547687384892E1,3.643994514250E0));
#8921=CARTESIAN_POINT('',(1.631341273057E0,3.558919521534E1,3.643556823030E0));
#8922=CARTESIAN_POINT('',(1.595264550941E0,3.570338669194E1,3.646512102937E0));
#8923=CARTESIAN_POINT('',(1.516474847393E0,3.580352513515E1,3.651821783409E0));
#8924=CARTESIAN_POINT('',(1.404198549840E0,3.587284817935E1,3.659196536501E0));
#8925=CARTESIAN_POINT('',(1.276605838680E0,3.590320153197E1,3.668787629119E0));
#8926=CARTESIAN_POINT('',(1.152037437236E0,3.589569896447E1,3.677647643871E0));
#8927=CARTESIAN_POINT('',(1.592252557853E0,3.547687384892E1,3.383545881364E0));
#8928=CARTESIAN_POINT('',(1.601544580811E0,3.558919521534E1,3.381453987535E0));
#8929=CARTESIAN_POINT('',(1.567856052174E0,3.570338669194E1,3.402881952281E0));
#8930=CARTESIAN_POINT('',(1.490997285007E0,3.580352513515E1,3.446065400182E0));
#8931=CARTESIAN_POINT('',(1.381586434577E0,3.587284817935E1,3.507265055787E0));
#8932=CARTESIAN_POINT('',(1.260284414865E0,3.590320153197E1,3.580458095847E0));
#8933=CARTESIAN_POINT('',(1.149021648520E0,3.589569896447E1,3.653798870169E0));
#8934=CARTESIAN_POINT('',(1.409835763169E0,3.547687384892E1,3.152611267874E0));
#8935=CARTESIAN_POINT('',(1.407566179861E0,3.558919521534E1,3.142573188432E0));
#8936=CARTESIAN_POINT('',(1.386808655457E0,3.570338669194E1,3.175498606814E0));
#8937=CARTESIAN_POINT('',(1.345242306452E0,3.580352513515E1,3.261410845464E0));
#8938=CARTESIAN_POINT('',(1.285534140740E0,3.587284817935E1,3.385467411563E0));
#8939=CARTESIAN_POINT('',(1.214429255901E0,3.590320153197E1,3.512109991258E0));
#8940=CARTESIAN_POINT('',(1.132318098159E0,3.589569896447E1,3.632652637701E0));
#8941=CARTESIAN_POINT('',(1.104344894735E0,3.547687384892E1,3.052189652503E0));
#8942=CARTESIAN_POINT('',(1.104344894735E0,3.558919521534E1,3.049692855417E0));
#8943=CARTESIAN_POINT('',(1.104344894735E0,3.570338669194E1,3.097853074153E0));
#8944=CARTESIAN_POINT('',(1.104344894735E0,3.580352513515E1,3.185348194228E0));
#8945=CARTESIAN_POINT('',(1.104344894735E0,3.587284817935E1,3.307997460963E0));
#8946=CARTESIAN_POINT('',(1.104344894735E0,3.590320153197E1,3.465464896843E0));
#8947=CARTESIAN_POINT('',(1.104344894735E0,3.589569896447E1,3.623457226102E0));
#8948=CARTESIAN_POINT('',(7.988540263023E-1,3.547687384892E1,3.152611267874E0));
#8949=CARTESIAN_POINT('',(8.011236096102E-1,3.558919521534E1,3.142573188432E0));
#8950=CARTESIAN_POINT('',(8.218811340137E-1,3.570338669194E1,3.175498606814E0));
#8951=CARTESIAN_POINT('',(8.634474830189E-1,3.580352513515E1,3.261410845464E0));
#8952=CARTESIAN_POINT('',(9.231556487312E-1,3.587284817935E1,3.385467411563E0));
#8953=CARTESIAN_POINT('',(9.942605335700E-1,3.590320153197E1,3.512109991258E0));
#8954=CARTESIAN_POINT('',(1.076371691312E0,3.589569896447E1,3.632652637701E0));
#8955=CARTESIAN_POINT('',(6.164372316180E-1,3.547687384892E1,3.383545881364E0));
#8956=CARTESIAN_POINT('',(6.071452086599E-1,3.558919521534E1,3.381453987535E0));
#8957=CARTESIAN_POINT('',(6.408337372968E-1,3.570338669194E1,3.402881952281E0));
#8958=CARTESIAN_POINT('',(7.176925044641E-1,3.580352513515E1,3.446065400182E0));
#8959=CARTESIAN_POINT('',(8.271033548938E-1,3.587284817935E1,3.507265055787E0));
#8960=CARTESIAN_POINT('',(9.484053746055E-1,3.590320153197E1,3.580458095847E0));
#8961=CARTESIAN_POINT('',(1.059668140951E0,3.589569896447E1,3.653798870169E0));
#8962=CARTESIAN_POINT('',(5.835022867018E-1,3.547687384892E1,3.643994514250E0));
#8963=CARTESIAN_POINT('',(5.773485164144E-1,3.558919521534E1,3.643556823030E0));
#8964=CARTESIAN_POINT('',(6.134252385295E-1,3.570338669194E1,3.646512102937E0));
#8965=CARTESIAN_POINT('',(6.922149420782E-1,3.580352513515E1,3.651821783409E0));
#8966=CARTESIAN_POINT('',(8.044912396314E-1,3.587284817935E1,3.659196536501E0));
#8967=CARTESIAN_POINT('',(9.320839507912E-1,3.590320153197E1,3.668787629119E0));
#8968=CARTESIAN_POINT('',(1.056652352235E0,3.589569896447E1,3.677647643871E0));
#8969=CARTESIAN_POINT('',(6.692557349982E-1,3.547687384892E1,3.856562219027E0));
#8970=CARTESIAN_POINT('',(6.641151441512E-1,3.558919521534E1,3.858636021310E0));
#8971=CARTESIAN_POINT('',(6.941169939152E-1,3.570338669194E1,3.846532761902E0));
#8972=CARTESIAN_POINT('',(7.600365754168E-1,3.580352513515E1,3.819939675102E0));
#8973=CARTESIAN_POINT('',(8.540392690659E-1,3.587284817935E1,3.782017380472E0));
#8974=CARTESIAN_POINT('',(9.604456280468E-1,3.590320153197E1,3.739091235068E0));
#8975=CARTESIAN_POINT('',(1.064504628363E0,3.589569896447E1,3.697112054305E0));
#8976=B_SPLINE_SURFACE_WITH_KNOTS('',8,6,((#8913,#8914,#8915,#8916,#8917,#8918,
#8919),(#8920,#8921,#8922,#8923,#8924,#8925,#8926),(#8927,#8928,#8929,#8930,
#8931,#8932,#8933),(#8934,#8935,#8936,#8937,#8938,#8939,#8940),(#8941,#8942,
#8943,#8944,#8945,#8946,#8947),(#8948,#8949,#8950,#8951,#8952,#8953,#8954),(
#8955,#8956,#8957,#8958,#8959,#8960,#8961),(#8962,#8963,#8964,#8965,#8966,#8967,
#8968),(#8969,#8970,#8971,#8972,#8973,#8974,#8975)),.UNSPECIFIED.,.F.,.F.,.F.,
(9,9),(7,7),(2.758143970874E0,6.666633989895E0),(-4.931065449608E-2,
1.637560273811E0),.UNSPECIFIED.);
#8978=ORIENTED_EDGE('',*,*,#8977,.F.);
#8980=ORIENTED_EDGE('',*,*,#8979,.T.);
#8982=ORIENTED_EDGE('',*,*,#8981,.T.);
#8983=ORIENTED_EDGE('',*,*,#8905,.F.);
#8984=EDGE_LOOP('',(#8978,#8980,#8982,#8983));
#8985=FACE_OUTER_BOUND('',#8984,.F.);
#8987=CARTESIAN_POINT('',(6.692557349982E-1,3.547687384892E1,3.505517399656E0));
#8988=CARTESIAN_POINT('',(6.641151441512E-1,3.558919521534E1,3.503443597373E0));
#8989=CARTESIAN_POINT('',(6.941169939152E-1,3.570338669194E1,3.515546856780E0));
#8990=CARTESIAN_POINT('',(7.600365754168E-1,3.580352513515E1,3.542139943580E0));
#8991=CARTESIAN_POINT('',(8.540392690659E-1,3.587284817935E1,3.580062238211E0));
#8992=CARTESIAN_POINT('',(9.604456280468E-1,3.590320153197E1,3.622988383614E0));
#8993=CARTESIAN_POINT('',(1.064504628363E0,3.589569896447E1,3.664967564378E0));
#8994=CARTESIAN_POINT('',(5.835022867018E-1,3.547687384892E1,3.718085104433E0));
#8995=CARTESIAN_POINT('',(5.773485164144E-1,3.558919521534E1,3.718522795652E0));
#8996=CARTESIAN_POINT('',(6.134252385295E-1,3.570338669194E1,3.715567515745E0));
#8997=CARTESIAN_POINT('',(6.922149420782E-1,3.580352513515E1,3.710257835273E0));
#8998=CARTESIAN_POINT('',(8.044912396314E-1,3.587284817935E1,3.702883082181E0));
#8999=CARTESIAN_POINT('',(9.320839507912E-1,3.590320153197E1,3.693291989564E0));
#9000=CARTESIAN_POINT('',(1.056652352235E0,3.589569896447E1,3.684431974812E0));
#9001=CARTESIAN_POINT('',(6.164372316180E-1,3.547687384892E1,3.978533737319E0));
#9002=CARTESIAN_POINT('',(6.071452086599E-1,3.558919521534E1,3.980625631148E0));
#9003=CARTESIAN_POINT('',(6.408337372968E-1,3.570338669194E1,3.959197666402E0));
#9004=CARTESIAN_POINT('',(7.176925044641E-1,3.580352513515E1,3.916014218501E0));
#9005=CARTESIAN_POINT('',(8.271033548938E-1,3.587284817935E1,3.854814562895E0));
#9006=CARTESIAN_POINT('',(9.484053746055E-1,3.590320153197E1,3.781621522835E0));
#9007=CARTESIAN_POINT('',(1.059668140951E0,3.589569896447E1,3.708280748513E0));
#9008=CARTESIAN_POINT('',(7.988540263023E-1,3.547687384892E1,4.209468350808E0));
#9009=CARTESIAN_POINT('',(8.011236096102E-1,3.558919521534E1,4.219506430251E0));
#9010=CARTESIAN_POINT('',(8.218811340137E-1,3.570338669194E1,4.186581011868E0));
#9011=CARTESIAN_POINT('',(8.634474830189E-1,3.580352513515E1,4.100668773218E0));
#9012=CARTESIAN_POINT('',(9.231556487312E-1,3.587284817935E1,3.976612207119E0));
#9013=CARTESIAN_POINT('',(9.942605335700E-1,3.590320153197E1,3.849969627425E0));
#9014=CARTESIAN_POINT('',(1.076371691312E0,3.589569896447E1,3.729426980981E0));
#9015=CARTESIAN_POINT('',(1.104344894735E0,3.547687384892E1,4.309889966180E0));
#9016=CARTESIAN_POINT('',(1.104344894735E0,3.558919521534E1,4.312386763266E0));
#9017=CARTESIAN_POINT('',(1.104344894735E0,3.570338669194E1,4.264226544529E0));
#9018=CARTESIAN_POINT('',(1.104344894735E0,3.580352513515E1,4.176731424455E0));
#9019=CARTESIAN_POINT('',(1.104344894735E0,3.587284817935E1,4.054082157720E0));
#9020=CARTESIAN_POINT('',(1.104344894735E0,3.590320153197E1,3.896614721839E0));
#9021=CARTESIAN_POINT('',(1.104344894735E0,3.589569896447E1,3.738622392580E0));
#9022=CARTESIAN_POINT('',(1.409835763169E0,3.547687384892E1,4.209468350808E0));
#9023=CARTESIAN_POINT('',(1.407566179861E0,3.558919521534E1,4.219506430251E0));
#9024=CARTESIAN_POINT('',(1.386808655457E0,3.570338669194E1,4.186581011868E0));
#9025=CARTESIAN_POINT('',(1.345242306452E0,3.580352513515E1,4.100668773218E0));
#9026=CARTESIAN_POINT('',(1.285534140740E0,3.587284817935E1,3.976612207119E0));
#9027=CARTESIAN_POINT('',(1.214429255901E0,3.590320153197E1,3.849969627425E0));
#9028=CARTESIAN_POINT('',(1.132318098159E0,3.589569896447E1,3.729426980981E0));
#9029=CARTESIAN_POINT('',(1.592252557853E0,3.547687384892E1,3.978533737319E0));
#9030=CARTESIAN_POINT('',(1.601544580811E0,3.558919521534E1,3.980625631148E0));
#9031=CARTESIAN_POINT('',(1.567856052174E0,3.570338669194E1,3.959197666402E0));
#9032=CARTESIAN_POINT('',(1.490997285007E0,3.580352513515E1,3.916014218501E0));
#9033=CARTESIAN_POINT('',(1.381586434577E0,3.587284817935E1,3.854814562895E0));
#9034=CARTESIAN_POINT('',(1.260284414865E0,3.590320153197E1,3.781621522835E0));
#9035=CARTESIAN_POINT('',(1.149021648520E0,3.589569896447E1,3.708280748513E0));
#9036=CARTESIAN_POINT('',(1.625187502769E0,3.547687384892E1,3.718085104433E0));
#9037=CARTESIAN_POINT('',(1.631341273057E0,3.558919521534E1,3.718522795652E0));
#9038=CARTESIAN_POINT('',(1.595264550941E0,3.570338669194E1,3.715567515745E0));
#9039=CARTESIAN_POINT('',(1.516474847393E0,3.580352513515E1,3.710257835273E0));
#9040=CARTESIAN_POINT('',(1.404198549840E0,3.587284817935E1,3.702883082181E0));
#9041=CARTESIAN_POINT('',(1.276605838680E0,3.590320153197E1,3.693291989564E0));
#9042=CARTESIAN_POINT('',(1.152037437236E0,3.589569896447E1,3.684431974812E0));
#9043=CARTESIAN_POINT('',(1.539434054473E0,3.547687384892E1,3.505517399656E0));
#9044=CARTESIAN_POINT('',(1.544574645320E0,3.558919521534E1,3.503443597373E0));
#9045=CARTESIAN_POINT('',(1.514572795556E0,3.570338669194E1,3.515546856780E0));
#9046=CARTESIAN_POINT('',(1.448653214054E0,3.580352513515E1,3.542139943580E0));
#9047=CARTESIAN_POINT('',(1.354650520405E0,3.587284817935E1,3.580062238211E0));
#9048=CARTESIAN_POINT('',(1.248244161424E0,3.590320153197E1,3.622988383614E0));
#9049=CARTESIAN_POINT('',(1.144185161108E0,3.589569896447E1,3.664967564378E0));
#9050=B_SPLINE_SURFACE_WITH_KNOTS('',8,6,((#8987,#8988,#8989,#8990,#8991,#8992,
#8993),(#8994,#8995,#8996,#8997,#8998,#8999,#9000),(#9001,#9002,#9003,#9004,
#9005,#9006,#9007),(#9008,#9009,#9010,#9011,#9012,#9013,#9014),(#9015,#9016,
#9017,#9018,#9019,#9020,#9021),(#9022,#9023,#9024,#9025,#9026,#9027,#9028),(
#9029,#9030,#9031,#9032,#9033,#9034,#9035),(#9036,#9037,#9038,#9039,#9040,#9041,
#9042),(#9043,#9044,#9045,#9046,#9047,#9048,#9049)),.UNSPECIFIED.,.F.,.F.,.F.,
(9,9),(7,7),(-3.834486827157E-1,3.525041336305E0),(-4.931065449608E-2,
1.637560273811E0),.UNSPECIFIED.);
#9051=ORIENTED_EDGE('',*,*,#8885,.F.);
#9052=ORIENTED_EDGE('',*,*,#8981,.F.);
#9054=ORIENTED_EDGE('',*,*,#9053,.T.);
#9055=ORIENTED_EDGE('',*,*,#8977,.T.);
#9056=EDGE_LOOP('',(#9051,#9052,#9054,#9055));
#9057=FACE_OUTER_BOUND('',#9056,.F.);
#9059=CARTESIAN_POINT('',(1.200696243655E0,3.589659011830E1,3.584492366573E0));
#9060=CARTESIAN_POINT('',(1.200696243655E0,3.589659011830E1,3.777587252110E0));
#9061=CARTESIAN_POINT('',(1.007993545816E0,3.589659011830E1,3.584492366573E0));
#9062=CARTESIAN_POINT('',(1.007993545816E0,3.589659011830E1,3.777587252110E0));
#9063=B_SPLINE_SURFACE_WITH_KNOTS('',1,1,((#9059,#9060),(#9061,#9062)),
.UNSPECIFIED.,.F.,.F.,.F.,(2,2),(2,2),(-9.635134891905E-2,9.635134891905E-2),(
-9.654744276869E-2,9.654744276869E-2),.UNSPECIFIED.);
#9064=ORIENTED_EDGE('',*,*,#9053,.F.);
#9065=ORIENTED_EDGE('',*,*,#8979,.F.);
#9066=EDGE_LOOP('',(#9064,#9065));
#9067=FACE_OUTER_BOUND('',#9066,.F.);
#9069=CARTESIAN_POINT('',(-3.546454629278E-1,3.057673536277E1,
7.569866329901E-1));
#9070=CARTESIAN_POINT('',(-5.230274527021E-1,3.068999101564E1,
8.643973645258E-1));
#9071=CARTESIAN_POINT('',(-7.212746209203E-1,3.077987048083E1,
9.496383115417E-1));
#9072=CARTESIAN_POINT('',(-9.411848968512E-1,3.084081808721E1,
1.007440521151E0));
#9073=CARTESIAN_POINT('',(-1.171531119726E0,3.086972225406E1,1.034852995736E0));
#9074=CARTESIAN_POINT('',(-1.401095260561E0,3.086675641837E1,1.032040221514E0));
#9075=CARTESIAN_POINT('',(-3.546454629278E-1,3.076823197768E1,
5.550694331415E-1));
#9076=CARTESIAN_POINT('',(-5.230274527021E-1,3.090865956543E1,
6.338296268735E-1));
#9077=CARTESIAN_POINT('',(-7.212746209203E-1,3.101976908543E1,
6.966852527624E-1));
#9078=CARTESIAN_POINT('',(-9.411848968512E-1,3.109531887181E1,
7.390906821271E-1));
#9079=CARTESIAN_POINT('',(-1.171531119726E0,3.113151134912E1,
7.588182415577E-1));
#9080=CARTESIAN_POINT('',(-1.401095260561E0,3.112783395959E1,
7.567557414747E-1));
#9081=CARTESIAN_POINT('',(-3.546454629278E-1,3.089843325356E1,
2.950202368862E-1));
#9082=CARTESIAN_POINT('',(-5.230274527021E-1,3.106157840349E1,
3.409054023089E-1));
#9083=CARTESIAN_POINT('',(-7.212746209203E-1,3.118946360559E1,
3.771512165652E-1));
#9084=CARTESIAN_POINT('',(-9.411848968512E-1,3.127516119927E1,
3.999353751801E-1));
#9085=CARTESIAN_POINT('',(-1.171531119726E0,3.131418761433E1,
4.077535289497E-1));
#9086=CARTESIAN_POINT('',(-1.401095260561E0,3.130534429827E1,
4.022168125009E-1));
#9087=CARTESIAN_POINT('',(-3.546454629278E-1,3.094528988108E1,0.E0));
#9088=CARTESIAN_POINT('',(-5.230274527021E-1,3.110447619374E1,0.E0));
#9089=CARTESIAN_POINT('',(-7.212746209203E-1,3.123338597069E1,0.E0));
#9090=CARTESIAN_POINT('',(-9.411848968512E-1,3.132220935068E1,0.E0));
#9091=CARTESIAN_POINT('',(-1.171531119726E0,3.136653853214E1,0.E0));
#9092=CARTESIAN_POINT('',(-1.401095260561E0,3.136922643586E1,0.E0));
#9093=CARTESIAN_POINT('',(-3.546454629278E-1,3.089843325356E1,
-2.950202368862E-1));
#9094=CARTESIAN_POINT('',(-5.230274527021E-1,3.106157840349E1,
-3.409054023089E-1));
#9095=CARTESIAN_POINT('',(-7.212746209203E-1,3.118946360559E1,
-3.771512165652E-1));
#9096=CARTESIAN_POINT('',(-9.411848968512E-1,3.127516119927E1,
-3.999353751801E-1));
#9097=CARTESIAN_POINT('',(-1.171531119726E0,3.131418761433E1,
-4.077535289497E-1));
#9098=CARTESIAN_POINT('',(-1.401095260561E0,3.130534429827E1,
-4.022168125009E-1));
#9099=CARTESIAN_POINT('',(-3.546454629278E-1,3.076823197768E1,
-5.550694331415E-1));
#9100=CARTESIAN_POINT('',(-5.230274527021E-1,3.090865956543E1,
-6.338296268735E-1));
#9101=CARTESIAN_POINT('',(-7.212746209203E-1,3.101976908543E1,
-6.966852527624E-1));
#9102=CARTESIAN_POINT('',(-9.411848968512E-1,3.109531887181E1,
-7.390906821271E-1));
#9103=CARTESIAN_POINT('',(-1.171531119726E0,3.113151134912E1,
-7.588182415576E-1));
#9104=CARTESIAN_POINT('',(-1.401095260561E0,3.112783395959E1,
-7.567557414747E-1));
#9105=CARTESIAN_POINT('',(-3.546454629278E-1,3.057673536277E1,
-7.569866329901E-1));
#9106=CARTESIAN_POINT('',(-5.230274527021E-1,3.068999101564E1,
-8.643973645258E-1));
#9107=CARTESIAN_POINT('',(-7.212746209203E-1,3.077987048083E1,
-9.496383115417E-1));
#9108=CARTESIAN_POINT('',(-9.411848968512E-1,3.084081808721E1,
-1.007440521151E0));
#9109=CARTESIAN_POINT('',(-1.171531119726E0,3.086972225406E1,
-1.034852995736E0));
#9110=CARTESIAN_POINT('',(-1.401095260561E0,3.086675641837E1,
-1.032040221514E0));
#9111=B_SPLINE_SURFACE_WITH_KNOTS('',6,5,((#9069,#9070,#9071,#9072,#9073,#9074),
(#9075,#9076,#9077,#9078,#9079,#9080),(#9081,#9082,#9083,#9084,#9085,#9086),(
#9087,#9088,#9089,#9090,#9091,#9092),(#9093,#9094,#9095,#9096,#9097,#9098),(
#9099,#9100,#9101,#9102,#9103,#9104),(#9105,#9106,#9107,#9108,#9109,#9110)),
.UNSPECIFIED.,.F.,.F.,.F.,(7,7),(6,6),(8.118795643189E-1,2.329713089271E0),(
-7.475313754312E-1,1.780371920427E-2),.UNSPECIFIED.);
#9113=ORIENTED_EDGE('',*,*,#9112,.F.);
#9114=ORIENTED_EDGE('',*,*,#6306,.T.);
#9115=ORIENTED_EDGE('',*,*,#6310,.T.);
#9117=ORIENTED_EDGE('',*,*,#9116,.T.);
#9118=EDGE_LOOP('',(#9113,#9114,#9115,#9117));
#9119=FACE_OUTER_BOUND('',#9118,.F.);
#9121=CARTESIAN_POINT('',(-1.347686924547E0,3.086675641837E1,1.032040221514E0));
#9122=CARTESIAN_POINT('',(-1.577389867823E0,3.086972404731E1,1.034854696437E0));
#9123=CARTESIAN_POINT('',(-1.807875839172E0,3.084078312263E1,1.007407361035E0));
#9124=CARTESIAN_POINT('',(-2.027906418132E0,3.077975984258E1,
9.495333831398E-1));
#9125=CARTESIAN_POINT('',(-2.226234153368E0,3.068977357527E1,
8.641911458679E-1));
#9126=CARTESIAN_POINT('',(-2.394645660933E0,3.057639288584E1,
7.566618306860E-1));
#9127=CARTESIAN_POINT('',(-1.347686924547E0,3.112783395959E1,
7.567557414747E-1));
#9128=CARTESIAN_POINT('',(-1.577389867823E0,3.113151357259E1,
7.588194886167E-1));
#9129=CARTESIAN_POINT('',(-1.807875839172E0,3.109527468686E1,
7.390672441277E-1));
#9130=CARTESIAN_POINT('',(-2.027906418132E0,3.101963114449E1,
6.966091127712E-1));
#9131=CARTESIAN_POINT('',(-2.226234153368E0,3.090838995747E1,
6.336784145950E-1));
#9132=CARTESIAN_POINT('',(-2.394645660933E0,3.076780733479E1,
5.548312679970E-1));
#9133=CARTESIAN_POINT('',(-1.347686924547E0,3.130534429827E1,
4.022168125009E-1));
#9134=CARTESIAN_POINT('',(-1.577389867823E0,3.131419552807E1,
4.077593109377E-1));
#9135=CARTESIAN_POINT('',(-1.807875839172E0,3.127511831401E1,
3.999316364380E-1));
#9136=CARTESIAN_POINT('',(-2.027906418132E0,3.118931414206E1,
3.771188306966E-1));
#9137=CARTESIAN_POINT('',(-2.226234153368E0,3.106127766805E1,
3.408291506923E-1));
#9138=CARTESIAN_POINT('',(-2.394645660933E0,3.089795274485E1,
2.948936517544E-1));
#9139=CARTESIAN_POINT('',(-1.347686924547E0,3.136922643586E1,0.E0));
#9140=CARTESIAN_POINT('',(-1.577389867823E0,3.136653305679E1,0.E0));
#9141=CARTESIAN_POINT('',(-1.807875839172E0,3.132214948335E1,0.E0));
#9142=CARTESIAN_POINT('',(-2.027906418132E0,3.123321605166E1,0.E0));
#9143=CARTESIAN_POINT('',(-2.226234153368E0,3.110415183854E1,0.E0));
#9144=CARTESIAN_POINT('',(-2.394645660933E0,3.094478926747E1,0.E0));
#9145=CARTESIAN_POINT('',(-1.347686924547E0,3.130534429827E1,
-4.022168125009E-1));
#9146=CARTESIAN_POINT('',(-1.577389867823E0,3.131419552807E1,
-4.077593109377E-1));
#9147=CARTESIAN_POINT('',(-1.807875839172E0,3.127511831401E1,
-3.999316364380E-1));
#9148=CARTESIAN_POINT('',(-2.027906418132E0,3.118931414206E1,
-3.771188306966E-1));
#9149=CARTESIAN_POINT('',(-2.226234153368E0,3.106127766805E1,
-3.408291506923E-1));
#9150=CARTESIAN_POINT('',(-2.394645660933E0,3.089795274485E1,
-2.948936517544E-1));
#9151=CARTESIAN_POINT('',(-1.347686924547E0,3.112783395959E1,
-7.567557414747E-1));
#9152=CARTESIAN_POINT('',(-1.577389867823E0,3.113151357259E1,
-7.588194886167E-1));
#9153=CARTESIAN_POINT('',(-1.807875839172E0,3.109527468686E1,
-7.390672441277E-1));
#9154=CARTESIAN_POINT('',(-2.027906418132E0,3.101963114449E1,
-6.966091127712E-1));
#9155=CARTESIAN_POINT('',(-2.226234153368E0,3.090838995747E1,
-6.336784145950E-1));
#9156=CARTESIAN_POINT('',(-2.394645660933E0,3.076780733479E1,
-5.548312679970E-1));
#9157=CARTESIAN_POINT('',(-1.347686924547E0,3.086675641837E1,
-1.032040221514E0));
#9158=CARTESIAN_POINT('',(-1.577389867823E0,3.086972404731E1,
-1.034854696437E0));
#9159=CARTESIAN_POINT('',(-1.807875839172E0,3.084078312263E1,
-1.007407361035E0));
#9160=CARTESIAN_POINT('',(-2.027906418132E0,3.077975984258E1,
-9.495333831398E-1));
#9161=CARTESIAN_POINT('',(-2.226234153368E0,3.068977357527E1,
-8.641911458679E-1));
#9162=CARTESIAN_POINT('',(-2.394645660933E0,3.057639288584E1,
-7.566618306860E-1));
#9163=B_SPLINE_SURFACE_WITH_KNOTS('',6,5,((#9121,#9122,#9123,#9124,#9125,#9126),
(#9127,#9128,#9129,#9130,#9131,#9132),(#9133,#9134,#9135,#9136,#9137,#9138),(
#9139,#9140,#9141,#9142,#9143,#9144),(#9145,#9146,#9147,#9148,#9149,#9150),(
#9151,#9152,#9153,#9154,#9155,#9156),(#9157,#9158,#9159,#9160,#9161,#9162)),
.UNSPECIFIED.,.F.,.F.,.F.,(7,7),(6,6),(8.118795643189E-1,2.329713089271E0),(
-1.780371920427E-2,7.479941235716E-1),.UNSPECIFIED.);
#9164=ORIENTED_EDGE('',*,*,#9116,.F.);
#9165=ORIENTED_EDGE('',*,*,#6308,.F.);
#9166=ORIENTED_EDGE('',*,*,#9112,.T.);
#9167=EDGE_LOOP('',(#9164,#9165,#9166));
#9168=FACE_OUTER_BOUND('',#9167,.F.);
#9170=CARTESIAN_POINT('',(-4.035258607877E1,-3.433319608446E1,
2.049201881102E1));
#9171=CARTESIAN_POINT('',(-4.089619610634E1,-3.406139107067E1,
2.022021379724E1));
#9172=CARTESIAN_POINT('',(-4.035258607877E1,-3.379542869272E1,
2.102978620276E1));
#9173=CARTESIAN_POINT('',(-4.089619610634E1,-3.352362367893E1,
2.075798118898E1));
#9174=B_SPLINE_SURFACE_WITH_KNOTS('',1,1,((#9170,#9171),(#9172,#9173)),
.UNSPECIFIED.,.F.,.F.,.F.,(2,2),(2,2),(-2.670557880641E-2,7.338123599930E-1),(
-2.670557880641E-2,6.390780145022E-1),.UNSPECIFIED.);
#9175=ORIENTED_EDGE('',*,*,#4253,.F.);
#9177=ORIENTED_EDGE('',*,*,#9176,.F.);
#9179=ORIENTED_EDGE('',*,*,#9178,.F.);
#9180=EDGE_LOOP('',(#9175,#9177,#9179));
#9181=FACE_OUTER_BOUND('',#9180,.F.);
#9183=CARTESIAN_POINT('',(3.918560890745E1,-3.378452618583E1,2.101888369587E1));
#9184=CARTESIAN_POINT('',(-4.193439109255E1,-3.378452618583E1,
2.101888369587E1));
#9185=CARTESIAN_POINT('',(3.918560890745E1,-3.432229357757E1,2.048111630413E1));
#9186=CARTESIAN_POINT('',(-4.193439109255E1,-3.432229357757E1,
2.048111630413E1));
#9187=B_SPLINE_SURFACE_WITH_KNOTS('',1,1,((#9183,#9184),(#9185,#9186)),
.UNSPECIFIED.,.F.,.F.,.F.,(2,2),(2,2),(-2.670557880641E-2,7.338123599930E-1),(
-8.206E1,-9.4E-1),.UNSPECIFIED.);
#9188=ORIENTED_EDGE('',*,*,#9176,.T.);
#9189=ORIENTED_EDGE('',*,*,#4237,.F.);
#9191=ORIENTED_EDGE('',*,*,#9190,.F.);
#9193=ORIENTED_EDGE('',*,*,#9192,.F.);
#9194=EDGE_LOOP('',(#9188,#9189,#9191,#9193));
#9195=FACE_OUTER_BOUND('',#9194,.F.);
#9197=CARTESIAN_POINT('',(3.814741392123E1,-3.406139107067E1,2.022021379724E1));
#9198=CARTESIAN_POINT('',(3.760380389366E1,-3.433319608446E1,2.049201881102E1));
#9199=CARTESIAN_POINT('',(3.814741392123E1,-3.352362367893E1,2.075798118898E1));
#9200=CARTESIAN_POINT('',(3.760380389366E1,-3.379542869272E1,2.102978620276E1));
#9201=B_SPLINE_SURFACE_WITH_KNOTS('',1,1,((#9197,#9198),(#9199,#9200)),
.UNSPECIFIED.,.F.,.F.,.F.,(2,2),(2,2),(-2.670557880641E-2,7.338123599930E-1),(
-6.390780145022E-1,2.670557880641E-2),.UNSPECIFIED.);
#9202=ORIENTED_EDGE('',*,*,#4222,.F.);
#9204=ORIENTED_EDGE('',*,*,#9203,.F.);
#9205=ORIENTED_EDGE('',*,*,#9190,.T.);
#9206=EDGE_LOOP('',(#9202,#9204,#9205));
#9207=FACE_OUTER_BOUND('',#9206,.F.);
#9209=CARTESIAN_POINT('',(3.814449260332E1,-3.378452618583E1,2.132E1));
#9210=CARTESIAN_POINT('',(3.814449260332E1,-3.378452618583E1,-2.132E1));
#9211=CARTESIAN_POINT('',(3.760672521158E1,-3.432229357757E1,2.132E1));
#9212=CARTESIAN_POINT('',(3.760672521158E1,-3.432229357757E1,-2.132E1));
#9213=B_SPLINE_SURFACE_WITH_KNOTS('',1,1,((#9209,#9210),(#9211,#9212)),
.UNSPECIFIED.,.F.,.F.,.F.,(2,2),(2,2),(-2.670557880641E-2,7.338123599930E-1),(
-2.132E1,2.132E1),.UNSPECIFIED.);
#9214=ORIENTED_EDGE('',*,*,#9203,.T.);
#9215=ORIENTED_EDGE('',*,*,#4169,.F.);
#9217=ORIENTED_EDGE('',*,*,#9216,.T.);
#9219=ORIENTED_EDGE('',*,*,#9218,.F.);
#9220=EDGE_LOOP('',(#9214,#9215,#9217,#9219));
#9221=FACE_OUTER_BOUND('',#9220,.F.);
#9223=CARTESIAN_POINT('',(3.814741392123E1,-3.352362367893E1,
-2.075798118898E1));
#9224=CARTESIAN_POINT('',(3.760380389366E1,-3.379542869272E1,
-2.102978620276E1));
#9225=CARTESIAN_POINT('',(3.814741392123E1,-3.406139107067E1,
-2.022021379724E1));
#9226=CARTESIAN_POINT('',(3.760380389366E1,-3.433319608446E1,
-2.049201881102E1));
#9227=B_SPLINE_SURFACE_WITH_KNOTS('',1,1,((#9223,#9224),(#9225,#9226)),
.UNSPECIFIED.,.F.,.F.,.F.,(2,2),(2,2),(-3.802589693997E-1,3.802589693997E-1),(
-2.670557880641E-2,6.390780145022E-1),.UNSPECIFIED.);
#9229=ORIENTED_EDGE('',*,*,#9228,.T.);
#9230=ORIENTED_EDGE('',*,*,#9216,.F.);
#9231=ORIENTED_EDGE('',*,*,#4154,.F.);
#9232=EDGE_LOOP('',(#9229,#9230,#9231));
#9233=FACE_OUTER_BOUND('',#9232,.F.);
#9235=CARTESIAN_POINT('',(3.918560890745E1,-3.432229357757E1,
-2.048111630413E1));
#9236=CARTESIAN_POINT('',(-4.193439109255E1,-3.432229357757E1,
-2.048111630413E1));
#9237=CARTESIAN_POINT('',(3.918560890745E1,-3.378452618583E1,
-2.101888369587E1));
#9238=CARTESIAN_POINT('',(-4.193439109255E1,-3.378452618583E1,
-2.101888369587E1));
#9239=B_SPLINE_SURFACE_WITH_KNOTS('',1,1,((#9235,#9236),(#9237,#9238)),
.UNSPECIFIED.,.F.,.F.,.F.,(2,2),(2,2),(-2.670557880641E-2,7.338123599930E-1),(
-8.206E1,-9.4E-1),.UNSPECIFIED.);
#9241=ORIENTED_EDGE('',*,*,#9240,.T.);
#9243=ORIENTED_EDGE('',*,*,#9242,.F.);
#9244=ORIENTED_EDGE('',*,*,#9228,.F.);
#9245=ORIENTED_EDGE('',*,*,#4137,.F.);
#9246=EDGE_LOOP('',(#9241,#9243,#9244,#9245));
#9247=FACE_OUTER_BOUND('',#9246,.F.);
#9249=CARTESIAN_POINT('',(-4.035258607877E1,-3.379542869272E1,
-2.102978620276E1));
#9250=CARTESIAN_POINT('',(-4.089619610634E1,-3.352362367893E1,
-2.075798118898E1));
#9251=CARTESIAN_POINT('',(-4.035258607877E1,-3.433319608446E1,
-2.049201881102E1));
#9252=CARTESIAN_POINT('',(-4.089619610634E1,-3.406139107067E1,
-2.022021379724E1));
#9253=B_SPLINE_SURFACE_WITH_KNOTS('',1,1,((#9249,#9250),(#9251,#9252)),
.UNSPECIFIED.,.F.,.F.,.F.,(2,2),(2,2),(-2.670557880641E-2,7.338123599930E-1),(
-2.670557880641E-2,6.390780145022E-1),.UNSPECIFIED.);
#9255=ORIENTED_EDGE('',*,*,#9254,.F.);
#9256=ORIENTED_EDGE('',*,*,#9240,.F.);
#9257=ORIENTED_EDGE('',*,*,#4122,.F.);
#9258=EDGE_LOOP('',(#9255,#9256,#9257));
#9259=FACE_OUTER_BOUND('',#9258,.F.);
#9261=CARTESIAN_POINT('',(-4.035550739668E1,-3.432229357757E1,2.132E1));
#9262=CARTESIAN_POINT('',(-4.035550739668E1,-3.432229357757E1,-2.132E1));
#9263=CARTESIAN_POINT('',(-4.089327478842E1,-3.378452618583E1,2.132E1));
#9264=CARTESIAN_POINT('',(-4.089327478842E1,-3.378452618583E1,-2.132E1));
#9265=B_SPLINE_SURFACE_WITH_KNOTS('',1,1,((#9261,#9262),(#9263,#9264)),
.UNSPECIFIED.,.F.,.F.,.F.,(2,2),(2,2),(-7.338123599930E-1,2.670557880640E-2),(
-2.132E1,2.132E1),.UNSPECIFIED.);
#9266=ORIENTED_EDGE('',*,*,#9178,.T.);
#9268=ORIENTED_EDGE('',*,*,#9267,.F.);
#9269=ORIENTED_EDGE('',*,*,#9254,.T.);
#9270=ORIENTED_EDGE('',*,*,#4076,.F.);
#9271=EDGE_LOOP('',(#9266,#9268,#9269,#9270));
#9272=FACE_OUTER_BOUND('',#9271,.F.);
#9274=CARTESIAN_POINT('',(3.918560890745E1,-3.430340988170E1,2.132E1));
#9275=CARTESIAN_POINT('',(-4.193439109255E1,-3.430340988170E1,2.132E1));
#9276=CARTESIAN_POINT('',(3.918560890745E1,-3.430340988170E1,-2.132E1));
#9277=CARTESIAN_POINT('',(-4.193439109255E1,-3.430340988170E1,-2.132E1));
#9278=B_SPLINE_SURFACE_WITH_KNOTS('',1,1,((#9274,#9275),(#9276,#9277)),
.UNSPECIFIED.,.F.,.F.,.F.,(2,2),(2,2),(-4.232E1,3.2E-1),(-8.206E1,-9.4E-1),
.UNSPECIFIED.);
#9279=ORIENTED_EDGE('',*,*,#9242,.T.);
#9280=ORIENTED_EDGE('',*,*,#9267,.T.);
#9281=ORIENTED_EDGE('',*,*,#9192,.T.);
#9282=ORIENTED_EDGE('',*,*,#9218,.T.);
#9283=EDGE_LOOP('',(#9279,#9280,#9281,#9282));
#9284=FACE_OUTER_BOUND('',#9283,.F.);
#9286=ORIENTED_EDGE('',*,*,#9285,.F.);
#9288=ORIENTED_EDGE('',*,*,#9287,.F.);
#9289=EDGE_LOOP('',(#9286,#9288));
#9290=FACE_BOUND('',#9289,.F.);
#9292=ORIENTED_EDGE('',*,*,#9291,.F.);
#9294=ORIENTED_EDGE('',*,*,#9293,.F.);
#9295=EDGE_LOOP('',(#9292,#9294));
#9296=FACE_BOUND('',#9295,.F.);
#9298=ORIENTED_EDGE('',*,*,#9297,.F.);
#9300=ORIENTED_EDGE('',*,*,#9299,.F.);
#9301=EDGE_LOOP('',(#9298,#9300));
#9302=FACE_BOUND('',#9301,.F.);
#9304=ORIENTED_EDGE('',*,*,#9303,.F.);
#9306=ORIENTED_EDGE('',*,*,#9305,.F.);
#9307=EDGE_LOOP('',(#9304,#9306));
#9308=FACE_BOUND('',#9307,.F.);
#9310=CARTESIAN_POINT('',(-3.287143118520E1,-3.442340988170E1,
-1.609418577929E1));
#9311=CARTESIAN_POINT('',(-3.287143118520E1,-2.818340988170E1,
-1.609418577929E1));
#9312=CARTESIAN_POINT('',(-3.292271936626E1,-3.442340988170E1,
-1.527898348538E1));
#9313=CARTESIAN_POINT('',(-3.292271936626E1,-2.818340988170E1,
-1.527898348538E1));
#9314=CARTESIAN_POINT('',(-3.244131257148E1,-3.442340988170E1,
-1.443026686432E1));
#9315=CARTESIAN_POINT('',(-3.244131257148E1,-2.818340988170E1,
-1.443026686432E1));
#9316=CARTESIAN_POINT('',(-3.137439109255E1,-3.442340988170E1,
-1.397779103436E1));
#9317=CARTESIAN_POINT('',(-3.137439109255E1,-2.818340988170E1,
-1.397779103436E1));
#9318=CARTESIAN_POINT('',(-3.030746961363E1,-3.442340988170E1,
-1.443026686432E1));
#9319=CARTESIAN_POINT('',(-3.030746961363E1,-2.818340988170E1,
-1.443026686432E1));
#9320=CARTESIAN_POINT('',(-2.982606281885E1,-3.442340988170E1,
-1.527898348538E1));
#9321=CARTESIAN_POINT('',(-2.982606281885E1,-2.818340988170E1,
-1.527898348538E1));
#9322=CARTESIAN_POINT('',(-2.987735099991E1,-3.442340988170E1,
-1.609418577929E1));
#9323=CARTESIAN_POINT('',(-2.987735099991E1,-2.818340988170E1,
-1.609418577929E1));
#9324=B_SPLINE_SURFACE_WITH_KNOTS('',6,1,((#9310,#9311),(#9312,#9313),(#9314,
#9315),(#9316,#9317),(#9318,#9319),(#9320,#9321),(#9322,#9323)),.UNSPECIFIED.,
.F.,.F.,.F.,(7,7),(2,2),(-6.283185307180E-2,3.204424506662E0),(-1.2E-1,6.12E0),
.UNSPECIFIED.);
#9325=ORIENTED_EDGE('',*,*,#9285,.T.);
#9327=ORIENTED_EDGE('',*,*,#9326,.T.);
#9329=ORIENTED_EDGE('',*,*,#9328,.F.);
#9331=ORIENTED_EDGE('',*,*,#9330,.F.);
#9332=EDGE_LOOP('',(#9325,#9327,#9329,#9331));
#9333=FACE_OUTER_BOUND('',#9332,.F.);
#9335=CARTESIAN_POINT('',(-2.987735099991E1,-3.442340988170E1,
-1.590581422071E1));
#9336=CARTESIAN_POINT('',(-2.987735099991E1,-2.818340988170E1,
-1.590581422071E1));
#9337=CARTESIAN_POINT('',(-2.982606281885E1,-3.442340988170E1,
-1.672101651462E1));
#9338=CARTESIAN_POINT('',(-2.982606281885E1,-2.818340988170E1,
-1.672101651462E1));
#9339=CARTESIAN_POINT('',(-3.030746961363E1,-3.442340988170E1,
-1.756973313568E1));
#9340=CARTESIAN_POINT('',(-3.030746961363E1,-2.818340988170E1,
-1.756973313568E1));
#9341=CARTESIAN_POINT('',(-3.137439109255E1,-3.442340988170E1,
-1.802220896564E1));
#9342=CARTESIAN_POINT('',(-3.137439109255E1,-2.818340988170E1,
-1.802220896564E1));
#9343=CARTESIAN_POINT('',(-3.244131257148E1,-3.442340988170E1,
-1.756973313568E1));
#9344=CARTESIAN_POINT('',(-3.244131257148E1,-2.818340988170E1,
-1.756973313568E1));
#9345=CARTESIAN_POINT('',(-3.292271936626E1,-3.442340988170E1,
-1.672101651462E1));
#9346=CARTESIAN_POINT('',(-3.292271936626E1,-2.818340988170E1,
-1.672101651462E1));
#9347=CARTESIAN_POINT('',(-3.287143118520E1,-3.442340988170E1,
-1.590581422071E1));
#9348=CARTESIAN_POINT('',(-3.287143118520E1,-2.818340988170E1,
-1.590581422071E1));
#9349=B_SPLINE_SURFACE_WITH_KNOTS('',6,1,((#9335,#9336),(#9337,#9338),(#9339,
#9340),(#9341,#9342),(#9343,#9344),(#9345,#9346),(#9347,#9348)),.UNSPECIFIED.,
.F.,.F.,.F.,(7,7),(2,2),(3.078760800518E0,6.346017160251E0),(-1.2E-1,6.12E0),
.UNSPECIFIED.);
#9350=ORIENTED_EDGE('',*,*,#9287,.T.);
#9351=ORIENTED_EDGE('',*,*,#9330,.T.);
#9353=ORIENTED_EDGE('',*,*,#9352,.F.);
#9354=ORIENTED_EDGE('',*,*,#9326,.F.);
#9355=EDGE_LOOP('',(#9350,#9351,#9353,#9354));
#9356=FACE_OUTER_BOUND('',#9355,.F.);
#9358=CARTESIAN_POINT('',(-2.981439109255E1,-2.830340988170E1,-1.756E1));
#9359=CARTESIAN_POINT('',(-2.981439109255E1,-2.830340988170E1,-1.444E1));
#9360=CARTESIAN_POINT('',(-3.293439109255E1,-2.830340988170E1,-1.756E1));
#9361=CARTESIAN_POINT('',(-3.293439109255E1,-2.830340988170E1,-1.444E1));
#9362=B_SPLINE_SURFACE_WITH_KNOTS('',1,1,((#9358,#9359),(#9360,#9361)),
.UNSPECIFIED.,.F.,.F.,.F.,(2,2),(2,2),(-1.56E0,1.56E0),(-1.56E0,1.56E0),
.UNSPECIFIED.);
#9363=ORIENTED_EDGE('',*,*,#9328,.T.);
#9364=ORIENTED_EDGE('',*,*,#9352,.T.);
#9365=EDGE_LOOP('',(#9363,#9364));
#9366=FACE_OUTER_BOUND('',#9365,.F.);
#9368=ORIENTED_EDGE('',*,*,#9367,.T.);
#9370=ORIENTED_EDGE('',*,*,#9369,.T.);
#9371=EDGE_LOOP('',(#9368,#9370));
#9372=FACE_BOUND('',#9371,.F.);
#9374=CARTESIAN_POINT('',(-3.262192450309E1,-2.727670430289E1,
-1.592151185059E1));
#9375=CARTESIAN_POINT('',(-3.262192450309E1,-2.833011546050E1,
-1.592151185059E1));
#9376=CARTESIAN_POINT('',(-3.266466465398E1,-2.727670430289E1,
-1.660084709551E1));
#9377=CARTESIAN_POINT('',(-3.266466465398E1,-2.833011546050E1,
-1.660084709551E1));
#9378=CARTESIAN_POINT('',(-3.226349232499E1,-2.727670430289E1,
-1.730811094640E1));
#9379=CARTESIAN_POINT('',(-3.226349232499E1,-2.833011546050E1,
-1.730811094640E1));
#9380=CARTESIAN_POINT('',(-3.137439109255E1,-2.727670430289E1,
-1.768517413803E1));
#9381=CARTESIAN_POINT('',(-3.137439109255E1,-2.833011546050E1,
-1.768517413803E1));
#9382=CARTESIAN_POINT('',(-3.048528986012E1,-2.727670430289E1,
-1.730811094640E1));
#9383=CARTESIAN_POINT('',(-3.048528986012E1,-2.833011546050E1,
-1.730811094640E1));
#9384=CARTESIAN_POINT('',(-3.008411753113E1,-2.727670430289E1,
-1.660084709551E1));
#9385=CARTESIAN_POINT('',(-3.008411753113E1,-2.833011546050E1,
-1.660084709551E1));
#9386=CARTESIAN_POINT('',(-3.012685768202E1,-2.727670430289E1,
-1.592151185059E1));
#9387=CARTESIAN_POINT('',(-3.012685768202E1,-2.833011546050E1,
-1.592151185059E1));
#9388=B_SPLINE_SURFACE_WITH_KNOTS('',6,1,((#9374,#9375),(#9376,#9377),(#9378,
#9379),(#9380,#9381),(#9382,#9383),(#9384,#9385),(#9386,#9387)),.UNSPECIFIED.,
.F.,.F.,.F.,(7,7),(2,2),(1.507964473723E0,4.775220833456E0),(-7.026705578806E0,
-5.973294421194E0),.UNSPECIFIED.);
#9389=ORIENTED_EDGE('',*,*,#9367,.F.);
#9391=ORIENTED_EDGE('',*,*,#9390,.F.);
#9393=ORIENTED_EDGE('',*,*,#9392,.T.);
#9395=ORIENTED_EDGE('',*,*,#9394,.T.);
#9396=EDGE_LOOP('',(#9389,#9391,#9393,#9395));
#9397=FACE_OUTER_BOUND('',#9396,.F.);
#9399=CARTESIAN_POINT('',(-3.012685768202E1,-2.727670430289E1,
-1.607848814941E1));
#9400=CARTESIAN_POINT('',(-3.012685768202E1,-2.833011546050E1,
-1.607848814941E1));
#9401=CARTESIAN_POINT('',(-3.008411753113E1,-2.727670430289E1,
-1.539915290449E1));
#9402=CARTESIAN_POINT('',(-3.008411753113E1,-2.833011546050E1,
-1.539915290449E1));
#9403=CARTESIAN_POINT('',(-3.048528986012E1,-2.727670430289E1,
-1.469188905360E1));
#9404=CARTESIAN_POINT('',(-3.048528986012E1,-2.833011546050E1,
-1.469188905360E1));
#9405=CARTESIAN_POINT('',(-3.137439109255E1,-2.727670430289E1,
-1.431482586197E1));
#9406=CARTESIAN_POINT('',(-3.137439109255E1,-2.833011546050E1,
-1.431482586197E1));
#9407=CARTESIAN_POINT('',(-3.226349232499E1,-2.727670430289E1,
-1.469188905360E1));
#9408=CARTESIAN_POINT('',(-3.226349232499E1,-2.833011546050E1,
-1.469188905360E1));
#9409=CARTESIAN_POINT('',(-3.266466465398E1,-2.727670430289E1,
-1.539915290449E1));
#9410=CARTESIAN_POINT('',(-3.266466465398E1,-2.833011546050E1,
-1.539915290449E1));
#9411=CARTESIAN_POINT('',(-3.262192450309E1,-2.727670430289E1,
-1.607848814941E1));
#9412=CARTESIAN_POINT('',(-3.262192450309E1,-2.833011546050E1,
-1.607848814941E1));
#9413=B_SPLINE_SURFACE_WITH_KNOTS('',6,1,((#9399,#9400),(#9401,#9402),(#9403,
#9404),(#9405,#9406),(#9407,#9408),(#9409,#9410),(#9411,#9412)),.UNSPECIFIED.,
.F.,.F.,.F.,(7,7),(2,2),(-1.633628179867E0,1.633628179867E0),(-7.026705578806E0,
-5.973294421194E0),.UNSPECIFIED.);
#9414=ORIENTED_EDGE('',*,*,#9369,.F.);
#9415=ORIENTED_EDGE('',*,*,#9394,.F.);
#9417=ORIENTED_EDGE('',*,*,#9416,.F.);
#9418=ORIENTED_EDGE('',*,*,#9390,.T.);
#9419=EDGE_LOOP('',(#9414,#9415,#9417,#9418));
#9420=FACE_OUTER_BOUND('',#9419,.F.);
#9422=CARTESIAN_POINT('',(-3.137439109255E1,-2.655233410791E1,-1.6E1));
#9423=CARTESIAN_POINT('',(-3.010190701381E1,-2.731843139717E1,
-1.608005791240E1));
#9424=CARTESIAN_POINT('',(-3.137439109255E1,-2.655233410791E1,-1.6E1));
#9425=CARTESIAN_POINT('',(-3.005831205990E1,-2.731843139717E1,
-1.538713596258E1));
#9426=CARTESIAN_POINT('',(-3.137439109255E1,-2.655233410791E1,-1.6E1));
#9427=CARTESIAN_POINT('',(-3.046750783547E1,-2.731843139717E1,
-1.466572683467E1));
#9428=CARTESIAN_POINT('',(-3.137439109255E1,-2.655233410791E1,-1.6E1));
#9429=CARTESIAN_POINT('',(-3.137439109255E1,-2.731843139717E1,
-1.428112237921E1));
#9430=CARTESIAN_POINT('',(-3.137439109255E1,-2.655233410791E1,-1.6E1));
#9431=CARTESIAN_POINT('',(-3.228127434964E1,-2.731843139717E1,
-1.466572683467E1));
#9432=CARTESIAN_POINT('',(-3.137439109255E1,-2.655233410791E1,-1.6E1));
#9433=CARTESIAN_POINT('',(-3.269047012521E1,-2.731843139717E1,
-1.538713596258E1));
#9434=CARTESIAN_POINT('',(-3.137439109255E1,-2.655233410791E1,-1.6E1));
#9435=CARTESIAN_POINT('',(-3.264687517130E1,-2.731843139717E1,
-1.608005791240E1));
#9436=B_SPLINE_SURFACE_WITH_KNOTS('',6,1,((#9422,#9423),(#9424,#9425),(#9426,
#9427),(#9428,#9429),(#9430,#9431),(#9432,#9433),(#9434,#9435)),.UNSPECIFIED.,
.F.,.F.,.F.,(7,7),(2,2),(-3.204424506662E0,6.283185307180E-2),(0.E0,
7.660972892601E-1),.UNSPECIFIED.);
#9438=ORIENTED_EDGE('',*,*,#9437,.T.);
#9439=ORIENTED_EDGE('',*,*,#9416,.T.);
#9441=ORIENTED_EDGE('',*,*,#9440,.F.);
#9442=EDGE_LOOP('',(#9438,#9439,#9441));
#9443=FACE_OUTER_BOUND('',#9442,.F.);
#9445=CARTESIAN_POINT('',(-3.137439109255E1,-2.655233410791E1,-1.6E1));
#9446=CARTESIAN_POINT('',(-3.264687517130E1,-2.731843139717E1,
-1.591994208760E1));
#9447=CARTESIAN_POINT('',(-3.137439109255E1,-2.655233410791E1,-1.6E1));
#9448=CARTESIAN_POINT('',(-3.269047012521E1,-2.731843139717E1,
-1.661286403742E1));
#9449=CARTESIAN_POINT('',(-3.137439109255E1,-2.655233410791E1,-1.6E1));
#9450=CARTESIAN_POINT('',(-3.228127434964E1,-2.731843139717E1,
-1.733427316533E1));
#9451=CARTESIAN_POINT('',(-3.137439109255E1,-2.655233410791E1,-1.6E1));
#9452=CARTESIAN_POINT('',(-3.137439109255E1,-2.731843139717E1,
-1.771887762079E1));
#9453=CARTESIAN_POINT('',(-3.137439109255E1,-2.655233410791E1,-1.6E1));
#9454=CARTESIAN_POINT('',(-3.046750783547E1,-2.731843139717E1,
-1.733427316533E1));
#9455=CARTESIAN_POINT('',(-3.137439109255E1,-2.655233410791E1,-1.6E1));
#9456=CARTESIAN_POINT('',(-3.005831205990E1,-2.731843139717E1,
-1.661286403742E1));
#9457=CARTESIAN_POINT('',(-3.137439109255E1,-2.655233410791E1,-1.6E1));
#9458=CARTESIAN_POINT('',(-3.010190701381E1,-2.731843139717E1,
-1.591994208760E1));
#9459=B_SPLINE_SURFACE_WITH_KNOTS('',6,1,((#9445,#9446),(#9447,#9448),(#9449,
#9450),(#9451,#9452),(#9453,#9454),(#9455,#9456),(#9457,#9458)),.UNSPECIFIED.,
.F.,.F.,.F.,(7,7),(2,2),(-6.283185307180E-2,3.204424506662E0),(0.E0,
7.660972892601E-1),.UNSPECIFIED.);
#9460=ORIENTED_EDGE('',*,*,#9437,.F.);
#9461=ORIENTED_EDGE('',*,*,#9440,.T.);
#9462=ORIENTED_EDGE('',*,*,#9392,.F.);
#9463=EDGE_LOOP('',(#9460,#9461,#9462));
#9464=FACE_OUTER_BOUND('',#9463,.F.);
#9466=CARTESIAN_POINT('',(-3.287143118520E1,-3.442340988170E1,
1.590581422071E1));
#9467=CARTESIAN_POINT('',(-3.287143118520E1,-2.818340988170E1,
1.590581422071E1));
#9468=CARTESIAN_POINT('',(-3.292271936626E1,-3.442340988170E1,
1.672101651462E1));
#9469=CARTESIAN_POINT('',(-3.292271936626E1,-2.818340988170E1,
1.672101651462E1));
#9470=CARTESIAN_POINT('',(-3.244131257148E1,-3.442340988170E1,
1.756973313568E1));
#9471=CARTESIAN_POINT('',(-3.244131257148E1,-2.818340988170E1,
1.756973313568E1));
#9472=CARTESIAN_POINT('',(-3.137439109255E1,-3.442340988170E1,
1.802220896564E1));
#9473=CARTESIAN_POINT('',(-3.137439109255E1,-2.818340988170E1,
1.802220896564E1));
#9474=CARTESIAN_POINT('',(-3.030746961363E1,-3.442340988170E1,
1.756973313568E1));
#9475=CARTESIAN_POINT('',(-3.030746961363E1,-2.818340988170E1,
1.756973313568E1));
#9476=CARTESIAN_POINT('',(-2.982606281885E1,-3.442340988170E1,
1.672101651462E1));
#9477=CARTESIAN_POINT('',(-2.982606281885E1,-2.818340988170E1,
1.672101651462E1));
#9478=CARTESIAN_POINT('',(-2.987735099991E1,-3.442340988170E1,
1.590581422071E1));
#9479=CARTESIAN_POINT('',(-2.987735099991E1,-2.818340988170E1,
1.590581422071E1));
#9480=B_SPLINE_SURFACE_WITH_KNOTS('',6,1,((#9466,#9467),(#9468,#9469),(#9470,
#9471),(#9472,#9473),(#9474,#9475),(#9476,#9477),(#9478,#9479)),.UNSPECIFIED.,
.F.,.F.,.F.,(7,7),(2,2),(-6.283185307180E-2,3.204424506662E0),(-1.2E-1,6.12E0),
.UNSPECIFIED.);
#9481=ORIENTED_EDGE('',*,*,#9291,.T.);
#9483=ORIENTED_EDGE('',*,*,#9482,.T.);
#9485=ORIENTED_EDGE('',*,*,#9484,.F.);
#9487=ORIENTED_EDGE('',*,*,#9486,.F.);
#9488=EDGE_LOOP('',(#9481,#9483,#9485,#9487));
#9489=FACE_OUTER_BOUND('',#9488,.F.);
#9491=CARTESIAN_POINT('',(-2.987735099991E1,-3.442340988170E1,
1.609418577929E1));
#9492=CARTESIAN_POINT('',(-2.987735099991E1,-2.818340988170E1,
1.609418577929E1));
#9493=CARTESIAN_POINT('',(-2.982606281885E1,-3.442340988170E1,
1.527898348538E1));
#9494=CARTESIAN_POINT('',(-2.982606281885E1,-2.818340988170E1,
1.527898348538E1));
#9495=CARTESIAN_POINT('',(-3.030746961363E1,-3.442340988170E1,
1.443026686432E1));
#9496=CARTESIAN_POINT('',(-3.030746961363E1,-2.818340988170E1,
1.443026686432E1));
#9497=CARTESIAN_POINT('',(-3.137439109255E1,-3.442340988170E1,
1.397779103436E1));
#9498=CARTESIAN_POINT('',(-3.137439109255E1,-2.818340988170E1,
1.397779103436E1));
#9499=CARTESIAN_POINT('',(-3.244131257148E1,-3.442340988170E1,
1.443026686432E1));
#9500=CARTESIAN_POINT('',(-3.244131257148E1,-2.818340988170E1,
1.443026686432E1));
#9501=CARTESIAN_POINT('',(-3.292271936626E1,-3.442340988170E1,
1.527898348538E1));
#9502=CARTESIAN_POINT('',(-3.292271936626E1,-2.818340988170E1,
1.527898348538E1));
#9503=CARTESIAN_POINT('',(-3.287143118520E1,-3.442340988170E1,
1.609418577929E1));
#9504=CARTESIAN_POINT('',(-3.287143118520E1,-2.818340988170E1,
1.609418577929E1));
#9505=B_SPLINE_SURFACE_WITH_KNOTS('',6,1,((#9491,#9492),(#9493,#9494),(#9495,
#9496),(#9497,#9498),(#9499,#9500),(#9501,#9502),(#9503,#9504)),.UNSPECIFIED.,
.F.,.F.,.F.,(7,7),(2,2),(3.078760800518E0,6.346017160251E0),(-1.2E-1,6.12E0),
.UNSPECIFIED.);
#9506=ORIENTED_EDGE('',*,*,#9293,.T.);
#9507=ORIENTED_EDGE('',*,*,#9486,.T.);
#9509=ORIENTED_EDGE('',*,*,#9508,.F.);
#9510=ORIENTED_EDGE('',*,*,#9482,.F.);
#9511=EDGE_LOOP('',(#9506,#9507,#9509,#9510));
#9512=FACE_OUTER_BOUND('',#9511,.F.);
#9514=CARTESIAN_POINT('',(-2.981439109255E1,-2.830340988170E1,1.444E1));
#9515=CARTESIAN_POINT('',(-2.981439109255E1,-2.830340988170E1,1.756E1));
#9516=CARTESIAN_POINT('',(-3.293439109255E1,-2.830340988170E1,1.444E1));
#9517=CARTESIAN_POINT('',(-3.293439109255E1,-2.830340988170E1,1.756E1));
#9518=B_SPLINE_SURFACE_WITH_KNOTS('',1,1,((#9514,#9515),(#9516,#9517)),
.UNSPECIFIED.,.F.,.F.,.F.,(2,2),(2,2),(-1.56E0,1.56E0),(-1.56E0,1.56E0),
.UNSPECIFIED.);
#9519=ORIENTED_EDGE('',*,*,#9484,.T.);
#9520=ORIENTED_EDGE('',*,*,#9508,.T.);
#9521=EDGE_LOOP('',(#9519,#9520));
#9522=FACE_OUTER_BOUND('',#9521,.F.);
#9524=ORIENTED_EDGE('',*,*,#9523,.T.);
#9526=ORIENTED_EDGE('',*,*,#9525,.T.);
#9527=EDGE_LOOP('',(#9524,#9526));
#9528=FACE_BOUND('',#9527,.F.);
#9530=CARTESIAN_POINT('',(-3.262192450309E1,-2.727670430289E1,
1.607848814941E1));
#9531=CARTESIAN_POINT('',(-3.262192450309E1,-2.833011546050E1,
1.607848814941E1));
#9532=CARTESIAN_POINT('',(-3.266466465398E1,-2.727670430289E1,
1.539915290449E1));
#9533=CARTESIAN_POINT('',(-3.266466465398E1,-2.833011546050E1,
1.539915290449E1));
#9534=CARTESIAN_POINT('',(-3.226349232499E1,-2.727670430289E1,
1.469188905360E1));
#9535=CARTESIAN_POINT('',(-3.226349232499E1,-2.833011546050E1,
1.469188905360E1));
#9536=CARTESIAN_POINT('',(-3.137439109255E1,-2.727670430289E1,
1.431482586197E1));
#9537=CARTESIAN_POINT('',(-3.137439109255E1,-2.833011546050E1,
1.431482586197E1));
#9538=CARTESIAN_POINT('',(-3.048528986012E1,-2.727670430289E1,
1.469188905360E1));
#9539=CARTESIAN_POINT('',(-3.048528986012E1,-2.833011546050E1,
1.469188905360E1));
#9540=CARTESIAN_POINT('',(-3.008411753113E1,-2.727670430289E1,
1.539915290449E1));
#9541=CARTESIAN_POINT('',(-3.008411753113E1,-2.833011546050E1,
1.539915290449E1));
#9542=CARTESIAN_POINT('',(-3.012685768202E1,-2.727670430289E1,
1.607848814941E1));
#9543=CARTESIAN_POINT('',(-3.012685768202E1,-2.833011546050E1,
1.607848814941E1));
#9544=B_SPLINE_SURFACE_WITH_KNOTS('',6,1,((#9530,#9531),(#9532,#9533),(#9534,
#9535),(#9536,#9537),(#9538,#9539),(#9540,#9541),(#9542,#9543)),.UNSPECIFIED.,
.F.,.F.,.F.,(7,7),(2,2),(1.507964473723E0,4.775220833456E0),(-7.026705578806E0,
-5.973294421194E0),.UNSPECIFIED.);
#9545=ORIENTED_EDGE('',*,*,#9523,.F.);
#9547=ORIENTED_EDGE('',*,*,#9546,.F.);
#9549=ORIENTED_EDGE('',*,*,#9548,.T.);
#9551=ORIENTED_EDGE('',*,*,#9550,.T.);
#9552=EDGE_LOOP('',(#9545,#9547,#9549,#9551));
#9553=FACE_OUTER_BOUND('',#9552,.F.);
#9555=CARTESIAN_POINT('',(-3.012685768202E1,-2.727670430289E1,
1.592151185059E1));
#9556=CARTESIAN_POINT('',(-3.012685768202E1,-2.833011546050E1,
1.592151185059E1));
#9557=CARTESIAN_POINT('',(-3.008411753113E1,-2.727670430289E1,
1.660084709551E1));
#9558=CARTESIAN_POINT('',(-3.008411753113E1,-2.833011546050E1,
1.660084709551E1));
#9559=CARTESIAN_POINT('',(-3.048528986012E1,-2.727670430289E1,
1.730811094640E1));
#9560=CARTESIAN_POINT('',(-3.048528986012E1,-2.833011546050E1,
1.730811094640E1));
#9561=CARTESIAN_POINT('',(-3.137439109255E1,-2.727670430289E1,
1.768517413803E1));
#9562=CARTESIAN_POINT('',(-3.137439109255E1,-2.833011546050E1,
1.768517413803E1));
#9563=CARTESIAN_POINT('',(-3.226349232499E1,-2.727670430289E1,
1.730811094640E1));
#9564=CARTESIAN_POINT('',(-3.226349232499E1,-2.833011546050E1,
1.730811094640E1));
#9565=CARTESIAN_POINT('',(-3.266466465398E1,-2.727670430289E1,
1.660084709551E1));
#9566=CARTESIAN_POINT('',(-3.266466465398E1,-2.833011546050E1,
1.660084709551E1));
#9567=CARTESIAN_POINT('',(-3.262192450309E1,-2.727670430289E1,
1.592151185059E1));
#9568=CARTESIAN_POINT('',(-3.262192450309E1,-2.833011546050E1,
1.592151185059E1));
#9569=B_SPLINE_SURFACE_WITH_KNOTS('',6,1,((#9555,#9556),(#9557,#9558),(#9559,
#9560),(#9561,#9562),(#9563,#9564),(#9565,#9566),(#9567,#9568)),.UNSPECIFIED.,
.F.,.F.,.F.,(7,7),(2,2),(4.649557127313E0,7.916813487046E0),(-7.026705578806E0,
-5.973294421194E0),.UNSPECIFIED.);
#9570=ORIENTED_EDGE('',*,*,#9525,.F.);
#9571=ORIENTED_EDGE('',*,*,#9550,.F.);
#9573=ORIENTED_EDGE('',*,*,#9572,.F.);
#9574=ORIENTED_EDGE('',*,*,#9546,.T.);
#9575=EDGE_LOOP('',(#9570,#9571,#9573,#9574));
#9576=FACE_OUTER_BOUND('',#9575,.F.);
#9578=CARTESIAN_POINT('',(-3.137439109255E1,-2.655233410791E1,1.6E1));
#9579=CARTESIAN_POINT('',(-3.010190701381E1,-2.731843139717E1,
1.591994208760E1));
#9580=CARTESIAN_POINT('',(-3.137439109255E1,-2.655233410791E1,1.6E1));
#9581=CARTESIAN_POINT('',(-3.005831205990E1,-2.731843139717E1,
1.661286403742E1));
#9582=CARTESIAN_POINT('',(-3.137439109255E1,-2.655233410791E1,1.6E1));
#9583=CARTESIAN_POINT('',(-3.046750783547E1,-2.731843139717E1,
1.733427316533E1));
#9584=CARTESIAN_POINT('',(-3.137439109255E1,-2.655233410791E1,1.6E1));
#9585=CARTESIAN_POINT('',(-3.137439109255E1,-2.731843139717E1,
1.771887762079E1));
#9586=CARTESIAN_POINT('',(-3.137439109255E1,-2.655233410791E1,1.6E1));
#9587=CARTESIAN_POINT('',(-3.228127434964E1,-2.731843139717E1,
1.733427316533E1));
#9588=CARTESIAN_POINT('',(-3.137439109255E1,-2.655233410791E1,1.6E1));
#9589=CARTESIAN_POINT('',(-3.269047012521E1,-2.731843139717E1,
1.661286403742E1));
#9590=CARTESIAN_POINT('',(-3.137439109255E1,-2.655233410791E1,1.6E1));
#9591=CARTESIAN_POINT('',(-3.264687517130E1,-2.731843139717E1,
1.591994208760E1));
#9592=B_SPLINE_SURFACE_WITH_KNOTS('',6,1,((#9578,#9579),(#9580,#9581),(#9582,
#9583),(#9584,#9585),(#9586,#9587),(#9588,#9589),(#9590,#9591)),.UNSPECIFIED.,
.F.,.F.,.F.,(7,7),(2,2),(-3.204424506662E0,6.283185307180E-2),(0.E0,
7.660972892601E-1),.UNSPECIFIED.);
#9594=ORIENTED_EDGE('',*,*,#9593,.T.);
#9595=ORIENTED_EDGE('',*,*,#9572,.T.);
#9597=ORIENTED_EDGE('',*,*,#9596,.F.);
#9598=EDGE_LOOP('',(#9594,#9595,#9597));
#9599=FACE_OUTER_BOUND('',#9598,.F.);
#9601=CARTESIAN_POINT('',(-3.137439109255E1,-2.655233410791E1,1.6E1));
#9602=CARTESIAN_POINT('',(-3.264687517130E1,-2.731843139717E1,
1.608005791240E1));
#9603=CARTESIAN_POINT('',(-3.137439109255E1,-2.655233410791E1,1.6E1));
#9604=CARTESIAN_POINT('',(-3.269047012521E1,-2.731843139717E1,
1.538713596258E1));
#9605=CARTESIAN_POINT('',(-3.137439109255E1,-2.655233410791E1,1.6E1));
#9606=CARTESIAN_POINT('',(-3.228127434964E1,-2.731843139717E1,
1.466572683467E1));
#9607=CARTESIAN_POINT('',(-3.137439109255E1,-2.655233410791E1,1.6E1));
#9608=CARTESIAN_POINT('',(-3.137439109255E1,-2.731843139717E1,
1.428112237921E1));
#9609=CARTESIAN_POINT('',(-3.137439109255E1,-2.655233410791E1,1.6E1));
#9610=CARTESIAN_POINT('',(-3.046750783547E1,-2.731843139717E1,
1.466572683467E1));
#9611=CARTESIAN_POINT('',(-3.137439109255E1,-2.655233410791E1,1.6E1));
#9612=CARTESIAN_POINT('',(-3.005831205990E1,-2.731843139717E1,
1.538713596258E1));
#9613=CARTESIAN_POINT('',(-3.137439109255E1,-2.655233410791E1,1.6E1));
#9614=CARTESIAN_POINT('',(-3.010190701381E1,-2.731843139717E1,
1.608005791240E1));
#9615=B_SPLINE_SURFACE_WITH_KNOTS('',6,1,((#9601,#9602),(#9603,#9604),(#9605,
#9606),(#9607,#9608),(#9609,#9610),(#9611,#9612),(#9613,#9614)),.UNSPECIFIED.,
.F.,.F.,.F.,(7,7),(2,2),(-6.283185307180E-2,3.204424506662E0),(0.E0,
7.660972892601E-1),.UNSPECIFIED.);
#9616=ORIENTED_EDGE('',*,*,#9593,.F.);
#9617=ORIENTED_EDGE('',*,*,#9596,.T.);
#9618=ORIENTED_EDGE('',*,*,#9548,.F.);
#9619=EDGE_LOOP('',(#9616,#9617,#9618));
#9620=FACE_OUTER_BOUND('',#9619,.F.);
#9622=CARTESIAN_POINT('',(2.712856881480E1,-3.442340988170E1,
-1.609418577929E1));
#9623=CARTESIAN_POINT('',(2.712856881480E1,-2.818340988170E1,
-1.609418577929E1));
#9624=CARTESIAN_POINT('',(2.707728063374E1,-3.442340988170E1,
-1.527898348538E1));
#9625=CARTESIAN_POINT('',(2.707728063374E1,-2.818340988170E1,
-1.527898348538E1));
#9626=CARTESIAN_POINT('',(2.755868742852E1,-3.442340988170E1,
-1.443026686432E1));
#9627=CARTESIAN_POINT('',(2.755868742852E1,-2.818340988170E1,
-1.443026686432E1));
#9628=CARTESIAN_POINT('',(2.862560890745E1,-3.442340988170E1,
-1.397779103436E1));
#9629=CARTESIAN_POINT('',(2.862560890745E1,-2.818340988170E1,
-1.397779103436E1));
#9630=CARTESIAN_POINT('',(2.969253038637E1,-3.442340988170E1,
-1.443026686432E1));
#9631=CARTESIAN_POINT('',(2.969253038637E1,-2.818340988170E1,
-1.443026686432E1));
#9632=CARTESIAN_POINT('',(3.017393718115E1,-3.442340988170E1,
-1.527898348538E1));
#9633=CARTESIAN_POINT('',(3.017393718115E1,-2.818340988170E1,
-1.527898348538E1));
#9634=CARTESIAN_POINT('',(3.012264900009E1,-3.442340988170E1,
-1.609418577929E1));
#9635=CARTESIAN_POINT('',(3.012264900009E1,-2.818340988170E1,
-1.609418577929E1));
#9636=B_SPLINE_SURFACE_WITH_KNOTS('',6,1,((#9622,#9623),(#9624,#9625),(#9626,
#9627),(#9628,#9629),(#9630,#9631),(#9632,#9633),(#9634,#9635)),.UNSPECIFIED.,
.F.,.F.,.F.,(7,7),(2,2),(-6.283185307180E-2,3.204424506662E0),(-1.2E-1,6.12E0),
.UNSPECIFIED.);
#9637=ORIENTED_EDGE('',*,*,#9297,.T.);
#9639=ORIENTED_EDGE('',*,*,#9638,.T.);
#9641=ORIENTED_EDGE('',*,*,#9640,.F.);
#9643=ORIENTED_EDGE('',*,*,#9642,.F.);
#9644=EDGE_LOOP('',(#9637,#9639,#9641,#9643));
#9645=FACE_OUTER_BOUND('',#9644,.F.);
#9647=CARTESIAN_POINT('',(3.012264900009E1,-3.442340988170E1,
-1.590581422071E1));
#9648=CARTESIAN_POINT('',(3.012264900009E1,-2.818340988170E1,
-1.590581422071E1));
#9649=CARTESIAN_POINT('',(3.017393718115E1,-3.442340988170E1,
-1.672101651462E1));
#9650=CARTESIAN_POINT('',(3.017393718115E1,-2.818340988170E1,
-1.672101651462E1));
#9651=CARTESIAN_POINT('',(2.969253038637E1,-3.442340988170E1,
-1.756973313568E1));
#9652=CARTESIAN_POINT('',(2.969253038637E1,-2.818340988170E1,
-1.756973313568E1));
#9653=CARTESIAN_POINT('',(2.862560890745E1,-3.442340988170E1,
-1.802220896564E1));
#9654=CARTESIAN_POINT('',(2.862560890745E1,-2.818340988170E1,
-1.802220896564E1));
#9655=CARTESIAN_POINT('',(2.755868742852E1,-3.442340988170E1,
-1.756973313568E1));
#9656=CARTESIAN_POINT('',(2.755868742852E1,-2.818340988170E1,
-1.756973313568E1));
#9657=CARTESIAN_POINT('',(2.707728063374E1,-3.442340988170E1,
-1.672101651462E1));
#9658=CARTESIAN_POINT('',(2.707728063374E1,-2.818340988170E1,
-1.672101651462E1));
#9659=CARTESIAN_POINT('',(2.712856881480E1,-3.442340988170E1,
-1.590581422071E1));
#9660=CARTESIAN_POINT('',(2.712856881480E1,-2.818340988170E1,
-1.590581422071E1));
#9661=B_SPLINE_SURFACE_WITH_KNOTS('',6,1,((#9647,#9648),(#9649,#9650),(#9651,
#9652),(#9653,#9654),(#9655,#9656),(#9657,#9658),(#9659,#9660)),.UNSPECIFIED.,
.F.,.F.,.F.,(7,7),(2,2),(3.078760800518E0,6.346017160251E0),(-1.2E-1,6.12E0),
.UNSPECIFIED.);
#9662=ORIENTED_EDGE('',*,*,#9299,.T.);
#9663=ORIENTED_EDGE('',*,*,#9642,.T.);
#9665=ORIENTED_EDGE('',*,*,#9664,.F.);
#9666=ORIENTED_EDGE('',*,*,#9638,.F.);
#9667=EDGE_LOOP('',(#9662,#9663,#9665,#9666));
#9668=FACE_OUTER_BOUND('',#9667,.F.);
#9670=CARTESIAN_POINT('',(3.018560890745E1,-2.830340988170E1,-1.756E1));
#9671=CARTESIAN_POINT('',(3.018560890745E1,-2.830340988170E1,-1.444E1));
#9672=CARTESIAN_POINT('',(2.706560890745E1,-2.830340988170E1,-1.756E1));
#9673=CARTESIAN_POINT('',(2.706560890745E1,-2.830340988170E1,-1.444E1));
#9674=B_SPLINE_SURFACE_WITH_KNOTS('',1,1,((#9670,#9671),(#9672,#9673)),
.UNSPECIFIED.,.F.,.F.,.F.,(2,2),(2,2),(-1.56E0,1.56E0),(-1.56E0,1.56E0),
.UNSPECIFIED.);
#9675=ORIENTED_EDGE('',*,*,#9640,.T.);
#9676=ORIENTED_EDGE('',*,*,#9664,.T.);
#9677=EDGE_LOOP('',(#9675,#9676));
#9678=FACE_OUTER_BOUND('',#9677,.F.);
#9680=ORIENTED_EDGE('',*,*,#9679,.T.);
#9682=ORIENTED_EDGE('',*,*,#9681,.T.);
#9683=EDGE_LOOP('',(#9680,#9682));
#9684=FACE_BOUND('',#9683,.F.);
#9686=CARTESIAN_POINT('',(2.737807549691E1,-2.727670430289E1,
-1.592151185059E1));
#9687=CARTESIAN_POINT('',(2.737807549691E1,-2.833011546050E1,
-1.592151185059E1));
#9688=CARTESIAN_POINT('',(2.733533534602E1,-2.727670430289E1,
-1.660084709551E1));
#9689=CARTESIAN_POINT('',(2.733533534602E1,-2.833011546050E1,
-1.660084709551E1));
#9690=CARTESIAN_POINT('',(2.773650767501E1,-2.727670430289E1,
-1.730811094640E1));
#9691=CARTESIAN_POINT('',(2.773650767501E1,-2.833011546050E1,
-1.730811094640E1));
#9692=CARTESIAN_POINT('',(2.862560890745E1,-2.727670430289E1,
-1.768517413803E1));
#9693=CARTESIAN_POINT('',(2.862560890745E1,-2.833011546050E1,
-1.768517413803E1));
#9694=CARTESIAN_POINT('',(2.951471013988E1,-2.727670430289E1,
-1.730811094640E1));
#9695=CARTESIAN_POINT('',(2.951471013988E1,-2.833011546050E1,
-1.730811094640E1));
#9696=CARTESIAN_POINT('',(2.991588246887E1,-2.727670430289E1,
-1.660084709551E1));
#9697=CARTESIAN_POINT('',(2.991588246887E1,-2.833011546050E1,
-1.660084709551E1));
#9698=CARTESIAN_POINT('',(2.987314231798E1,-2.727670430289E1,
-1.592151185059E1));
#9699=CARTESIAN_POINT('',(2.987314231798E1,-2.833011546050E1,
-1.592151185059E1));
#9700=B_SPLINE_SURFACE_WITH_KNOTS('',6,1,((#9686,#9687),(#9688,#9689),(#9690,
#9691),(#9692,#9693),(#9694,#9695),(#9696,#9697),(#9698,#9699)),.UNSPECIFIED.,
.F.,.F.,.F.,(7,7),(2,2),(1.507964473723E0,4.775220833456E0),(-7.026705578806E0,
-5.973294421194E0),.UNSPECIFIED.);
#9701=ORIENTED_EDGE('',*,*,#9679,.F.);
#9703=ORIENTED_EDGE('',*,*,#9702,.F.);
#9705=ORIENTED_EDGE('',*,*,#9704,.T.);
#9707=ORIENTED_EDGE('',*,*,#9706,.T.);
#9708=EDGE_LOOP('',(#9701,#9703,#9705,#9707));
#9709=FACE_OUTER_BOUND('',#9708,.F.);
#9711=CARTESIAN_POINT('',(2.987314231798E1,-2.727670430289E1,
-1.607848814941E1));
#9712=CARTESIAN_POINT('',(2.987314231798E1,-2.833011546050E1,
-1.607848814941E1));
#9713=CARTESIAN_POINT('',(2.991588246887E1,-2.727670430289E1,
-1.539915290449E1));
#9714=CARTESIAN_POINT('',(2.991588246887E1,-2.833011546050E1,
-1.539915290449E1));
#9715=CARTESIAN_POINT('',(2.951471013988E1,-2.727670430289E1,
-1.469188905360E1));
#9716=CARTESIAN_POINT('',(2.951471013988E1,-2.833011546050E1,
-1.469188905360E1));
#9717=CARTESIAN_POINT('',(2.862560890745E1,-2.727670430289E1,
-1.431482586197E1));
#9718=CARTESIAN_POINT('',(2.862560890745E1,-2.833011546050E1,
-1.431482586197E1));
#9719=CARTESIAN_POINT('',(2.773650767501E1,-2.727670430289E1,
-1.469188905360E1));
#9720=CARTESIAN_POINT('',(2.773650767501E1,-2.833011546050E1,
-1.469188905360E1));
#9721=CARTESIAN_POINT('',(2.733533534602E1,-2.727670430289E1,
-1.539915290449E1));
#9722=CARTESIAN_POINT('',(2.733533534602E1,-2.833011546050E1,
-1.539915290449E1));
#9723=CARTESIAN_POINT('',(2.737807549691E1,-2.727670430289E1,
-1.607848814941E1));
#9724=CARTESIAN_POINT('',(2.737807549691E1,-2.833011546050E1,
-1.607848814941E1));
#9725=B_SPLINE_SURFACE_WITH_KNOTS('',6,1,((#9711,#9712),(#9713,#9714),(#9715,
#9716),(#9717,#9718),(#9719,#9720),(#9721,#9722),(#9723,#9724)),.UNSPECIFIED.,
.F.,.F.,.F.,(7,7),(2,2),(-1.633628179867E0,1.633628179867E0),(-7.026705578806E0,
-5.973294421194E0),.UNSPECIFIED.);
#9726=ORIENTED_EDGE('',*,*,#9681,.F.);
#9727=ORIENTED_EDGE('',*,*,#9706,.F.);
#9729=ORIENTED_EDGE('',*,*,#9728,.F.);
#9730=ORIENTED_EDGE('',*,*,#9702,.T.);
#9731=EDGE_LOOP('',(#9726,#9727,#9729,#9730));
#9732=FACE_OUTER_BOUND('',#9731,.F.);
#9734=CARTESIAN_POINT('',(2.862560890745E1,-2.655233410791E1,-1.6E1));
#9735=CARTESIAN_POINT('',(2.989809298619E1,-2.731843139717E1,
-1.608005791240E1));
#9736=CARTESIAN_POINT('',(2.862560890745E1,-2.655233410791E1,-1.6E1));
#9737=CARTESIAN_POINT('',(2.994168794010E1,-2.731843139717E1,
-1.538713596258E1));
#9738=CARTESIAN_POINT('',(2.862560890745E1,-2.655233410791E1,-1.6E1));
#9739=CARTESIAN_POINT('',(2.953249216453E1,-2.731843139717E1,
-1.466572683467E1));
#9740=CARTESIAN_POINT('',(2.862560890745E1,-2.655233410791E1,-1.6E1));
#9741=CARTESIAN_POINT('',(2.862560890745E1,-2.731843139717E1,
-1.428112237921E1));
#9742=CARTESIAN_POINT('',(2.862560890745E1,-2.655233410791E1,-1.6E1));
#9743=CARTESIAN_POINT('',(2.771872565036E1,-2.731843139717E1,
-1.466572683467E1));
#9744=CARTESIAN_POINT('',(2.862560890745E1,-2.655233410791E1,-1.6E1));
#9745=CARTESIAN_POINT('',(2.730952987479E1,-2.731843139717E1,
-1.538713596258E1));
#9746=CARTESIAN_POINT('',(2.862560890745E1,-2.655233410791E1,-1.6E1));
#9747=CARTESIAN_POINT('',(2.735312482870E1,-2.731843139717E1,
-1.608005791240E1));
#9748=B_SPLINE_SURFACE_WITH_KNOTS('',6,1,((#9734,#9735),(#9736,#9737),(#9738,
#9739),(#9740,#9741),(#9742,#9743),(#9744,#9745),(#9746,#9747)),.UNSPECIFIED.,
.F.,.F.,.F.,(7,7),(2,2),(-3.204424506662E0,6.283185307180E-2),(0.E0,
7.660972892601E-1),.UNSPECIFIED.);
#9750=ORIENTED_EDGE('',*,*,#9749,.T.);
#9751=ORIENTED_EDGE('',*,*,#9728,.T.);
#9753=ORIENTED_EDGE('',*,*,#9752,.F.);
#9754=EDGE_LOOP('',(#9750,#9751,#9753));
#9755=FACE_OUTER_BOUND('',#9754,.F.);
#9757=CARTESIAN_POINT('',(2.862560890745E1,-2.655233410791E1,-1.6E1));
#9758=CARTESIAN_POINT('',(2.735312482870E1,-2.731843139717E1,
-1.591994208760E1));
#9759=CARTESIAN_POINT('',(2.862560890745E1,-2.655233410791E1,-1.6E1));
#9760=CARTESIAN_POINT('',(2.730952987479E1,-2.731843139717E1,
-1.661286403742E1));
#9761=CARTESIAN_POINT('',(2.862560890745E1,-2.655233410791E1,-1.6E1));
#9762=CARTESIAN_POINT('',(2.771872565036E1,-2.731843139717E1,
-1.733427316533E1));
#9763=CARTESIAN_POINT('',(2.862560890745E1,-2.655233410791E1,-1.6E1));
#9764=CARTESIAN_POINT('',(2.862560890745E1,-2.731843139717E1,
-1.771887762079E1));
#9765=CARTESIAN_POINT('',(2.862560890745E1,-2.655233410791E1,-1.6E1));
#9766=CARTESIAN_POINT('',(2.953249216453E1,-2.731843139717E1,
-1.733427316533E1));
#9767=CARTESIAN_POINT('',(2.862560890745E1,-2.655233410791E1,-1.6E1));
#9768=CARTESIAN_POINT('',(2.994168794010E1,-2.731843139717E1,
-1.661286403742E1));
#9769=CARTESIAN_POINT('',(2.862560890745E1,-2.655233410791E1,-1.6E1));
#9770=CARTESIAN_POINT('',(2.989809298619E1,-2.731843139717E1,
-1.591994208760E1));
#9771=B_SPLINE_SURFACE_WITH_KNOTS('',6,1,((#9757,#9758),(#9759,#9760),(#9761,
#9762),(#9763,#9764),(#9765,#9766),(#9767,#9768),(#9769,#9770)),.UNSPECIFIED.,
.F.,.F.,.F.,(7,7),(2,2),(-6.283185307180E-2,3.204424506662E0),(0.E0,
7.660972892601E-1),.UNSPECIFIED.);
#9772=ORIENTED_EDGE('',*,*,#9749,.F.);
#9773=ORIENTED_EDGE('',*,*,#9752,.T.);
#9774=ORIENTED_EDGE('',*,*,#9704,.F.);
#9775=EDGE_LOOP('',(#9772,#9773,#9774));
#9776=FACE_OUTER_BOUND('',#9775,.F.);
#9778=CARTESIAN_POINT('',(2.712856881480E1,-3.442340988170E1,1.590581422071E1));
#9779=CARTESIAN_POINT('',(2.712856881480E1,-2.818340988170E1,1.590581422071E1));
#9780=CARTESIAN_POINT('',(2.707728063374E1,-3.442340988170E1,1.672101651462E1));
#9781=CARTESIAN_POINT('',(2.707728063374E1,-2.818340988170E1,1.672101651462E1));
#9782=CARTESIAN_POINT('',(2.755868742852E1,-3.442340988170E1,1.756973313568E1));
#9783=CARTESIAN_POINT('',(2.755868742852E1,-2.818340988170E1,1.756973313568E1));
#9784=CARTESIAN_POINT('',(2.862560890745E1,-3.442340988170E1,1.802220896564E1));
#9785=CARTESIAN_POINT('',(2.862560890745E1,-2.818340988170E1,1.802220896564E1));
#9786=CARTESIAN_POINT('',(2.969253038637E1,-3.442340988170E1,1.756973313568E1));
#9787=CARTESIAN_POINT('',(2.969253038637E1,-2.818340988170E1,1.756973313568E1));
#9788=CARTESIAN_POINT('',(3.017393718115E1,-3.442340988170E1,1.672101651462E1));
#9789=CARTESIAN_POINT('',(3.017393718115E1,-2.818340988170E1,1.672101651462E1));
#9790=CARTESIAN_POINT('',(3.012264900009E1,-3.442340988170E1,1.590581422071E1));
#9791=CARTESIAN_POINT('',(3.012264900009E1,-2.818340988170E1,1.590581422071E1));
#9792=B_SPLINE_SURFACE_WITH_KNOTS('',6,1,((#9778,#9779),(#9780,#9781),(#9782,
#9783),(#9784,#9785),(#9786,#9787),(#9788,#9789),(#9790,#9791)),.UNSPECIFIED.,
.F.,.F.,.F.,(7,7),(2,2),(-6.283185307180E-2,3.204424506662E0),(-1.2E-1,6.12E0),
.UNSPECIFIED.);
#9793=ORIENTED_EDGE('',*,*,#9303,.T.);
#9795=ORIENTED_EDGE('',*,*,#9794,.T.);
#9797=ORIENTED_EDGE('',*,*,#9796,.F.);
#9799=ORIENTED_EDGE('',*,*,#9798,.F.);
#9800=EDGE_LOOP('',(#9793,#9795,#9797,#9799));
#9801=FACE_OUTER_BOUND('',#9800,.F.);
#9803=CARTESIAN_POINT('',(3.012264900009E1,-3.442340988170E1,1.609418577929E1));
#9804=CARTESIAN_POINT('',(3.012264900009E1,-2.818340988170E1,1.609418577929E1));
#9805=CARTESIAN_POINT('',(3.017393718115E1,-3.442340988170E1,1.527898348538E1));
#9806=CARTESIAN_POINT('',(3.017393718115E1,-2.818340988170E1,1.527898348538E1));
#9807=CARTESIAN_POINT('',(2.969253038637E1,-3.442340988170E1,1.443026686432E1));
#9808=CARTESIAN_POINT('',(2.969253038637E1,-2.818340988170E1,1.443026686432E1));
#9809=CARTESIAN_POINT('',(2.862560890745E1,-3.442340988170E1,1.397779103436E1));
#9810=CARTESIAN_POINT('',(2.862560890745E1,-2.818340988170E1,1.397779103436E1));
#9811=CARTESIAN_POINT('',(2.755868742852E1,-3.442340988170E1,1.443026686432E1));
#9812=CARTESIAN_POINT('',(2.755868742852E1,-2.818340988170E1,1.443026686432E1));
#9813=CARTESIAN_POINT('',(2.707728063374E1,-3.442340988170E1,1.527898348538E1));
#9814=CARTESIAN_POINT('',(2.707728063374E1,-2.818340988170E1,1.527898348538E1));
#9815=CARTESIAN_POINT('',(2.712856881480E1,-3.442340988170E1,1.609418577929E1));
#9816=CARTESIAN_POINT('',(2.712856881480E1,-2.818340988170E1,1.609418577929E1));
#9817=B_SPLINE_SURFACE_WITH_KNOTS('',6,1,((#9803,#9804),(#9805,#9806),(#9807,
#9808),(#9809,#9810),(#9811,#9812),(#9813,#9814),(#9815,#9816)),.UNSPECIFIED.,
.F.,.F.,.F.,(7,7),(2,2),(3.078760800518E0,6.346017160251E0),(-1.2E-1,6.12E0),
.UNSPECIFIED.);
#9818=ORIENTED_EDGE('',*,*,#9305,.T.);
#9819=ORIENTED_EDGE('',*,*,#9798,.T.);
#9821=ORIENTED_EDGE('',*,*,#9820,.F.);
#9822=ORIENTED_EDGE('',*,*,#9794,.F.);
#9823=EDGE_LOOP('',(#9818,#9819,#9821,#9822));
#9824=FACE_OUTER_BOUND('',#9823,.F.);
#9826=CARTESIAN_POINT('',(3.018560890745E1,-2.830340988170E1,1.444E1));
#9827=CARTESIAN_POINT('',(3.018560890745E1,-2.830340988170E1,1.756E1));
#9828=CARTESIAN_POINT('',(2.706560890745E1,-2.830340988170E1,1.444E1));
#9829=CARTESIAN_POINT('',(2.706560890745E1,-2.830340988170E1,1.756E1));
#9830=B_SPLINE_SURFACE_WITH_KNOTS('',1,1,((#9826,#9827),(#9828,#9829)),
.UNSPECIFIED.,.F.,.F.,.F.,(2,2),(2,2),(-1.56E0,1.56E0),(-1.56E0,1.56E0),
.UNSPECIFIED.);
#9831=ORIENTED_EDGE('',*,*,#9796,.T.);
#9832=ORIENTED_EDGE('',*,*,#9820,.T.);
#9833=EDGE_LOOP('',(#9831,#9832));
#9834=FACE_OUTER_BOUND('',#9833,.F.);
#9836=ORIENTED_EDGE('',*,*,#9835,.T.);
#9838=ORIENTED_EDGE('',*,*,#9837,.T.);
#9839=EDGE_LOOP('',(#9836,#9838));
#9840=FACE_BOUND('',#9839,.F.);
#9842=CARTESIAN_POINT('',(2.737807549691E1,-2.727670430289E1,1.607848814941E1));
#9843=CARTESIAN_POINT('',(2.737807549691E1,-2.833011546050E1,1.607848814941E1));
#9844=CARTESIAN_POINT('',(2.733533534602E1,-2.727670430289E1,1.539915290449E1));
#9845=CARTESIAN_POINT('',(2.733533534602E1,-2.833011546050E1,1.539915290449E1));
#9846=CARTESIAN_POINT('',(2.773650767501E1,-2.727670430289E1,1.469188905360E1));
#9847=CARTESIAN_POINT('',(2.773650767501E1,-2.833011546050E1,1.469188905360E1));
#9848=CARTESIAN_POINT('',(2.862560890745E1,-2.727670430289E1,1.431482586197E1));
#9849=CARTESIAN_POINT('',(2.862560890745E1,-2.833011546050E1,1.431482586197E1));
#9850=CARTESIAN_POINT('',(2.951471013988E1,-2.727670430289E1,1.469188905360E1));
#9851=CARTESIAN_POINT('',(2.951471013988E1,-2.833011546050E1,1.469188905360E1));
#9852=CARTESIAN_POINT('',(2.991588246887E1,-2.727670430289E1,1.539915290449E1));
#9853=CARTESIAN_POINT('',(2.991588246887E1,-2.833011546050E1,1.539915290449E1));
#9854=CARTESIAN_POINT('',(2.987314231798E1,-2.727670430289E1,1.607848814941E1));
#9855=CARTESIAN_POINT('',(2.987314231798E1,-2.833011546050E1,1.607848814941E1));
#9856=B_SPLINE_SURFACE_WITH_KNOTS('',6,1,((#9842,#9843),(#9844,#9845),(#9846,
#9847),(#9848,#9849),(#9850,#9851),(#9852,#9853),(#9854,#9855)),.UNSPECIFIED.,
.F.,.F.,.F.,(7,7),(2,2),(1.507964473723E0,4.775220833456E0),(-7.026705578806E0,
-5.973294421194E0),.UNSPECIFIED.);
#9857=ORIENTED_EDGE('',*,*,#9835,.F.);
#9859=ORIENTED_EDGE('',*,*,#9858,.F.);
#9861=ORIENTED_EDGE('',*,*,#9860,.T.);
#9863=ORIENTED_EDGE('',*,*,#9862,.T.);
#9864=EDGE_LOOP('',(#9857,#9859,#9861,#9863));
#9865=FACE_OUTER_BOUND('',#9864,.F.);
#9867=CARTESIAN_POINT('',(2.987314231798E1,-2.727670430289E1,1.592151185059E1));
#9868=CARTESIAN_POINT('',(2.987314231798E1,-2.833011546050E1,1.592151185059E1));
#9869=CARTESIAN_POINT('',(2.991588246887E1,-2.727670430289E1,1.660084709551E1));
#9870=CARTESIAN_POINT('',(2.991588246887E1,-2.833011546050E1,1.660084709551E1));
#9871=CARTESIAN_POINT('',(2.951471013988E1,-2.727670430289E1,1.730811094640E1));
#9872=CARTESIAN_POINT('',(2.951471013988E1,-2.833011546050E1,1.730811094640E1));
#9873=CARTESIAN_POINT('',(2.862560890745E1,-2.727670430289E1,1.768517413803E1));
#9874=CARTESIAN_POINT('',(2.862560890745E1,-2.833011546050E1,1.768517413803E1));
#9875=CARTESIAN_POINT('',(2.773650767501E1,-2.727670430289E1,1.730811094640E1));
#9876=CARTESIAN_POINT('',(2.773650767501E1,-2.833011546050E1,1.730811094640E1));
#9877=CARTESIAN_POINT('',(2.733533534602E1,-2.727670430289E1,1.660084709551E1));
#9878=CARTESIAN_POINT('',(2.733533534602E1,-2.833011546050E1,1.660084709551E1));
#9879=CARTESIAN_POINT('',(2.737807549691E1,-2.727670430289E1,1.592151185059E1));
#9880=CARTESIAN_POINT('',(2.737807549691E1,-2.833011546050E1,1.592151185059E1));
#9881=B_SPLINE_SURFACE_WITH_KNOTS('',6,1,((#9867,#9868),(#9869,#9870),(#9871,
#9872),(#9873,#9874),(#9875,#9876),(#9877,#9878),(#9879,#9880)),.UNSPECIFIED.,
.F.,.F.,.F.,(7,7),(2,2),(4.649557127313E0,7.916813487046E0),(-7.026705578806E0,
-5.973294421194E0),.UNSPECIFIED.);
#9882=ORIENTED_EDGE('',*,*,#9837,.F.);
#9883=ORIENTED_EDGE('',*,*,#9862,.F.);
#9885=ORIENTED_EDGE('',*,*,#9884,.F.);
#9886=ORIENTED_EDGE('',*,*,#9858,.T.);
#9887=EDGE_LOOP('',(#9882,#9883,#9885,#9886));
#9888=FACE_OUTER_BOUND('',#9887,.F.);
#9890=CARTESIAN_POINT('',(2.862560890745E1,-2.655233410791E1,1.6E1));
#9891=CARTESIAN_POINT('',(2.989809298619E1,-2.731843139717E1,1.591994208760E1));
#9892=CARTESIAN_POINT('',(2.862560890745E1,-2.655233410791E1,1.6E1));
#9893=CARTESIAN_POINT('',(2.994168794010E1,-2.731843139717E1,1.661286403742E1));
#9894=CARTESIAN_POINT('',(2.862560890745E1,-2.655233410791E1,1.6E1));
#9895=CARTESIAN_POINT('',(2.953249216453E1,-2.731843139717E1,1.733427316533E1));
#9896=CARTESIAN_POINT('',(2.862560890745E1,-2.655233410791E1,1.6E1));
#9897=CARTESIAN_POINT('',(2.862560890745E1,-2.731843139717E1,1.771887762079E1));
#9898=CARTESIAN_POINT('',(2.862560890745E1,-2.655233410791E1,1.6E1));
#9899=CARTESIAN_POINT('',(2.771872565036E1,-2.731843139717E1,1.733427316533E1));
#9900=CARTESIAN_POINT('',(2.862560890745E1,-2.655233410791E1,1.6E1));
#9901=CARTESIAN_POINT('',(2.730952987479E1,-2.731843139717E1,1.661286403742E1));
#9902=CARTESIAN_POINT('',(2.862560890745E1,-2.655233410791E1,1.6E1));
#9903=CARTESIAN_POINT('',(2.735312482870E1,-2.731843139717E1,1.591994208760E1));
#9904=B_SPLINE_SURFACE_WITH_KNOTS('',6,1,((#9890,#9891),(#9892,#9893),(#9894,
#9895),(#9896,#9897),(#9898,#9899),(#9900,#9901),(#9902,#9903)),.UNSPECIFIED.,
.F.,.F.,.F.,(7,7),(2,2),(-3.204424506662E0,6.283185307180E-2),(0.E0,
7.660972892601E-1),.UNSPECIFIED.);
#9906=ORIENTED_EDGE('',*,*,#9905,.T.);
#9907=ORIENTED_EDGE('',*,*,#9884,.T.);
#9909=ORIENTED_EDGE('',*,*,#9908,.F.);
#9910=EDGE_LOOP('',(#9906,#9907,#9909));
#9911=FACE_OUTER_BOUND('',#9910,.F.);
#9913=CARTESIAN_POINT('',(2.862560890745E1,-2.655233410791E1,1.6E1));
#9914=CARTESIAN_POINT('',(2.735312482870E1,-2.731843139717E1,1.608005791240E1));
#9915=CARTESIAN_POINT('',(2.862560890745E1,-2.655233410791E1,1.6E1));
#9916=CARTESIAN_POINT('',(2.730952987479E1,-2.731843139717E1,1.538713596258E1));
#9917=CARTESIAN_POINT('',(2.862560890745E1,-2.655233410791E1,1.6E1));
#9918=CARTESIAN_POINT('',(2.771872565036E1,-2.731843139717E1,1.466572683467E1));
#9919=CARTESIAN_POINT('',(2.862560890745E1,-2.655233410791E1,1.6E1));
#9920=CARTESIAN_POINT('',(2.862560890745E1,-2.731843139717E1,1.428112237921E1));
#9921=CARTESIAN_POINT('',(2.862560890745E1,-2.655233410791E1,1.6E1));
#9922=CARTESIAN_POINT('',(2.953249216453E1,-2.731843139717E1,1.466572683467E1));
#9923=CARTESIAN_POINT('',(2.862560890745E1,-2.655233410791E1,1.6E1));
#9924=CARTESIAN_POINT('',(2.994168794010E1,-2.731843139717E1,1.538713596258E1));
#9925=CARTESIAN_POINT('',(2.862560890745E1,-2.655233410791E1,1.6E1));
#9926=CARTESIAN_POINT('',(2.989809298619E1,-2.731843139717E1,1.608005791240E1));
#9927=B_SPLINE_SURFACE_WITH_KNOTS('',6,1,((#9913,#9914),(#9915,#9916),(#9917,
#9918),(#9919,#9920),(#9921,#9922),(#9923,#9924),(#9925,#9926)),.UNSPECIFIED.,
.F.,.F.,.F.,(7,7),(2,2),(-6.283185307180E-2,3.204424506662E0),(0.E0,
7.660972892601E-1),.UNSPECIFIED.);
#9928=ORIENTED_EDGE('',*,*,#9905,.F.);
#9929=ORIENTED_EDGE('',*,*,#9908,.T.);
#9930=ORIENTED_EDGE('',*,*,#9860,.F.);
#9931=EDGE_LOOP('',(#9928,#9929,#9930));
#9932=FACE_OUTER_BOUND('',#9931,.F.);
#9934=CARTESIAN_POINT('',(3.879798595062E1,1.348084444895E1,2.590624682129E0));
#9935=CARTESIAN_POINT('',(3.831529847739E1,1.318844811636E1,1.659024663877E0));
#9936=CARTESIAN_POINT('',(3.804958167439E1,1.302748554116E1,5.737537885935E-1));
#9937=CARTESIAN_POINT('',(3.804952661947E1,1.302745219069E1,
-5.731755516277E-1));
#9938=CARTESIAN_POINT('',(3.831513923041E1,1.318835164973E1,-1.658481290919E0));
#9939=CARTESIAN_POINT('',(3.879773726323E1,1.348069380224E1,-2.590144647883E0));
#9940=CARTESIAN_POINT('',(3.849631376702E1,1.397884448456E1,2.590624682129E0));
#9941=CARTESIAN_POINT('',(3.797381674284E1,1.375216570523E1,1.659024663877E0));
#9942=CARTESIAN_POINT('',(3.768819269952E1,1.362406597563E1,5.737537885935E-1));
#9943=CARTESIAN_POINT('',(3.768813312871E1,1.362404007997E1,
-5.731755516277E-1));
#9944=CARTESIAN_POINT('',(3.797364436199E1,1.375209091997E1,-1.658481290919E0));
#9945=CARTESIAN_POINT('',(3.849604456919E1,1.397872769646E1,-2.590144647883E0));
#9946=CARTESIAN_POINT('',(3.827212998074E1,1.452378446465E1,2.590624682129E0));
#9947=CARTESIAN_POINT('',(3.770982445927E1,1.436282387687E1,1.659024663877E0));
#9948=CARTESIAN_POINT('',(3.740429422931E1,1.426758763113E1,5.737537885935E-1));
#9949=CARTESIAN_POINT('',(3.740423119628E1,1.426756982858E1,
-5.731755516277E-1));
#9950=CARTESIAN_POINT('',(3.770964210559E1,1.436277268781E1,-1.658481290919E0));
#9951=CARTESIAN_POINT('',(3.827184554084E1,1.452370472657E1,-2.590144647883E0));
#9952=CARTESIAN_POINT('',(3.813395571376E1,1.510159769418E1,2.590624682129E0));
#9953=CARTESIAN_POINT('',(3.759090662626E1,1.503340409954E1,1.659024663877E0));
#9954=CARTESIAN_POINT('',(3.727586692557E1,1.501169810213E1,5.737537885935E-1));
#9955=CARTESIAN_POINT('',(3.727580197790E1,1.501168945555E1,
-5.731755516277E-1));
#9956=CARTESIAN_POINT('',(3.759071903636E1,1.503337841007E1,-1.658481290919E0));
#9957=CARTESIAN_POINT('',(3.813366187951E1,1.510155724114E1,-2.590144647883E0));
#9958=CARTESIAN_POINT('',(3.808724780189E1,1.569636159469E1,2.590624682129E0));
#9959=CARTESIAN_POINT('',(3.747532301856E1,1.569632958378E1,1.659024663877E0));
#9960=CARTESIAN_POINT('',(3.716053983503E1,1.569631311690E1,5.737537885935E-1));
#9961=CARTESIAN_POINT('',(3.716047396407E1,1.569631311345E1,
-5.731755516277E-1));
#9962=CARTESIAN_POINT('',(3.747513209129E1,1.569632957379E1,-1.658481290919E0));
#9963=CARTESIAN_POINT('',(3.808695079200E1,1.569636157915E1,-2.590144647883E0));
#9964=CARTESIAN_POINT('',(3.813389348712E1,1.629113037869E1,2.590624682129E0));
#9965=CARTESIAN_POINT('',(3.759083726793E1,1.635926715717E1,1.659024663877E0));
#9966=CARTESIAN_POINT('',(3.727579529800E1,1.638094019385E1,5.737537885935E-1));
#9967=CARTESIAN_POINT('',(3.727573034943E1,1.638094883364E1,
-5.731755516277E-1));
#9968=CARTESIAN_POINT('',(3.759064967535E1,1.635929282702E1,-1.658481290919E0));
#9969=CARTESIAN_POINT('',(3.813359964864E1,1.629117080099E1,-2.590144647883E0));
#9970=CARTESIAN_POINT('',(3.827200730041E1,1.686895806136E1,2.590624682129E0));
#9971=CARTESIAN_POINT('',(3.770968494174E1,1.702985981780E1,1.659024663877E0));
#9972=CARTESIAN_POINT('',(3.740414474948E1,1.712506409732E1,5.737537885935E-1));
#9973=CARTESIAN_POINT('',(3.740408171459E1,1.712508189328E1,
-5.731755516277E-1));
#9974=CARTESIAN_POINT('',(3.770950258270E1,1.702991098778E1,-1.658481290919E0));
#9975=CARTESIAN_POINT('',(3.827172285217E1,1.686903776968E1,-2.590144647883E0));
#9976=CARTESIAN_POINT('',(3.849613407185E1,1.741392149339E1,2.590624682129E0));
#9977=CARTESIAN_POINT('',(3.797361333457E1,1.764054560593E1,1.659024663877E0));
#9978=CARTESIAN_POINT('',(3.768797589055E1,1.776861545180E1,5.737537885935E-1));
#9979=CARTESIAN_POINT('',(3.768791631703E1,1.776864134122E1,
-5.731755516277E-1));
#9980=CARTESIAN_POINT('',(3.797344094590E1,1.764062037316E1,-1.658481290919E0));
#9981=CARTESIAN_POINT('',(3.849586486180E1,1.741403825333E1,-2.590144647883E0));
#9982=CARTESIAN_POINT('',(3.879775415121E1,1.791195308832E1,2.590624682129E0));
#9983=CARTESIAN_POINT('',(3.831503608905E1,1.820429891878E1,1.659024663877E0));
#9984=CARTESIAN_POINT('',(3.804930244701E1,1.836523369283E1,5.737537885935E-1));
#9985=CARTESIAN_POINT('',(3.804924738860E1,1.836526703755E1,
-5.731755516277E-1));
#9986=CARTESIAN_POINT('',(3.831487683198E1,1.820439536875E1,-1.658481290919E0));
#9987=CARTESIAN_POINT('',(3.879750544806E1,1.791210370902E1,-2.590144647883E0));
#9988=B_SPLINE_SURFACE_WITH_KNOTS('',8,5,((#9934,#9935,#9936,#9937,#9938,#9939),
(#9940,#9941,#9942,#9943,#9944,#9945),(#9946,#9947,#9948,#9949,#9950,#9951),(
#9952,#9953,#9954,#9955,#9956,#9957),(#9958,#9959,#9960,#9961,#9962,#9963),(
#9964,#9965,#9966,#9967,#9968,#9969),(#9970,#9971,#9972,#9973,#9974,#9975),(
#9976,#9977,#9978,#9979,#9980,#9981),(#9982,#9983,#9984,#9985,#9986,#9987)),
.UNSPECIFIED.,.F.,.F.,.F.,(9,9),(6,6),(4.167739537626E0,5.256933799480E0),(
-5.446572163813E-1,5.445449715195E-1),.UNSPECIFIED.);
#9989=ORIENTED_EDGE('',*,*,#4175,.T.);
#9990=ORIENTED_EDGE('',*,*,#4173,.F.);
#9991=EDGE_LOOP('',(#9989,#9990));
#9992=FACE_OUTER_BOUND('',#9991,.F.);
#9994=CARTESIAN_POINT('',(3.809560890745E1,-1.449642975275E1,
-1.896250784014E1));
#9995=CARTESIAN_POINT('',(3.965560890745E1,-1.449642975275E1,
-1.896250784014E1));
#9996=CARTESIAN_POINT('',(3.809560890745E1,-6.752007960607E0,
-1.944974556026E1));
#9997=CARTESIAN_POINT('',(3.965560890745E1,-6.752007960607E0,
-1.944974556026E1));
#9998=CARTESIAN_POINT('',(3.809560890745E1,1.219832480081E0,-1.632226737284E1));
#9999=CARTESIAN_POINT('',(3.965560890745E1,1.219832480081E0,-1.632226737284E1));
#10000=CARTESIAN_POINT('',(3.809560890745E1,7.450061929749E0,
-9.462263968594E0));
#10001=CARTESIAN_POINT('',(3.965560890745E1,7.450061929749E0,
-9.462263968594E0));
#10002=CARTESIAN_POINT('',(3.809560890745E1,9.894778602059E0,
2.451805973671E-3));
#10003=CARTESIAN_POINT('',(3.965560890745E1,9.894778602059E0,
2.451805973671E-3));
#10004=CARTESIAN_POINT('',(3.809560890745E1,7.450061929749E0,9.459199211127E0));
#10005=CARTESIAN_POINT('',(3.965560890745E1,7.450061929749E0,9.459199211127E0));
#10006=CARTESIAN_POINT('',(3.809560890745E1,1.219832480081E0,1.632226737284E1));
#10007=CARTESIAN_POINT('',(3.965560890745E1,1.219832480081E0,1.632226737284E1));
#10008=CARTESIAN_POINT('',(3.809560890745E1,-6.752007960607E0,
1.944974556026E1));
#10009=CARTESIAN_POINT('',(3.965560890745E1,-6.752007960607E0,
1.944974556026E1));
#10010=CARTESIAN_POINT('',(3.809560890745E1,-1.449642975275E1,
1.896250784014E1));
#10011=CARTESIAN_POINT('',(3.965560890745E1,-1.449642975275E1,
1.896250784014E1));
#10012=B_SPLINE_SURFACE_WITH_KNOTS('',8,1,((#9994,#9995),(#9996,#9997),(#9998,
#9999),(#10000,#10001),(#10002,#10003),(#10004,#10005),(#10006,#10007),(#10008,
#10009),(#10010,#10011)),.UNSPECIFIED.,.F.,.F.,.F.,(9,9),(2,2),(
-6.283185307180E-2,3.204424506662E0),(-3.E-2,1.53E0),.UNSPECIFIED.);
#10013=ORIENTED_EDGE('',*,*,#4179,.T.);
#10015=ORIENTED_EDGE('',*,*,#10014,.F.);
#10017=ORIENTED_EDGE('',*,*,#10016,.T.);
#10019=ORIENTED_EDGE('',*,*,#10018,.T.);
#10020=EDGE_LOOP('',(#10013,#10015,#10017,#10019));
#10021=FACE_OUTER_BOUND('',#10020,.F.);
#10023=CARTESIAN_POINT('',(3.809560890745E1,-1.211039001064E1,
1.896250784014E1));
#10024=CARTESIAN_POINT('',(3.965560890745E1,-1.211039001064E1,
1.896250784014E1));
#10025=CARTESIAN_POINT('',(3.809560890745E1,-1.985481180279E1,
1.944974556026E1));
#10026=CARTESIAN_POINT('',(3.965560890745E1,-1.985481180279E1,
1.944974556026E1));
#10027=CARTESIAN_POINT('',(3.809560890745E1,-2.782665224348E1,
1.632226737284E1));
#10028=CARTESIAN_POINT('',(3.965560890745E1,-2.782665224348E1,
1.632226737284E1));
#10029=CARTESIAN_POINT('',(3.809560890745E1,-3.405688169315E1,
9.462263968595E0));
#10030=CARTESIAN_POINT('',(3.965560890745E1,-3.405688169315E1,
9.462263968595E0));
#10031=CARTESIAN_POINT('',(3.809560890745E1,-3.650159836545E1,
-2.451805973588E-3));
#10032=CARTESIAN_POINT('',(3.965560890745E1,-3.650159836545E1,
-2.451805973588E-3));
#10033=CARTESIAN_POINT('',(3.809560890745E1,-3.405688169315E1,
-9.459199211127E0));
#10034=CARTESIAN_POINT('',(3.965560890745E1,-3.405688169315E1,
-9.459199211127E0));
#10035=CARTESIAN_POINT('',(3.809560890745E1,-2.782665224348E1,
-1.632226737284E1));
#10036=CARTESIAN_POINT('',(3.965560890745E1,-2.782665224348E1,
-1.632226737284E1));
#10037=CARTESIAN_POINT('',(3.809560890745E1,-1.985481180279E1,
-1.944974556026E1));
#10038=CARTESIAN_POINT('',(3.965560890745E1,-1.985481180279E1,
-1.944974556026E1));
#10039=CARTESIAN_POINT('',(3.809560890745E1,-1.211039001064E1,
-1.896250784014E1));
#10040=CARTESIAN_POINT('',(3.965560890745E1,-1.211039001064E1,
-1.896250784014E1));
#10041=B_SPLINE_SURFACE_WITH_KNOTS('',8,1,((#10023,#10024),(#10025,#10026),(
#10027,#10028),(#10029,#10030),(#10031,#10032),(#10033,#10034),(#10035,#10036),(
#10037,#10038),(#10039,#10040)),.UNSPECIFIED.,.F.,.F.,.F.,(9,9),(2,2),(
3.078760800518E0,6.346017160251E0),(-3.E-2,1.53E0),.UNSPECIFIED.);
#10042=ORIENTED_EDGE('',*,*,#10018,.F.);
#10044=ORIENTED_EDGE('',*,*,#10043,.T.);
#10045=ORIENTED_EDGE('',*,*,#10014,.T.);
#10046=ORIENTED_EDGE('',*,*,#4181,.T.);
#10047=EDGE_LOOP('',(#10042,#10044,#10045,#10046));
#10048=FACE_OUTER_BOUND('',#10047,.F.);
#10050=CARTESIAN_POINT('',(4.014873661712E1,-1.212935450090E1,
-1.866107589926E1));
#10051=CARTESIAN_POINT('',(3.960248119778E1,-1.210955158206E1,
-1.897583428086E1));
#10052=CARTESIAN_POINT('',(4.014873661712E1,-1.975066936481E1,
-1.914056838795E1));
#10053=CARTESIAN_POINT('',(3.960248119778E1,-1.985941598648E1,
-1.946341442113E1));
#10054=CARTESIAN_POINT('',(4.014873661712E1,-2.759578778346E1,
-1.606280523970E1));
#10055=CARTESIAN_POINT('',(3.960248119778E1,-2.783685886436E1,
-1.633373830962E1));
#10056=CARTESIAN_POINT('',(4.014873661712E1,-3.372698021909E1,
-9.311849866344E0));
#10057=CARTESIAN_POINT('',(3.960248119778E1,-3.407146678464E1,
-9.468913843229E0));
#10058=CARTESIAN_POINT('',(4.014873661712E1,-3.613283517028E1,
2.412831559648E-3));
#10059=CARTESIAN_POINT('',(3.960248119778E1,-3.651790155100E1,
2.453529050022E-3));
#10060=CARTESIAN_POINT('',(4.014873661712E1,-3.372698021909E1,
9.308833826895E0));
#10061=CARTESIAN_POINT('',(3.960248119778E1,-3.407146678464E1,
9.465846931916E0));
#10062=CARTESIAN_POINT('',(4.014873661712E1,-2.759578778346E1,
1.606280523970E1));
#10063=CARTESIAN_POINT('',(3.960248119778E1,-2.783685886436E1,
1.633373830962E1));
#10064=CARTESIAN_POINT('',(4.014873661712E1,-1.975066936481E1,
1.914056838795E1));
#10065=CARTESIAN_POINT('',(3.960248119778E1,-1.985941598648E1,
1.946341442113E1));
#10066=CARTESIAN_POINT('',(4.014873661712E1,-1.212935450090E1,
1.866107589926E1));
#10067=CARTESIAN_POINT('',(3.960248119778E1,-1.210955158206E1,
1.897583428086E1));
#10068=B_SPLINE_SURFACE_WITH_KNOTS('',8,1,((#10050,#10051),(#10052,#10053),(
#10054,#10055),(#10056,#10057),(#10058,#10059),(#10060,#10061),(#10062,#10063),(
#10064,#10065),(#10066,#10067)),.UNSPECIFIED.,.F.,.F.,.F.,(9,9),(2,2),(
3.078760800518E0,6.346017160251E0),(3.238583763414E1,3.293209305348E1),
.UNSPECIFIED.);
#10070=ORIENTED_EDGE('',*,*,#10069,.F.);
#10071=ORIENTED_EDGE('',*,*,#10043,.F.);
#10073=ORIENTED_EDGE('',*,*,#10072,.T.);
#10075=ORIENTED_EDGE('',*,*,#10074,.T.);
#10076=EDGE_LOOP('',(#10070,#10071,#10073,#10075));
#10077=FACE_OUTER_BOUND('',#10076,.F.);
#10079=CARTESIAN_POINT('',(4.014873661712E1,-1.447746526249E1,
1.866107589926E1));
#10080=CARTESIAN_POINT('',(3.960248119778E1,-1.449726818134E1,
1.897583428086E1));
#10081=CARTESIAN_POINT('',(4.014873661712E1,-6.856150398581E0,
1.914056838795E1));
#10082=CARTESIAN_POINT('',(3.960248119778E1,-6.747403776915E0,
1.946341442113E1));
#10083=CARTESIAN_POINT('',(4.014873661712E1,9.889680200676E-1,
1.606280523970E1));
#10084=CARTESIAN_POINT('',(3.960248119778E1,1.230039100960E0,1.633373830962E1));
#10085=CARTESIAN_POINT('',(4.014873661712E1,7.120160455698E0,9.311849866344E0));
#10086=CARTESIAN_POINT('',(3.960248119778E1,7.464647021248E0,9.468913843229E0));
#10087=CARTESIAN_POINT('',(4.014873661712E1,9.526015406887E0,
-2.412831559524E-3));
#10088=CARTESIAN_POINT('',(3.960248119778E1,9.911081787604E0,
-2.453529049898E-3));
#10089=CARTESIAN_POINT('',(4.014873661712E1,7.120160455698E0,
-9.308833826895E0));
#10090=CARTESIAN_POINT('',(3.960248119778E1,7.464647021248E0,
-9.465846931916E0));
#10091=CARTESIAN_POINT('',(4.014873661712E1,9.889680200676E-1,
-1.606280523970E1));
#10092=CARTESIAN_POINT('',(3.960248119778E1,1.230039100960E0,
-1.633373830962E1));
#10093=CARTESIAN_POINT('',(4.014873661712E1,-6.856150398581E0,
-1.914056838795E1));
#10094=CARTESIAN_POINT('',(3.960248119778E1,-6.747403776915E0,
-1.946341442113E1));
#10095=CARTESIAN_POINT('',(4.014873661712E1,-1.447746526249E1,
-1.866107589926E1));
#10096=CARTESIAN_POINT('',(3.960248119778E1,-1.449726818134E1,
-1.897583428086E1));
#10097=B_SPLINE_SURFACE_WITH_KNOTS('',8,1,((#10079,#10080),(#10081,#10082),(
#10083,#10084),(#10085,#10086),(#10087,#10088),(#10089,#10090),(#10091,#10092),(
#10093,#10094),(#10095,#10096)),.UNSPECIFIED.,.F.,.F.,.F.,(9,9),(2,2),(
-6.283185307180E-2,3.204424506662E0),(3.238583763414E1,3.293209305348E1),
.UNSPECIFIED.);
#10099=ORIENTED_EDGE('',*,*,#10098,.T.);
#10100=ORIENTED_EDGE('',*,*,#10072,.F.);
#10101=ORIENTED_EDGE('',*,*,#10016,.F.);
#10102=ORIENTED_EDGE('',*,*,#10069,.T.);
#10103=EDGE_LOOP('',(#10099,#10100,#10101,#10102));
#10104=FACE_OUTER_BOUND('',#10103,.F.);
#10106=CARTESIAN_POINT('',(4.012560890745E1,-3.276318774141E1,
-1.945977786002E1));
#10107=CARTESIAN_POINT('',(4.012560890745E1,6.156367978016E0,
-1.945977786002E1));
#10108=CARTESIAN_POINT('',(4.012560890745E1,-3.276318774141E1,
1.945977786002E1));
#10109=CARTESIAN_POINT('',(4.012560890745E1,6.156367978016E0,1.945977786002E1));
#10110=B_SPLINE_SURFACE_WITH_KNOTS('',1,1,((#10106,#10107),(#10108,#10109)),
.UNSPECIFIED.,.F.,.F.,.F.,(2,2),(2,2),(1.540222139979E0,4.045977786002E1),(
1.540222140286E0,4.045977785971E1),.UNSPECIFIED.);
#10111=ORIENTED_EDGE('',*,*,#10074,.F.);
#10112=ORIENTED_EDGE('',*,*,#10098,.F.);
#10113=EDGE_LOOP('',(#10111,#10112));
#10114=FACE_OUTER_BOUND('',#10113,.F.);
#10116=ORIENTED_EDGE('',*,*,#10115,.F.);
#10118=ORIENTED_EDGE('',*,*,#10117,.F.);
#10119=EDGE_LOOP('',(#10116,#10118));
#10120=FACE_BOUND('',#10119,.F.);
#10122=CARTESIAN_POINT('',(3.960248119778E1,-1.219913516657E1,
1.755194397961E1));
#10123=CARTESIAN_POINT('',(4.014873661712E1,-1.217933224772E1,
1.786670236122E1));
#10124=CARTESIAN_POINT('',(3.960248119778E1,-1.936747274070E1,
1.800293755285E1));
#10125=CARTESIAN_POINT('',(4.014873661712E1,-1.947621936237E1,
1.832578358602E1));
#10126=CARTESIAN_POINT('',(3.960248119778E1,-2.674631197489E1,
1.510810305069E1));
#10127=CARTESIAN_POINT('',(4.014873661712E1,-2.698738305578E1,
1.537903612060E1));
#10128=CARTESIAN_POINT('',(3.960248119778E1,-3.251309341554E1,
8.758394643643E0));
#10129=CARTESIAN_POINT('',(4.014873661712E1,-3.285757998109E1,
8.915458620527E0));
#10130=CARTESIAN_POINT('',(3.960248119778E1,-3.477595497584E1,
-2.269423509877E-3));
#10131=CARTESIAN_POINT('',(4.014873661712E1,-3.516102135656E1,
-2.310121000251E-3));
#10132=CARTESIAN_POINT('',(3.960248119778E1,-3.251309341554E1,
-8.755557864255E0));
#10133=CARTESIAN_POINT('',(4.014873661712E1,-3.285757998109E1,
-8.912570969277E0));
#10134=CARTESIAN_POINT('',(3.960248119778E1,-2.674631197489E1,
-1.510810305069E1));
#10135=CARTESIAN_POINT('',(4.014873661712E1,-2.698738305578E1,
-1.537903612060E1));
#10136=CARTESIAN_POINT('',(3.960248119778E1,-1.936747274070E1,
-1.800293755285E1));
#10137=CARTESIAN_POINT('',(4.014873661712E1,-1.947621936237E1,
-1.832578358602E1));
#10138=CARTESIAN_POINT('',(3.960248119778E1,-1.219913516657E1,
-1.755194397961E1));
#10139=CARTESIAN_POINT('',(4.014873661712E1,-1.217933224772E1,
-1.786670236122E1));
#10140=B_SPLINE_SURFACE_WITH_KNOTS('',8,1,((#10122,#10123),(#10124,#10125),(
#10126,#10127),(#10128,#10129),(#10130,#10131),(#10132,#10133),(#10134,#10135),(
#10136,#10137),(#10138,#10139)),.UNSPECIFIED.,.F.,.F.,.F.,(9,9),(2,2),(
3.078760800518E0,6.346017160251E0),(3.046096650354E1,3.100722192288E1),
.UNSPECIFIED.);
#10142=ORIENTED_EDGE('',*,*,#10141,.F.);
#10144=ORIENTED_EDGE('',*,*,#10143,.F.);
#10145=ORIENTED_EDGE('',*,*,#10115,.T.);
#10147=ORIENTED_EDGE('',*,*,#10146,.T.);
#10148=EDGE_LOOP('',(#10142,#10144,#10145,#10147));
#10149=FACE_OUTER_BOUND('',#10148,.F.);
#10151=CARTESIAN_POINT('',(3.707560890745E1,-1.219829673798E1,
1.756527042034E1));
#10152=CARTESIAN_POINT('',(3.967560890745E1,-1.219829673798E1,
1.756527042034E1));
#10153=CARTESIAN_POINT('',(3.707560890745E1,-1.937207692439E1,
1.801660641372E1));
#10154=CARTESIAN_POINT('',(3.967560890745E1,-1.937207692439E1,
1.801660641372E1));
#10155=CARTESIAN_POINT('',(3.707560890745E1,-2.675651859577E1,
1.511957398747E1));
#10156=CARTESIAN_POINT('',(3.967560890745E1,-2.675651859577E1,
1.511957398747E1));
#10157=CARTESIAN_POINT('',(3.707560890745E1,-3.252767850704E1,
8.765044518277E0));
#10158=CARTESIAN_POINT('',(3.967560890745E1,-3.252767850704E1,
8.765044518277E0));
#10159=CARTESIAN_POINT('',(3.707560890745E1,-3.479225816139E1,
-2.271146585973E-3));
#10160=CARTESIAN_POINT('',(3.967560890745E1,-3.479225816139E1,
-2.271146585973E-3));
#10161=CARTESIAN_POINT('',(3.707560890745E1,-3.252767850704E1,
-8.762205585044E0));
#10162=CARTESIAN_POINT('',(3.967560890745E1,-3.252767850704E1,
-8.762205585044E0));
#10163=CARTESIAN_POINT('',(3.707560890745E1,-2.675651859577E1,
-1.511957398747E1));
#10164=CARTESIAN_POINT('',(3.967560890745E1,-2.675651859577E1,
-1.511957398747E1));
#10165=CARTESIAN_POINT('',(3.707560890745E1,-1.937207692439E1,
-1.801660641372E1));
#10166=CARTESIAN_POINT('',(3.967560890745E1,-1.937207692439E1,
-1.801660641372E1));
#10167=CARTESIAN_POINT('',(3.707560890745E1,-1.219829673798E1,
-1.756527042034E1));
#10168=CARTESIAN_POINT('',(3.967560890745E1,-1.219829673798E1,
-1.756527042034E1));
#10169=B_SPLINE_SURFACE_WITH_KNOTS('',8,1,((#10151,#10152),(#10153,#10154),(
#10155,#10156),(#10157,#10158),(#10159,#10160),(#10161,#10162),(#10163,#10164),(
#10165,#10166),(#10167,#10168)),.UNSPECIFIED.,.F.,.F.,.F.,(9,9),(2,2),(
3.078760800518E0,6.346017160251E0),(-5.000000000003E-2,2.55E0),.UNSPECIFIED.);
#10171=ORIENTED_EDGE('',*,*,#10170,.T.);
#10173=ORIENTED_EDGE('',*,*,#10172,.F.);
#10174=ORIENTED_EDGE('',*,*,#10141,.T.);
#10176=ORIENTED_EDGE('',*,*,#10175,.T.);
#10177=EDGE_LOOP('',(#10171,#10173,#10174,#10176));
#10178=FACE_OUTER_BOUND('',#10177,.F.);
#10180=CARTESIAN_POINT('',(3.712560890745E1,-3.161046523818E1,-1.8304E1));
#10181=CARTESIAN_POINT('',(3.712560890745E1,-3.161046523818E1,1.8304E1));
#10182=CARTESIAN_POINT('',(3.712560890745E1,5.003645474781E0,-1.8304E1));
#10183=CARTESIAN_POINT('',(3.712560890745E1,5.003645474781E0,1.8304E1));
#10184=B_SPLINE_SURFACE_WITH_KNOTS('',1,1,((#10180,#10181),(#10182,#10183)),
.UNSPECIFIED.,.F.,.F.,.F.,(2,2),(2,2),(-3.161046523818E1,5.003645474781E0),(
-1.8304E1,1.8304E1),.UNSPECIFIED.);
#10185=ORIENTED_EDGE('',*,*,#10170,.F.);
#10187=ORIENTED_EDGE('',*,*,#10186,.F.);
#10188=EDGE_LOOP('',(#10185,#10187));
#10189=FACE_OUTER_BOUND('',#10188,.F.);
#10191=ORIENTED_EDGE('',*,*,#10190,.T.);
#10193=ORIENTED_EDGE('',*,*,#10192,.T.);
#10194=EDGE_LOOP('',(#10191,#10193));
#10195=FACE_BOUND('',#10194,.F.);
#10197=CARTESIAN_POINT('',(3.707560890745E1,-1.440852302541E1,
-1.756527042034E1));
#10198=CARTESIAN_POINT('',(3.967560890745E1,-1.440852302541E1,
-1.756527042034E1));
#10199=CARTESIAN_POINT('',(3.707560890745E1,-7.234742839003E0,
-1.801660641372E1));
#10200=CARTESIAN_POINT('',(3.967560890745E1,-7.234742839003E0,
-1.801660641372E1));
#10201=CARTESIAN_POINT('',(3.707560890745E1,1.496988323706E-1,
-1.511957398747E1));
#10202=CARTESIAN_POINT('',(3.967560890745E1,1.496988323706E-1,
-1.511957398747E1));
#10203=CARTESIAN_POINT('',(3.707560890745E1,5.920858743643E0,
-8.765044518277E0));
#10204=CARTESIAN_POINT('',(3.967560890745E1,5.920858743643E0,
-8.765044518277E0));
#10205=CARTESIAN_POINT('',(3.707560890745E1,8.185438397992E0,
2.271146586216E-3));
#10206=CARTESIAN_POINT('',(3.967560890745E1,8.185438397992E0,
2.271146586216E-3));
#10207=CARTESIAN_POINT('',(3.707560890745E1,5.920858743643E0,8.762205585044E0));
#10208=CARTESIAN_POINT('',(3.967560890745E1,5.920858743643E0,8.762205585044E0));
#10209=CARTESIAN_POINT('',(3.707560890745E1,1.496988323706E-1,
1.511957398747E1));
#10210=CARTESIAN_POINT('',(3.967560890745E1,1.496988323706E-1,
1.511957398747E1));
#10211=CARTESIAN_POINT('',(3.707560890745E1,-7.234742839003E0,
1.801660641372E1));
#10212=CARTESIAN_POINT('',(3.967560890745E1,-7.234742839003E0,
1.801660641372E1));
#10213=CARTESIAN_POINT('',(3.707560890745E1,-1.440852302541E1,
1.756527042034E1));
#10214=CARTESIAN_POINT('',(3.967560890745E1,-1.440852302541E1,
1.756527042034E1));
#10215=B_SPLINE_SURFACE_WITH_KNOTS('',8,1,((#10197,#10198),(#10199,#10200),(
#10201,#10202),(#10203,#10204),(#10205,#10206),(#10207,#10208),(#10209,#10210),(
#10211,#10212),(#10213,#10214)),.UNSPECIFIED.,.F.,.F.,.F.,(9,9),(2,2),(
-6.283185307180E-2,3.204424506662E0),(-5.000000000002E-2,2.55E0),.UNSPECIFIED.);
#10216=ORIENTED_EDGE('',*,*,#10186,.T.);
#10217=ORIENTED_EDGE('',*,*,#10175,.F.);
#10219=ORIENTED_EDGE('',*,*,#10218,.T.);
#10220=ORIENTED_EDGE('',*,*,#10172,.T.);
#10221=EDGE_LOOP('',(#10216,#10217,#10219,#10220));
#10222=FACE_OUTER_BOUND('',#10221,.F.);
#10224=CARTESIAN_POINT('',(3.960248119778E1,-1.440768459683E1,
-1.755194397961E1));
#10225=CARTESIAN_POINT('',(4.014873661712E1,-1.442748751567E1,
-1.786670236122E1));
#10226=CARTESIAN_POINT('',(3.960248119778E1,-7.239347022695E0,
-1.800293755285E1));
#10227=CARTESIAN_POINT('',(4.014873661712E1,-7.130600401029E0,
-1.832578358602E1));
#10228=CARTESIAN_POINT('',(3.960248119778E1,1.394922114912E-1,
-1.510810305069E1));
#10229=CARTESIAN_POINT('',(4.014873661712E1,3.805632923837E-1,
-1.537903612060E1));
#10230=CARTESIAN_POINT('',(3.960248119778E1,5.906273652143E0,
-8.758394643643E0));
#10231=CARTESIAN_POINT('',(4.014873661712E1,6.250760217693E0,
-8.915458620527E0));
#10232=CARTESIAN_POINT('',(3.960248119778E1,8.169135212447E0,
2.269423509948E-3));
#10233=CARTESIAN_POINT('',(4.014873661712E1,8.554201593164E0,
2.310121000322E-3));
#10234=CARTESIAN_POINT('',(3.960248119778E1,5.906273652143E0,8.755557864255E0));
#10235=CARTESIAN_POINT('',(4.014873661712E1,6.250760217693E0,8.912570969277E0));
#10236=CARTESIAN_POINT('',(3.960248119778E1,1.394922114912E-1,
1.510810305069E1));
#10237=CARTESIAN_POINT('',(4.014873661712E1,3.805632923837E-1,
1.537903612060E1));
#10238=CARTESIAN_POINT('',(3.960248119778E1,-7.239347022695E0,
1.800293755285E1));
#10239=CARTESIAN_POINT('',(4.014873661712E1,-7.130600401029E0,
1.832578358602E1));
#10240=CARTESIAN_POINT('',(3.960248119778E1,-1.440768459683E1,
1.755194397961E1));
#10241=CARTESIAN_POINT('',(4.014873661712E1,-1.442748751567E1,
1.786670236122E1));
#10242=B_SPLINE_SURFACE_WITH_KNOTS('',8,1,((#10224,#10225),(#10226,#10227),(
#10228,#10229),(#10230,#10231),(#10232,#10233),(#10234,#10235),(#10236,#10237),(
#10238,#10239),(#10240,#10241)),.UNSPECIFIED.,.F.,.F.,.F.,(9,9),(2,2),(
-6.283185307180E-2,3.204424506662E0),(3.046096650354E1,3.100722192288E1),
.UNSPECIFIED.);
#10243=ORIENTED_EDGE('',*,*,#10146,.F.);
#10244=ORIENTED_EDGE('',*,*,#10117,.T.);
#10245=ORIENTED_EDGE('',*,*,#10143,.T.);
#10246=ORIENTED_EDGE('',*,*,#10218,.F.);
#10247=EDGE_LOOP('',(#10243,#10244,#10245,#10246));
#10248=FACE_OUTER_BOUND('',#10247,.F.);
#10250=CARTESIAN_POINT('',(3.705560890745E1,-1.383712929770E1,
-8.483227191640E0));
#10251=CARTESIAN_POINT('',(4.069560890745E1,-1.383712929770E1,
-8.483227191640E0));
#10252=CARTESIAN_POINT('',(3.705560890745E1,-1.037251954858E1,
-8.701201961170E0));
#10253=CARTESIAN_POINT('',(4.069560890745E1,-1.037251954858E1,
-8.701201961170E0));
#10254=CARTESIAN_POINT('',(3.705560890745E1,-6.806169877744E0,
-7.302066982585E0));
#10255=CARTESIAN_POINT('',(4.069560890745E1,-6.806169877744E0,
-7.302066982585E0));
#10256=CARTESIAN_POINT('',(3.705560890745E1,-4.018961966051E0,
-4.233118091213E0));
#10257=CARTESIAN_POINT('',(4.069560890745E1,-4.018961966051E0,
-4.233118091213E0));
#10258=CARTESIAN_POINT('',(3.705560890745E1,-2.925272928438E0,
1.096860567206E-3));
#10259=CARTESIAN_POINT('',(4.069560890745E1,-2.925272928438E0,
1.096860567206E-3));
#10260=CARTESIAN_POINT('',(3.705560890745E1,-4.018961966051E0,
4.231747015504E0));
#10261=CARTESIAN_POINT('',(4.069560890745E1,-4.018961966051E0,
4.231747015504E0));
#10262=CARTESIAN_POINT('',(3.705560890745E1,-6.806169877744E0,
7.302066982585E0));
#10263=CARTESIAN_POINT('',(4.069560890745E1,-6.806169877744E0,
7.302066982585E0));
#10264=CARTESIAN_POINT('',(3.705560890745E1,-1.037251954858E1,
8.701201961170E0));
#10265=CARTESIAN_POINT('',(4.069560890745E1,-1.037251954858E1,
8.701201961170E0));
#10266=CARTESIAN_POINT('',(3.705560890745E1,-1.383712929770E1,
8.483227191640E0));
#10267=CARTESIAN_POINT('',(4.069560890745E1,-1.383712929770E1,
8.483227191640E0));
#10268=B_SPLINE_SURFACE_WITH_KNOTS('',8,1,((#10250,#10251),(#10252,#10253),(
#10254,#10255),(#10256,#10257),(#10258,#10259),(#10260,#10261),(#10262,#10263),(
#10264,#10265),(#10266,#10267)),.UNSPECIFIED.,.F.,.F.,.F.,(9,9),(2,2),(
-6.283185307180E-2,3.204424506662E0),(1.1093E2,1.1457E2),.UNSPECIFIED.);
#10269=ORIENTED_EDGE('',*,*,#10190,.F.);
#10271=ORIENTED_EDGE('',*,*,#10270,.F.);
#10273=ORIENTED_EDGE('',*,*,#10272,.T.);
#10275=ORIENTED_EDGE('',*,*,#10274,.T.);
#10276=EDGE_LOOP('',(#10269,#10271,#10273,#10275));
#10277=FACE_OUTER_BOUND('',#10276,.F.);
#10279=CARTESIAN_POINT('',(3.705560890745E1,-1.276969046570E1,
8.483227191640E0));
#10280=CARTESIAN_POINT('',(4.069560890745E1,-1.276969046570E1,
8.483227191640E0));
#10281=CARTESIAN_POINT('',(3.705560890745E1,-1.623430021482E1,
8.701201961170E0));
#10282=CARTESIAN_POINT('',(4.069560890745E1,-1.623430021482E1,
8.701201961170E0));
#10283=CARTESIAN_POINT('',(3.705560890745E1,-1.980064988565E1,
7.302066982585E0));
#10284=CARTESIAN_POINT('',(4.069560890745E1,-1.980064988565E1,
7.302066982585E0));
#10285=CARTESIAN_POINT('',(3.705560890745E1,-2.258785779735E1,
4.233118091213E0));
#10286=CARTESIAN_POINT('',(4.069560890745E1,-2.258785779735E1,
4.233118091213E0));
#10287=CARTESIAN_POINT('',(3.705560890745E1,-2.368154683496E1,
-1.096860567112E-3));
#10288=CARTESIAN_POINT('',(4.069560890745E1,-2.368154683496E1,
-1.096860567111E-3));
#10289=CARTESIAN_POINT('',(3.705560890745E1,-2.258785779735E1,
-4.231747015504E0));
#10290=CARTESIAN_POINT('',(4.069560890745E1,-2.258785779735E1,
-4.231747015504E0));
#10291=CARTESIAN_POINT('',(3.705560890745E1,-1.980064988565E1,
-7.302066982585E0));
#10292=CARTESIAN_POINT('',(4.069560890745E1,-1.980064988565E1,
-7.302066982585E0));
#10293=CARTESIAN_POINT('',(3.705560890745E1,-1.623430021482E1,
-8.701201961170E0));
#10294=CARTESIAN_POINT('',(4.069560890745E1,-1.623430021482E1,
-8.701201961170E0));
#10295=CARTESIAN_POINT('',(3.705560890745E1,-1.276969046570E1,
-8.483227191640E0));
#10296=CARTESIAN_POINT('',(4.069560890745E1,-1.276969046570E1,
-8.483227191640E0));
#10297=B_SPLINE_SURFACE_WITH_KNOTS('',8,1,((#10279,#10280),(#10281,#10282),(
#10283,#10284),(#10285,#10286),(#10287,#10288),(#10289,#10290),(#10291,#10292),(
#10293,#10294),(#10295,#10296)),.UNSPECIFIED.,.F.,.F.,.F.,(9,9),(2,2),(
3.078760800518E0,6.346017160251E0),(1.1093E2,1.1457E2),.UNSPECIFIED.);
#10298=ORIENTED_EDGE('',*,*,#10192,.F.);
#10299=ORIENTED_EDGE('',*,*,#10274,.F.);
#10301=ORIENTED_EDGE('',*,*,#10300,.T.);
#10302=ORIENTED_EDGE('',*,*,#10270,.T.);
#10303=EDGE_LOOP('',(#10298,#10299,#10301,#10302));
#10304=FACE_OUTER_BOUND('',#10303,.F.);
#10306=CARTESIAN_POINT('',(4.114449260332E1,-1.280227144254E1,
-7.965367394217E0));
#10307=CARTESIAN_POINT('',(4.060672521158E1,-1.276850474862E1,
-8.502073624850E0));
#10308=CARTESIAN_POINT('',(4.114449260332E1,-1.605538360208E1,
-8.170035863273E0));
#10309=CARTESIAN_POINT('',(4.060672521158E1,-1.624081151384E1,
-8.720532649586E0));
#10310=CARTESIAN_POINT('',(4.114449260332E1,-1.940402495551E1,
-6.856311276301E0));
#10311=CARTESIAN_POINT('',(4.060672521158E1,-1.981508422733E1,
-7.318289336952E0));
#10312=CARTESIAN_POINT('',(4.114449260332E1,-2.202108736810E1,
-3.974706801776E0));
#10313=CARTESIAN_POINT('',(4.060672521158E1,-2.260848423155E1,
-4.242522434109E0));
#10314=CARTESIAN_POINT('',(4.114449260332E1,-2.304801200454E1,
1.029902559528E-3));
#10315=CARTESIAN_POINT('',(4.060672521158E1,-2.370460302107E1,
1.099297364974E-3));
#10316=CARTESIAN_POINT('',(4.114449260332E1,-2.202108736810E1,
3.973419423576E0));
#10317=CARTESIAN_POINT('',(4.060672521158E1,-2.260848423155E1,
4.241148312403E0));
#10318=CARTESIAN_POINT('',(4.114449260332E1,-1.940402495551E1,
6.856311276301E0));
#10319=CARTESIAN_POINT('',(4.060672521158E1,-1.981508422733E1,
7.318289336952E0));
#10320=CARTESIAN_POINT('',(4.114449260332E1,-1.605538360208E1,
8.170035863274E0));
#10321=CARTESIAN_POINT('',(4.060672521158E1,-1.624081151384E1,
8.720532649586E0));
#10322=CARTESIAN_POINT('',(4.114449260332E1,-1.280227144254E1,
7.965367394217E0));
#10323=CARTESIAN_POINT('',(4.060672521158E1,-1.276850474862E1,
8.502073624850E0));
#10324=B_SPLINE_SURFACE_WITH_KNOTS('',8,1,((#10306,#10307),(#10308,#10309),(
#10310,#10311),(#10312,#10313),(#10314,#10315),(#10316,#10317),(#10318,#10319),(
#10320,#10321),(#10322,#10323)),.UNSPECIFIED.,.F.,.F.,.F.,(9,9),(2,2),(
3.078760800518E0,6.346017160251E0),(7.981116304131E0,8.518883695870E0),
.UNSPECIFIED.);
#10326=ORIENTED_EDGE('',*,*,#10325,.F.);
#10327=ORIENTED_EDGE('',*,*,#10300,.F.);
#10329=ORIENTED_EDGE('',*,*,#10328,.T.);
#10331=ORIENTED_EDGE('',*,*,#10330,.F.);
#10332=EDGE_LOOP('',(#10326,#10327,#10329,#10331));
#10333=FACE_OUTER_BOUND('',#10332,.F.);
#10335=CARTESIAN_POINT('',(4.114449260332E1,-1.380454832086E1,
7.965367394217E0));
#10336=CARTESIAN_POINT('',(4.060672521158E1,-1.383831501477E1,
8.502073624850E0));
#10337=CARTESIAN_POINT('',(4.114449260332E1,-1.055143616131E1,
8.170035863274E0));
#10338=CARTESIAN_POINT('',(4.060672521158E1,-1.036600824956E1,
8.720532649586E0));
#10339=CARTESIAN_POINT('',(4.114449260332E1,-7.202794807886E0,
6.856311276301E0));
#10340=CARTESIAN_POINT('',(4.060672521158E1,-6.791735536071E0,
7.318289336952E0));
#10341=CARTESIAN_POINT('',(4.114449260332E1,-4.585732395295E0,
3.974706801776E0));
#10342=CARTESIAN_POINT('',(4.060672521158E1,-3.998335531844E0,
4.242522434109E0));
#10343=CARTESIAN_POINT('',(4.114449260332E1,-3.558807758856E0,
-1.029902559473E-3));
#10344=CARTESIAN_POINT('',(4.060672521158E1,-2.902216742330E0,
-1.099297364919E-3));
#10345=CARTESIAN_POINT('',(4.114449260332E1,-4.585732395295E0,
-3.973419423576E0));
#10346=CARTESIAN_POINT('',(4.060672521158E1,-3.998335531844E0,
-4.241148312403E0));
#10347=CARTESIAN_POINT('',(4.114449260332E1,-7.202794807886E0,
-6.856311276301E0));
#10348=CARTESIAN_POINT('',(4.060672521158E1,-6.791735536071E0,
-7.318289336952E0));
#10349=CARTESIAN_POINT('',(4.114449260332E1,-1.055143616131E1,
-8.170035863273E0));
#10350=CARTESIAN_POINT('',(4.060672521158E1,-1.036600824956E1,
-8.720532649586E0));
#10351=CARTESIAN_POINT('',(4.114449260332E1,-1.380454832086E1,
-7.965367394217E0));
#10352=CARTESIAN_POINT('',(4.060672521158E1,-1.383831501477E1,
-8.502073624850E0));
#10353=B_SPLINE_SURFACE_WITH_KNOTS('',8,1,((#10335,#10336),(#10337,#10338),(
#10339,#10340),(#10341,#10342),(#10343,#10344),(#10345,#10346),(#10347,#10348),(
#10349,#10350),(#10351,#10352)),.UNSPECIFIED.,.F.,.F.,.F.,(9,9),(2,2),(
-6.283185307180E-2,3.204424506662E0),(7.981116304131E0,8.518883695870E0),
.UNSPECIFIED.);
#10355=ORIENTED_EDGE('',*,*,#10354,.F.);
#10356=ORIENTED_EDGE('',*,*,#10328,.F.);
#10357=ORIENTED_EDGE('',*,*,#10272,.F.);
#10358=ORIENTED_EDGE('',*,*,#10325,.T.);
#10359=EDGE_LOOP('',(#10355,#10356,#10357,#10358));
#10360=FACE_OUTER_BOUND('',#10359,.F.);
#10362=CARTESIAN_POINT('',(4.053560890745E1,-1.380573403793E1,
-7.984213827426E0));
#10363=CARTESIAN_POINT('',(7.121560890745E1,-1.380573403793E1,
-7.984213827426E0));
#10364=CARTESIAN_POINT('',(4.053560890745E1,-1.054492486229E1,
-8.189366551689E0));
#10365=CARTESIAN_POINT('',(7.121560890745E1,-1.054492486229E1,
-8.189366551689E0));
#10366=CARTESIAN_POINT('',(4.053560890745E1,-7.188360466212E0,
-6.872533630668E0));
#10367=CARTESIAN_POINT('',(7.121560890745E1,-7.188360466212E0,
-6.872533630668E0));
#10368=CARTESIAN_POINT('',(4.053560890745E1,-4.565105961089E0,
-3.984111144671E0));
#10369=CARTESIAN_POINT('',(7.121560890745E1,-4.565105961089E0,
-3.984111144671E0));
#10370=CARTESIAN_POINT('',(4.053560890745E1,-3.535751572748E0,
1.032339357319E-3));
#10371=CARTESIAN_POINT('',(7.121560890745E1,-3.535751572748E0,
1.032339357320E-3));
#10372=CARTESIAN_POINT('',(4.053560890745E1,-4.565105961089E0,
3.982820720475E0));
#10373=CARTESIAN_POINT('',(7.121560890745E1,-4.565105961089E0,
3.982820720475E0));
#10374=CARTESIAN_POINT('',(4.053560890745E1,-7.188360466212E0,
6.872533630668E0));
#10375=CARTESIAN_POINT('',(7.121560890745E1,-7.188360466212E0,
6.872533630668E0));
#10376=CARTESIAN_POINT('',(4.053560890745E1,-1.054492486229E1,
8.189366551689E0));
#10377=CARTESIAN_POINT('',(7.121560890745E1,-1.054492486229E1,
8.189366551689E0));
#10378=CARTESIAN_POINT('',(4.053560890745E1,-1.380573403793E1,
7.984213827426E0));
#10379=CARTESIAN_POINT('',(7.121560890745E1,-1.380573403793E1,
7.984213827426E0));
#10380=B_SPLINE_SURFACE_WITH_KNOTS('',8,1,((#10362,#10363),(#10364,#10365),(
#10366,#10367),(#10368,#10369),(#10370,#10371),(#10372,#10373),(#10374,#10375),(
#10376,#10377),(#10378,#10379)),.UNSPECIFIED.,.F.,.F.,.F.,(9,9),(2,2),(
-6.283185307180E-2,3.204424506662E0),(-5.9E-1,3.009E1),.UNSPECIFIED.);
#10381=ORIENTED_EDGE('',*,*,#10354,.T.);
#10383=ORIENTED_EDGE('',*,*,#10382,.F.);
#10385=ORIENTED_EDGE('',*,*,#10384,.T.);
#10387=ORIENTED_EDGE('',*,*,#10386,.T.);
#10388=EDGE_LOOP('',(#10381,#10383,#10385,#10387));
#10389=FACE_OUTER_BOUND('',#10388,.F.);
#10391=CARTESIAN_POINT('',(4.053560890745E1,-1.280108572546E1,
7.984213827426E0));
#10392=CARTESIAN_POINT('',(7.121560890745E1,-1.280108572546E1,
7.984213827426E0));
#10393=CARTESIAN_POINT('',(4.053560890745E1,-1.606189490110E1,
8.189366551689E0));
#10394=CARTESIAN_POINT('',(7.121560890745E1,-1.606189490110E1,
8.189366551689E0));
#10395=CARTESIAN_POINT('',(4.053560890745E1,-1.941845929718E1,
6.872533630668E0));
#10396=CARTESIAN_POINT('',(7.121560890745E1,-1.941845929718E1,
6.872533630668E0));
#10397=CARTESIAN_POINT('',(4.053560890745E1,-2.204171380231E1,
3.984111144671E0));
#10398=CARTESIAN_POINT('',(7.121560890745E1,-2.204171380231E1,
3.984111144671E0));
#10399=CARTESIAN_POINT('',(4.053560890745E1,-2.307106819065E1,
-1.032339357223E-3));
#10400=CARTESIAN_POINT('',(7.121560890745E1,-2.307106819065E1,
-1.032339357222E-3));
#10401=CARTESIAN_POINT('',(4.053560890745E1,-2.204171380231E1,
-3.982820720475E0));
#10402=CARTESIAN_POINT('',(7.121560890745E1,-2.204171380231E1,
-3.982820720475E0));
#10403=CARTESIAN_POINT('',(4.053560890745E1,-1.941845929718E1,
-6.872533630668E0));
#10404=CARTESIAN_POINT('',(7.121560890745E1,-1.941845929718E1,
-6.872533630668E0));
#10405=CARTESIAN_POINT('',(4.053560890745E1,-1.606189490110E1,
-8.189366551689E0));
#10406=CARTESIAN_POINT('',(7.121560890745E1,-1.606189490110E1,
-8.189366551689E0));
#10407=CARTESIAN_POINT('',(4.053560890745E1,-1.280108572546E1,
-7.984213827426E0));
#10408=CARTESIAN_POINT('',(7.121560890745E1,-1.280108572546E1,
-7.984213827426E0));
#10409=B_SPLINE_SURFACE_WITH_KNOTS('',8,1,((#10391,#10392),(#10393,#10394),(
#10395,#10396),(#10397,#10398),(#10399,#10400),(#10401,#10402),(#10403,#10404),(
#10405,#10406),(#10407,#10408)),.UNSPECIFIED.,.F.,.F.,.F.,(9,9),(2,2),(
3.078760800518E0,6.346017160251E0),(-5.9E-1,3.009E1),.UNSPECIFIED.);
#10410=ORIENTED_EDGE('',*,*,#10386,.F.);
#10412=ORIENTED_EDGE('',*,*,#10411,.T.);
#10413=ORIENTED_EDGE('',*,*,#10382,.T.);
#10414=ORIENTED_EDGE('',*,*,#10330,.T.);
#10415=EDGE_LOOP('',(#10410,#10412,#10413,#10414));
#10416=FACE_OUTER_BOUND('',#10415,.F.);
#10418=CARTESIAN_POINT('',(7.114449260332E1,-1.283366670230E1,
-7.466354030003E0));
#10419=CARTESIAN_POINT('',(7.060672521158E1,-1.279990000839E1,
-8.003060260635E0));
#10420=CARTESIAN_POINT('',(7.114449260332E1,-1.588297828837E1,
-7.658200453793E0));
#10421=CARTESIAN_POINT('',(7.060672521158E1,-1.606840620013E1,
-8.208697240105E0));
#10422=CARTESIAN_POINT('',(7.114449260332E1,-1.902183436704E1,
-6.426777924384E0));
#10423=CARTESIAN_POINT('',(7.060672521158E1,-1.943289363886E1,
-6.888755985035E0));
#10424=CARTESIAN_POINT('',(7.114449260332E1,-2.147494337306E1,
-3.725699855234E0));
#10425=CARTESIAN_POINT('',(7.060672521158E1,-2.206234023651E1,
-3.993515487567E0));
#10426=CARTESIAN_POINT('',(7.114449260332E1,-2.243753336023E1,
9.653813496980E-4));
#10427=CARTESIAN_POINT('',(7.060672521158E1,-2.309412437676E1,
1.034776155144E-3));
#10428=CARTESIAN_POINT('',(7.114449260332E1,-2.147494337306E1,
3.724493128547E0));
#10429=CARTESIAN_POINT('',(7.060672521158E1,-2.206234023651E1,
3.992222017373E0));
#10430=CARTESIAN_POINT('',(7.114449260332E1,-1.902183436704E1,
6.426777924384E0));
#10431=CARTESIAN_POINT('',(7.060672521158E1,-1.943289363886E1,
6.888755985035E0));
#10432=CARTESIAN_POINT('',(7.114449260332E1,-1.588297828837E1,
7.658200453793E0));
#10433=CARTESIAN_POINT('',(7.060672521158E1,-1.606840620013E1,
8.208697240105E0));
#10434=CARTESIAN_POINT('',(7.114449260332E1,-1.283366670230E1,
7.466354030003E0));
#10435=CARTESIAN_POINT('',(7.060672521158E1,-1.279990000839E1,
8.003060260635E0));
#10436=B_SPLINE_SURFACE_WITH_KNOTS('',8,1,((#10418,#10419),(#10420,#10421),(
#10422,#10423),(#10424,#10425),(#10426,#10427),(#10428,#10429),(#10430,#10431),(
#10432,#10433),(#10434,#10435)),.UNSPECIFIED.,.F.,.F.,.F.,(9,9),(2,2),(
3.078760800518E0,6.346017160251E0),(7.481116304131E0,8.018883695870E0),
.UNSPECIFIED.);
#10438=ORIENTED_EDGE('',*,*,#10437,.F.);
#10439=ORIENTED_EDGE('',*,*,#10411,.F.);
#10441=ORIENTED_EDGE('',*,*,#10440,.T.);
#10443=ORIENTED_EDGE('',*,*,#10442,.T.);
#10444=EDGE_LOOP('',(#10438,#10439,#10441,#10443));
#10445=FACE_OUTER_BOUND('',#10444,.F.);
#10447=CARTESIAN_POINT('',(7.114449260332E1,-1.377315306109E1,
7.466354030003E0));
#10448=CARTESIAN_POINT('',(7.060672521158E1,-1.380691975501E1,
8.003060260635E0));
#10449=CARTESIAN_POINT('',(7.114449260332E1,-1.072384147503E1,
7.658200453793E0));
#10450=CARTESIAN_POINT('',(7.060672521158E1,-1.053841356327E1,
8.208697240105E0));
#10451=CARTESIAN_POINT('',(7.114449260332E1,-7.584985396354E0,
6.426777924384E0));
#10452=CARTESIAN_POINT('',(7.060672521158E1,-7.173926124539E0,
6.888755985035E0));
#10453=CARTESIAN_POINT('',(7.114449260332E1,-5.131876390333E0,
3.725699855234E0));
#10454=CARTESIAN_POINT('',(7.060672521158E1,-4.544479526882E0,
3.993515487567E0));
#10455=CARTESIAN_POINT('',(7.114449260332E1,-4.169286403165E0,
-9.653813496893E-4));
#10456=CARTESIAN_POINT('',(7.060672521158E1,-3.512695386640E0,
-1.034776155139E-3));
#10457=CARTESIAN_POINT('',(7.114449260332E1,-5.131876390333E0,
-3.724493128546E0));
#10458=CARTESIAN_POINT('',(7.060672521158E1,-4.544479526882E0,
-3.992222017373E0));
#10459=CARTESIAN_POINT('',(7.114449260332E1,-7.584985396354E0,
-6.426777924384E0));
#10460=CARTESIAN_POINT('',(7.060672521158E1,-7.173926124539E0,
-6.888755985035E0));
#10461=CARTESIAN_POINT('',(7.114449260332E1,-1.072384147503E1,
-7.658200453793E0));
#10462=CARTESIAN_POINT('',(7.060672521158E1,-1.053841356327E1,
-8.208697240105E0));
#10463=CARTESIAN_POINT('',(7.114449260332E1,-1.377315306109E1,
-7.466354030003E0));
#10464=CARTESIAN_POINT('',(7.060672521158E1,-1.380691975501E1,
-8.003060260635E0));
#10465=B_SPLINE_SURFACE_WITH_KNOTS('',8,1,((#10447,#10448),(#10449,#10450),(
#10451,#10452),(#10453,#10454),(#10455,#10456),(#10457,#10458),(#10459,#10460),(
#10461,#10462),(#10463,#10464)),.UNSPECIFIED.,.F.,.F.,.F.,(9,9),(2,2),(
-6.283185307180E-2,3.204424506662E0),(7.481116304131E0,8.018883695870E0),
.UNSPECIFIED.);
#10467=ORIENTED_EDGE('',*,*,#10466,.T.);
#10468=ORIENTED_EDGE('',*,*,#10440,.F.);
#10469=ORIENTED_EDGE('',*,*,#10384,.F.);
#10470=ORIENTED_EDGE('',*,*,#10437,.T.);
#10471=EDGE_LOOP('',(#10467,#10468,#10469,#10470));
#10472=FACE_OUTER_BOUND('',#10471,.F.);
#10474=CARTESIAN_POINT('',(7.112560890745E1,-2.110340988188E1,-7.8E0));
#10475=CARTESIAN_POINT('',(7.112560890745E1,-5.503409881514E0,-7.8E0));
#10476=CARTESIAN_POINT('',(7.112560890745E1,-2.110340988188E1,7.8E0));
#10477=CARTESIAN_POINT('',(7.112560890745E1,-5.503409881514E0,7.8E0));
#10478=B_SPLINE_SURFACE_WITH_KNOTS('',1,1,((#10474,#10475),(#10476,#10477)),
.UNSPECIFIED.,.F.,.F.,.F.,(2,2),(2,2),(-7.8E0,7.8E0),(-7.800000000184E0,
7.800000000184E0),.UNSPECIFIED.);
#10479=ORIENTED_EDGE('',*,*,#10442,.F.);
#10480=ORIENTED_EDGE('',*,*,#10466,.F.);
#10481=EDGE_LOOP('',(#10479,#10480));
#10482=FACE_OUTER_BOUND('',#10481,.F.);
#10484=ORIENTED_EDGE('',*,*,#10483,.F.);
#10486=ORIENTED_EDGE('',*,*,#10485,.F.);
#10487=EDGE_LOOP('',(#10484,#10486));
#10488=FACE_BOUND('',#10487,.F.);
#10490=CARTESIAN_POINT('',(6.957975356169E1,-1.335254346323E1,
-7.809559149951E-1));
#10491=CARTESIAN_POINT('',(7.115591979658E1,-1.340968283600E1,
-1.689160237865E0));
#10492=CARTESIAN_POINT('',(6.957975356169E1,-1.292727959991E1,
-8.077112494511E-1));
#10493=CARTESIAN_POINT('',(7.115591979658E1,-1.248986291437E1,
-1.747030402167E0));
#10494=CARTESIAN_POINT('',(6.957975356169E1,-1.248453242925E1,
-5.565773715056E-1));
#10495=CARTESIAN_POINT('',(7.115591979658E1,-1.153222766027E1,
-1.203843068720E0));
#10496=CARTESIAN_POINT('',(6.957975356169E1,-1.224849087129E1,
2.395419934257E-14));
#10497=CARTESIAN_POINT('',(7.115591979658E1,-1.102168409880E1,
2.449429548079E-14));
#10498=CARTESIAN_POINT('',(6.957975356169E1,-1.248453242925E1,
5.565773715056E-1));
#10499=CARTESIAN_POINT('',(7.115591979658E1,-1.153222766027E1,
1.203843068720E0));
#10500=CARTESIAN_POINT('',(6.957975356169E1,-1.292727959991E1,
8.077112494511E-1));
#10501=CARTESIAN_POINT('',(7.115591979658E1,-1.248986291437E1,
1.747030402167E0));
#10502=CARTESIAN_POINT('',(6.957975356169E1,-1.335254346323E1,
7.809559149951E-1));
#10503=CARTESIAN_POINT('',(7.115591979658E1,-1.340968283600E1,
1.689160237865E0));
#10504=B_SPLINE_SURFACE_WITH_KNOTS('',6,1,((#10490,#10491),(#10492,#10493),(
#10494,#10495),(#10496,#10497),(#10498,#10499),(#10500,#10501),(#10502,#10503)),
.UNSPECIFIED.,.F.,.F.,.F.,(7,7),(2,2),(-6.283185307180E-2,3.204424506662E0),(
1.355329756923E0,2.931495991810E0),.UNSPECIFIED.);
#10506=ORIENTED_EDGE('',*,*,#10505,.F.);
#10507=ORIENTED_EDGE('',*,*,#10483,.T.);
#10509=ORIENTED_EDGE('',*,*,#10508,.T.);
#10511=ORIENTED_EDGE('',*,*,#10510,.F.);
#10512=EDGE_LOOP('',(#10506,#10507,#10509,#10511));
#10513=FACE_OUTER_BOUND('',#10512,.F.);
#10515=CARTESIAN_POINT('',(6.957975356169E1,-1.325427630017E1,
7.809559149951E-1));
#10516=CARTESIAN_POINT('',(7.115591979658E1,-1.319713692739E1,
1.689160237865E0));
#10517=CARTESIAN_POINT('',(6.957975356169E1,-1.367954016349E1,
8.077112494511E-1));
#10518=CARTESIAN_POINT('',(7.115591979658E1,-1.411695684902E1,
1.747030402167E0));
#10519=CARTESIAN_POINT('',(6.957975356169E1,-1.412228733414E1,
5.565773715056E-1));
#10520=CARTESIAN_POINT('',(7.115591979658E1,-1.507459210312E1,
1.203843068720E0));
#10521=CARTESIAN_POINT('',(6.957975356169E1,-1.435832889211E1,
2.341524100130E-14));
#10522=CARTESIAN_POINT('',(7.115591979658E1,-1.558513566459E1,
2.332856130494E-14));
#10523=CARTESIAN_POINT('',(6.957975356169E1,-1.412228733414E1,
-5.565773715056E-1));
#10524=CARTESIAN_POINT('',(7.115591979658E1,-1.507459210312E1,
-1.203843068720E0));
#10525=CARTESIAN_POINT('',(6.957975356169E1,-1.367954016349E1,
-8.077112494511E-1));
#10526=CARTESIAN_POINT('',(7.115591979658E1,-1.411695684902E1,
-1.747030402167E0));
#10527=CARTESIAN_POINT('',(6.957975356169E1,-1.325427630017E1,
-7.809559149951E-1));
#10528=CARTESIAN_POINT('',(7.115591979658E1,-1.319713692739E1,
-1.689160237865E0));
#10529=B_SPLINE_SURFACE_WITH_KNOTS('',6,1,((#10515,#10516),(#10517,#10518),(
#10519,#10520),(#10521,#10522),(#10523,#10524),(#10525,#10526),(#10527,#10528)),
.UNSPECIFIED.,.F.,.F.,.F.,(7,7),(2,2),(3.078760800518E0,6.346017160251E0),(
1.355329756923E0,2.931495991810E0),.UNSPECIFIED.);
#10531=ORIENTED_EDGE('',*,*,#10530,.F.);
#10532=ORIENTED_EDGE('',*,*,#10508,.F.);
#10533=ORIENTED_EDGE('',*,*,#10485,.T.);
#10534=ORIENTED_EDGE('',*,*,#10505,.T.);
#10535=EDGE_LOOP('',(#10531,#10532,#10533,#10534));
#10536=FACE_OUTER_BOUND('',#10535,.F.);
#10538=CARTESIAN_POINT('',(6.819791979658E1,-1.325317746607E1,
7.984213827426E-1));
#10539=CARTESIAN_POINT('',(6.963775356169E1,-1.325317746607E1,
7.984213827426E-1));
#10540=CARTESIAN_POINT('',(6.819791979658E1,-1.368795202283E1,
8.257750793111E-1));
#10541=CARTESIAN_POINT('',(6.963775356169E1,-1.368795202283E1,
8.257750793111E-1));
#10542=CARTESIAN_POINT('',(6.819791979658E1,-1.414060088739E1,
5.690247887597E-1));
#10543=CARTESIAN_POINT('',(6.963775356169E1,-1.414060088739E1,
5.690247887597E-1));
#10544=CARTESIAN_POINT('',(6.819791979658E1,-1.438192133004E1,
2.435551760271E-14));
#10545=CARTESIAN_POINT('',(6.963775356169E1,-1.438192133004E1,
2.442490617143E-14));
#10546=CARTESIAN_POINT('',(6.819791979658E1,-1.414060088739E1,
-5.690247887597E-1));
#10547=CARTESIAN_POINT('',(6.963775356169E1,-1.414060088739E1,
-5.690247887597E-1));
#10548=CARTESIAN_POINT('',(6.819791979658E1,-1.368795202283E1,
-8.257750793110E-1));
#10549=CARTESIAN_POINT('',(6.963775356169E1,-1.368795202283E1,
-8.257750793110E-1));
#10550=CARTESIAN_POINT('',(6.819791979658E1,-1.325317746607E1,
-7.984213827426E-1));
#10551=CARTESIAN_POINT('',(6.963775356169E1,-1.325317746607E1,
-7.984213827426E-1));
#10552=B_SPLINE_SURFACE_WITH_KNOTS('',6,1,((#10538,#10539),(#10540,#10541),(
#10542,#10543),(#10544,#10545),(#10546,#10547),(#10548,#10549),(#10550,#10551)),
.UNSPECIFIED.,.F.,.F.,.F.,(7,7),(2,2),(3.078760800518E0,6.346017160251E0),(
-2.927689110868E0,-1.487855345755E0),.UNSPECIFIED.);
#10554=ORIENTED_EDGE('',*,*,#10553,.T.);
#10556=ORIENTED_EDGE('',*,*,#10555,.F.);
#10557=ORIENTED_EDGE('',*,*,#10530,.T.);
#10559=ORIENTED_EDGE('',*,*,#10558,.T.);
#10560=EDGE_LOOP('',(#10554,#10556,#10557,#10559));
#10561=FACE_OUTER_BOUND('',#10560,.F.);
#10563=CARTESIAN_POINT('',(6.774492041222E1,-1.330340988170E1,
2.346666775416E-14));
#10564=CARTESIAN_POINT('',(6.823936329734E1,-1.325174011894E1,
8.212673611885E-1));
#10565=CARTESIAN_POINT('',(6.774492041222E1,-1.330340988170E1,
2.346666775416E-14));
#10566=CARTESIAN_POINT('',(6.823936329734E1,-1.369895528709E1,
8.494037546832E-1));
#10567=CARTESIAN_POINT('',(6.774492041222E1,-1.330340988170E1,
2.346666775416E-14));
#10568=CARTESIAN_POINT('',(6.823936329734E1,-1.416455621735E1,
5.853068277183E-1));
#10569=CARTESIAN_POINT('',(6.774492041222E1,-1.330340988170E1,
2.346666775416E-14));
#10570=CARTESIAN_POINT('',(6.823936329734E1,-1.441278178773E1,
2.465389004058E-14));
#10571=CARTESIAN_POINT('',(6.774492041222E1,-1.330340988170E1,
2.346666775416E-14));
#10572=CARTESIAN_POINT('',(6.823936329734E1,-1.416455621735E1,
-5.853068277182E-1));
#10573=CARTESIAN_POINT('',(6.774492041222E1,-1.330340988170E1,
2.346666775416E-14));
#10574=CARTESIAN_POINT('',(6.823936329734E1,-1.369895528709E1,
-8.494037546832E-1));
#10575=CARTESIAN_POINT('',(6.774492041222E1,-1.330340988170E1,
2.346666775416E-14));
#10576=CARTESIAN_POINT('',(6.823936329734E1,-1.325174011894E1,
-8.212673611884E-1));
#10577=B_SPLINE_SURFACE_WITH_KNOTS('',6,1,((#10563,#10564),(#10565,#10566),(
#10567,#10568),(#10569,#10570),(#10571,#10572),(#10573,#10574),(#10575,#10576)),
.UNSPECIFIED.,.F.,.F.,.F.,(7,7),(2,2),(3.078760800518E0,6.346017160251E0),(0.E0,
4.944428851199E-1),.UNSPECIFIED.);
#10579=ORIENTED_EDGE('',*,*,#10578,.F.);
#10580=ORIENTED_EDGE('',*,*,#10553,.F.);
#10582=ORIENTED_EDGE('',*,*,#10581,.T.);
#10583=EDGE_LOOP('',(#10579,#10580,#10582));
#10584=FACE_OUTER_BOUND('',#10583,.F.);
#10586=CARTESIAN_POINT('',(6.774492041222E1,-1.330340988170E1,
2.346666775416E-14));
#10587=CARTESIAN_POINT('',(6.823936329734E1,-1.335507964445E1,
-8.212673611884E-1));
#10588=CARTESIAN_POINT('',(6.774492041222E1,-1.330340988170E1,
2.346666775416E-14));
#10589=CARTESIAN_POINT('',(6.823936329734E1,-1.290786447631E1,
-8.494037546832E-1));
#10590=CARTESIAN_POINT('',(6.774492041222E1,-1.330340988170E1,
2.346666775416E-14));
#10591=CARTESIAN_POINT('',(6.823936329734E1,-1.244226354604E1,
-5.853068277182E-1));
#10592=CARTESIAN_POINT('',(6.774492041222E1,-1.330340988170E1,
2.346666775416E-14));
#10593=CARTESIAN_POINT('',(6.823936329734E1,-1.219403797566E1,
2.452898995031E-14));
#10594=CARTESIAN_POINT('',(6.774492041222E1,-1.330340988170E1,
2.346666775416E-14));
#10595=CARTESIAN_POINT('',(6.823936329734E1,-1.244226354604E1,
5.853068277182E-1));
#10596=CARTESIAN_POINT('',(6.774492041222E1,-1.330340988170E1,
2.346666775416E-14));
#10597=CARTESIAN_POINT('',(6.823936329734E1,-1.290786447631E1,
8.494037546832E-1));
#10598=CARTESIAN_POINT('',(6.774492041222E1,-1.330340988170E1,
2.346666775416E-14));
#10599=CARTESIAN_POINT('',(6.823936329734E1,-1.335507964445E1,
8.212673611885E-1));
#10600=B_SPLINE_SURFACE_WITH_KNOTS('',6,1,((#10586,#10587),(#10588,#10589),(
#10590,#10591),(#10592,#10593),(#10594,#10595),(#10596,#10597),(#10598,#10599)),
.UNSPECIFIED.,.F.,.F.,.F.,(7,7),(2,2),(-6.283185307180E-2,3.204424506662E0),(
0.E0,4.944428851199E-1),.UNSPECIFIED.);
#10601=ORIENTED_EDGE('',*,*,#10581,.F.);
#10603=ORIENTED_EDGE('',*,*,#10602,.F.);
#10604=ORIENTED_EDGE('',*,*,#10578,.T.);
#10605=EDGE_LOOP('',(#10601,#10603,#10604));
#10606=FACE_OUTER_BOUND('',#10605,.F.);
#10608=CARTESIAN_POINT('',(6.819791979658E1,-1.335364229732E1,
-7.984213827426E-1));
#10609=CARTESIAN_POINT('',(6.963775356169E1,-1.335364229732E1,
-7.984213827426E-1));
#10610=CARTESIAN_POINT('',(6.819791979658E1,-1.291886774057E1,
-8.257750793110E-1));
#10611=CARTESIAN_POINT('',(6.963775356169E1,-1.291886774057E1,
-8.257750793110E-1));
#10612=CARTESIAN_POINT('',(6.819791979658E1,-1.246621887600E1,
-5.690247887597E-1));
#10613=CARTESIAN_POINT('',(6.963775356169E1,-1.246621887600E1,
-5.690247887597E-1));
#10614=CARTESIAN_POINT('',(6.819791979658E1,-1.222489843336E1,
2.319672232076E-14));
#10615=CARTESIAN_POINT('',(6.963775356169E1,-1.222489843336E1,
2.326611088948E-14));
#10616=CARTESIAN_POINT('',(6.819791979658E1,-1.246621887600E1,
5.690247887597E-1));
#10617=CARTESIAN_POINT('',(6.963775356169E1,-1.246621887600E1,
5.690247887597E-1));
#10618=CARTESIAN_POINT('',(6.819791979658E1,-1.291886774057E1,
8.257750793111E-1));
#10619=CARTESIAN_POINT('',(6.963775356169E1,-1.291886774057E1,
8.257750793111E-1));
#10620=CARTESIAN_POINT('',(6.819791979658E1,-1.335364229732E1,
7.984213827426E-1));
#10621=CARTESIAN_POINT('',(6.963775356169E1,-1.335364229732E1,
7.984213827426E-1));
#10622=B_SPLINE_SURFACE_WITH_KNOTS('',6,1,((#10608,#10609),(#10610,#10611),(
#10612,#10613),(#10614,#10615),(#10616,#10617),(#10618,#10619),(#10620,#10621)),
.UNSPECIFIED.,.F.,.F.,.F.,(7,7),(2,2),(-6.283185307180E-2,3.204424506662E0),(
-2.927689110868E0,-1.487855345755E0),.UNSPECIFIED.);
#10623=ORIENTED_EDGE('',*,*,#10558,.F.);
#10624=ORIENTED_EDGE('',*,*,#10510,.T.);
#10625=ORIENTED_EDGE('',*,*,#10555,.T.);
#10626=ORIENTED_EDGE('',*,*,#10602,.T.);
#10627=EDGE_LOOP('',(#10623,#10624,#10625,#10626));
#10628=FACE_OUTER_BOUND('',#10627,.F.);
#10630=CARTESIAN_POINT('',(3.824560890745E1,1.463005992950E0,1.616927018800E1));
#10631=CARTESIAN_POINT('',(3.200560890745E1,1.463005992950E0,1.616927018800E1));
#10632=CARTESIAN_POINT('',(3.824560890745E1,1.411717811884E0,1.698447248191E1));
#10633=CARTESIAN_POINT('',(3.200560890745E1,1.411717811884E0,1.698447248191E1));
#10634=CARTESIAN_POINT('',(3.824560890745E1,1.893124606668E0,1.783318910297E1));
#10635=CARTESIAN_POINT('',(3.200560890745E1,1.893124606668E0,1.783318910297E1));
#10636=CARTESIAN_POINT('',(3.824560890745E1,2.960046085592E0,1.828566493293E1));
#10637=CARTESIAN_POINT('',(3.200560890745E1,2.960046085592E0,1.828566493293E1));
#10638=CARTESIAN_POINT('',(3.824560890745E1,4.026967564517E0,1.783318910297E1));
#10639=CARTESIAN_POINT('',(3.200560890745E1,4.026967564517E0,1.783318910297E1));
#10640=CARTESIAN_POINT('',(3.824560890745E1,4.508374359301E0,1.698447248191E1));
#10641=CARTESIAN_POINT('',(3.200560890745E1,4.508374359301E0,1.698447248191E1));
#10642=CARTESIAN_POINT('',(3.824560890745E1,4.457086178235E0,1.616927018800E1));
#10643=CARTESIAN_POINT('',(3.200560890745E1,4.457086178235E0,1.616927018800E1));
#10644=B_SPLINE_SURFACE_WITH_KNOTS('',6,1,((#10630,#10631),(#10632,#10633),(
#10634,#10635),(#10636,#10637),(#10638,#10639),(#10640,#10641),(#10642,#10643)),
.UNSPECIFIED.,.F.,.F.,.F.,(7,7),(2,2),(-6.283185307180E-2,3.204424506662E0),(
-1.2E-1,6.12E0),.UNSPECIFIED.);
#10645=ORIENTED_EDGE('',*,*,#4185,.T.);
#10647=ORIENTED_EDGE('',*,*,#10646,.T.);
#10649=ORIENTED_EDGE('',*,*,#10648,.F.);
#10651=ORIENTED_EDGE('',*,*,#10650,.F.);
#10652=EDGE_LOOP('',(#10645,#10647,#10649,#10651));
#10653=FACE_OUTER_BOUND('',#10652,.F.);
#10655=CARTESIAN_POINT('',(3.824560890745E1,4.457086178235E0,1.635764174658E1));
#10656=CARTESIAN_POINT('',(3.200560890745E1,4.457086178235E0,1.635764174658E1));
#10657=CARTESIAN_POINT('',(3.824560890745E1,4.508374359301E0,1.554243945267E1));
#10658=CARTESIAN_POINT('',(3.200560890745E1,4.508374359301E0,1.554243945267E1));
#10659=CARTESIAN_POINT('',(3.824560890745E1,4.026967564517E0,1.469372283161E1));
#10660=CARTESIAN_POINT('',(3.200560890745E1,4.026967564517E0,1.469372283161E1));
#10661=CARTESIAN_POINT('',(3.824560890745E1,2.960046085592E0,1.424124700165E1));
#10662=CARTESIAN_POINT('',(3.200560890745E1,2.960046085592E0,1.424124700165E1));
#10663=CARTESIAN_POINT('',(3.824560890745E1,1.893124606668E0,1.469372283161E1));
#10664=CARTESIAN_POINT('',(3.200560890745E1,1.893124606668E0,1.469372283161E1));
#10665=CARTESIAN_POINT('',(3.824560890745E1,1.411717811884E0,1.554243945267E1));
#10666=CARTESIAN_POINT('',(3.200560890745E1,1.411717811884E0,1.554243945267E1));
#10667=CARTESIAN_POINT('',(3.824560890745E1,1.463005992950E0,1.635764174658E1));
#10668=CARTESIAN_POINT('',(3.200560890745E1,1.463005992950E0,1.635764174658E1));
#10669=B_SPLINE_SURFACE_WITH_KNOTS('',6,1,((#10655,#10656),(#10657,#10658),(
#10659,#10660),(#10661,#10662),(#10663,#10664),(#10665,#10666),(#10667,#10668)),
.UNSPECIFIED.,.F.,.F.,.F.,(7,7),(2,2),(3.078760800518E0,6.346017160251E0),(
-1.2E-1,6.12E0),.UNSPECIFIED.);
#10670=ORIENTED_EDGE('',*,*,#4187,.T.);
#10671=ORIENTED_EDGE('',*,*,#10650,.T.);
#10673=ORIENTED_EDGE('',*,*,#10672,.F.);
#10674=ORIENTED_EDGE('',*,*,#10646,.F.);
#10675=EDGE_LOOP('',(#10670,#10671,#10673,#10674));
#10676=FACE_OUTER_BOUND('',#10675,.F.);
#10678=CARTESIAN_POINT('',(3.212560890745E1,4.520046085592E0,1.470345596729E1));
#10679=CARTESIAN_POINT('',(3.212560890745E1,4.520046085592E0,1.782345596729E1));
#10680=CARTESIAN_POINT('',(3.212560890745E1,1.400046085592E0,1.470345596729E1));
#10681=CARTESIAN_POINT('',(3.212560890745E1,1.400046085592E0,1.782345596729E1));
#10682=B_SPLINE_SURFACE_WITH_KNOTS('',1,1,((#10678,#10679),(#10680,#10681)),
.UNSPECIFIED.,.F.,.F.,.F.,(2,2),(2,2),(-1.56E0,1.56E0),(-1.56E0,1.56E0),
.UNSPECIFIED.);
#10683=ORIENTED_EDGE('',*,*,#10648,.T.);
#10684=ORIENTED_EDGE('',*,*,#10672,.T.);
#10685=EDGE_LOOP('',(#10683,#10684));
#10686=FACE_OUTER_BOUND('',#10685,.F.);
#10688=ORIENTED_EDGE('',*,*,#10687,.T.);
#10690=ORIENTED_EDGE('',*,*,#10689,.T.);
#10691=EDGE_LOOP('',(#10688,#10690));
#10692=FACE_BOUND('',#10691,.F.);
#10694=CARTESIAN_POINT('',(3.109890332864E1,1.712512675057E0,1.634194411670E1));
#10695=CARTESIAN_POINT('',(3.215231448625E1,1.712512675057E0,1.634194411670E1));
#10696=CARTESIAN_POINT('',(3.109890332864E1,1.669772524169E0,1.566260887178E1));
#10697=CARTESIAN_POINT('',(3.215231448625E1,1.669772524169E0,1.566260887178E1));
#10698=CARTESIAN_POINT('',(3.109890332864E1,2.070944853155E0,1.495534502089E1));
#10699=CARTESIAN_POINT('',(3.215231448625E1,2.070944853155E0,1.495534502089E1));
#10700=CARTESIAN_POINT('',(3.109890332864E1,2.960046085592E0,1.457828182926E1));
#10701=CARTESIAN_POINT('',(3.215231448625E1,2.960046085592E0,1.457828182926E1));
#10702=CARTESIAN_POINT('',(3.109890332864E1,3.849147318029E0,1.495534502089E1));
#10703=CARTESIAN_POINT('',(3.215231448625E1,3.849147318029E0,1.495534502089E1));
#10704=CARTESIAN_POINT('',(3.109890332864E1,4.250319647016E0,1.566260887178E1));
#10705=CARTESIAN_POINT('',(3.215231448625E1,4.250319647016E0,1.566260887178E1));
#10706=CARTESIAN_POINT('',(3.109890332864E1,4.207579496128E0,1.634194411670E1));
#10707=CARTESIAN_POINT('',(3.215231448625E1,4.207579496128E0,1.634194411670E1));
#10708=B_SPLINE_SURFACE_WITH_KNOTS('',6,1,((#10694,#10695),(#10696,#10697),(
#10698,#10699),(#10700,#10701),(#10702,#10703),(#10704,#10705),(#10706,#10707)),
.UNSPECIFIED.,.F.,.F.,.F.,(7,7),(2,2),(4.649557127313E0,7.916813487046E0),(
-7.026705578806E0,-5.973294421194E0),.UNSPECIFIED.);
#10709=ORIENTED_EDGE('',*,*,#10687,.F.);
#10711=ORIENTED_EDGE('',*,*,#10710,.F.);
#10713=ORIENTED_EDGE('',*,*,#10712,.T.);
#10715=ORIENTED_EDGE('',*,*,#10714,.T.);
#10716=EDGE_LOOP('',(#10709,#10711,#10713,#10715));
#10717=FACE_OUTER_BOUND('',#10716,.F.);
#10719=CARTESIAN_POINT('',(3.109890332864E1,4.207579496128E0,1.618496781788E1));
#10720=CARTESIAN_POINT('',(3.215231448625E1,4.207579496128E0,1.618496781788E1));
#10721=CARTESIAN_POINT('',(3.109890332864E1,4.250319647016E0,1.686430306280E1));
#10722=CARTESIAN_POINT('',(3.215231448625E1,4.250319647016E0,1.686430306280E1));
#10723=CARTESIAN_POINT('',(3.109890332864E1,3.849147318029E0,1.757156691369E1));
#10724=CARTESIAN_POINT('',(3.215231448625E1,3.849147318029E0,1.757156691369E1));
#10725=CARTESIAN_POINT('',(3.109890332864E1,2.960046085592E0,1.794863010532E1));
#10726=CARTESIAN_POINT('',(3.215231448625E1,2.960046085592E0,1.794863010532E1));
#10727=CARTESIAN_POINT('',(3.109890332864E1,2.070944853155E0,1.757156691369E1));
#10728=CARTESIAN_POINT('',(3.215231448625E1,2.070944853155E0,1.757156691369E1));
#10729=CARTESIAN_POINT('',(3.109890332864E1,1.669772524169E0,1.686430306280E1));
#10730=CARTESIAN_POINT('',(3.215231448625E1,1.669772524169E0,1.686430306280E1));
#10731=CARTESIAN_POINT('',(3.109890332864E1,1.712512675057E0,1.618496781788E1));
#10732=CARTESIAN_POINT('',(3.215231448625E1,1.712512675057E0,1.618496781788E1));
#10733=B_SPLINE_SURFACE_WITH_KNOTS('',6,1,((#10719,#10720),(#10721,#10722),(
#10723,#10724),(#10725,#10726),(#10727,#10728),(#10729,#10730),(#10731,#10732)),
.UNSPECIFIED.,.F.,.F.,.F.,(7,7),(2,2),(1.507964473723E0,4.775220833456E0),(
-7.026705578806E0,-5.973294421194E0),.UNSPECIFIED.);
#10734=ORIENTED_EDGE('',*,*,#10689,.F.);
#10735=ORIENTED_EDGE('',*,*,#10714,.F.);
#10737=ORIENTED_EDGE('',*,*,#10736,.F.);
#10738=ORIENTED_EDGE('',*,*,#10710,.T.);
#10739=EDGE_LOOP('',(#10734,#10735,#10737,#10738));
#10740=FACE_OUTER_BOUND('',#10739,.F.);
#10742=CARTESIAN_POINT('',(3.037453313366E1,2.960046085592E0,1.626345596729E1));
#10743=CARTESIAN_POINT('',(3.114063042292E1,4.232530164338E0,1.618339805489E1));
#10744=CARTESIAN_POINT('',(3.037453313366E1,2.960046085592E0,1.626345596729E1));
#10745=CARTESIAN_POINT('',(3.114063042292E1,4.276125118244E0,1.687632000471E1));
#10746=CARTESIAN_POINT('',(3.037453313366E1,2.960046085592E0,1.626345596729E1));
#10747=CARTESIAN_POINT('',(3.114063042292E1,3.866929342678E0,1.759772913262E1));
#10748=CARTESIAN_POINT('',(3.037453313366E1,2.960046085592E0,1.626345596729E1));
#10749=CARTESIAN_POINT('',(3.114063042292E1,2.960046085592E0,1.798233358808E1));
#10750=CARTESIAN_POINT('',(3.037453313366E1,2.960046085592E0,1.626345596729E1));
#10751=CARTESIAN_POINT('',(3.114063042292E1,2.053162828507E0,1.759772913262E1));
#10752=CARTESIAN_POINT('',(3.037453313366E1,2.960046085592E0,1.626345596729E1));
#10753=CARTESIAN_POINT('',(3.114063042292E1,1.643967052940E0,1.687632000471E1));
#10754=CARTESIAN_POINT('',(3.037453313366E1,2.960046085592E0,1.626345596729E1));
#10755=CARTESIAN_POINT('',(3.114063042292E1,1.687562006846E0,1.618339805489E1));
#10756=B_SPLINE_SURFACE_WITH_KNOTS('',6,1,((#10742,#10743),(#10744,#10745),(
#10746,#10747),(#10748,#10749),(#10750,#10751),(#10752,#10753),(#10754,#10755)),
.UNSPECIFIED.,.F.,.F.,.F.,(7,7),(2,2),(-3.204424506662E0,6.283185307180E-2),(
0.E0,7.660972892601E-1),.UNSPECIFIED.);
#10758=ORIENTED_EDGE('',*,*,#10757,.T.);
#10759=ORIENTED_EDGE('',*,*,#10736,.T.);
#10761=ORIENTED_EDGE('',*,*,#10760,.F.);
#10762=EDGE_LOOP('',(#10758,#10759,#10761));
#10763=FACE_OUTER_BOUND('',#10762,.F.);
#10765=CARTESIAN_POINT('',(3.037453313366E1,2.960046085592E0,1.626345596729E1));
#10766=CARTESIAN_POINT('',(3.114063042292E1,1.687562006846E0,1.634351387969E1));
#10767=CARTESIAN_POINT('',(3.037453313366E1,2.960046085592E0,1.626345596729E1));
#10768=CARTESIAN_POINT('',(3.114063042292E1,1.643967052940E0,1.565059192987E1));
#10769=CARTESIAN_POINT('',(3.037453313366E1,2.960046085592E0,1.626345596729E1));
#10770=CARTESIAN_POINT('',(3.114063042292E1,2.053162828507E0,1.492918280196E1));
#10771=CARTESIAN_POINT('',(3.037453313366E1,2.960046085592E0,1.626345596729E1));
#10772=CARTESIAN_POINT('',(3.114063042292E1,2.960046085592E0,1.454457834650E1));
#10773=CARTESIAN_POINT('',(3.037453313366E1,2.960046085592E0,1.626345596729E1));
#10774=CARTESIAN_POINT('',(3.114063042292E1,3.866929342678E0,1.492918280196E1));
#10775=CARTESIAN_POINT('',(3.037453313366E1,2.960046085592E0,1.626345596729E1));
#10776=CARTESIAN_POINT('',(3.114063042292E1,4.276125118244E0,1.565059192987E1));
#10777=CARTESIAN_POINT('',(3.037453313366E1,2.960046085592E0,1.626345596729E1));
#10778=CARTESIAN_POINT('',(3.114063042292E1,4.232530164338E0,1.634351387969E1));
#10779=B_SPLINE_SURFACE_WITH_KNOTS('',6,1,((#10765,#10766),(#10767,#10768),(
#10769,#10770),(#10771,#10772),(#10773,#10774),(#10775,#10776),(#10777,#10778)),
.UNSPECIFIED.,.F.,.F.,.F.,(7,7),(2,2),(-6.283185307180E-2,3.204424506662E0),(
0.E0,7.660972892601E-1),.UNSPECIFIED.);
#10780=ORIENTED_EDGE('',*,*,#10757,.F.);
#10781=ORIENTED_EDGE('',*,*,#10760,.T.);
#10782=ORIENTED_EDGE('',*,*,#10712,.F.);
#10783=EDGE_LOOP('',(#10780,#10781,#10782));
#10784=FACE_OUTER_BOUND('',#10783,.F.);
#10786=CARTESIAN_POINT('',(3.824560890745E1,1.463005992950E0,
-1.635762981200E1));
#10787=CARTESIAN_POINT('',(3.200560890745E1,1.463005992950E0,
-1.635762981200E1));
#10788=CARTESIAN_POINT('',(3.824560890745E1,1.411717811884E0,
-1.554242751809E1));
#10789=CARTESIAN_POINT('',(3.200560890745E1,1.411717811884E0,
-1.554242751809E1));
#10790=CARTESIAN_POINT('',(3.824560890745E1,1.893124606668E0,
-1.469371089703E1));
#10791=CARTESIAN_POINT('',(3.200560890745E1,1.893124606668E0,
-1.469371089703E1));
#10792=CARTESIAN_POINT('',(3.824560890745E1,2.960046085592E0,
-1.424123506707E1));
#10793=CARTESIAN_POINT('',(3.200560890745E1,2.960046085592E0,
-1.424123506707E1));
#10794=CARTESIAN_POINT('',(3.824560890745E1,4.026967564517E0,
-1.469371089703E1));
#10795=CARTESIAN_POINT('',(3.200560890745E1,4.026967564517E0,
-1.469371089703E1));
#10796=CARTESIAN_POINT('',(3.824560890745E1,4.508374359301E0,
-1.554242751809E1));
#10797=CARTESIAN_POINT('',(3.200560890745E1,4.508374359301E0,
-1.554242751809E1));
#10798=CARTESIAN_POINT('',(3.824560890745E1,4.457086178235E0,
-1.635762981200E1));
#10799=CARTESIAN_POINT('',(3.200560890745E1,4.457086178235E0,
-1.635762981200E1));
#10800=B_SPLINE_SURFACE_WITH_KNOTS('',6,1,((#10786,#10787),(#10788,#10789),(
#10790,#10791),(#10792,#10793),(#10794,#10795),(#10796,#10797),(#10798,#10799)),
.UNSPECIFIED.,.F.,.F.,.F.,(7,7),(2,2),(-6.283185307180E-2,3.204424506662E0),(
-1.2E-1,6.12E0),.UNSPECIFIED.);
#10801=ORIENTED_EDGE('',*,*,#4191,.T.);
#10803=ORIENTED_EDGE('',*,*,#10802,.T.);
#10805=ORIENTED_EDGE('',*,*,#10804,.F.);
#10807=ORIENTED_EDGE('',*,*,#10806,.F.);
#10808=EDGE_LOOP('',(#10801,#10803,#10805,#10807));
#10809=FACE_OUTER_BOUND('',#10808,.F.);
#10811=CARTESIAN_POINT('',(3.824560890745E1,4.457086178235E0,
-1.616925825342E1));
#10812=CARTESIAN_POINT('',(3.200560890745E1,4.457086178235E0,
-1.616925825342E1));
#10813=CARTESIAN_POINT('',(3.824560890745E1,4.508374359301E0,
-1.698446054733E1));
#10814=CARTESIAN_POINT('',(3.200560890745E1,4.508374359301E0,
-1.698446054733E1));
#10815=CARTESIAN_POINT('',(3.824560890745E1,4.026967564517E0,
-1.783317716839E1));
#10816=CARTESIAN_POINT('',(3.200560890745E1,4.026967564517E0,
-1.783317716839E1));
#10817=CARTESIAN_POINT('',(3.824560890745E1,2.960046085592E0,
-1.828565299835E1));
#10818=CARTESIAN_POINT('',(3.200560890745E1,2.960046085592E0,
-1.828565299835E1));
#10819=CARTESIAN_POINT('',(3.824560890745E1,1.893124606668E0,
-1.783317716839E1));
#10820=CARTESIAN_POINT('',(3.200560890745E1,1.893124606668E0,
-1.783317716839E1));
#10821=CARTESIAN_POINT('',(3.824560890745E1,1.411717811884E0,
-1.698446054733E1));
#10822=CARTESIAN_POINT('',(3.200560890745E1,1.411717811884E0,
-1.698446054733E1));
#10823=CARTESIAN_POINT('',(3.824560890745E1,1.463005992950E0,
-1.616925825342E1));
#10824=CARTESIAN_POINT('',(3.200560890745E1,1.463005992950E0,
-1.616925825342E1));
#10825=B_SPLINE_SURFACE_WITH_KNOTS('',6,1,((#10811,#10812),(#10813,#10814),(
#10815,#10816),(#10817,#10818),(#10819,#10820),(#10821,#10822),(#10823,#10824)),
.UNSPECIFIED.,.F.,.F.,.F.,(7,7),(2,2),(3.078760800518E0,6.346017160251E0),(
-1.2E-1,6.12E0),.UNSPECIFIED.);
#10826=ORIENTED_EDGE('',*,*,#4193,.T.);
#10827=ORIENTED_EDGE('',*,*,#10806,.T.);
#10829=ORIENTED_EDGE('',*,*,#10828,.F.);
#10830=ORIENTED_EDGE('',*,*,#10802,.F.);
#10831=EDGE_LOOP('',(#10826,#10827,#10829,#10830));
#10832=FACE_OUTER_BOUND('',#10831,.F.);
#10834=CARTESIAN_POINT('',(3.212560890745E1,4.520046085592E0,
-1.782344403271E1));
#10835=CARTESIAN_POINT('',(3.212560890745E1,4.520046085592E0,
-1.470344403271E1));
#10836=CARTESIAN_POINT('',(3.212560890745E1,1.400046085592E0,
-1.782344403271E1));
#10837=CARTESIAN_POINT('',(3.212560890745E1,1.400046085592E0,
-1.470344403271E1));
#10838=B_SPLINE_SURFACE_WITH_KNOTS('',1,1,((#10834,#10835),(#10836,#10837)),
.UNSPECIFIED.,.F.,.F.,.F.,(2,2),(2,2),(-1.56E0,1.56E0),(-1.56E0,1.56E0),
.UNSPECIFIED.);
#10839=ORIENTED_EDGE('',*,*,#10804,.T.);
#10840=ORIENTED_EDGE('',*,*,#10828,.T.);
#10841=EDGE_LOOP('',(#10839,#10840));
#10842=FACE_OUTER_BOUND('',#10841,.F.);
#10844=ORIENTED_EDGE('',*,*,#10843,.T.);
#10846=ORIENTED_EDGE('',*,*,#10845,.T.);
#10847=EDGE_LOOP('',(#10844,#10846));
#10848=FACE_BOUND('',#10847,.F.);
#10850=CARTESIAN_POINT('',(3.109890332864E1,1.712512675057E0,
-1.618496781788E1));
#10851=CARTESIAN_POINT('',(3.215231448625E1,1.712512675057E0,
-1.618496781788E1));
#10852=CARTESIAN_POINT('',(3.109890332864E1,1.669772524169E0,
-1.686430306280E1));
#10853=CARTESIAN_POINT('',(3.215231448625E1,1.669772524169E0,
-1.686430306280E1));
#10854=CARTESIAN_POINT('',(3.109890332864E1,2.070944853156E0,
-1.757156691369E1));
#10855=CARTESIAN_POINT('',(3.215231448625E1,2.070944853156E0,
-1.757156691369E1));
#10856=CARTESIAN_POINT('',(3.109890332864E1,2.960046085593E0,
-1.794863010532E1));
#10857=CARTESIAN_POINT('',(3.215231448625E1,2.960046085593E0,
-1.794863010532E1));
#10858=CARTESIAN_POINT('',(3.109890332864E1,3.849147318030E0,
-1.757156691369E1));
#10859=CARTESIAN_POINT('',(3.215231448625E1,3.849147318030E0,
-1.757156691369E1));
#10860=CARTESIAN_POINT('',(3.109890332864E1,4.250319647016E0,
-1.686430306280E1));
#10861=CARTESIAN_POINT('',(3.215231448625E1,4.250319647016E0,
-1.686430306280E1));
#10862=CARTESIAN_POINT('',(3.109890332864E1,4.207579496128E0,
-1.618496781788E1));
#10863=CARTESIAN_POINT('',(3.215231448625E1,4.207579496128E0,
-1.618496781788E1));
#10864=B_SPLINE_SURFACE_WITH_KNOTS('',6,1,((#10850,#10851),(#10852,#10853),(
#10854,#10855),(#10856,#10857),(#10858,#10859),(#10860,#10861),(#10862,#10863)),
.UNSPECIFIED.,.F.,.F.,.F.,(7,7),(2,2),(-1.633628179867E0,1.633628179867E0),(
-7.026705578806E0,-5.973294421194E0),.UNSPECIFIED.);
#10865=ORIENTED_EDGE('',*,*,#10843,.F.);
#10867=ORIENTED_EDGE('',*,*,#10866,.F.);
#10869=ORIENTED_EDGE('',*,*,#10868,.T.);
#10871=ORIENTED_EDGE('',*,*,#10870,.T.);
#10872=EDGE_LOOP('',(#10865,#10867,#10869,#10871));
#10873=FACE_OUTER_BOUND('',#10872,.F.);
#10875=CARTESIAN_POINT('',(3.109890332864E1,4.207579496128E0,
-1.634194411670E1));
#10876=CARTESIAN_POINT('',(3.215231448625E1,4.207579496128E0,
-1.634194411670E1));
#10877=CARTESIAN_POINT('',(3.109890332864E1,4.250319647016E0,
-1.566260887178E1));
#10878=CARTESIAN_POINT('',(3.215231448625E1,4.250319647016E0,
-1.566260887178E1));
#10879=CARTESIAN_POINT('',(3.109890332864E1,3.849147318030E0,
-1.495534502089E1));
#10880=CARTESIAN_POINT('',(3.215231448625E1,3.849147318030E0,
-1.495534502089E1));
#10881=CARTESIAN_POINT('',(3.109890332864E1,2.960046085593E0,
-1.457828182926E1));
#10882=CARTESIAN_POINT('',(3.215231448625E1,2.960046085593E0,
-1.457828182926E1));
#10883=CARTESIAN_POINT('',(3.109890332864E1,2.070944853156E0,
-1.495534502089E1));
#10884=CARTESIAN_POINT('',(3.215231448625E1,2.070944853156E0,
-1.495534502089E1));
#10885=CARTESIAN_POINT('',(3.109890332864E1,1.669772524169E0,
-1.566260887178E1));
#10886=CARTESIAN_POINT('',(3.215231448625E1,1.669772524169E0,
-1.566260887178E1));
#10887=CARTESIAN_POINT('',(3.109890332864E1,1.712512675057E0,
-1.634194411670E1));
#10888=CARTESIAN_POINT('',(3.215231448625E1,1.712512675057E0,
-1.634194411670E1));
#10889=B_SPLINE_SURFACE_WITH_KNOTS('',6,1,((#10875,#10876),(#10877,#10878),(
#10879,#10880),(#10881,#10882),(#10883,#10884),(#10885,#10886),(#10887,#10888)),
.UNSPECIFIED.,.F.,.F.,.F.,(7,7),(2,2),(1.507964473723E0,4.775220833456E0),(
-7.026705578806E0,-5.973294421194E0),.UNSPECIFIED.);
#10890=ORIENTED_EDGE('',*,*,#10845,.F.);
#10891=ORIENTED_EDGE('',*,*,#10870,.F.);
#10893=ORIENTED_EDGE('',*,*,#10892,.F.);
#10894=ORIENTED_EDGE('',*,*,#10866,.T.);
#10895=EDGE_LOOP('',(#10890,#10891,#10893,#10894));
#10896=FACE_OUTER_BOUND('',#10895,.F.);
#10898=CARTESIAN_POINT('',(3.037453313366E1,2.960046085592E0,
-1.626344403271E1));
#10899=CARTESIAN_POINT('',(3.114063042292E1,4.232530164338E0,
-1.634350194511E1));
#10900=CARTESIAN_POINT('',(3.037453313366E1,2.960046085592E0,
-1.626344403271E1));
#10901=CARTESIAN_POINT('',(3.114063042292E1,4.276125118244E0,
-1.565057999529E1));
#10902=CARTESIAN_POINT('',(3.037453313366E1,2.960046085592E0,
-1.626344403271E1));
#10903=CARTESIAN_POINT('',(3.114063042292E1,3.866929342678E0,
-1.492917086738E1));
#10904=CARTESIAN_POINT('',(3.037453313366E1,2.960046085592E0,
-1.626344403271E1));
#10905=CARTESIAN_POINT('',(3.114063042292E1,2.960046085592E0,
-1.454456641192E1));
#10906=CARTESIAN_POINT('',(3.037453313366E1,2.960046085592E0,
-1.626344403271E1));
#10907=CARTESIAN_POINT('',(3.114063042292E1,2.053162828507E0,
-1.492917086738E1));
#10908=CARTESIAN_POINT('',(3.037453313366E1,2.960046085592E0,
-1.626344403271E1));
#10909=CARTESIAN_POINT('',(3.114063042292E1,1.643967052940E0,
-1.565057999529E1));
#10910=CARTESIAN_POINT('',(3.037453313366E1,2.960046085592E0,
-1.626344403271E1));
#10911=CARTESIAN_POINT('',(3.114063042292E1,1.687562006846E0,
-1.634350194511E1));
#10912=B_SPLINE_SURFACE_WITH_KNOTS('',6,1,((#10898,#10899),(#10900,#10901),(
#10902,#10903),(#10904,#10905),(#10906,#10907),(#10908,#10909),(#10910,#10911)),
.UNSPECIFIED.,.F.,.F.,.F.,(7,7),(2,2),(-3.204424506662E0,6.283185307180E-2),(
0.E0,7.660972892601E-1),.UNSPECIFIED.);
#10914=ORIENTED_EDGE('',*,*,#10913,.T.);
#10915=ORIENTED_EDGE('',*,*,#10892,.T.);
#10917=ORIENTED_EDGE('',*,*,#10916,.F.);
#10918=EDGE_LOOP('',(#10914,#10915,#10917));
#10919=FACE_OUTER_BOUND('',#10918,.F.);
#10921=CARTESIAN_POINT('',(3.037453313366E1,2.960046085592E0,
-1.626344403271E1));
#10922=CARTESIAN_POINT('',(3.114063042292E1,1.687562006846E0,
-1.618338612031E1));
#10923=CARTESIAN_POINT('',(3.037453313366E1,2.960046085592E0,
-1.626344403271E1));
#10924=CARTESIAN_POINT('',(3.114063042292E1,1.643967052940E0,
-1.687630807013E1));
#10925=CARTESIAN_POINT('',(3.037453313366E1,2.960046085592E0,
-1.626344403271E1));
#10926=CARTESIAN_POINT('',(3.114063042292E1,2.053162828507E0,
-1.759771719804E1));
#10927=CARTESIAN_POINT('',(3.037453313366E1,2.960046085592E0,
-1.626344403271E1));
#10928=CARTESIAN_POINT('',(3.114063042292E1,2.960046085592E0,
-1.798232165350E1));
#10929=CARTESIAN_POINT('',(3.037453313366E1,2.960046085592E0,
-1.626344403271E1));
#10930=CARTESIAN_POINT('',(3.114063042292E1,3.866929342678E0,
-1.759771719804E1));
#10931=CARTESIAN_POINT('',(3.037453313366E1,2.960046085592E0,
-1.626344403271E1));
#10932=CARTESIAN_POINT('',(3.114063042292E1,4.276125118244E0,
-1.687630807013E1));
#10933=CARTESIAN_POINT('',(3.037453313366E1,2.960046085592E0,
-1.626344403271E1));
#10934=CARTESIAN_POINT('',(3.114063042292E1,4.232530164338E0,
-1.618338612031E1));
#10935=B_SPLINE_SURFACE_WITH_KNOTS('',6,1,((#10921,#10922),(#10923,#10924),(
#10925,#10926),(#10927,#10928),(#10929,#10930),(#10931,#10932),(#10933,#10934)),
.UNSPECIFIED.,.F.,.F.,.F.,(7,7),(2,2),(-6.283185307180E-2,3.204424506662E0),(
0.E0,7.660972892601E-1),.UNSPECIFIED.);
#10936=ORIENTED_EDGE('',*,*,#10913,.F.);
#10937=ORIENTED_EDGE('',*,*,#10916,.T.);
#10938=ORIENTED_EDGE('',*,*,#10868,.F.);
#10939=EDGE_LOOP('',(#10936,#10937,#10938));
#10940=FACE_OUTER_BOUND('',#10939,.F.);
#10942=CARTESIAN_POINT('',(3.824560890745E1,-3.106389400705E1,
1.616927018800E1));
#10943=CARTESIAN_POINT('',(3.200560890745E1,-3.106389400705E1,
1.616927018800E1));
#10944=CARTESIAN_POINT('',(3.824560890745E1,-3.111518218812E1,
1.698447248191E1));
#10945=CARTESIAN_POINT('',(3.200560890745E1,-3.111518218812E1,
1.698447248191E1));
#10946=CARTESIAN_POINT('',(3.824560890745E1,-3.063377539333E1,
1.783318910297E1));
#10947=CARTESIAN_POINT('',(3.200560890745E1,-3.063377539333E1,
1.783318910297E1));
#10948=CARTESIAN_POINT('',(3.824560890745E1,-2.956685391441E1,
1.828566493293E1));
#10949=CARTESIAN_POINT('',(3.200560890745E1,-2.956685391441E1,
1.828566493293E1));
#10950=CARTESIAN_POINT('',(3.824560890745E1,-2.849993243548E1,
1.783318910297E1));
#10951=CARTESIAN_POINT('',(3.200560890745E1,-2.849993243548E1,
1.783318910297E1));
#10952=CARTESIAN_POINT('',(3.824560890745E1,-2.801852564070E1,
1.698447248191E1));
#10953=CARTESIAN_POINT('',(3.200560890745E1,-2.801852564070E1,
1.698447248191E1));
#10954=CARTESIAN_POINT('',(3.824560890745E1,-2.806981382177E1,
1.616927018800E1));
#10955=CARTESIAN_POINT('',(3.200560890745E1,-2.806981382177E1,
1.616927018800E1));
#10956=B_SPLINE_SURFACE_WITH_KNOTS('',6,1,((#10942,#10943),(#10944,#10945),(
#10946,#10947),(#10948,#10949),(#10950,#10951),(#10952,#10953),(#10954,#10955)),
.UNSPECIFIED.,.F.,.F.,.F.,(7,7),(2,2),(-6.283185307180E-2,3.204424506662E0),(
-1.2E-1,6.12E0),.UNSPECIFIED.);
#10957=ORIENTED_EDGE('',*,*,#4197,.T.);
#10959=ORIENTED_EDGE('',*,*,#10958,.T.);
#10961=ORIENTED_EDGE('',*,*,#10960,.F.);
#10963=ORIENTED_EDGE('',*,*,#10962,.F.);
#10964=EDGE_LOOP('',(#10957,#10959,#10961,#10963));
#10965=FACE_OUTER_BOUND('',#10964,.F.);
#10967=CARTESIAN_POINT('',(3.824560890745E1,-2.806981382177E1,
1.635764174658E1));
#10968=CARTESIAN_POINT('',(3.200560890745E1,-2.806981382177E1,
1.635764174658E1));
#10969=CARTESIAN_POINT('',(3.824560890745E1,-2.801852564070E1,
1.554243945267E1));
#10970=CARTESIAN_POINT('',(3.200560890745E1,-2.801852564070E1,
1.554243945267E1));
#10971=CARTESIAN_POINT('',(3.824560890745E1,-2.849993243548E1,
1.469372283161E1));
#10972=CARTESIAN_POINT('',(3.200560890745E1,-2.849993243548E1,
1.469372283161E1));
#10973=CARTESIAN_POINT('',(3.824560890745E1,-2.956685391441E1,
1.424124700165E1));
#10974=CARTESIAN_POINT('',(3.200560890745E1,-2.956685391441E1,
1.424124700165E1));
#10975=CARTESIAN_POINT('',(3.824560890745E1,-3.063377539333E1,
1.469372283161E1));
#10976=CARTESIAN_POINT('',(3.200560890745E1,-3.063377539333E1,
1.469372283161E1));
#10977=CARTESIAN_POINT('',(3.824560890745E1,-3.111518218812E1,
1.554243945267E1));
#10978=CARTESIAN_POINT('',(3.200560890745E1,-3.111518218812E1,
1.554243945267E1));
#10979=CARTESIAN_POINT('',(3.824560890745E1,-3.106389400705E1,
1.635764174658E1));
#10980=CARTESIAN_POINT('',(3.200560890745E1,-3.106389400705E1,
1.635764174658E1));
#10981=B_SPLINE_SURFACE_WITH_KNOTS('',6,1,((#10967,#10968),(#10969,#10970),(
#10971,#10972),(#10973,#10974),(#10975,#10976),(#10977,#10978),(#10979,#10980)),
.UNSPECIFIED.,.F.,.F.,.F.,(7,7),(2,2),(3.078760800518E0,6.346017160251E0),(
-1.2E-1,6.12E0),.UNSPECIFIED.);
#10982=ORIENTED_EDGE('',*,*,#4199,.T.);
#10983=ORIENTED_EDGE('',*,*,#10962,.T.);
#10985=ORIENTED_EDGE('',*,*,#10984,.F.);
#10986=ORIENTED_EDGE('',*,*,#10958,.F.);
#10987=EDGE_LOOP('',(#10982,#10983,#10985,#10986));
#10988=FACE_OUTER_BOUND('',#10987,.F.);
#10990=CARTESIAN_POINT('',(3.212560890745E1,-2.800685391441E1,
1.470345596729E1));
#10991=CARTESIAN_POINT('',(3.212560890745E1,-2.800685391441E1,
1.782345596729E1));
#10992=CARTESIAN_POINT('',(3.212560890745E1,-3.112685391441E1,
1.470345596729E1));
#10993=CARTESIAN_POINT('',(3.212560890745E1,-3.112685391441E1,
1.782345596729E1));
#10994=B_SPLINE_SURFACE_WITH_KNOTS('',1,1,((#10990,#10991),(#10992,#10993)),
.UNSPECIFIED.,.F.,.F.,.F.,(2,2),(2,2),(-1.56E0,1.56E0),(-1.56E0,1.56E0),
.UNSPECIFIED.);
#10995=ORIENTED_EDGE('',*,*,#10960,.T.);
#10996=ORIENTED_EDGE('',*,*,#10984,.T.);
#10997=EDGE_LOOP('',(#10995,#10996));
#10998=FACE_OUTER_BOUND('',#10997,.F.);
#11000=ORIENTED_EDGE('',*,*,#10999,.T.);
#11002=ORIENTED_EDGE('',*,*,#11001,.T.);
#11003=EDGE_LOOP('',(#11000,#11002));
#11004=FACE_BOUND('',#11003,.F.);
#11006=CARTESIAN_POINT('',(3.109890332864E1,-3.081439925952E1,
1.634194411670E1));
#11007=CARTESIAN_POINT('',(3.215231448625E1,-3.081439925952E1,
1.634194411670E1));
#11008=CARTESIAN_POINT('',(3.109890332864E1,-3.085713941041E1,
1.566260887178E1));
#11009=CARTESIAN_POINT('',(3.215231448625E1,-3.085713941041E1,
1.566260887178E1));
#11010=CARTESIAN_POINT('',(3.109890332864E1,-3.045596708143E1,
1.495534502089E1));
#11011=CARTESIAN_POINT('',(3.215231448625E1,-3.045596708143E1,
1.495534502089E1));
#11012=CARTESIAN_POINT('',(3.109890332864E1,-2.956686584899E1,
1.457828182926E1));
#11013=CARTESIAN_POINT('',(3.215231448625E1,-2.956686584899E1,
1.457828182926E1));
#11014=CARTESIAN_POINT('',(3.109890332864E1,-2.867776461655E1,
1.495534502089E1));
#11015=CARTESIAN_POINT('',(3.215231448625E1,-2.867776461655E1,
1.495534502089E1));
#11016=CARTESIAN_POINT('',(3.109890332864E1,-2.827659228757E1,
1.566260887178E1));
#11017=CARTESIAN_POINT('',(3.215231448625E1,-2.827659228757E1,
1.566260887178E1));
#11018=CARTESIAN_POINT('',(3.109890332864E1,-2.831933243845E1,
1.634194411670E1));
#11019=CARTESIAN_POINT('',(3.215231448625E1,-2.831933243845E1,
1.634194411670E1));
#11020=B_SPLINE_SURFACE_WITH_KNOTS('',6,1,((#11006,#11007),(#11008,#11009),(
#11010,#11011),(#11012,#11013),(#11014,#11015),(#11016,#11017),(#11018,#11019)),
.UNSPECIFIED.,.F.,.F.,.F.,(7,7),(2,2),(-1.633628179867E0,1.633628179867E0),(
-7.026705578806E0,-5.973294421194E0),.UNSPECIFIED.);
#11021=ORIENTED_EDGE('',*,*,#10999,.F.);
#11023=ORIENTED_EDGE('',*,*,#11022,.F.);
#11025=ORIENTED_EDGE('',*,*,#11024,.T.);
#11027=ORIENTED_EDGE('',*,*,#11026,.T.);
#11028=EDGE_LOOP('',(#11021,#11023,#11025,#11027));
#11029=FACE_OUTER_BOUND('',#11028,.F.);
#11031=CARTESIAN_POINT('',(3.109890332864E1,-2.831933243845E1,
1.618496781788E1));
#11032=CARTESIAN_POINT('',(3.215231448625E1,-2.831933243845E1,
1.618496781788E1));
#11033=CARTESIAN_POINT('',(3.109890332864E1,-2.827659228757E1,
1.686430306280E1));
#11034=CARTESIAN_POINT('',(3.215231448625E1,-2.827659228757E1,
1.686430306280E1));
#11035=CARTESIAN_POINT('',(3.109890332864E1,-2.867776461655E1,
1.757156691369E1));
#11036=CARTESIAN_POINT('',(3.215231448625E1,-2.867776461655E1,
1.757156691369E1));
#11037=CARTESIAN_POINT('',(3.109890332864E1,-2.956686584899E1,
1.794863010532E1));
#11038=CARTESIAN_POINT('',(3.215231448625E1,-2.956686584899E1,
1.794863010532E1));
#11039=CARTESIAN_POINT('',(3.109890332864E1,-3.045596708143E1,
1.757156691369E1));
#11040=CARTESIAN_POINT('',(3.215231448625E1,-3.045596708143E1,
1.757156691369E1));
#11041=CARTESIAN_POINT('',(3.109890332864E1,-3.085713941041E1,
1.686430306280E1));
#11042=CARTESIAN_POINT('',(3.215231448625E1,-3.085713941041E1,
1.686430306280E1));
#11043=CARTESIAN_POINT('',(3.109890332864E1,-3.081439925952E1,
1.618496781788E1));
#11044=CARTESIAN_POINT('',(3.215231448625E1,-3.081439925952E1,
1.618496781788E1));
#11045=B_SPLINE_SURFACE_WITH_KNOTS('',6,1,((#11031,#11032),(#11033,#11034),(
#11035,#11036),(#11037,#11038),(#11039,#11040),(#11041,#11042),(#11043,#11044)),
.UNSPECIFIED.,.F.,.F.,.F.,(7,7),(2,2),(1.507964473723E0,4.775220833456E0),(
-7.026705578806E0,-5.973294421194E0),.UNSPECIFIED.);
#11046=ORIENTED_EDGE('',*,*,#11001,.F.);
#11047=ORIENTED_EDGE('',*,*,#11026,.F.);
#11049=ORIENTED_EDGE('',*,*,#11048,.F.);
#11050=ORIENTED_EDGE('',*,*,#11022,.T.);
#11051=EDGE_LOOP('',(#11046,#11047,#11049,#11050));
#11052=FACE_OUTER_BOUND('',#11051,.F.);
#11054=CARTESIAN_POINT('',(3.037453313366E1,-2.956685391441E1,
1.626345596729E1));
#11055=CARTESIAN_POINT('',(3.114063042292E1,-2.829436983566E1,
1.618339805489E1));
#11056=CARTESIAN_POINT('',(3.037453313366E1,-2.956685391441E1,
1.626345596729E1));
#11057=CARTESIAN_POINT('',(3.114063042292E1,-2.825077488176E1,
1.687632000471E1));
#11058=CARTESIAN_POINT('',(3.037453313366E1,-2.956685391441E1,
1.626345596729E1));
#11059=CARTESIAN_POINT('',(3.114063042292E1,-2.865997065732E1,
1.759772913262E1));
#11060=CARTESIAN_POINT('',(3.037453313366E1,-2.956685391441E1,
1.626345596729E1));
#11061=CARTESIAN_POINT('',(3.114063042292E1,-2.956685391441E1,
1.798233358808E1));
#11062=CARTESIAN_POINT('',(3.037453313366E1,-2.956685391441E1,
1.626345596729E1));
#11063=CARTESIAN_POINT('',(3.114063042292E1,-3.047373717149E1,
1.759772913262E1));
#11064=CARTESIAN_POINT('',(3.037453313366E1,-2.956685391441E1,
1.626345596729E1));
#11065=CARTESIAN_POINT('',(3.114063042292E1,-3.088293294706E1,
1.687632000471E1));
#11066=CARTESIAN_POINT('',(3.037453313366E1,-2.956685391441E1,
1.626345596729E1));
#11067=CARTESIAN_POINT('',(3.114063042292E1,-3.083933799315E1,
1.618339805489E1));
#11068=B_SPLINE_SURFACE_WITH_KNOTS('',6,1,((#11054,#11055),(#11056,#11057),(
#11058,#11059),(#11060,#11061),(#11062,#11063),(#11064,#11065),(#11066,#11067)),
.UNSPECIFIED.,.F.,.F.,.F.,(7,7),(2,2),(-3.204424506662E0,6.283185307180E-2),(
0.E0,7.660972892601E-1),.UNSPECIFIED.);
#11070=ORIENTED_EDGE('',*,*,#11069,.T.);
#11071=ORIENTED_EDGE('',*,*,#11048,.T.);
#11073=ORIENTED_EDGE('',*,*,#11072,.F.);
#11074=EDGE_LOOP('',(#11070,#11071,#11073));
#11075=FACE_OUTER_BOUND('',#11074,.F.);
#11077=CARTESIAN_POINT('',(3.037453313366E1,-2.956685391441E1,
1.626345596729E1));
#11078=CARTESIAN_POINT('',(3.114063042292E1,-3.083933799315E1,
1.634351387969E1));
#11079=CARTESIAN_POINT('',(3.037453313366E1,-2.956685391441E1,
1.626345596729E1));
#11080=CARTESIAN_POINT('',(3.114063042292E1,-3.088293294706E1,
1.565059192987E1));
#11081=CARTESIAN_POINT('',(3.037453313366E1,-2.956685391441E1,
1.626345596729E1));
#11082=CARTESIAN_POINT('',(3.114063042292E1,-3.047373717149E1,
1.492918280196E1));
#11083=CARTESIAN_POINT('',(3.037453313366E1,-2.956685391441E1,
1.626345596729E1));
#11084=CARTESIAN_POINT('',(3.114063042292E1,-2.956685391441E1,
1.454457834650E1));
#11085=CARTESIAN_POINT('',(3.037453313366E1,-2.956685391441E1,
1.626345596729E1));
#11086=CARTESIAN_POINT('',(3.114063042292E1,-2.865997065732E1,
1.492918280196E1));
#11087=CARTESIAN_POINT('',(3.037453313366E1,-2.956685391441E1,
1.626345596729E1));
#11088=CARTESIAN_POINT('',(3.114063042292E1,-2.825077488176E1,
1.565059192987E1));
#11089=CARTESIAN_POINT('',(3.037453313366E1,-2.956685391441E1,
1.626345596729E1));
#11090=CARTESIAN_POINT('',(3.114063042292E1,-2.829436983566E1,
1.634351387969E1));
#11091=B_SPLINE_SURFACE_WITH_KNOTS('',6,1,((#11077,#11078),(#11079,#11080),(
#11081,#11082),(#11083,#11084),(#11085,#11086),(#11087,#11088),(#11089,#11090)),
.UNSPECIFIED.,.F.,.F.,.F.,(7,7),(2,2),(-6.283185307180E-2,3.204424506662E0),(
0.E0,7.660972892601E-1),.UNSPECIFIED.);
#11092=ORIENTED_EDGE('',*,*,#11069,.F.);
#11093=ORIENTED_EDGE('',*,*,#11072,.T.);
#11094=ORIENTED_EDGE('',*,*,#11024,.F.);
#11095=EDGE_LOOP('',(#11092,#11093,#11094));
#11096=FACE_OUTER_BOUND('',#11095,.F.);
#11098=CARTESIAN_POINT('',(3.824560890745E1,-3.106389400705E1,
-1.635762981200E1));
#11099=CARTESIAN_POINT('',(3.200560890745E1,-3.106389400705E1,
-1.635762981200E1));
#11100=CARTESIAN_POINT('',(3.824560890745E1,-3.111518218812E1,
-1.554242751809E1));
#11101=CARTESIAN_POINT('',(3.200560890745E1,-3.111518218812E1,
-1.554242751809E1));
#11102=CARTESIAN_POINT('',(3.824560890745E1,-3.063377539333E1,
-1.469371089703E1));
#11103=CARTESIAN_POINT('',(3.200560890745E1,-3.063377539333E1,
-1.469371089703E1));
#11104=CARTESIAN_POINT('',(3.824560890745E1,-2.956685391441E1,
-1.424123506707E1));
#11105=CARTESIAN_POINT('',(3.200560890745E1,-2.956685391441E1,
-1.424123506707E1));
#11106=CARTESIAN_POINT('',(3.824560890745E1,-2.849993243548E1,
-1.469371089703E1));
#11107=CARTESIAN_POINT('',(3.200560890745E1,-2.849993243548E1,
-1.469371089703E1));
#11108=CARTESIAN_POINT('',(3.824560890745E1,-2.801852564070E1,
-1.554242751809E1));
#11109=CARTESIAN_POINT('',(3.200560890745E1,-2.801852564070E1,
-1.554242751809E1));
#11110=CARTESIAN_POINT('',(3.824560890745E1,-2.806981382177E1,
-1.635762981200E1));
#11111=CARTESIAN_POINT('',(3.200560890745E1,-2.806981382177E1,
-1.635762981200E1));
#11112=B_SPLINE_SURFACE_WITH_KNOTS('',6,1,((#11098,#11099),(#11100,#11101),(
#11102,#11103),(#11104,#11105),(#11106,#11107),(#11108,#11109),(#11110,#11111)),
.UNSPECIFIED.,.F.,.F.,.F.,(7,7),(2,2),(-6.283185307180E-2,3.204424506662E0),(
-1.2E-1,6.12E0),.UNSPECIFIED.);
#11113=ORIENTED_EDGE('',*,*,#4203,.T.);
#11115=ORIENTED_EDGE('',*,*,#11114,.T.);
#11117=ORIENTED_EDGE('',*,*,#11116,.F.);
#11119=ORIENTED_EDGE('',*,*,#11118,.F.);
#11120=EDGE_LOOP('',(#11113,#11115,#11117,#11119));
#11121=FACE_OUTER_BOUND('',#11120,.F.);
#11123=CARTESIAN_POINT('',(3.824560890745E1,-2.806981382177E1,
-1.616925825342E1));
#11124=CARTESIAN_POINT('',(3.200560890745E1,-2.806981382177E1,
-1.616925825342E1));
#11125=CARTESIAN_POINT('',(3.824560890745E1,-2.801852564070E1,
-1.698446054733E1));
#11126=CARTESIAN_POINT('',(3.200560890745E1,-2.801852564070E1,
-1.698446054733E1));
#11127=CARTESIAN_POINT('',(3.824560890745E1,-2.849993243548E1,
-1.783317716839E1));
#11128=CARTESIAN_POINT('',(3.200560890745E1,-2.849993243548E1,
-1.783317716839E1));
#11129=CARTESIAN_POINT('',(3.824560890745E1,-2.956685391441E1,
-1.828565299835E1));
#11130=CARTESIAN_POINT('',(3.200560890745E1,-2.956685391441E1,
-1.828565299835E1));
#11131=CARTESIAN_POINT('',(3.824560890745E1,-3.063377539333E1,
-1.783317716839E1));
#11132=CARTESIAN_POINT('',(3.200560890745E1,-3.063377539333E1,
-1.783317716839E1));
#11133=CARTESIAN_POINT('',(3.824560890745E1,-3.111518218812E1,
-1.698446054733E1));
#11134=CARTESIAN_POINT('',(3.200560890745E1,-3.111518218812E1,
-1.698446054733E1));
#11135=CARTESIAN_POINT('',(3.824560890745E1,-3.106389400705E1,
-1.616925825342E1));
#11136=CARTESIAN_POINT('',(3.200560890745E1,-3.106389400705E1,
-1.616925825342E1));
#11137=B_SPLINE_SURFACE_WITH_KNOTS('',6,1,((#11123,#11124),(#11125,#11126),(
#11127,#11128),(#11129,#11130),(#11131,#11132),(#11133,#11134),(#11135,#11136)),
.UNSPECIFIED.,.F.,.F.,.F.,(7,7),(2,2),(3.078760800518E0,6.346017160251E0),(
-1.2E-1,6.12E0),.UNSPECIFIED.);
#11138=ORIENTED_EDGE('',*,*,#4205,.T.);
#11139=ORIENTED_EDGE('',*,*,#11118,.T.);
#11141=ORIENTED_EDGE('',*,*,#11140,.F.);
#11142=ORIENTED_EDGE('',*,*,#11114,.F.);
#11143=EDGE_LOOP('',(#11138,#11139,#11141,#11142));
#11144=FACE_OUTER_BOUND('',#11143,.F.);
#11146=CARTESIAN_POINT('',(3.212560890745E1,-2.800685391441E1,
-1.782344403271E1));
#11147=CARTESIAN_POINT('',(3.212560890745E1,-2.800685391441E1,
-1.470344403271E1));
#11148=CARTESIAN_POINT('',(3.212560890745E1,-3.112685391441E1,
-1.782344403271E1));
#11149=CARTESIAN_POINT('',(3.212560890745E1,-3.112685391441E1,
-1.470344403271E1));
#11150=B_SPLINE_SURFACE_WITH_KNOTS('',1,1,((#11146,#11147),(#11148,#11149)),
.UNSPECIFIED.,.F.,.F.,.F.,(2,2),(2,2),(-1.56E0,1.56E0),(-1.56E0,1.56E0),
.UNSPECIFIED.);
#11151=ORIENTED_EDGE('',*,*,#11116,.T.);
#11152=ORIENTED_EDGE('',*,*,#11140,.T.);
#11153=EDGE_LOOP('',(#11151,#11152));
#11154=FACE_OUTER_BOUND('',#11153,.F.);
#11156=ORIENTED_EDGE('',*,*,#11155,.T.);
#11158=ORIENTED_EDGE('',*,*,#11157,.T.);
#11159=EDGE_LOOP('',(#11156,#11158));
#11160=FACE_BOUND('',#11159,.F.);
#11162=CARTESIAN_POINT('',(3.109890332864E1,-3.081439925952E1,
-1.618496781788E1));
#11163=CARTESIAN_POINT('',(3.215231448625E1,-3.081439925952E1,
-1.618496781788E1));
#11164=CARTESIAN_POINT('',(3.109890332864E1,-3.085713941041E1,
-1.686430306280E1));
#11165=CARTESIAN_POINT('',(3.215231448625E1,-3.085713941041E1,
-1.686430306280E1));
#11166=CARTESIAN_POINT('',(3.109890332864E1,-3.045596708143E1,
-1.757156691369E1));
#11167=CARTESIAN_POINT('',(3.215231448625E1,-3.045596708143E1,
-1.757156691369E1));
#11168=CARTESIAN_POINT('',(3.109890332864E1,-2.956686584899E1,
-1.794863010532E1));
#11169=CARTESIAN_POINT('',(3.215231448625E1,-2.956686584899E1,
-1.794863010532E1));
#11170=CARTESIAN_POINT('',(3.109890332864E1,-2.867776461655E1,
-1.757156691369E1));
#11171=CARTESIAN_POINT('',(3.215231448625E1,-2.867776461655E1,
-1.757156691369E1));
#11172=CARTESIAN_POINT('',(3.109890332864E1,-2.827659228756E1,
-1.686430306280E1));
#11173=CARTESIAN_POINT('',(3.215231448625E1,-2.827659228756E1,
-1.686430306280E1));
#11174=CARTESIAN_POINT('',(3.109890332864E1,-2.831933243845E1,
-1.618496781788E1));
#11175=CARTESIAN_POINT('',(3.215231448625E1,-2.831933243845E1,
-1.618496781788E1));
#11176=B_SPLINE_SURFACE_WITH_KNOTS('',6,1,((#11162,#11163),(#11164,#11165),(
#11166,#11167),(#11168,#11169),(#11170,#11171),(#11172,#11173),(#11174,#11175)),
.UNSPECIFIED.,.F.,.F.,.F.,(7,7),(2,2),(4.649557127313E0,7.916813487046E0),(
-7.026705578806E0,-5.973294421194E0),.UNSPECIFIED.);
#11177=ORIENTED_EDGE('',*,*,#11155,.F.);
#11179=ORIENTED_EDGE('',*,*,#11178,.F.);
#11181=ORIENTED_EDGE('',*,*,#11180,.T.);
#11183=ORIENTED_EDGE('',*,*,#11182,.T.);
#11184=EDGE_LOOP('',(#11177,#11179,#11181,#11183));
#11185=FACE_OUTER_BOUND('',#11184,.F.);
#11187=CARTESIAN_POINT('',(3.109890332864E1,-2.831933243845E1,
-1.634194411670E1));
#11188=CARTESIAN_POINT('',(3.215231448625E1,-2.831933243845E1,
-1.634194411670E1));
#11189=CARTESIAN_POINT('',(3.109890332864E1,-2.827659228756E1,
-1.566260887178E1));
#11190=CARTESIAN_POINT('',(3.215231448625E1,-2.827659228756E1,
-1.566260887178E1));
#11191=CARTESIAN_POINT('',(3.109890332864E1,-2.867776461655E1,
-1.495534502089E1));
#11192=CARTESIAN_POINT('',(3.215231448625E1,-2.867776461655E1,
-1.495534502089E1));
#11193=CARTESIAN_POINT('',(3.109890332864E1,-2.956686584899E1,
-1.457828182926E1));
#11194=CARTESIAN_POINT('',(3.215231448625E1,-2.956686584899E1,
-1.457828182926E1));
#11195=CARTESIAN_POINT('',(3.109890332864E1,-3.045596708143E1,
-1.495534502089E1));
#11196=CARTESIAN_POINT('',(3.215231448625E1,-3.045596708143E1,
-1.495534502089E1));
#11197=CARTESIAN_POINT('',(3.109890332864E1,-3.085713941041E1,
-1.566260887178E1));
#11198=CARTESIAN_POINT('',(3.215231448625E1,-3.085713941041E1,
-1.566260887178E1));
#11199=CARTESIAN_POINT('',(3.109890332864E1,-3.081439925952E1,
-1.634194411670E1));
#11200=CARTESIAN_POINT('',(3.215231448625E1,-3.081439925952E1,
-1.634194411670E1));
#11201=B_SPLINE_SURFACE_WITH_KNOTS('',6,1,((#11187,#11188),(#11189,#11190),(
#11191,#11192),(#11193,#11194),(#11195,#11196),(#11197,#11198),(#11199,#11200)),
.UNSPECIFIED.,.F.,.F.,.F.,(7,7),(2,2),(1.507964473723E0,4.775220833456E0),(
-7.026705578806E0,-5.973294421194E0),.UNSPECIFIED.);
#11202=ORIENTED_EDGE('',*,*,#11157,.F.);
#11203=ORIENTED_EDGE('',*,*,#11182,.F.);
#11205=ORIENTED_EDGE('',*,*,#11204,.F.);
#11206=ORIENTED_EDGE('',*,*,#11178,.T.);
#11207=EDGE_LOOP('',(#11202,#11203,#11205,#11206));
#11208=FACE_OUTER_BOUND('',#11207,.F.);
#11210=CARTESIAN_POINT('',(3.037453313366E1,-2.956685391441E1,
-1.626344403271E1));
#11211=CARTESIAN_POINT('',(3.114063042292E1,-2.829436983566E1,
-1.634350194511E1));
#11212=CARTESIAN_POINT('',(3.037453313366E1,-2.956685391441E1,
-1.626344403271E1));
#11213=CARTESIAN_POINT('',(3.114063042292E1,-2.825077488176E1,
-1.565057999529E1));
#11214=CARTESIAN_POINT('',(3.037453313366E1,-2.956685391441E1,
-1.626344403271E1));
#11215=CARTESIAN_POINT('',(3.114063042292E1,-2.865997065732E1,
-1.492917086738E1));
#11216=CARTESIAN_POINT('',(3.037453313366E1,-2.956685391441E1,
-1.626344403271E1));
#11217=CARTESIAN_POINT('',(3.114063042292E1,-2.956685391441E1,
-1.454456641192E1));
#11218=CARTESIAN_POINT('',(3.037453313366E1,-2.956685391441E1,
-1.626344403271E1));
#11219=CARTESIAN_POINT('',(3.114063042292E1,-3.047373717149E1,
-1.492917086738E1));
#11220=CARTESIAN_POINT('',(3.037453313366E1,-2.956685391441E1,
-1.626344403271E1));
#11221=CARTESIAN_POINT('',(3.114063042292E1,-3.088293294706E1,
-1.565057999529E1));
#11222=CARTESIAN_POINT('',(3.037453313366E1,-2.956685391441E1,
-1.626344403271E1));
#11223=CARTESIAN_POINT('',(3.114063042292E1,-3.083933799315E1,
-1.634350194511E1));
#11224=B_SPLINE_SURFACE_WITH_KNOTS('',6,1,((#11210,#11211),(#11212,#11213),(
#11214,#11215),(#11216,#11217),(#11218,#11219),(#11220,#11221),(#11222,#11223)),
.UNSPECIFIED.,.F.,.F.,.F.,(7,7),(2,2),(-3.204424506662E0,6.283185307180E-2),(
0.E0,7.660972892601E-1),.UNSPECIFIED.);
#11226=ORIENTED_EDGE('',*,*,#11225,.T.);
#11227=ORIENTED_EDGE('',*,*,#11204,.T.);
#11229=ORIENTED_EDGE('',*,*,#11228,.F.);
#11230=EDGE_LOOP('',(#11226,#11227,#11229));
#11231=FACE_OUTER_BOUND('',#11230,.F.);
#11233=CARTESIAN_POINT('',(3.037453313366E1,-2.956685391441E1,
-1.626344403271E1));
#11234=CARTESIAN_POINT('',(3.114063042292E1,-3.083933799315E1,
-1.618338612031E1));
#11235=CARTESIAN_POINT('',(3.037453313366E1,-2.956685391441E1,
-1.626344403271E1));
#11236=CARTESIAN_POINT('',(3.114063042292E1,-3.088293294706E1,
-1.687630807013E1));
#11237=CARTESIAN_POINT('',(3.037453313366E1,-2.956685391441E1,
-1.626344403271E1));
#11238=CARTESIAN_POINT('',(3.114063042292E1,-3.047373717149E1,
-1.759771719804E1));
#11239=CARTESIAN_POINT('',(3.037453313366E1,-2.956685391441E1,
-1.626344403271E1));
#11240=CARTESIAN_POINT('',(3.114063042292E1,-2.956685391441E1,
-1.798232165350E1));
#11241=CARTESIAN_POINT('',(3.037453313366E1,-2.956685391441E1,
-1.626344403271E1));
#11242=CARTESIAN_POINT('',(3.114063042292E1,-2.865997065732E1,
-1.759771719804E1));
#11243=CARTESIAN_POINT('',(3.037453313366E1,-2.956685391441E1,
-1.626344403271E1));
#11244=CARTESIAN_POINT('',(3.114063042292E1,-2.825077488176E1,
-1.687630807013E1));
#11245=CARTESIAN_POINT('',(3.037453313366E1,-2.956685391441E1,
-1.626344403271E1));
#11246=CARTESIAN_POINT('',(3.114063042292E1,-2.829436983566E1,
-1.618338612031E1));
#11247=B_SPLINE_SURFACE_WITH_KNOTS('',6,1,((#11233,#11234),(#11235,#11236),(
#11237,#11238),(#11239,#11240),(#11241,#11242),(#11243,#11244),(#11245,#11246)),
.UNSPECIFIED.,.F.,.F.,.F.,(7,7),(2,2),(-6.283185307180E-2,3.204424506662E0),(
0.E0,7.660972892601E-1),.UNSPECIFIED.);
#11248=ORIENTED_EDGE('',*,*,#11225,.F.);
#11249=ORIENTED_EDGE('',*,*,#11228,.T.);
#11250=ORIENTED_EDGE('',*,*,#11180,.F.);
#11251=EDGE_LOOP('',(#11248,#11249,#11250));
#11252=FACE_OUTER_BOUND('',#11251,.F.);
#11254=CARTESIAN_POINT('',(-4.084439109255E1,-1.211039001064E1,
-1.896250784014E1));
#11255=CARTESIAN_POINT('',(-4.240439109255E1,-1.211039001064E1,
-1.896250784014E1));
#11256=CARTESIAN_POINT('',(-4.084439109255E1,-1.985481180279E1,
-1.944974556026E1));
#11257=CARTESIAN_POINT('',(-4.240439109255E1,-1.985481180279E1,
-1.944974556026E1));
#11258=CARTESIAN_POINT('',(-4.084439109255E1,-2.782665224348E1,
-1.632226737284E1));
#11259=CARTESIAN_POINT('',(-4.240439109255E1,-2.782665224348E1,
-1.632226737284E1));
#11260=CARTESIAN_POINT('',(-4.084439109255E1,-3.405688169315E1,
-9.462263968594E0));
#11261=CARTESIAN_POINT('',(-4.240439109255E1,-3.405688169315E1,
-9.462263968594E0));
#11262=CARTESIAN_POINT('',(-4.084439109255E1,-3.650159836545E1,
2.451805973683E-3));
#11263=CARTESIAN_POINT('',(-4.240439109255E1,-3.650159836545E1,
2.451805973683E-3));
#11264=CARTESIAN_POINT('',(-4.084439109255E1,-3.405688169315E1,
9.459199211127E0));
#11265=CARTESIAN_POINT('',(-4.240439109255E1,-3.405688169315E1,
9.459199211127E0));
#11266=CARTESIAN_POINT('',(-4.084439109255E1,-2.782665224348E1,
1.632226737284E1));
#11267=CARTESIAN_POINT('',(-4.240439109255E1,-2.782665224348E1,
1.632226737284E1));
#11268=CARTESIAN_POINT('',(-4.084439109255E1,-1.985481180279E1,
1.944974556026E1));
#11269=CARTESIAN_POINT('',(-4.240439109255E1,-1.985481180279E1,
1.944974556026E1));
#11270=CARTESIAN_POINT('',(-4.084439109255E1,-1.211039001064E1,
1.896250784014E1));
#11271=CARTESIAN_POINT('',(-4.240439109255E1,-1.211039001064E1,
1.896250784014E1));
#11272=B_SPLINE_SURFACE_WITH_KNOTS('',8,1,((#11254,#11255),(#11256,#11257),(
#11258,#11259),(#11260,#11261),(#11262,#11263),(#11264,#11265),(#11266,#11267),(
#11268,#11269),(#11270,#11271)),.UNSPECIFIED.,.F.,.F.,.F.,(9,9),(2,2),(
3.078760800518E0,6.346017160251E0),(-3.E-2,1.53E0),.UNSPECIFIED.);
#11273=ORIENTED_EDGE('',*,*,#4060,.F.);
#11275=ORIENTED_EDGE('',*,*,#11274,.T.);
#11276=ORIENTED_EDGE('',*,*,#4056,.T.);
#11277=ORIENTED_EDGE('',*,*,#4081,.T.);
#11278=EDGE_LOOP('',(#11273,#11275,#11276,#11277));
#11279=FACE_OUTER_BOUND('',#11278,.F.);
#11281=CARTESIAN_POINT('',(-4.289751880222E1,-1.212935450090E1,
1.866107589926E1));
#11282=CARTESIAN_POINT('',(-4.235126338288E1,-1.210955158206E1,
1.897583428086E1));
#11283=CARTESIAN_POINT('',(-4.289751880222E1,-1.975066936481E1,
1.914056838795E1));
#11284=CARTESIAN_POINT('',(-4.235126338288E1,-1.985941598648E1,
1.946341442113E1));
#11285=CARTESIAN_POINT('',(-4.289751880222E1,-2.759578778346E1,
1.606280523970E1));
#11286=CARTESIAN_POINT('',(-4.235126338288E1,-2.783685886436E1,
1.633373830962E1));
#11287=CARTESIAN_POINT('',(-4.289751880222E1,-3.372698021909E1,
9.311849866344E0));
#11288=CARTESIAN_POINT('',(-4.235126338288E1,-3.407146678464E1,
9.468913843229E0));
#11289=CARTESIAN_POINT('',(-4.289751880222E1,-3.613283517028E1,
-2.412831559542E-3));
#11290=CARTESIAN_POINT('',(-4.235126338288E1,-3.651790155100E1,
-2.453529049917E-3));
#11291=CARTESIAN_POINT('',(-4.289751880222E1,-3.372698021909E1,
-9.308833826895E0));
#11292=CARTESIAN_POINT('',(-4.235126338288E1,-3.407146678464E1,
-9.465846931916E0));
#11293=CARTESIAN_POINT('',(-4.289751880222E1,-2.759578778346E1,
-1.606280523970E1));
#11294=CARTESIAN_POINT('',(-4.235126338288E1,-2.783685886436E1,
-1.633373830962E1));
#11295=CARTESIAN_POINT('',(-4.289751880222E1,-1.975066936481E1,
-1.914056838795E1));
#11296=CARTESIAN_POINT('',(-4.235126338288E1,-1.985941598648E1,
-1.946341442113E1));
#11297=CARTESIAN_POINT('',(-4.289751880222E1,-1.212935450090E1,
-1.866107589926E1));
#11298=CARTESIAN_POINT('',(-4.235126338288E1,-1.210955158206E1,
-1.897583428086E1));
#11299=B_SPLINE_SURFACE_WITH_KNOTS('',8,1,((#11281,#11282),(#11283,#11284),(
#11285,#11286),(#11287,#11288),(#11289,#11290),(#11291,#11292),(#11293,#11294),(
#11295,#11296),(#11297,#11298)),.UNSPECIFIED.,.F.,.F.,.F.,(9,9),(2,2),(
3.078760800518E0,6.346017160251E0),(3.238583763414E1,3.293209305348E1),
.UNSPECIFIED.);
#11301=ORIENTED_EDGE('',*,*,#11300,.F.);
#11302=ORIENTED_EDGE('',*,*,#11274,.F.);
#11304=ORIENTED_EDGE('',*,*,#11303,.T.);
#11306=ORIENTED_EDGE('',*,*,#11305,.T.);
#11307=EDGE_LOOP('',(#11301,#11302,#11304,#11306));
#11308=FACE_OUTER_BOUND('',#11307,.F.);
#11310=CARTESIAN_POINT('',(-4.289751880222E1,-1.447746526249E1,
-1.866107589926E1));
#11311=CARTESIAN_POINT('',(-4.235126338288E1,-1.449726818134E1,
-1.897583428086E1));
#11312=CARTESIAN_POINT('',(-4.289751880222E1,-6.856150398581E0,
-1.914056838795E1));
#11313=CARTESIAN_POINT('',(-4.235126338288E1,-6.747403776915E0,
-1.946341442113E1));
#11314=CARTESIAN_POINT('',(-4.289751880222E1,9.889680200676E-1,
-1.606280523970E1));
#11315=CARTESIAN_POINT('',(-4.235126338288E1,1.230039100960E0,
-1.633373830962E1));
#11316=CARTESIAN_POINT('',(-4.289751880222E1,7.120160455698E0,
-9.311849866344E0));
#11317=CARTESIAN_POINT('',(-4.235126338288E1,7.464647021248E0,
-9.468913843229E0));
#11318=CARTESIAN_POINT('',(-4.289751880222E1,9.526015406887E0,
2.412831559651E-3));
#11319=CARTESIAN_POINT('',(-4.235126338288E1,9.911081787604E0,
2.453529050025E-3));
#11320=CARTESIAN_POINT('',(-4.289751880222E1,7.120160455698E0,
9.308833826895E0));
#11321=CARTESIAN_POINT('',(-4.235126338288E1,7.464647021248E0,
9.465846931916E0));
#11322=CARTESIAN_POINT('',(-4.289751880222E1,9.889680200676E-1,
1.606280523970E1));
#11323=CARTESIAN_POINT('',(-4.235126338288E1,1.230039100960E0,
1.633373830962E1));
#11324=CARTESIAN_POINT('',(-4.289751880222E1,-6.856150398581E0,
1.914056838795E1));
#11325=CARTESIAN_POINT('',(-4.235126338288E1,-6.747403776915E0,
1.946341442113E1));
#11326=CARTESIAN_POINT('',(-4.289751880222E1,-1.447746526249E1,
1.866107589926E1));
#11327=CARTESIAN_POINT('',(-4.235126338288E1,-1.449726818134E1,
1.897583428086E1));
#11328=B_SPLINE_SURFACE_WITH_KNOTS('',8,1,((#11310,#11311),(#11312,#11313),(
#11314,#11315),(#11316,#11317),(#11318,#11319),(#11320,#11321),(#11322,#11323),(
#11324,#11325),(#11326,#11327)),.UNSPECIFIED.,.F.,.F.,.F.,(9,9),(2,2),(
-6.283185307180E-2,3.204424506662E0),(3.238583763414E1,3.293209305348E1),
.UNSPECIFIED.);
#11330=ORIENTED_EDGE('',*,*,#11329,.T.);
#11331=ORIENTED_EDGE('',*,*,#11303,.F.);
#11332=ORIENTED_EDGE('',*,*,#4058,.F.);
#11333=ORIENTED_EDGE('',*,*,#11300,.T.);
#11334=EDGE_LOOP('',(#11330,#11331,#11332,#11333));
#11335=FACE_OUTER_BOUND('',#11334,.F.);
#11337=CARTESIAN_POINT('',(-4.287439109255E1,-3.276318774141E1,
-1.945977786002E1));
#11338=CARTESIAN_POINT('',(-4.287439109255E1,6.156367978016E0,
-1.945977786002E1));
#11339=CARTESIAN_POINT('',(-4.287439109255E1,-3.276318774141E1,
1.945977786002E1));
#11340=CARTESIAN_POINT('',(-4.287439109255E1,6.156367978016E0,
1.945977786002E1));
#11341=B_SPLINE_SURFACE_WITH_KNOTS('',1,1,((#11337,#11338),(#11339,#11340)),
.UNSPECIFIED.,.F.,.F.,.F.,(2,2),(2,2),(1.540222139979E0,4.045977786002E1),(
1.540222140286E0,4.045977785971E1),.UNSPECIFIED.);
#11342=ORIENTED_EDGE('',*,*,#11305,.F.);
#11343=ORIENTED_EDGE('',*,*,#11329,.F.);
#11344=EDGE_LOOP('',(#11342,#11343));
#11345=FACE_OUTER_BOUND('',#11344,.F.);
#11347=ORIENTED_EDGE('',*,*,#11346,.F.);
#11349=ORIENTED_EDGE('',*,*,#11348,.F.);
#11350=EDGE_LOOP('',(#11347,#11349));
#11351=FACE_BOUND('',#11350,.F.);
#11353=CARTESIAN_POINT('',(-4.235126338288E1,-1.219913516657E1,
-1.755194397961E1));
#11354=CARTESIAN_POINT('',(-4.289751880222E1,-1.217933224772E1,
-1.786670236122E1));
#11355=CARTESIAN_POINT('',(-4.235126338288E1,-1.936747274070E1,
-1.800293755285E1));
#11356=CARTESIAN_POINT('',(-4.289751880222E1,-1.947621936237E1,
-1.832578358602E1));
#11357=CARTESIAN_POINT('',(-4.235126338288E1,-2.674631197489E1,
-1.510810305069E1));
#11358=CARTESIAN_POINT('',(-4.289751880222E1,-2.698738305578E1,
-1.537903612060E1));
#11359=CARTESIAN_POINT('',(-4.235126338288E1,-3.251309341554E1,
-8.758394643643E0));
#11360=CARTESIAN_POINT('',(-4.289751880222E1,-3.285757998109E1,
-8.915458620527E0));
#11361=CARTESIAN_POINT('',(-4.235126338288E1,-3.477595497584E1,
2.269423510011E-3));
#11362=CARTESIAN_POINT('',(-4.289751880222E1,-3.516102135656E1,
2.310121000386E-3));
#11363=CARTESIAN_POINT('',(-4.235126338288E1,-3.251309341554E1,
8.755557864255E0));
#11364=CARTESIAN_POINT('',(-4.289751880222E1,-3.285757998109E1,
8.912570969277E0));
#11365=CARTESIAN_POINT('',(-4.235126338288E1,-2.674631197489E1,
1.510810305069E1));
#11366=CARTESIAN_POINT('',(-4.289751880222E1,-2.698738305578E1,
1.537903612060E1));
#11367=CARTESIAN_POINT('',(-4.235126338288E1,-1.936747274070E1,
1.800293755285E1));
#11368=CARTESIAN_POINT('',(-4.289751880222E1,-1.947621936237E1,
1.832578358602E1));
#11369=CARTESIAN_POINT('',(-4.235126338288E1,-1.219913516657E1,
1.755194397961E1));
#11370=CARTESIAN_POINT('',(-4.289751880222E1,-1.217933224772E1,
1.786670236122E1));
#11371=B_SPLINE_SURFACE_WITH_KNOTS('',8,1,((#11353,#11354),(#11355,#11356),(
#11357,#11358),(#11359,#11360),(#11361,#11362),(#11363,#11364),(#11365,#11366),(
#11367,#11368),(#11369,#11370)),.UNSPECIFIED.,.F.,.F.,.F.,(9,9),(2,2),(
3.078760800518E0,6.346017160251E0),(3.046096650354E1,3.100722192288E1),
.UNSPECIFIED.);
#11373=ORIENTED_EDGE('',*,*,#11372,.F.);
#11375=ORIENTED_EDGE('',*,*,#11374,.F.);
#11376=ORIENTED_EDGE('',*,*,#11346,.T.);
#11378=ORIENTED_EDGE('',*,*,#11377,.T.);
#11379=EDGE_LOOP('',(#11373,#11375,#11376,#11378));
#11380=FACE_OUTER_BOUND('',#11379,.F.);
#11382=CARTESIAN_POINT('',(-4.064039109255E1,-1.219829673798E1,
-1.756527042034E1));
#11383=CARTESIAN_POINT('',(-4.240839109255E1,-1.219829673798E1,
-1.756527042034E1));
#11384=CARTESIAN_POINT('',(-4.064039109255E1,-1.937207692439E1,
-1.801660641372E1));
#11385=CARTESIAN_POINT('',(-4.240839109255E1,-1.937207692439E1,
-1.801660641372E1));
#11386=CARTESIAN_POINT('',(-4.064039109255E1,-2.675651859577E1,
-1.511957398747E1));
#11387=CARTESIAN_POINT('',(-4.240839109255E1,-2.675651859577E1,
-1.511957398747E1));
#11388=CARTESIAN_POINT('',(-4.064039109255E1,-3.252767850704E1,
-8.765044518277E0));
#11389=CARTESIAN_POINT('',(-4.240839109255E1,-3.252767850704E1,
-8.765044518277E0));
#11390=CARTESIAN_POINT('',(-4.064039109255E1,-3.479225816139E1,
2.271146586148E-3));
#11391=CARTESIAN_POINT('',(-4.240839109255E1,-3.479225816139E1,
2.271146586148E-3));
#11392=CARTESIAN_POINT('',(-4.064039109255E1,-3.252767850704E1,
8.762205585044E0));
#11393=CARTESIAN_POINT('',(-4.240839109255E1,-3.252767850704E1,
8.762205585044E0));
#11394=CARTESIAN_POINT('',(-4.064039109255E1,-2.675651859577E1,
1.511957398747E1));
#11395=CARTESIAN_POINT('',(-4.240839109255E1,-2.675651859577E1,
1.511957398747E1));
#11396=CARTESIAN_POINT('',(-4.064039109255E1,-1.937207692439E1,
1.801660641372E1));
#11397=CARTESIAN_POINT('',(-4.240839109255E1,-1.937207692439E1,
1.801660641372E1));
#11398=CARTESIAN_POINT('',(-4.064039109255E1,-1.219829673798E1,
1.756527042034E1));
#11399=CARTESIAN_POINT('',(-4.240839109255E1,-1.219829673798E1,
1.756527042034E1));
#11400=B_SPLINE_SURFACE_WITH_KNOTS('',8,1,((#11382,#11383),(#11384,#11385),(
#11386,#11387),(#11388,#11389),(#11390,#11391),(#11392,#11393),(#11394,#11395),(
#11396,#11397),(#11398,#11399)),.UNSPECIFIED.,.F.,.F.,.F.,(9,9),(2,2),(
3.078760800518E0,6.346017160251E0),(7.66E-1,2.534E0),.UNSPECIFIED.);
#11402=ORIENTED_EDGE('',*,*,#11401,.T.);
#11404=ORIENTED_EDGE('',*,*,#11403,.F.);
#11405=ORIENTED_EDGE('',*,*,#11372,.T.);
#11407=ORIENTED_EDGE('',*,*,#11406,.T.);
#11408=EDGE_LOOP('',(#11402,#11404,#11405,#11407));
#11409=FACE_OUTER_BOUND('',#11408,.F.);
#11411=CARTESIAN_POINT('',(-4.067439109255E1,-3.254340988140E1,1.924E1));
#11412=CARTESIAN_POINT('',(-4.067439109255E1,5.936590118005E0,1.924E1));
#11413=CARTESIAN_POINT('',(-4.067439109255E1,-3.254340988140E1,-1.924E1));
#11414=CARTESIAN_POINT('',(-4.067439109255E1,5.936590118005E0,-1.924E1));
#11415=B_SPLINE_SURFACE_WITH_KNOTS('',1,1,((#11411,#11412),(#11413,#11414)),
.UNSPECIFIED.,.F.,.F.,.F.,(2,2),(2,2),(-1.924E1,1.924E1),(-3.773999999970E1,
7.399999997033E-1),.UNSPECIFIED.);
#11417=ORIENTED_EDGE('',*,*,#11416,.F.);
#11419=ORIENTED_EDGE('',*,*,#11418,.F.);
#11420=EDGE_LOOP('',(#11417,#11419));
#11421=FACE_OUTER_BOUND('',#11420,.F.);
#11423=ORIENTED_EDGE('',*,*,#11422,.F.);
#11424=ORIENTED_EDGE('',*,*,#11401,.F.);
#11425=EDGE_LOOP('',(#11423,#11424));
#11426=FACE_BOUND('',#11425,.F.);
#11428=CARTESIAN_POINT('',(-4.070109667136E1,-1.446503449299E1,
-1.846349447592E1));
#11429=CARTESIAN_POINT('',(-4.034768551375E1,-1.446503449299E1,
-1.846349447592E1));
#11430=CARTESIAN_POINT('',(-4.070109667136E1,-6.924413274320E0,
-1.893791015078E1));
#11431=CARTESIAN_POINT('',(-4.034768551375E1,-6.924413274320E0,
-1.893791015078E1));
#11432=CARTESIAN_POINT('',(-4.070109667136E1,8.376418916128E-1,
-1.589273402092E1));
#11433=CARTESIAN_POINT('',(-4.034768551375E1,8.376418916128E-1,
-1.589273402092E1));
#11434=CARTESIAN_POINT('',(-4.070109667136E1,6.903917934711E0,
-9.213257022053E0));
#11435=CARTESIAN_POINT('',(-4.034768551375E1,6.903917934711E0,
-9.213257022053E0));
#11436=CARTESIAN_POINT('',(-4.070109667136E1,9.284299957749E0,
2.387284763933E-3));
#11437=CARTESIAN_POINT('',(-4.034768551375E1,9.284299957749E0,
2.387284763933E-3));
#11438=CARTESIAN_POINT('',(-4.070109667136E1,6.903917934711E0,
9.210272916098E0));
#11439=CARTESIAN_POINT('',(-4.034768551375E1,6.903917934711E0,
9.210272916098E0));
#11440=CARTESIAN_POINT('',(-4.070109667136E1,8.376418916128E-1,
1.589273402092E1));
#11441=CARTESIAN_POINT('',(-4.034768551375E1,8.376418916128E-1,
1.589273402092E1));
#11442=CARTESIAN_POINT('',(-4.070109667136E1,-6.924413274320E0,
1.893791015078E1));
#11443=CARTESIAN_POINT('',(-4.034768551375E1,-6.924413274320E0,
1.893791015078E1));
#11444=CARTESIAN_POINT('',(-4.070109667136E1,-1.446503449299E1,
1.846349447592E1));
#11445=CARTESIAN_POINT('',(-4.034768551375E1,-1.446503449299E1,
1.846349447592E1));
#11446=B_SPLINE_SURFACE_WITH_KNOTS('',8,1,((#11428,#11429),(#11430,#11431),(
#11432,#11433),(#11434,#11435),(#11436,#11437),(#11438,#11439),(#11440,#11441),(
#11442,#11443),(#11444,#11445)),.UNSPECIFIED.,.F.,.F.,.F.,(9,9),(2,2),(
-6.283185307180E-2,3.204424506662E0),(-1.252670557881E1,-1.217329442119E1),
.UNSPECIFIED.);
#11448=ORIENTED_EDGE('',*,*,#11447,.F.);
#11450=ORIENTED_EDGE('',*,*,#11449,.T.);
#11451=ORIENTED_EDGE('',*,*,#11416,.T.);
#11453=ORIENTED_EDGE('',*,*,#11452,.F.);
#11454=EDGE_LOOP('',(#11448,#11450,#11451,#11453));
#11455=FACE_OUTER_BOUND('',#11454,.F.);
#11457=CARTESIAN_POINT('',(-4.037439109255E1,-3.254662147800E1,-1.924E1));
#11458=CARTESIAN_POINT('',(-4.037439109255E1,-3.254662147800E1,1.924E1));
#11459=CARTESIAN_POINT('',(-4.037439109255E1,5.939801714601E0,-1.924E1));
#11460=CARTESIAN_POINT('',(-4.037439109255E1,5.939801714601E0,1.924E1));
#11461=B_SPLINE_SURFACE_WITH_KNOTS('',1,1,((#11457,#11458),(#11459,#11460)),
.UNSPECIFIED.,.F.,.F.,.F.,(2,2),(2,2),(-3.254662147800E1,5.939801714601E0),(
-1.924E1,1.924E1),.UNSPECIFIED.);
#11462=ORIENTED_EDGE('',*,*,#11447,.T.);
#11464=ORIENTED_EDGE('',*,*,#11463,.T.);
#11465=EDGE_LOOP('',(#11462,#11464));
#11466=FACE_OUTER_BOUND('',#11465,.F.);
#11468=ORIENTED_EDGE('',*,*,#11467,.F.);
#11470=ORIENTED_EDGE('',*,*,#11469,.F.);
#11471=EDGE_LOOP('',(#11468,#11470));
#11472=FACE_BOUND('',#11471,.F.);
#11474=CARTESIAN_POINT('',(-4.070109667136E1,-1.214178527041E1,
1.846349447592E1));
#11475=CARTESIAN_POINT('',(-4.034768551375E1,-1.214178527041E1,
1.846349447592E1));
#11476=CARTESIAN_POINT('',(-4.070109667136E1,-1.968240648908E1,
1.893791015078E1));
#11477=CARTESIAN_POINT('',(-4.034768551375E1,-1.968240648908E1,
1.893791015078E1));
#11478=CARTESIAN_POINT('',(-4.070109667136E1,-2.744446165501E1,
1.589273402092E1));
#11479=CARTESIAN_POINT('',(-4.034768551375E1,-2.744446165501E1,
1.589273402092E1));
#11480=CARTESIAN_POINT('',(-4.070109667136E1,-3.351073769811E1,
9.213257022053E0));
#11481=CARTESIAN_POINT('',(-4.034768551375E1,-3.351073769811E1,
9.213257022053E0));
#11482=CARTESIAN_POINT('',(-4.070109667136E1,-3.589111972115E1,
-2.387284763795E-3));
#11483=CARTESIAN_POINT('',(-4.034768551375E1,-3.589111972115E1,
-2.387284763795E-3));
#11484=CARTESIAN_POINT('',(-4.070109667136E1,-3.351073769811E1,
-9.210272916098E0));
#11485=CARTESIAN_POINT('',(-4.034768551375E1,-3.351073769811E1,
-9.210272916098E0));
#11486=CARTESIAN_POINT('',(-4.070109667136E1,-2.744446165501E1,
-1.589273402092E1));
#11487=CARTESIAN_POINT('',(-4.034768551375E1,-2.744446165501E1,
-1.589273402092E1));
#11488=CARTESIAN_POINT('',(-4.070109667136E1,-1.968240648908E1,
-1.893791015078E1));
#11489=CARTESIAN_POINT('',(-4.034768551375E1,-1.968240648908E1,
-1.893791015078E1));
#11490=CARTESIAN_POINT('',(-4.070109667136E1,-1.214178527041E1,
-1.846349447592E1));
#11491=CARTESIAN_POINT('',(-4.034768551375E1,-1.214178527041E1,
-1.846349447592E1));
#11492=B_SPLINE_SURFACE_WITH_KNOTS('',8,1,((#11474,#11475),(#11476,#11477),(
#11478,#11479),(#11480,#11481),(#11482,#11483),(#11484,#11485),(#11486,#11487),(
#11488,#11489),(#11490,#11491)),.UNSPECIFIED.,.F.,.F.,.F.,(9,9),(2,2),(
3.078760800518E0,6.346017160251E0),(-1.252670557881E1,-1.217329442119E1),
.UNSPECIFIED.);
#11493=ORIENTED_EDGE('',*,*,#11463,.F.);
#11494=ORIENTED_EDGE('',*,*,#11452,.T.);
#11495=ORIENTED_EDGE('',*,*,#11418,.T.);
#11496=ORIENTED_EDGE('',*,*,#11449,.F.);
#11497=EDGE_LOOP('',(#11493,#11494,#11495,#11496));
#11498=FACE_OUTER_BOUND('',#11497,.F.);
#11500=CARTESIAN_POINT('',(-4.343439109255E1,-1.276969046570E1,
8.483227191640E0));
#11501=CARTESIAN_POINT('',(-4.031439109255E1,-1.276969046570E1,
8.483227191640E0));
#11502=CARTESIAN_POINT('',(-4.343439109255E1,-1.623430021482E1,
8.701201961170E0));
#11503=CARTESIAN_POINT('',(-4.031439109255E1,-1.623430021482E1,
8.701201961170E0));
#11504=CARTESIAN_POINT('',(-4.343439109255E1,-1.980064988565E1,
7.302066982585E0));
#11505=CARTESIAN_POINT('',(-4.031439109255E1,-1.980064988565E1,
7.302066982585E0));
#11506=CARTESIAN_POINT('',(-4.343439109255E1,-2.258785779735E1,
4.233118091213E0));
#11507=CARTESIAN_POINT('',(-4.031439109255E1,-2.258785779735E1,
4.233118091213E0));
#11508=CARTESIAN_POINT('',(-4.343439109255E1,-2.368154683496E1,
-1.096860567096E-3));
#11509=CARTESIAN_POINT('',(-4.031439109255E1,-2.368154683496E1,
-1.096860567096E-3));
#11510=CARTESIAN_POINT('',(-4.343439109255E1,-2.258785779735E1,
-4.231747015504E0));
#11511=CARTESIAN_POINT('',(-4.031439109255E1,-2.258785779735E1,
-4.231747015504E0));
#11512=CARTESIAN_POINT('',(-4.343439109255E1,-1.980064988565E1,
-7.302066982585E0));
#11513=CARTESIAN_POINT('',(-4.031439109255E1,-1.980064988565E1,
-7.302066982585E0));
#11514=CARTESIAN_POINT('',(-4.343439109255E1,-1.623430021482E1,
-8.701201961170E0));
#11515=CARTESIAN_POINT('',(-4.031439109255E1,-1.623430021482E1,
-8.701201961170E0));
#11516=CARTESIAN_POINT('',(-4.343439109255E1,-1.276969046570E1,
-8.483227191640E0));
#11517=CARTESIAN_POINT('',(-4.031439109255E1,-1.276969046570E1,
-8.483227191640E0));
#11518=B_SPLINE_SURFACE_WITH_KNOTS('',8,1,((#11500,#11501),(#11502,#11503),(
#11504,#11505),(#11506,#11507),(#11508,#11509),(#11510,#11511),(#11512,#11513),(
#11514,#11515),(#11516,#11517)),.UNSPECIFIED.,.F.,.F.,.F.,(9,9),(2,2),(
3.078760800518E0,6.346017160251E0),(3.044E1,3.356E1),.UNSPECIFIED.);
#11519=ORIENTED_EDGE('',*,*,#11467,.T.);
#11521=ORIENTED_EDGE('',*,*,#11520,.T.);
#11523=ORIENTED_EDGE('',*,*,#11522,.T.);
#11525=ORIENTED_EDGE('',*,*,#11524,.F.);
#11526=EDGE_LOOP('',(#11519,#11521,#11523,#11525));
#11527=FACE_OUTER_BOUND('',#11526,.F.);
#11529=CARTESIAN_POINT('',(-4.343439109255E1,-1.383712929770E1,
-8.483227191640E0));
#11530=CARTESIAN_POINT('',(-4.031439109255E1,-1.383712929770E1,
-8.483227191640E0));
#11531=CARTESIAN_POINT('',(-4.343439109255E1,-1.037251954858E1,
-8.701201961170E0));
#11532=CARTESIAN_POINT('',(-4.031439109255E1,-1.037251954858E1,
-8.701201961170E0));
#11533=CARTESIAN_POINT('',(-4.343439109255E1,-6.806169877744E0,
-7.302066982585E0));
#11534=CARTESIAN_POINT('',(-4.031439109255E1,-6.806169877744E0,
-7.302066982585E0));
#11535=CARTESIAN_POINT('',(-4.343439109255E1,-4.018961966051E0,
-4.233118091213E0));
#11536=CARTESIAN_POINT('',(-4.031439109255E1,-4.018961966051E0,
-4.233118091213E0));
#11537=CARTESIAN_POINT('',(-4.343439109255E1,-2.925272928438E0,
1.096860567204E-3));
#11538=CARTESIAN_POINT('',(-4.031439109255E1,-2.925272928438E0,
1.096860567204E-3));
#11539=CARTESIAN_POINT('',(-4.343439109255E1,-4.018961966051E0,
4.231747015504E0));
#11540=CARTESIAN_POINT('',(-4.031439109255E1,-4.018961966051E0,
4.231747015504E0));
#11541=CARTESIAN_POINT('',(-4.343439109255E1,-6.806169877744E0,
7.302066982585E0));
#11542=CARTESIAN_POINT('',(-4.031439109255E1,-6.806169877744E0,
7.302066982585E0));
#11543=CARTESIAN_POINT('',(-4.343439109255E1,-1.037251954858E1,
8.701201961170E0));
#11544=CARTESIAN_POINT('',(-4.031439109255E1,-1.037251954858E1,
8.701201961170E0));
#11545=CARTESIAN_POINT('',(-4.343439109255E1,-1.383712929770E1,
8.483227191640E0));
#11546=CARTESIAN_POINT('',(-4.031439109255E1,-1.383712929770E1,
8.483227191640E0));
#11547=B_SPLINE_SURFACE_WITH_KNOTS('',8,1,((#11529,#11530),(#11531,#11532),(
#11533,#11534),(#11535,#11536),(#11537,#11538),(#11539,#11540),(#11541,#11542),(
#11543,#11544),(#11545,#11546)),.UNSPECIFIED.,.F.,.F.,.F.,(9,9),(2,2),(
-6.283185307180E-2,3.204424506662E0),(3.044E1,3.356E1),.UNSPECIFIED.);
#11548=ORIENTED_EDGE('',*,*,#11469,.T.);
#11549=ORIENTED_EDGE('',*,*,#11524,.T.);
#11551=ORIENTED_EDGE('',*,*,#11550,.T.);
#11552=ORIENTED_EDGE('',*,*,#11520,.F.);
#11553=EDGE_LOOP('',(#11548,#11549,#11551,#11552));
#11554=FACE_OUTER_BOUND('',#11553,.F.);
#11556=CARTESIAN_POINT('',(-4.389327478842E1,-1.380454832086E1,
-7.965367394217E0));
#11557=CARTESIAN_POINT('',(-4.335550739668E1,-1.383831501477E1,
-8.502073624850E0));
#11558=CARTESIAN_POINT('',(-4.389327478842E1,-1.055143616131E1,
-8.170035863274E0));
#11559=CARTESIAN_POINT('',(-4.335550739668E1,-1.036600824956E1,
-8.720532649586E0));
#11560=CARTESIAN_POINT('',(-4.389327478842E1,-7.202794807886E0,
-6.856311276301E0));
#11561=CARTESIAN_POINT('',(-4.335550739668E1,-6.791735536071E0,
-7.318289336952E0));
#11562=CARTESIAN_POINT('',(-4.389327478842E1,-4.585732395295E0,
-3.974706801776E0));
#11563=CARTESIAN_POINT('',(-4.335550739668E1,-3.998335531844E0,
-4.242522434109E0));
#11564=CARTESIAN_POINT('',(-4.389327478842E1,-3.558807758856E0,
1.029902559525E-3));
#11565=CARTESIAN_POINT('',(-4.335550739668E1,-2.902216742331E0,
1.099297364971E-3));
#11566=CARTESIAN_POINT('',(-4.389327478842E1,-4.585732395295E0,
3.973419423576E0));
#11567=CARTESIAN_POINT('',(-4.335550739668E1,-3.998335531844E0,
4.241148312403E0));
#11568=CARTESIAN_POINT('',(-4.389327478842E1,-7.202794807886E0,
6.856311276301E0));
#11569=CARTESIAN_POINT('',(-4.335550739668E1,-6.791735536071E0,
7.318289336952E0));
#11570=CARTESIAN_POINT('',(-4.389327478842E1,-1.055143616131E1,
8.170035863274E0));
#11571=CARTESIAN_POINT('',(-4.335550739668E1,-1.036600824956E1,
8.720532649586E0));
#11572=CARTESIAN_POINT('',(-4.389327478842E1,-1.380454832086E1,
7.965367394217E0));
#11573=CARTESIAN_POINT('',(-4.335550739668E1,-1.383831501477E1,
8.502073624850E0));
#11574=B_SPLINE_SURFACE_WITH_KNOTS('',8,1,((#11556,#11557),(#11558,#11559),(
#11560,#11561),(#11562,#11563),(#11564,#11565),(#11566,#11567),(#11568,#11569),(
#11570,#11571),(#11572,#11573)),.UNSPECIFIED.,.F.,.F.,.F.,(9,9),(2,2),(
-6.283185307180E-2,3.204424506662E0),(7.981116304130E0,8.518883695870E0),
.UNSPECIFIED.);
#11576=ORIENTED_EDGE('',*,*,#11575,.F.);
#11578=ORIENTED_EDGE('',*,*,#11577,.F.);
#11579=ORIENTED_EDGE('',*,*,#11550,.F.);
#11581=ORIENTED_EDGE('',*,*,#11580,.T.);
#11582=EDGE_LOOP('',(#11576,#11578,#11579,#11581));
#11583=FACE_OUTER_BOUND('',#11582,.F.);
#11585=CARTESIAN_POINT('',(-4.328439109255E1,-1.380573403793E1,
7.984213827426E0));
#11586=CARTESIAN_POINT('',(-7.396439109255E1,-1.380573403793E1,
7.984213827426E0));
#11587=CARTESIAN_POINT('',(-4.328439109255E1,-1.054492486229E1,
8.189366551689E0));
#11588=CARTESIAN_POINT('',(-7.396439109255E1,-1.054492486229E1,
8.189366551689E0));
#11589=CARTESIAN_POINT('',(-4.328439109255E1,-7.188360466212E0,
6.872533630668E0));
#11590=CARTESIAN_POINT('',(-7.396439109255E1,-7.188360466212E0,
6.872533630668E0));
#11591=CARTESIAN_POINT('',(-4.328439109255E1,-4.565105961089E0,
3.984111144671E0));
#11592=CARTESIAN_POINT('',(-7.396439109255E1,-4.565105961089E0,
3.984111144671E0));
#11593=CARTESIAN_POINT('',(-4.328439109255E1,-3.535751572748E0,
-1.032339357297E-3));
#11594=CARTESIAN_POINT('',(-7.396439109255E1,-3.535751572748E0,
-1.032339357298E-3));
#11595=CARTESIAN_POINT('',(-4.328439109255E1,-4.565105961089E0,
-3.982820720475E0));
#11596=CARTESIAN_POINT('',(-7.396439109255E1,-4.565105961089E0,
-3.982820720475E0));
#11597=CARTESIAN_POINT('',(-4.328439109255E1,-7.188360466212E0,
-6.872533630668E0));
#11598=CARTESIAN_POINT('',(-7.396439109255E1,-7.188360466212E0,
-6.872533630668E0));
#11599=CARTESIAN_POINT('',(-4.328439109255E1,-1.054492486229E1,
-8.189366551689E0));
#11600=CARTESIAN_POINT('',(-7.396439109255E1,-1.054492486229E1,
-8.189366551689E0));
#11601=CARTESIAN_POINT('',(-4.328439109255E1,-1.380573403793E1,
-7.984213827426E0));
#11602=CARTESIAN_POINT('',(-7.396439109255E1,-1.380573403793E1,
-7.984213827426E0));
#11603=B_SPLINE_SURFACE_WITH_KNOTS('',8,1,((#11585,#11586),(#11587,#11588),(
#11589,#11590),(#11591,#11592),(#11593,#11594),(#11595,#11596),(#11597,#11598),(
#11599,#11600),(#11601,#11602)),.UNSPECIFIED.,.F.,.F.,.F.,(9,9),(2,2),(
-6.283185307180E-2,3.204424506662E0),(-5.9E-1,3.009E1),.UNSPECIFIED.);
#11604=ORIENTED_EDGE('',*,*,#11575,.T.);
#11606=ORIENTED_EDGE('',*,*,#11605,.F.);
#11608=ORIENTED_EDGE('',*,*,#11607,.T.);
#11610=ORIENTED_EDGE('',*,*,#11609,.T.);
#11611=EDGE_LOOP('',(#11604,#11606,#11608,#11610));
#11612=FACE_OUTER_BOUND('',#11611,.F.);
#11614=CARTESIAN_POINT('',(-4.328439109255E1,-1.280108572546E1,
-7.984213827426E0));
#11615=CARTESIAN_POINT('',(-7.396439109255E1,-1.280108572546E1,
-7.984213827426E0));
#11616=CARTESIAN_POINT('',(-4.328439109255E1,-1.606189490110E1,
-8.189366551689E0));
#11617=CARTESIAN_POINT('',(-7.396439109255E1,-1.606189490110E1,
-8.189366551689E0));
#11618=CARTESIAN_POINT('',(-4.328439109255E1,-1.941845929718E1,
-6.872533630668E0));
#11619=CARTESIAN_POINT('',(-7.396439109255E1,-1.941845929718E1,
-6.872533630668E0));
#11620=CARTESIAN_POINT('',(-4.328439109255E1,-2.204171380231E1,
-3.984111144671E0));
#11621=CARTESIAN_POINT('',(-7.396439109255E1,-2.204171380231E1,
-3.984111144671E0));
#11622=CARTESIAN_POINT('',(-4.328439109255E1,-2.307106819065E1,
1.032339357331E-3));
#11623=CARTESIAN_POINT('',(-7.396439109255E1,-2.307106819065E1,
1.032339357330E-3));
#11624=CARTESIAN_POINT('',(-4.328439109255E1,-2.204171380231E1,
3.982820720475E0));
#11625=CARTESIAN_POINT('',(-7.396439109255E1,-2.204171380231E1,
3.982820720475E0));
#11626=CARTESIAN_POINT('',(-4.328439109255E1,-1.941845929718E1,
6.872533630668E0));
#11627=CARTESIAN_POINT('',(-7.396439109255E1,-1.941845929718E1,
6.872533630668E0));
#11628=CARTESIAN_POINT('',(-4.328439109255E1,-1.606189490110E1,
8.189366551689E0));
#11629=CARTESIAN_POINT('',(-7.396439109255E1,-1.606189490110E1,
8.189366551689E0));
#11630=CARTESIAN_POINT('',(-4.328439109255E1,-1.280108572546E1,
7.984213827426E0));
#11631=CARTESIAN_POINT('',(-7.396439109255E1,-1.280108572546E1,
7.984213827426E0));
#11632=B_SPLINE_SURFACE_WITH_KNOTS('',8,1,((#11614,#11615),(#11616,#11617),(
#11618,#11619),(#11620,#11621),(#11622,#11623),(#11624,#11625),(#11626,#11627),(
#11628,#11629),(#11630,#11631)),.UNSPECIFIED.,.F.,.F.,.F.,(9,9),(2,2),(
3.078760800518E0,6.346017160251E0),(-5.9E-1,3.009E1),.UNSPECIFIED.);
#11633=ORIENTED_EDGE('',*,*,#11609,.F.);
#11635=ORIENTED_EDGE('',*,*,#11634,.T.);
#11636=ORIENTED_EDGE('',*,*,#11605,.T.);
#11638=ORIENTED_EDGE('',*,*,#11637,.T.);
#11639=EDGE_LOOP('',(#11633,#11635,#11636,#11638));
#11640=FACE_OUTER_BOUND('',#11639,.F.);
#11642=CARTESIAN_POINT('',(-7.389327478842E1,-1.283366670230E1,
7.466354030003E0));
#11643=CARTESIAN_POINT('',(-7.335550739668E1,-1.279990000839E1,
8.003060260635E0));
#11644=CARTESIAN_POINT('',(-7.389327478842E1,-1.588297828837E1,
7.658200453793E0));
#11645=CARTESIAN_POINT('',(-7.335550739668E1,-1.606840620013E1,
8.208697240105E0));
#11646=CARTESIAN_POINT('',(-7.389327478842E1,-1.902183436704E1,
6.426777924384E0));
#11647=CARTESIAN_POINT('',(-7.335550739668E1,-1.943289363886E1,
6.888755985035E0));
#11648=CARTESIAN_POINT('',(-7.389327478842E1,-2.147494337306E1,
3.725699855234E0));
#11649=CARTESIAN_POINT('',(-7.335550739668E1,-2.206234023651E1,
3.993515487567E0));
#11650=CARTESIAN_POINT('',(-7.389327478842E1,-2.243753336023E1,
-9.653813497187E-4));
#11651=CARTESIAN_POINT('',(-7.335550739668E1,-2.309412437676E1,
-1.034776155170E-3));
#11652=CARTESIAN_POINT('',(-7.389327478842E1,-2.147494337306E1,
-3.724493128546E0));
#11653=CARTESIAN_POINT('',(-7.335550739668E1,-2.206234023651E1,
-3.992222017373E0));
#11654=CARTESIAN_POINT('',(-7.389327478842E1,-1.902183436704E1,
-6.426777924384E0));
#11655=CARTESIAN_POINT('',(-7.335550739668E1,-1.943289363886E1,
-6.888755985035E0));
#11656=CARTESIAN_POINT('',(-7.389327478842E1,-1.588297828837E1,
-7.658200453793E0));
#11657=CARTESIAN_POINT('',(-7.335550739668E1,-1.606840620013E1,
-8.208697240105E0));
#11658=CARTESIAN_POINT('',(-7.389327478842E1,-1.283366670230E1,
-7.466354030003E0));
#11659=CARTESIAN_POINT('',(-7.335550739668E1,-1.279990000839E1,
-8.003060260635E0));
#11660=B_SPLINE_SURFACE_WITH_KNOTS('',8,1,((#11642,#11643),(#11644,#11645),(
#11646,#11647),(#11648,#11649),(#11650,#11651),(#11652,#11653),(#11654,#11655),(
#11656,#11657),(#11658,#11659)),.UNSPECIFIED.,.F.,.F.,.F.,(9,9),(2,2),(
3.078760800518E0,6.346017160251E0),(7.481116304131E0,8.018883695870E0),
.UNSPECIFIED.);
#11662=ORIENTED_EDGE('',*,*,#11661,.F.);
#11663=ORIENTED_EDGE('',*,*,#11634,.F.);
#11665=ORIENTED_EDGE('',*,*,#11664,.T.);
#11667=ORIENTED_EDGE('',*,*,#11666,.T.);
#11668=EDGE_LOOP('',(#11662,#11663,#11665,#11667));
#11669=FACE_OUTER_BOUND('',#11668,.F.);
#11671=CARTESIAN_POINT('',(-7.389327478842E1,-1.377315306109E1,
-7.466354030003E0));
#11672=CARTESIAN_POINT('',(-7.335550739668E1,-1.380691975501E1,
-8.003060260635E0));
#11673=CARTESIAN_POINT('',(-7.389327478842E1,-1.072384147503E1,
-7.658200453793E0));
#11674=CARTESIAN_POINT('',(-7.335550739668E1,-1.053841356327E1,
-8.208697240105E0));
#11675=CARTESIAN_POINT('',(-7.389327478842E1,-7.584985396354E0,
-6.426777924384E0));
#11676=CARTESIAN_POINT('',(-7.335550739668E1,-7.173926124539E0,
-6.888755985035E0));
#11677=CARTESIAN_POINT('',(-7.389327478842E1,-5.131876390333E0,
-3.725699855234E0));
#11678=CARTESIAN_POINT('',(-7.335550739668E1,-4.544479526882E0,
-3.993515487567E0));
#11679=CARTESIAN_POINT('',(-7.389327478842E1,-4.169286403165E0,
9.653813497181E-4));
#11680=CARTESIAN_POINT('',(-7.335550739668E1,-3.512695386640E0,
1.034776155167E-3));
#11681=CARTESIAN_POINT('',(-7.389327478842E1,-5.131876390333E0,
3.724493128547E0));
#11682=CARTESIAN_POINT('',(-7.335550739668E1,-4.544479526882E0,
3.992222017373E0));
#11683=CARTESIAN_POINT('',(-7.389327478842E1,-7.584985396354E0,
6.426777924384E0));
#11684=CARTESIAN_POINT('',(-7.335550739668E1,-7.173926124539E0,
6.888755985035E0));
#11685=CARTESIAN_POINT('',(-7.389327478842E1,-1.072384147503E1,
7.658200453793E0));
#11686=CARTESIAN_POINT('',(-7.335550739668E1,-1.053841356327E1,
8.208697240105E0));
#11687=CARTESIAN_POINT('',(-7.389327478842E1,-1.377315306109E1,
7.466354030003E0));
#11688=CARTESIAN_POINT('',(-7.335550739668E1,-1.380691975501E1,
8.003060260635E0));
#11689=B_SPLINE_SURFACE_WITH_KNOTS('',8,1,((#11671,#11672),(#11673,#11674),(
#11675,#11676),(#11677,#11678),(#11679,#11680),(#11681,#11682),(#11683,#11684),(
#11685,#11686),(#11687,#11688)),.UNSPECIFIED.,.F.,.F.,.F.,(9,9),(2,2),(
-6.283185307180E-2,3.204424506662E0),(7.481116304131E0,8.018883695870E0),
.UNSPECIFIED.);
#11691=ORIENTED_EDGE('',*,*,#11690,.T.);
#11692=ORIENTED_EDGE('',*,*,#11664,.F.);
#11693=ORIENTED_EDGE('',*,*,#11607,.F.);
#11694=ORIENTED_EDGE('',*,*,#11661,.T.);
#11695=EDGE_LOOP('',(#11691,#11692,#11693,#11694));
#11696=FACE_OUTER_BOUND('',#11695,.F.);
#11698=CARTESIAN_POINT('',(-7.387439109255E1,-2.110340988188E1,-7.8E0));
#11699=CARTESIAN_POINT('',(-7.387439109255E1,-5.503409881514E0,-7.8E0));
#11700=CARTESIAN_POINT('',(-7.387439109255E1,-2.110340988188E1,7.8E0));
#11701=CARTESIAN_POINT('',(-7.387439109255E1,-5.503409881514E0,7.8E0));
#11702=B_SPLINE_SURFACE_WITH_KNOTS('',1,1,((#11698,#11699),(#11700,#11701)),
.UNSPECIFIED.,.F.,.F.,.F.,(2,2),(2,2),(-7.8E0,7.8E0),(-7.800000000184E0,
7.800000000184E0),.UNSPECIFIED.);
#11703=ORIENTED_EDGE('',*,*,#11666,.F.);
#11704=ORIENTED_EDGE('',*,*,#11690,.F.);
#11705=EDGE_LOOP('',(#11703,#11704));
#11706=FACE_OUTER_BOUND('',#11705,.F.);
#11708=ORIENTED_EDGE('',*,*,#11707,.F.);
#11710=ORIENTED_EDGE('',*,*,#11709,.F.);
#11711=EDGE_LOOP('',(#11708,#11710));
#11712=FACE_BOUND('',#11711,.F.);
#11714=CARTESIAN_POINT('',(-7.232853574680E1,-1.335254346323E1,
7.809559149951E-1));
#11715=CARTESIAN_POINT('',(-7.390470198169E1,-1.340968283600E1,
1.689160237865E0));
#11716=CARTESIAN_POINT('',(-7.232853574680E1,-1.292727959991E1,
8.077112494511E-1));
#11717=CARTESIAN_POINT('',(-7.390470198169E1,-1.248986291437E1,
1.747030402167E0));
#11718=CARTESIAN_POINT('',(-7.232853574680E1,-1.248453242925E1,
5.565773715056E-1));
#11719=CARTESIAN_POINT('',(-7.390470198169E1,-1.153222766027E1,
1.203843068720E0));
#11720=CARTESIAN_POINT('',(-7.232853574680E1,-1.224849087129E1,
1.583043117911E-14));
#11721=CARTESIAN_POINT('',(-7.390470198169E1,-1.102168409880E1,
1.472433286409E-14));
#11722=CARTESIAN_POINT('',(-7.232853574680E1,-1.248453242925E1,
-5.565773715056E-1));
#11723=CARTESIAN_POINT('',(-7.390470198169E1,-1.153222766027E1,
-1.203843068720E0));
#11724=CARTESIAN_POINT('',(-7.232853574680E1,-1.292727959991E1,
-8.077112494511E-1));
#11725=CARTESIAN_POINT('',(-7.390470198169E1,-1.248986291437E1,
-1.747030402167E0));
#11726=CARTESIAN_POINT('',(-7.232853574680E1,-1.335254346323E1,
-7.809559149951E-1));
#11727=CARTESIAN_POINT('',(-7.390470198169E1,-1.340968283600E1,
-1.689160237865E0));
#11728=B_SPLINE_SURFACE_WITH_KNOTS('',6,1,((#11714,#11715),(#11716,#11717),(
#11718,#11719),(#11720,#11721),(#11722,#11723),(#11724,#11725),(#11726,#11727)),
.UNSPECIFIED.,.F.,.F.,.F.,(7,7),(2,2),(-6.283185307180E-2,3.204424506662E0),(
1.355329756923E0,2.931495991810E0),.UNSPECIFIED.);
#11730=ORIENTED_EDGE('',*,*,#11729,.F.);
#11731=ORIENTED_EDGE('',*,*,#11707,.T.);
#11733=ORIENTED_EDGE('',*,*,#11732,.T.);
#11735=ORIENTED_EDGE('',*,*,#11734,.F.);
#11736=EDGE_LOOP('',(#11730,#11731,#11733,#11735));
#11737=FACE_OUTER_BOUND('',#11736,.F.);
#11739=CARTESIAN_POINT('',(-7.232853574680E1,-1.325427630017E1,
-7.809559149951E-1));
#11740=CARTESIAN_POINT('',(-7.390470198169E1,-1.319713692739E1,
-1.689160237865E0));
#11741=CARTESIAN_POINT('',(-7.232853574680E1,-1.367954016349E1,
-8.077112494511E-1));
#11742=CARTESIAN_POINT('',(-7.390470198169E1,-1.411695684902E1,
-1.747030402167E0));
#11743=CARTESIAN_POINT('',(-7.232853574680E1,-1.412228733414E1,
-5.565773715056E-1));
#11744=CARTESIAN_POINT('',(-7.390470198169E1,-1.507459210312E1,
-1.203843068720E0));
#11745=CARTESIAN_POINT('',(-7.232853574680E1,-1.435832889211E1,
1.661320400811E-14));
#11746=CARTESIAN_POINT('',(-7.390470198169E1,-1.558513566459E1,
1.641742297664E-14));
#11747=CARTESIAN_POINT('',(-7.232853574680E1,-1.412228733414E1,
5.565773715056E-1));
#11748=CARTESIAN_POINT('',(-7.390470198169E1,-1.507459210312E1,
1.203843068720E0));
#11749=CARTESIAN_POINT('',(-7.232853574680E1,-1.367954016349E1,
8.077112494511E-1));
#11750=CARTESIAN_POINT('',(-7.390470198169E1,-1.411695684902E1,
1.747030402167E0));
#11751=CARTESIAN_POINT('',(-7.232853574680E1,-1.325427630017E1,
7.809559149951E-1));
#11752=CARTESIAN_POINT('',(-7.390470198169E1,-1.319713692739E1,
1.689160237865E0));
#11753=B_SPLINE_SURFACE_WITH_KNOTS('',6,1,((#11739,#11740),(#11741,#11742),(
#11743,#11744),(#11745,#11746),(#11747,#11748),(#11749,#11750),(#11751,#11752)),
.UNSPECIFIED.,.F.,.F.,.F.,(7,7),(2,2),(3.078760800518E0,6.346017160251E0),(
1.355329756923E0,2.931495991810E0),.UNSPECIFIED.);
#11755=ORIENTED_EDGE('',*,*,#11754,.F.);
#11756=ORIENTED_EDGE('',*,*,#11732,.F.);
#11757=ORIENTED_EDGE('',*,*,#11709,.T.);
#11758=ORIENTED_EDGE('',*,*,#11729,.T.);
#11759=EDGE_LOOP('',(#11755,#11756,#11757,#11758));
#11760=FACE_OUTER_BOUND('',#11759,.F.);
#11762=CARTESIAN_POINT('',(-7.094670198169E1,-1.325317746607E1,
-7.984213827426E-1));
#11763=CARTESIAN_POINT('',(-7.238653574680E1,-1.325317746607E1,
-7.984213827426E-1));
#11764=CARTESIAN_POINT('',(-7.094670198169E1,-1.368795202283E1,
-8.257750793110E-1));
#11765=CARTESIAN_POINT('',(-7.238653574680E1,-1.368795202283E1,
-8.257750793110E-1));
#11766=CARTESIAN_POINT('',(-7.094670198169E1,-1.414060088739E1,
-5.690247887597E-1));
#11767=CARTESIAN_POINT('',(-7.238653574680E1,-1.414060088739E1,
-5.690247887597E-1));
#11768=CARTESIAN_POINT('',(-7.094670198169E1,-1.438192133004E1,
1.552230566304E-14));
#11769=CARTESIAN_POINT('',(-7.238653574680E1,-1.438192133004E1,
1.545291709432E-14));
#11770=CARTESIAN_POINT('',(-7.094670198169E1,-1.414060088739E1,
5.690247887597E-1));
#11771=CARTESIAN_POINT('',(-7.238653574680E1,-1.414060088739E1,
5.690247887597E-1));
#11772=CARTESIAN_POINT('',(-7.094670198169E1,-1.368795202283E1,
8.257750793110E-1));
#11773=CARTESIAN_POINT('',(-7.238653574680E1,-1.368795202283E1,
8.257750793110E-1));
#11774=CARTESIAN_POINT('',(-7.094670198169E1,-1.325317746607E1,
7.984213827426E-1));
#11775=CARTESIAN_POINT('',(-7.238653574680E1,-1.325317746607E1,
7.984213827426E-1));
#11776=B_SPLINE_SURFACE_WITH_KNOTS('',6,1,((#11762,#11763),(#11764,#11765),(
#11766,#11767),(#11768,#11769),(#11770,#11771),(#11772,#11773),(#11774,#11775)),
.UNSPECIFIED.,.F.,.F.,.F.,(7,7),(2,2),(3.078760800518E0,6.346017160251E0),(
-2.927689110868E0,-1.487855345755E0),.UNSPECIFIED.);
#11778=ORIENTED_EDGE('',*,*,#11777,.T.);
#11780=ORIENTED_EDGE('',*,*,#11779,.F.);
#11781=ORIENTED_EDGE('',*,*,#11754,.T.);
#11783=ORIENTED_EDGE('',*,*,#11782,.T.);
#11784=EDGE_LOOP('',(#11778,#11780,#11781,#11783));
#11785=FACE_OUTER_BOUND('',#11784,.F.);
#11787=CARTESIAN_POINT('',(-7.049370259733E1,-1.330340988170E1,
1.680466244154E-14));
#11788=CARTESIAN_POINT('',(-7.098814548245E1,-1.325174011894E1,
-8.212673611884E-1));
#11789=CARTESIAN_POINT('',(-7.049370259733E1,-1.330340988170E1,
1.680466244154E-14));
#11790=CARTESIAN_POINT('',(-7.098814548245E1,-1.369895528709E1,
-8.494037546832E-1));
#11791=CARTESIAN_POINT('',(-7.049370259733E1,-1.330340988170E1,
1.680466244154E-14));
#11792=CARTESIAN_POINT('',(-7.098814548245E1,-1.416455621735E1,
-5.853068277182E-1));
#11793=CARTESIAN_POINT('',(-7.049370259733E1,-1.330340988170E1,
1.680466244154E-14));
#11794=CARTESIAN_POINT('',(-7.098814548245E1,-1.441278178773E1,
1.773581281839E-14));
#11795=CARTESIAN_POINT('',(-7.049370259733E1,-1.330340988170E1,
1.680466244154E-14));
#11796=CARTESIAN_POINT('',(-7.098814548245E1,-1.416455621735E1,
5.853068277182E-1));
#11797=CARTESIAN_POINT('',(-7.049370259733E1,-1.330340988170E1,
1.680466244154E-14));
#11798=CARTESIAN_POINT('',(-7.098814548245E1,-1.369895528709E1,
8.494037546832E-1));
#11799=CARTESIAN_POINT('',(-7.049370259733E1,-1.330340988170E1,
1.680466244154E-14));
#11800=CARTESIAN_POINT('',(-7.098814548245E1,-1.325174011894E1,
8.212673611884E-1));
#11801=B_SPLINE_SURFACE_WITH_KNOTS('',6,1,((#11787,#11788),(#11789,#11790),(
#11791,#11792),(#11793,#11794),(#11795,#11796),(#11797,#11798),(#11799,#11800)),
.UNSPECIFIED.,.F.,.F.,.F.,(7,7),(2,2),(3.078760800518E0,6.346017160251E0),(0.E0,
4.944428851199E-1),.UNSPECIFIED.);
#11803=ORIENTED_EDGE('',*,*,#11802,.F.);
#11804=ORIENTED_EDGE('',*,*,#11777,.F.);
#11806=ORIENTED_EDGE('',*,*,#11805,.T.);
#11807=EDGE_LOOP('',(#11803,#11804,#11806));
#11808=FACE_OUTER_BOUND('',#11807,.F.);
#11810=CARTESIAN_POINT('',(-7.049370259733E1,-1.330340988170E1,
1.680466244154E-14));
#11811=CARTESIAN_POINT('',(-7.098814548245E1,-1.335507964445E1,
8.212673611884E-1));
#11812=CARTESIAN_POINT('',(-7.049370259733E1,-1.330340988170E1,
1.680466244154E-14));
#11813=CARTESIAN_POINT('',(-7.098814548245E1,-1.290786447631E1,
8.494037546832E-1));
#11814=CARTESIAN_POINT('',(-7.049370259733E1,-1.330340988170E1,
1.680466244154E-14));
#11815=CARTESIAN_POINT('',(-7.098814548245E1,-1.244226354604E1,
5.853068277182E-1));
#11816=CARTESIAN_POINT('',(-7.049370259733E1,-1.330340988170E1,
1.680466244154E-14));
#11817=CARTESIAN_POINT('',(-7.098814548245E1,-1.219403797567E1,
1.812439087701E-14));
#11818=CARTESIAN_POINT('',(-7.049370259733E1,-1.330340988170E1,
1.680466244154E-14));
#11819=CARTESIAN_POINT('',(-7.098814548245E1,-1.244226354604E1,
-5.853068277182E-1));
#11820=CARTESIAN_POINT('',(-7.049370259733E1,-1.330340988170E1,
1.680466244154E-14));
#11821=CARTESIAN_POINT('',(-7.098814548245E1,-1.290786447631E1,
-8.494037546832E-1));
#11822=CARTESIAN_POINT('',(-7.049370259733E1,-1.330340988170E1,
1.680466244154E-14));
#11823=CARTESIAN_POINT('',(-7.098814548245E1,-1.335507964445E1,
-8.212673611884E-1));
#11824=B_SPLINE_SURFACE_WITH_KNOTS('',6,1,((#11810,#11811),(#11812,#11813),(
#11814,#11815),(#11816,#11817),(#11818,#11819),(#11820,#11821),(#11822,#11823)),
.UNSPECIFIED.,.F.,.F.,.F.,(7,7),(2,2),(-6.283185307180E-2,3.204424506662E0),(
0.E0,4.944428851199E-1),.UNSPECIFIED.);
#11825=ORIENTED_EDGE('',*,*,#11805,.F.);
#11827=ORIENTED_EDGE('',*,*,#11826,.F.);
#11828=ORIENTED_EDGE('',*,*,#11802,.T.);
#11829=EDGE_LOOP('',(#11825,#11827,#11828));
#11830=FACE_OUTER_BOUND('',#11829,.F.);
#11832=CARTESIAN_POINT('',(-7.094670198169E1,-1.335364229732E1,
7.984213827426E-1));
#11833=CARTESIAN_POINT('',(-7.238653574680E1,-1.335364229732E1,
7.984213827426E-1));
#11834=CARTESIAN_POINT('',(-7.094670198169E1,-1.291886774057E1,
8.257750793111E-1));
#11835=CARTESIAN_POINT('',(-7.238653574680E1,-1.291886774057E1,
8.257750793111E-1));
#11836=CARTESIAN_POINT('',(-7.094670198169E1,-1.246621887600E1,
5.690247887597E-1));
#11837=CARTESIAN_POINT('',(-7.238653574680E1,-1.246621887600E1,
5.690247887597E-1));
#11838=CARTESIAN_POINT('',(-7.094670198169E1,-1.222489843336E1,
1.676436767184E-14));
#11839=CARTESIAN_POINT('',(-7.238653574680E1,-1.222489843336E1,
1.669497910312E-14));
#11840=CARTESIAN_POINT('',(-7.094670198169E1,-1.246621887600E1,
-5.690247887597E-1));
#11841=CARTESIAN_POINT('',(-7.238653574680E1,-1.246621887600E1,
-5.690247887597E-1));
#11842=CARTESIAN_POINT('',(-7.094670198169E1,-1.291886774057E1,
-8.257750793110E-1));
#11843=CARTESIAN_POINT('',(-7.238653574680E1,-1.291886774057E1,
-8.257750793110E-1));
#11844=CARTESIAN_POINT('',(-7.094670198169E1,-1.335364229732E1,
-7.984213827426E-1));
#11845=CARTESIAN_POINT('',(-7.238653574680E1,-1.335364229732E1,
-7.984213827426E-1));
#11846=B_SPLINE_SURFACE_WITH_KNOTS('',6,1,((#11832,#11833),(#11834,#11835),(
#11836,#11837),(#11838,#11839),(#11840,#11841),(#11842,#11843),(#11844,#11845)),
.UNSPECIFIED.,.F.,.F.,.F.,(7,7),(2,2),(-6.283185307180E-2,3.204424506662E0),(
-2.927689110868E0,-1.487855345755E0),.UNSPECIFIED.);
#11847=ORIENTED_EDGE('',*,*,#11782,.F.);
#11848=ORIENTED_EDGE('',*,*,#11734,.T.);
#11849=ORIENTED_EDGE('',*,*,#11779,.T.);
#11850=ORIENTED_EDGE('',*,*,#11826,.T.);
#11851=EDGE_LOOP('',(#11847,#11848,#11849,#11850));
#11852=FACE_OUTER_BOUND('',#11851,.F.);
#11854=CARTESIAN_POINT('',(-4.389327478842E1,-1.280227144254E1,
7.965367394217E0));
#11855=CARTESIAN_POINT('',(-4.335550739668E1,-1.276850474862E1,
8.502073624850E0));
#11856=CARTESIAN_POINT('',(-4.389327478842E1,-1.605538360208E1,
8.170035863274E0));
#11857=CARTESIAN_POINT('',(-4.335550739668E1,-1.624081151384E1,
8.720532649586E0));
#11858=CARTESIAN_POINT('',(-4.389327478842E1,-1.940402495551E1,
6.856311276301E0));
#11859=CARTESIAN_POINT('',(-4.335550739668E1,-1.981508422733E1,
7.318289336952E0));
#11860=CARTESIAN_POINT('',(-4.389327478842E1,-2.202108736810E1,
3.974706801776E0));
#11861=CARTESIAN_POINT('',(-4.335550739668E1,-2.260848423155E1,
4.242522434109E0));
#11862=CARTESIAN_POINT('',(-4.389327478842E1,-2.304801200454E1,
-1.029902559453E-3));
#11863=CARTESIAN_POINT('',(-4.335550739668E1,-2.370460302107E1,
-1.099297364897E-3));
#11864=CARTESIAN_POINT('',(-4.389327478842E1,-2.202108736810E1,
-3.973419423576E0));
#11865=CARTESIAN_POINT('',(-4.335550739668E1,-2.260848423155E1,
-4.241148312403E0));
#11866=CARTESIAN_POINT('',(-4.389327478842E1,-1.940402495551E1,
-6.856311276301E0));
#11867=CARTESIAN_POINT('',(-4.335550739668E1,-1.981508422733E1,
-7.318289336952E0));
#11868=CARTESIAN_POINT('',(-4.389327478842E1,-1.605538360208E1,
-8.170035863273E0));
#11869=CARTESIAN_POINT('',(-4.335550739668E1,-1.624081151384E1,
-8.720532649586E0));
#11870=CARTESIAN_POINT('',(-4.389327478842E1,-1.280227144254E1,
-7.965367394217E0));
#11871=CARTESIAN_POINT('',(-4.335550739668E1,-1.276850474862E1,
-8.502073624850E0));
#11872=B_SPLINE_SURFACE_WITH_KNOTS('',8,1,((#11854,#11855),(#11856,#11857),(
#11858,#11859),(#11860,#11861),(#11862,#11863),(#11864,#11865),(#11866,#11867),(
#11868,#11869),(#11870,#11871)),.UNSPECIFIED.,.F.,.F.,.F.,(9,9),(2,2),(
3.078760800518E0,6.346017160251E0),(7.981116304130E0,8.518883695870E0),
.UNSPECIFIED.);
#11873=ORIENTED_EDGE('',*,*,#11580,.F.);
#11874=ORIENTED_EDGE('',*,*,#11522,.F.);
#11875=ORIENTED_EDGE('',*,*,#11577,.T.);
#11876=ORIENTED_EDGE('',*,*,#11637,.F.);
#11877=EDGE_LOOP('',(#11873,#11874,#11875,#11876));
#11878=FACE_OUTER_BOUND('',#11877,.F.);
#11880=CARTESIAN_POINT('',(-4.064039109255E1,-1.440852302541E1,
1.756527042034E1));
#11881=CARTESIAN_POINT('',(-4.240839109255E1,-1.440852302541E1,
1.756527042034E1));
#11882=CARTESIAN_POINT('',(-4.064039109255E1,-7.234742839003E0,
1.801660641372E1));
#11883=CARTESIAN_POINT('',(-4.240839109255E1,-7.234742839003E0,
1.801660641372E1));
#11884=CARTESIAN_POINT('',(-4.064039109255E1,1.496988323706E-1,
1.511957398747E1));
#11885=CARTESIAN_POINT('',(-4.240839109255E1,1.496988323706E-1,
1.511957398747E1));
#11886=CARTESIAN_POINT('',(-4.064039109255E1,5.920858743643E0,
8.765044518277E0));
#11887=CARTESIAN_POINT('',(-4.240839109255E1,5.920858743643E0,
8.765044518277E0));
#11888=CARTESIAN_POINT('',(-4.064039109255E1,8.185438397992E0,
-2.271146586050E-3));
#11889=CARTESIAN_POINT('',(-4.240839109255E1,8.185438397992E0,
-2.271146586050E-3));
#11890=CARTESIAN_POINT('',(-4.064039109255E1,5.920858743643E0,
-8.762205585044E0));
#11891=CARTESIAN_POINT('',(-4.240839109255E1,5.920858743643E0,
-8.762205585044E0));
#11892=CARTESIAN_POINT('',(-4.064039109255E1,1.496988323706E-1,
-1.511957398747E1));
#11893=CARTESIAN_POINT('',(-4.240839109255E1,1.496988323706E-1,
-1.511957398747E1));
#11894=CARTESIAN_POINT('',(-4.064039109255E1,-7.234742839003E0,
-1.801660641372E1));
#11895=CARTESIAN_POINT('',(-4.240839109255E1,-7.234742839003E0,
-1.801660641372E1));
#11896=CARTESIAN_POINT('',(-4.064039109255E1,-1.440852302541E1,
-1.756527042034E1));
#11897=CARTESIAN_POINT('',(-4.240839109255E1,-1.440852302541E1,
-1.756527042034E1));
#11898=B_SPLINE_SURFACE_WITH_KNOTS('',8,1,((#11880,#11881),(#11882,#11883),(
#11884,#11885),(#11886,#11887),(#11888,#11889),(#11890,#11891),(#11892,#11893),(
#11894,#11895),(#11896,#11897)),.UNSPECIFIED.,.F.,.F.,.F.,(9,9),(2,2),(
-6.283185307180E-2,3.204424506662E0),(7.66E-1,2.534E0),.UNSPECIFIED.);
#11899=ORIENTED_EDGE('',*,*,#11406,.F.);
#11901=ORIENTED_EDGE('',*,*,#11900,.T.);
#11902=ORIENTED_EDGE('',*,*,#11403,.T.);
#11903=ORIENTED_EDGE('',*,*,#11422,.T.);
#11904=EDGE_LOOP('',(#11899,#11901,#11902,#11903));
#11905=FACE_OUTER_BOUND('',#11904,.F.);
#11907=CARTESIAN_POINT('',(-4.235126338288E1,-1.440768459683E1,
1.755194397961E1));
#11908=CARTESIAN_POINT('',(-4.289751880222E1,-1.442748751567E1,
1.786670236122E1));
#11909=CARTESIAN_POINT('',(-4.235126338288E1,-7.239347022695E0,
1.800293755285E1));
#11910=CARTESIAN_POINT('',(-4.289751880222E1,-7.130600401029E0,
1.832578358602E1));
#11911=CARTESIAN_POINT('',(-4.235126338288E1,1.394922114912E-1,
1.510810305069E1));
#11912=CARTESIAN_POINT('',(-4.289751880222E1,3.805632923837E-1,
1.537903612060E1));
#11913=CARTESIAN_POINT('',(-4.235126338288E1,5.906273652143E0,
8.758394643643E0));
#11914=CARTESIAN_POINT('',(-4.289751880222E1,6.250760217693E0,
8.915458620527E0));
#11915=CARTESIAN_POINT('',(-4.235126338289E1,8.169135212447E0,
-2.269423509826E-3));
#11916=CARTESIAN_POINT('',(-4.289751880222E1,8.554201593164E0,
-2.310121000199E-3));
#11917=CARTESIAN_POINT('',(-4.235126338288E1,5.906273652143E0,
-8.755557864255E0));
#11918=CARTESIAN_POINT('',(-4.289751880222E1,6.250760217693E0,
-8.912570969277E0));
#11919=CARTESIAN_POINT('',(-4.235126338288E1,1.394922114912E-1,
-1.510810305069E1));
#11920=CARTESIAN_POINT('',(-4.289751880222E1,3.805632923837E-1,
-1.537903612060E1));
#11921=CARTESIAN_POINT('',(-4.235126338288E1,-7.239347022695E0,
-1.800293755285E1));
#11922=CARTESIAN_POINT('',(-4.289751880222E1,-7.130600401029E0,
-1.832578358602E1));
#11923=CARTESIAN_POINT('',(-4.235126338288E1,-1.440768459683E1,
-1.755194397961E1));
#11924=CARTESIAN_POINT('',(-4.289751880222E1,-1.442748751567E1,
-1.786670236122E1));
#11925=B_SPLINE_SURFACE_WITH_KNOTS('',8,1,((#11907,#11908),(#11909,#11910),(
#11911,#11912),(#11913,#11914),(#11915,#11916),(#11917,#11918),(#11919,#11920),(
#11921,#11922),(#11923,#11924)),.UNSPECIFIED.,.F.,.F.,.F.,(9,9),(2,2),(
-6.283185307180E-2,3.204424506662E0),(3.046096650354E1,3.100722192288E1),
.UNSPECIFIED.);
#11926=ORIENTED_EDGE('',*,*,#11377,.F.);
#11927=ORIENTED_EDGE('',*,*,#11348,.T.);
#11928=ORIENTED_EDGE('',*,*,#11374,.T.);
#11929=ORIENTED_EDGE('',*,*,#11900,.F.);
#11930=EDGE_LOOP('',(#11926,#11927,#11928,#11929));
#11931=FACE_OUTER_BOUND('',#11930,.F.);
#11933=CARTESIAN_POINT('',(-4.099439109255E1,4.457086178235E0,
-1.635764174658E1));
#11934=CARTESIAN_POINT('',(-3.475439109255E1,4.457086178235E0,
-1.635764174658E1));
#11935=CARTESIAN_POINT('',(-4.099439109255E1,4.508374359301E0,
-1.554243945267E1));
#11936=CARTESIAN_POINT('',(-3.475439109255E1,4.508374359301E0,
-1.554243945267E1));
#11937=CARTESIAN_POINT('',(-4.099439109255E1,4.026967564517E0,
-1.469372283161E1));
#11938=CARTESIAN_POINT('',(-3.475439109255E1,4.026967564517E0,
-1.469372283161E1));
#11939=CARTESIAN_POINT('',(-4.099439109255E1,2.960046085593E0,
-1.424124700165E1));
#11940=CARTESIAN_POINT('',(-3.475439109255E1,2.960046085593E0,
-1.424124700165E1));
#11941=CARTESIAN_POINT('',(-4.099439109255E1,1.893124606668E0,
-1.469372283161E1));
#11942=CARTESIAN_POINT('',(-3.475439109255E1,1.893124606668E0,
-1.469372283161E1));
#11943=CARTESIAN_POINT('',(-4.099439109255E1,1.411717811884E0,
-1.554243945267E1));
#11944=CARTESIAN_POINT('',(-3.475439109255E1,1.411717811884E0,
-1.554243945267E1));
#11945=CARTESIAN_POINT('',(-4.099439109255E1,1.463005992950E0,
-1.635764174658E1));
#11946=CARTESIAN_POINT('',(-3.475439109255E1,1.463005992950E0,
-1.635764174658E1));
#11947=B_SPLINE_SURFACE_WITH_KNOTS('',6,1,((#11933,#11934),(#11935,#11936),(
#11937,#11938),(#11939,#11940),(#11941,#11942),(#11943,#11944),(#11945,#11946)),
.UNSPECIFIED.,.F.,.F.,.F.,(7,7),(2,2),(-6.283185307180E-2,3.204424506662E0),(
-1.2E-1,6.12E0),.UNSPECIFIED.);
#11948=ORIENTED_EDGE('',*,*,#4085,.T.);
#11950=ORIENTED_EDGE('',*,*,#11949,.T.);
#11952=ORIENTED_EDGE('',*,*,#11951,.F.);
#11954=ORIENTED_EDGE('',*,*,#11953,.F.);
#11955=EDGE_LOOP('',(#11948,#11950,#11952,#11954));
#11956=FACE_OUTER_BOUND('',#11955,.F.);
#11958=CARTESIAN_POINT('',(-4.099439109255E1,1.463005992950E0,
-1.616927018800E1));
#11959=CARTESIAN_POINT('',(-3.475439109255E1,1.463005992950E0,
-1.616927018800E1));
#11960=CARTESIAN_POINT('',(-4.099439109255E1,1.411717811884E0,
-1.698447248191E1));
#11961=CARTESIAN_POINT('',(-3.475439109255E1,1.411717811884E0,
-1.698447248191E1));
#11962=CARTESIAN_POINT('',(-4.099439109255E1,1.893124606668E0,
-1.783318910297E1));
#11963=CARTESIAN_POINT('',(-3.475439109255E1,1.893124606668E0,
-1.783318910297E1));
#11964=CARTESIAN_POINT('',(-4.099439109255E1,2.960046085593E0,
-1.828566493293E1));
#11965=CARTESIAN_POINT('',(-3.475439109255E1,2.960046085593E0,
-1.828566493293E1));
#11966=CARTESIAN_POINT('',(-4.099439109255E1,4.026967564517E0,
-1.783318910297E1));
#11967=CARTESIAN_POINT('',(-3.475439109255E1,4.026967564517E0,
-1.783318910297E1));
#11968=CARTESIAN_POINT('',(-4.099439109255E1,4.508374359301E0,
-1.698447248191E1));
#11969=CARTESIAN_POINT('',(-3.475439109255E1,4.508374359301E0,
-1.698447248191E1));
#11970=CARTESIAN_POINT('',(-4.099439109255E1,4.457086178235E0,
-1.616927018800E1));
#11971=CARTESIAN_POINT('',(-3.475439109255E1,4.457086178235E0,
-1.616927018800E1));
#11972=B_SPLINE_SURFACE_WITH_KNOTS('',6,1,((#11958,#11959),(#11960,#11961),(
#11962,#11963),(#11964,#11965),(#11966,#11967),(#11968,#11969),(#11970,#11971)),
.UNSPECIFIED.,.F.,.F.,.F.,(7,7),(2,2),(3.078760800518E0,6.346017160251E0),(
-1.2E-1,6.12E0),.UNSPECIFIED.);
#11973=ORIENTED_EDGE('',*,*,#4087,.T.);
#11974=ORIENTED_EDGE('',*,*,#11953,.T.);
#11976=ORIENTED_EDGE('',*,*,#11975,.F.);
#11977=ORIENTED_EDGE('',*,*,#11949,.F.);
#11978=EDGE_LOOP('',(#11973,#11974,#11976,#11977));
#11979=FACE_OUTER_BOUND('',#11978,.F.);
#11981=CARTESIAN_POINT('',(-3.487439109255E1,1.400046085593E0,
-1.782345596729E1));
#11982=CARTESIAN_POINT('',(-3.487439109255E1,1.400046085593E0,
-1.470345596729E1));
#11983=CARTESIAN_POINT('',(-3.487439109255E1,4.520046085593E0,
-1.782345596729E1));
#11984=CARTESIAN_POINT('',(-3.487439109255E1,4.520046085593E0,
-1.470345596729E1));
#11985=B_SPLINE_SURFACE_WITH_KNOTS('',1,1,((#11981,#11982),(#11983,#11984)),
.UNSPECIFIED.,.F.,.F.,.F.,(2,2),(2,2),(-1.56E0,1.56E0),(-1.56E0,1.56E0),
.UNSPECIFIED.);
#11986=ORIENTED_EDGE('',*,*,#11951,.T.);
#11987=ORIENTED_EDGE('',*,*,#11975,.T.);
#11988=EDGE_LOOP('',(#11986,#11987));
#11989=FACE_OUTER_BOUND('',#11988,.F.);
#11991=ORIENTED_EDGE('',*,*,#11990,.T.);
#11993=ORIENTED_EDGE('',*,*,#11992,.T.);
#11994=EDGE_LOOP('',(#11991,#11993));
#11995=FACE_BOUND('',#11994,.F.);
#11997=CARTESIAN_POINT('',(-3.384768551375E1,4.207579496128E0,
-1.618496781788E1));
#11998=CARTESIAN_POINT('',(-3.490109667136E1,4.207579496128E0,
-1.618496781788E1));
#11999=CARTESIAN_POINT('',(-3.384768551375E1,4.250319647016E0,
-1.686430306280E1));
#12000=CARTESIAN_POINT('',(-3.490109667136E1,4.250319647016E0,
-1.686430306280E1));
#12001=CARTESIAN_POINT('',(-3.384768551375E1,3.849147318030E0,
-1.757156691369E1));
#12002=CARTESIAN_POINT('',(-3.490109667136E1,3.849147318030E0,
-1.757156691369E1));
#12003=CARTESIAN_POINT('',(-3.384768551375E1,2.960046085593E0,
-1.794863010532E1));
#12004=CARTESIAN_POINT('',(-3.490109667136E1,2.960046085593E0,
-1.794863010532E1));
#12005=CARTESIAN_POINT('',(-3.384768551375E1,2.070944853156E0,
-1.757156691369E1));
#12006=CARTESIAN_POINT('',(-3.490109667136E1,2.070944853156E0,
-1.757156691369E1));
#12007=CARTESIAN_POINT('',(-3.384768551375E1,1.669772524169E0,
-1.686430306280E1));
#12008=CARTESIAN_POINT('',(-3.490109667136E1,1.669772524169E0,
-1.686430306280E1));
#12009=CARTESIAN_POINT('',(-3.384768551375E1,1.712512675057E0,
-1.618496781788E1));
#12010=CARTESIAN_POINT('',(-3.490109667136E1,1.712512675057E0,
-1.618496781788E1));
#12011=B_SPLINE_SURFACE_WITH_KNOTS('',6,1,((#11997,#11998),(#11999,#12000),(
#12001,#12002),(#12003,#12004),(#12005,#12006),(#12007,#12008),(#12009,#12010)),
.UNSPECIFIED.,.F.,.F.,.F.,(7,7),(2,2),(1.507964473723E0,4.775220833456E0),(
-7.026705578806E0,-5.973294421194E0),.UNSPECIFIED.);
#12012=ORIENTED_EDGE('',*,*,#11990,.F.);
#12014=ORIENTED_EDGE('',*,*,#12013,.F.);
#12016=ORIENTED_EDGE('',*,*,#12015,.T.);
#12018=ORIENTED_EDGE('',*,*,#12017,.T.);
#12019=EDGE_LOOP('',(#12012,#12014,#12016,#12018));
#12020=FACE_OUTER_BOUND('',#12019,.F.);
#12022=CARTESIAN_POINT('',(-3.384768551375E1,1.712512675057E0,
-1.634194411670E1));
#12023=CARTESIAN_POINT('',(-3.490109667136E1,1.712512675057E0,
-1.634194411670E1));
#12024=CARTESIAN_POINT('',(-3.384768551375E1,1.669772524169E0,
-1.566260887178E1));
#12025=CARTESIAN_POINT('',(-3.490109667136E1,1.669772524169E0,
-1.566260887178E1));
#12026=CARTESIAN_POINT('',(-3.384768551375E1,2.070944853156E0,
-1.495534502089E1));
#12027=CARTESIAN_POINT('',(-3.490109667136E1,2.070944853156E0,
-1.495534502089E1));
#12028=CARTESIAN_POINT('',(-3.384768551375E1,2.960046085593E0,
-1.457828182926E1));
#12029=CARTESIAN_POINT('',(-3.490109667136E1,2.960046085593E0,
-1.457828182926E1));
#12030=CARTESIAN_POINT('',(-3.384768551375E1,3.849147318030E0,
-1.495534502089E1));
#12031=CARTESIAN_POINT('',(-3.490109667136E1,3.849147318030E0,
-1.495534502089E1));
#12032=CARTESIAN_POINT('',(-3.384768551375E1,4.250319647016E0,
-1.566260887178E1));
#12033=CARTESIAN_POINT('',(-3.490109667136E1,4.250319647016E0,
-1.566260887178E1));
#12034=CARTESIAN_POINT('',(-3.384768551375E1,4.207579496128E0,
-1.634194411670E1));
#12035=CARTESIAN_POINT('',(-3.490109667136E1,4.207579496128E0,
-1.634194411670E1));
#12036=B_SPLINE_SURFACE_WITH_KNOTS('',6,1,((#12022,#12023),(#12024,#12025),(
#12026,#12027),(#12028,#12029),(#12030,#12031),(#12032,#12033),(#12034,#12035)),
.UNSPECIFIED.,.F.,.F.,.F.,(7,7),(2,2),(4.649557127313E0,7.916813487046E0),(
-7.026705578806E0,-5.973294421194E0),.UNSPECIFIED.);
#12037=ORIENTED_EDGE('',*,*,#11992,.F.);
#12038=ORIENTED_EDGE('',*,*,#12017,.F.);
#12040=ORIENTED_EDGE('',*,*,#12039,.F.);
#12041=ORIENTED_EDGE('',*,*,#12013,.T.);
#12042=EDGE_LOOP('',(#12037,#12038,#12040,#12041));
#12043=FACE_OUTER_BOUND('',#12042,.F.);
#12045=CARTESIAN_POINT('',(-3.312331531877E1,2.960046085593E0,
-1.626345596729E1));
#12046=CARTESIAN_POINT('',(-3.388941260803E1,1.687562006847E0,
-1.634351387969E1));
#12047=CARTESIAN_POINT('',(-3.312331531877E1,2.960046085593E0,
-1.626345596729E1));
#12048=CARTESIAN_POINT('',(-3.388941260803E1,1.643967052941E0,
-1.565059192987E1));
#12049=CARTESIAN_POINT('',(-3.312331531877E1,2.960046085593E0,
-1.626345596729E1));
#12050=CARTESIAN_POINT('',(-3.388941260803E1,2.053162828507E0,
-1.492918280196E1));
#12051=CARTESIAN_POINT('',(-3.312331531877E1,2.960046085593E0,
-1.626345596729E1));
#12052=CARTESIAN_POINT('',(-3.388941260803E1,2.960046085593E0,
-1.454457834650E1));
#12053=CARTESIAN_POINT('',(-3.312331531877E1,2.960046085593E0,
-1.626345596729E1));
#12054=CARTESIAN_POINT('',(-3.388941260803E1,3.866929342678E0,
-1.492918280196E1));
#12055=CARTESIAN_POINT('',(-3.312331531877E1,2.960046085593E0,
-1.626345596729E1));
#12056=CARTESIAN_POINT('',(-3.388941260803E1,4.276125118245E0,
-1.565059192987E1));
#12057=CARTESIAN_POINT('',(-3.312331531877E1,2.960046085593E0,
-1.626345596729E1));
#12058=CARTESIAN_POINT('',(-3.388941260803E1,4.232530164339E0,
-1.634351387969E1));
#12059=B_SPLINE_SURFACE_WITH_KNOTS('',6,1,((#12045,#12046),(#12047,#12048),(
#12049,#12050),(#12051,#12052),(#12053,#12054),(#12055,#12056),(#12057,#12058)),
.UNSPECIFIED.,.F.,.F.,.F.,(7,7),(2,2),(-3.204424506662E0,6.283185307180E-2),(
0.E0,7.660972892601E-1),.UNSPECIFIED.);
#12061=ORIENTED_EDGE('',*,*,#12060,.T.);
#12062=ORIENTED_EDGE('',*,*,#12039,.T.);
#12064=ORIENTED_EDGE('',*,*,#12063,.F.);
#12065=EDGE_LOOP('',(#12061,#12062,#12064));
#12066=FACE_OUTER_BOUND('',#12065,.F.);
#12068=CARTESIAN_POINT('',(-3.312331531877E1,2.960046085593E0,
-1.626345596729E1));
#12069=CARTESIAN_POINT('',(-3.388941260803E1,4.232530164339E0,
-1.618339805489E1));
#12070=CARTESIAN_POINT('',(-3.312331531877E1,2.960046085593E0,
-1.626345596729E1));
#12071=CARTESIAN_POINT('',(-3.388941260803E1,4.276125118245E0,
-1.687632000471E1));
#12072=CARTESIAN_POINT('',(-3.312331531877E1,2.960046085593E0,
-1.626345596729E1));
#12073=CARTESIAN_POINT('',(-3.388941260803E1,3.866929342678E0,
-1.759772913262E1));
#12074=CARTESIAN_POINT('',(-3.312331531877E1,2.960046085593E0,
-1.626345596729E1));
#12075=CARTESIAN_POINT('',(-3.388941260803E1,2.960046085593E0,
-1.798233358808E1));
#12076=CARTESIAN_POINT('',(-3.312331531877E1,2.960046085593E0,
-1.626345596729E1));
#12077=CARTESIAN_POINT('',(-3.388941260803E1,2.053162828507E0,
-1.759772913262E1));
#12078=CARTESIAN_POINT('',(-3.312331531877E1,2.960046085593E0,
-1.626345596729E1));
#12079=CARTESIAN_POINT('',(-3.388941260803E1,1.643967052941E0,
-1.687632000471E1));
#12080=CARTESIAN_POINT('',(-3.312331531877E1,2.960046085593E0,
-1.626345596729E1));
#12081=CARTESIAN_POINT('',(-3.388941260803E1,1.687562006847E0,
-1.618339805489E1));
#12082=B_SPLINE_SURFACE_WITH_KNOTS('',6,1,((#12068,#12069),(#12070,#12071),(
#12072,#12073),(#12074,#12075),(#12076,#12077),(#12078,#12079),(#12080,#12081)),
.UNSPECIFIED.,.F.,.F.,.F.,(7,7),(2,2),(-6.283185307180E-2,3.204424506662E0),(
0.E0,7.660972892601E-1),.UNSPECIFIED.);
#12083=ORIENTED_EDGE('',*,*,#12060,.F.);
#12084=ORIENTED_EDGE('',*,*,#12063,.T.);
#12085=ORIENTED_EDGE('',*,*,#12015,.F.);
#12086=EDGE_LOOP('',(#12083,#12084,#12085));
#12087=FACE_OUTER_BOUND('',#12086,.F.);
#12089=CARTESIAN_POINT('',(-4.099439109255E1,4.457086178235E0,
1.616925825342E1));
#12090=CARTESIAN_POINT('',(-3.475439109255E1,4.457086178235E0,
1.616925825342E1));
#12091=CARTESIAN_POINT('',(-4.099439109255E1,4.508374359301E0,
1.698446054733E1));
#12092=CARTESIAN_POINT('',(-3.475439109255E1,4.508374359301E0,
1.698446054733E1));
#12093=CARTESIAN_POINT('',(-4.099439109255E1,4.026967564517E0,
1.783317716839E1));
#12094=CARTESIAN_POINT('',(-3.475439109255E1,4.026967564517E0,
1.783317716839E1));
#12095=CARTESIAN_POINT('',(-4.099439109255E1,2.960046085593E0,
1.828565299835E1));
#12096=CARTESIAN_POINT('',(-3.475439109255E1,2.960046085593E0,
1.828565299835E1));
#12097=CARTESIAN_POINT('',(-4.099439109255E1,1.893124606668E0,
1.783317716839E1));
#12098=CARTESIAN_POINT('',(-3.475439109255E1,1.893124606668E0,
1.783317716839E1));
#12099=CARTESIAN_POINT('',(-4.099439109255E1,1.411717811884E0,
1.698446054733E1));
#12100=CARTESIAN_POINT('',(-3.475439109255E1,1.411717811884E0,
1.698446054733E1));
#12101=CARTESIAN_POINT('',(-4.099439109255E1,1.463005992950E0,
1.616925825342E1));
#12102=CARTESIAN_POINT('',(-3.475439109255E1,1.463005992950E0,
1.616925825342E1));
#12103=B_SPLINE_SURFACE_WITH_KNOTS('',6,1,((#12089,#12090),(#12091,#12092),(
#12093,#12094),(#12095,#12096),(#12097,#12098),(#12099,#12100),(#12101,#12102)),
.UNSPECIFIED.,.F.,.F.,.F.,(7,7),(2,2),(-6.283185307180E-2,3.204424506662E0),(
-1.2E-1,6.12E0),.UNSPECIFIED.);
#12104=ORIENTED_EDGE('',*,*,#4091,.T.);
#12106=ORIENTED_EDGE('',*,*,#12105,.T.);
#12108=ORIENTED_EDGE('',*,*,#12107,.F.);
#12110=ORIENTED_EDGE('',*,*,#12109,.F.);
#12111=EDGE_LOOP('',(#12104,#12106,#12108,#12110));
#12112=FACE_OUTER_BOUND('',#12111,.F.);
#12114=CARTESIAN_POINT('',(-4.099439109255E1,1.463005992950E0,
1.635762981200E1));
#12115=CARTESIAN_POINT('',(-3.475439109255E1,1.463005992950E0,
1.635762981200E1));
#12116=CARTESIAN_POINT('',(-4.099439109255E1,1.411717811884E0,
1.554242751809E1));
#12117=CARTESIAN_POINT('',(-3.475439109255E1,1.411717811884E0,
1.554242751809E1));
#12118=CARTESIAN_POINT('',(-4.099439109255E1,1.893124606668E0,
1.469371089703E1));
#12119=CARTESIAN_POINT('',(-3.475439109255E1,1.893124606668E0,
1.469371089703E1));
#12120=CARTESIAN_POINT('',(-4.099439109255E1,2.960046085593E0,
1.424123506707E1));
#12121=CARTESIAN_POINT('',(-3.475439109255E1,2.960046085593E0,
1.424123506707E1));
#12122=CARTESIAN_POINT('',(-4.099439109255E1,4.026967564517E0,
1.469371089703E1));
#12123=CARTESIAN_POINT('',(-3.475439109255E1,4.026967564517E0,
1.469371089703E1));
#12124=CARTESIAN_POINT('',(-4.099439109255E1,4.508374359301E0,
1.554242751809E1));
#12125=CARTESIAN_POINT('',(-3.475439109255E1,4.508374359301E0,
1.554242751809E1));
#12126=CARTESIAN_POINT('',(-4.099439109255E1,4.457086178235E0,
1.635762981200E1));
#12127=CARTESIAN_POINT('',(-3.475439109255E1,4.457086178235E0,
1.635762981200E1));
#12128=B_SPLINE_SURFACE_WITH_KNOTS('',6,1,((#12114,#12115),(#12116,#12117),(
#12118,#12119),(#12120,#12121),(#12122,#12123),(#12124,#12125),(#12126,#12127)),
.UNSPECIFIED.,.F.,.F.,.F.,(7,7),(2,2),(3.078760800518E0,6.346017160251E0),(
-1.2E-1,6.12E0),.UNSPECIFIED.);
#12129=ORIENTED_EDGE('',*,*,#4093,.T.);
#12130=ORIENTED_EDGE('',*,*,#12109,.T.);
#12132=ORIENTED_EDGE('',*,*,#12131,.F.);
#12133=ORIENTED_EDGE('',*,*,#12105,.F.);
#12134=EDGE_LOOP('',(#12129,#12130,#12132,#12133));
#12135=FACE_OUTER_BOUND('',#12134,.F.);
#12137=CARTESIAN_POINT('',(-3.487439109255E1,1.400046085593E0,
1.470344403271E1));
#12138=CARTESIAN_POINT('',(-3.487439109255E1,1.400046085593E0,
1.782344403271E1));
#12139=CARTESIAN_POINT('',(-3.487439109255E1,4.520046085593E0,
1.470344403271E1));
#12140=CARTESIAN_POINT('',(-3.487439109255E1,4.520046085593E0,
1.782344403271E1));
#12141=B_SPLINE_SURFACE_WITH_KNOTS('',1,1,((#12137,#12138),(#12139,#12140)),
.UNSPECIFIED.,.F.,.F.,.F.,(2,2),(2,2),(-1.56E0,1.56E0),(-1.56E0,1.56E0),
.UNSPECIFIED.);
#12142=ORIENTED_EDGE('',*,*,#12107,.T.);
#12143=ORIENTED_EDGE('',*,*,#12131,.T.);
#12144=EDGE_LOOP('',(#12142,#12143));
#12145=FACE_OUTER_BOUND('',#12144,.F.);
#12147=ORIENTED_EDGE('',*,*,#12146,.T.);
#12149=ORIENTED_EDGE('',*,*,#12148,.T.);
#12150=EDGE_LOOP('',(#12147,#12149));
#12151=FACE_BOUND('',#12150,.F.);
#12153=CARTESIAN_POINT('',(-3.384768551375E1,4.207579496128E0,
1.634194411670E1));
#12154=CARTESIAN_POINT('',(-3.490109667136E1,4.207579496128E0,
1.634194411670E1));
#12155=CARTESIAN_POINT('',(-3.384768551375E1,4.250319647016E0,
1.566260887178E1));
#12156=CARTESIAN_POINT('',(-3.490109667136E1,4.250319647016E0,
1.566260887178E1));
#12157=CARTESIAN_POINT('',(-3.384768551375E1,3.849147318030E0,
1.495534502089E1));
#12158=CARTESIAN_POINT('',(-3.490109667136E1,3.849147318030E0,
1.495534502089E1));
#12159=CARTESIAN_POINT('',(-3.384768551375E1,2.960046085593E0,
1.457828182926E1));
#12160=CARTESIAN_POINT('',(-3.490109667136E1,2.960046085593E0,
1.457828182926E1));
#12161=CARTESIAN_POINT('',(-3.384768551375E1,2.070944853155E0,
1.495534502089E1));
#12162=CARTESIAN_POINT('',(-3.490109667136E1,2.070944853155E0,
1.495534502089E1));
#12163=CARTESIAN_POINT('',(-3.384768551375E1,1.669772524169E0,
1.566260887178E1));
#12164=CARTESIAN_POINT('',(-3.490109667136E1,1.669772524169E0,
1.566260887178E1));
#12165=CARTESIAN_POINT('',(-3.384768551375E1,1.712512675057E0,
1.634194411670E1));
#12166=CARTESIAN_POINT('',(-3.490109667136E1,1.712512675057E0,
1.634194411670E1));
#12167=B_SPLINE_SURFACE_WITH_KNOTS('',6,1,((#12153,#12154),(#12155,#12156),(
#12157,#12158),(#12159,#12160),(#12161,#12162),(#12163,#12164),(#12165,#12166)),
.UNSPECIFIED.,.F.,.F.,.F.,(7,7),(2,2),(1.507964473723E0,4.775220833456E0),(
-7.026705578806E0,-5.973294421194E0),.UNSPECIFIED.);
#12168=ORIENTED_EDGE('',*,*,#12146,.F.);
#12170=ORIENTED_EDGE('',*,*,#12169,.F.);
#12172=ORIENTED_EDGE('',*,*,#12171,.T.);
#12174=ORIENTED_EDGE('',*,*,#12173,.T.);
#12175=EDGE_LOOP('',(#12168,#12170,#12172,#12174));
#12176=FACE_OUTER_BOUND('',#12175,.F.);
#12178=CARTESIAN_POINT('',(-3.384768551375E1,1.712512675057E0,
1.618496781788E1));
#12179=CARTESIAN_POINT('',(-3.490109667136E1,1.712512675057E0,
1.618496781788E1));
#12180=CARTESIAN_POINT('',(-3.384768551375E1,1.669772524169E0,
1.686430306280E1));
#12181=CARTESIAN_POINT('',(-3.490109667136E1,1.669772524169E0,
1.686430306280E1));
#12182=CARTESIAN_POINT('',(-3.384768551375E1,2.070944853155E0,
1.757156691369E1));
#12183=CARTESIAN_POINT('',(-3.490109667136E1,2.070944853155E0,
1.757156691369E1));
#12184=CARTESIAN_POINT('',(-3.384768551375E1,2.960046085592E0,
1.794863010532E1));
#12185=CARTESIAN_POINT('',(-3.490109667136E1,2.960046085592E0,
1.794863010532E1));
#12186=CARTESIAN_POINT('',(-3.384768551375E1,3.849147318030E0,
1.757156691369E1));
#12187=CARTESIAN_POINT('',(-3.490109667136E1,3.849147318030E0,
1.757156691369E1));
#12188=CARTESIAN_POINT('',(-3.384768551375E1,4.250319647016E0,
1.686430306280E1));
#12189=CARTESIAN_POINT('',(-3.490109667136E1,4.250319647016E0,
1.686430306280E1));
#12190=CARTESIAN_POINT('',(-3.384768551375E1,4.207579496128E0,
1.618496781788E1));
#12191=CARTESIAN_POINT('',(-3.490109667136E1,4.207579496128E0,
1.618496781788E1));
#12192=B_SPLINE_SURFACE_WITH_KNOTS('',6,1,((#12178,#12179),(#12180,#12181),(
#12182,#12183),(#12184,#12185),(#12186,#12187),(#12188,#12189),(#12190,#12191)),
.UNSPECIFIED.,.F.,.F.,.F.,(7,7),(2,2),(4.649557127313E0,7.916813487046E0),(
-7.026705578806E0,-5.973294421194E0),.UNSPECIFIED.);
#12193=ORIENTED_EDGE('',*,*,#12148,.F.);
#12194=ORIENTED_EDGE('',*,*,#12173,.F.);
#12196=ORIENTED_EDGE('',*,*,#12195,.F.);
#12197=ORIENTED_EDGE('',*,*,#12169,.T.);
#12198=EDGE_LOOP('',(#12193,#12194,#12196,#12197));
#12199=FACE_OUTER_BOUND('',#12198,.F.);
#12201=CARTESIAN_POINT('',(-3.312331531877E1,2.960046085593E0,
1.626344403271E1));
#12202=CARTESIAN_POINT('',(-3.388941260803E1,1.687562006847E0,
1.618338612031E1));
#12203=CARTESIAN_POINT('',(-3.312331531877E1,2.960046085593E0,
1.626344403271E1));
#12204=CARTESIAN_POINT('',(-3.388941260803E1,1.643967052941E0,
1.687630807013E1));
#12205=CARTESIAN_POINT('',(-3.312331531877E1,2.960046085593E0,
1.626344403271E1));
#12206=CARTESIAN_POINT('',(-3.388941260803E1,2.053162828507E0,
1.759771719804E1));
#12207=CARTESIAN_POINT('',(-3.312331531877E1,2.960046085593E0,
1.626344403271E1));
#12208=CARTESIAN_POINT('',(-3.388941260803E1,2.960046085593E0,
1.798232165350E1));
#12209=CARTESIAN_POINT('',(-3.312331531877E1,2.960046085593E0,
1.626344403271E1));
#12210=CARTESIAN_POINT('',(-3.388941260803E1,3.866929342678E0,
1.759771719804E1));
#12211=CARTESIAN_POINT('',(-3.312331531877E1,2.960046085593E0,
1.626344403271E1));
#12212=CARTESIAN_POINT('',(-3.388941260803E1,4.276125118245E0,
1.687630807013E1));
#12213=CARTESIAN_POINT('',(-3.312331531877E1,2.960046085593E0,
1.626344403271E1));
#12214=CARTESIAN_POINT('',(-3.388941260803E1,4.232530164339E0,
1.618338612031E1));
#12215=B_SPLINE_SURFACE_WITH_KNOTS('',6,1,((#12201,#12202),(#12203,#12204),(
#12205,#12206),(#12207,#12208),(#12209,#12210),(#12211,#12212),(#12213,#12214)),
.UNSPECIFIED.,.F.,.F.,.F.,(7,7),(2,2),(-3.204424506662E0,6.283185307180E-2),(
0.E0,7.660972892601E-1),.UNSPECIFIED.);
#12217=ORIENTED_EDGE('',*,*,#12216,.T.);
#12218=ORIENTED_EDGE('',*,*,#12195,.T.);
#12220=ORIENTED_EDGE('',*,*,#12219,.F.);
#12221=EDGE_LOOP('',(#12217,#12218,#12220));
#12222=FACE_OUTER_BOUND('',#12221,.F.);
#12224=CARTESIAN_POINT('',(-3.312331531877E1,2.960046085593E0,
1.626344403271E1));
#12225=CARTESIAN_POINT('',(-3.388941260803E1,4.232530164339E0,
1.634350194511E1));
#12226=CARTESIAN_POINT('',(-3.312331531877E1,2.960046085593E0,
1.626344403271E1));
#12227=CARTESIAN_POINT('',(-3.388941260803E1,4.276125118245E0,
1.565057999529E1));
#12228=CARTESIAN_POINT('',(-3.312331531877E1,2.960046085593E0,
1.626344403271E1));
#12229=CARTESIAN_POINT('',(-3.388941260803E1,3.866929342678E0,
1.492917086738E1));
#12230=CARTESIAN_POINT('',(-3.312331531877E1,2.960046085593E0,
1.626344403271E1));
#12231=CARTESIAN_POINT('',(-3.388941260803E1,2.960046085593E0,
1.454456641192E1));
#12232=CARTESIAN_POINT('',(-3.312331531877E1,2.960046085593E0,
1.626344403271E1));
#12233=CARTESIAN_POINT('',(-3.388941260803E1,2.053162828507E0,
1.492917086738E1));
#12234=CARTESIAN_POINT('',(-3.312331531877E1,2.960046085593E0,
1.626344403271E1));
#12235=CARTESIAN_POINT('',(-3.388941260803E1,1.643967052941E0,
1.565057999529E1));
#12236=CARTESIAN_POINT('',(-3.312331531877E1,2.960046085593E0,
1.626344403271E1));
#12237=CARTESIAN_POINT('',(-3.388941260803E1,1.687562006847E0,
1.634350194511E1));
#12238=B_SPLINE_SURFACE_WITH_KNOTS('',6,1,((#12224,#12225),(#12226,#12227),(
#12228,#12229),(#12230,#12231),(#12232,#12233),(#12234,#12235),(#12236,#12237)),
.UNSPECIFIED.,.F.,.F.,.F.,(7,7),(2,2),(-6.283185307180E-2,3.204424506662E0),(
0.E0,7.660972892601E-1),.UNSPECIFIED.);
#12239=ORIENTED_EDGE('',*,*,#12216,.F.);
#12240=ORIENTED_EDGE('',*,*,#12219,.T.);
#12241=ORIENTED_EDGE('',*,*,#12171,.F.);
#12242=EDGE_LOOP('',(#12239,#12240,#12241));
#12243=FACE_OUTER_BOUND('',#12242,.F.);
#12245=CARTESIAN_POINT('',(-4.099439109255E1,-2.806981382176E1,
-1.635764174658E1));
#12246=CARTESIAN_POINT('',(-3.475439109255E1,-2.806981382176E1,
-1.635764174658E1));
#12247=CARTESIAN_POINT('',(-4.099439109255E1,-2.801852564070E1,
-1.554243945267E1));
#12248=CARTESIAN_POINT('',(-3.475439109255E1,-2.801852564070E1,
-1.554243945267E1));
#12249=CARTESIAN_POINT('',(-4.099439109255E1,-2.849993243548E1,
-1.469372283161E1));
#12250=CARTESIAN_POINT('',(-3.475439109255E1,-2.849993243548E1,
-1.469372283161E1));
#12251=CARTESIAN_POINT('',(-4.099439109255E1,-2.956685391441E1,
-1.424124700165E1));
#12252=CARTESIAN_POINT('',(-3.475439109255E1,-2.956685391441E1,
-1.424124700165E1));
#12253=CARTESIAN_POINT('',(-4.099439109255E1,-3.063377539333E1,
-1.469372283161E1));
#12254=CARTESIAN_POINT('',(-3.475439109255E1,-3.063377539333E1,
-1.469372283161E1));
#12255=CARTESIAN_POINT('',(-4.099439109255E1,-3.111518218812E1,
-1.554243945267E1));
#12256=CARTESIAN_POINT('',(-3.475439109255E1,-3.111518218812E1,
-1.554243945267E1));
#12257=CARTESIAN_POINT('',(-4.099439109255E1,-3.106389400705E1,
-1.635764174658E1));
#12258=CARTESIAN_POINT('',(-3.475439109255E1,-3.106389400705E1,
-1.635764174658E1));
#12259=B_SPLINE_SURFACE_WITH_KNOTS('',6,1,((#12245,#12246),(#12247,#12248),(
#12249,#12250),(#12251,#12252),(#12253,#12254),(#12255,#12256),(#12257,#12258)),
.UNSPECIFIED.,.F.,.F.,.F.,(7,7),(2,2),(-6.283185307180E-2,3.204424506662E0),(
-1.2E-1,6.12E0),.UNSPECIFIED.);
#12260=ORIENTED_EDGE('',*,*,#4097,.T.);
#12262=ORIENTED_EDGE('',*,*,#12261,.T.);
#12264=ORIENTED_EDGE('',*,*,#12263,.F.);
#12266=ORIENTED_EDGE('',*,*,#12265,.F.);
#12267=EDGE_LOOP('',(#12260,#12262,#12264,#12266));
#12268=FACE_OUTER_BOUND('',#12267,.F.);
#12270=CARTESIAN_POINT('',(-4.099439109255E1,-3.106389400705E1,
-1.616927018800E1));
#12271=CARTESIAN_POINT('',(-3.475439109255E1,-3.106389400705E1,
-1.616927018800E1));
#12272=CARTESIAN_POINT('',(-4.099439109255E1,-3.111518218812E1,
-1.698447248191E1));
#12273=CARTESIAN_POINT('',(-3.475439109255E1,-3.111518218812E1,
-1.698447248191E1));
#12274=CARTESIAN_POINT('',(-4.099439109255E1,-3.063377539333E1,
-1.783318910297E1));
#12275=CARTESIAN_POINT('',(-3.475439109255E1,-3.063377539333E1,
-1.783318910297E1));
#12276=CARTESIAN_POINT('',(-4.099439109255E1,-2.956685391441E1,
-1.828566493293E1));
#12277=CARTESIAN_POINT('',(-3.475439109255E1,-2.956685391441E1,
-1.828566493293E1));
#12278=CARTESIAN_POINT('',(-4.099439109255E1,-2.849993243548E1,
-1.783318910297E1));
#12279=CARTESIAN_POINT('',(-3.475439109255E1,-2.849993243548E1,
-1.783318910297E1));
#12280=CARTESIAN_POINT('',(-4.099439109255E1,-2.801852564070E1,
-1.698447248191E1));
#12281=CARTESIAN_POINT('',(-3.475439109255E1,-2.801852564070E1,
-1.698447248191E1));
#12282=CARTESIAN_POINT('',(-4.099439109255E1,-2.806981382176E1,
-1.616927018800E1));
#12283=CARTESIAN_POINT('',(-3.475439109255E1,-2.806981382176E1,
-1.616927018800E1));
#12284=B_SPLINE_SURFACE_WITH_KNOTS('',6,1,((#12270,#12271),(#12272,#12273),(
#12274,#12275),(#12276,#12277),(#12278,#12279),(#12280,#12281),(#12282,#12283)),
.UNSPECIFIED.,.F.,.F.,.F.,(7,7),(2,2),(3.078760800518E0,6.346017160251E0),(
-1.2E-1,6.12E0),.UNSPECIFIED.);
#12285=ORIENTED_EDGE('',*,*,#4099,.T.);
#12286=ORIENTED_EDGE('',*,*,#12265,.T.);
#12288=ORIENTED_EDGE('',*,*,#12287,.F.);
#12289=ORIENTED_EDGE('',*,*,#12261,.F.);
#12290=EDGE_LOOP('',(#12285,#12286,#12288,#12289));
#12291=FACE_OUTER_BOUND('',#12290,.F.);
#12293=CARTESIAN_POINT('',(-3.487439109255E1,-3.112685391441E1,
-1.782345596729E1));
#12294=CARTESIAN_POINT('',(-3.487439109255E1,-3.112685391441E1,
-1.470345596729E1));
#12295=CARTESIAN_POINT('',(-3.487439109255E1,-2.800685391441E1,
-1.782345596729E1));
#12296=CARTESIAN_POINT('',(-3.487439109255E1,-2.800685391441E1,
-1.470345596729E1));
#12297=B_SPLINE_SURFACE_WITH_KNOTS('',1,1,((#12293,#12294),(#12295,#12296)),
.UNSPECIFIED.,.F.,.F.,.F.,(2,2),(2,2),(-1.56E0,1.56E0),(-1.56E0,1.56E0),
.UNSPECIFIED.);
#12298=ORIENTED_EDGE('',*,*,#12263,.T.);
#12299=ORIENTED_EDGE('',*,*,#12287,.T.);
#12300=EDGE_LOOP('',(#12298,#12299));
#12301=FACE_OUTER_BOUND('',#12300,.F.);
#12303=ORIENTED_EDGE('',*,*,#12302,.T.);
#12305=ORIENTED_EDGE('',*,*,#12304,.T.);
#12306=EDGE_LOOP('',(#12303,#12305));
#12307=FACE_BOUND('',#12306,.F.);
#12309=CARTESIAN_POINT('',(-3.384768551375E1,-2.831933243845E1,
-1.618496781788E1));
#12310=CARTESIAN_POINT('',(-3.490109667136E1,-2.831933243845E1,
-1.618496781788E1));
#12311=CARTESIAN_POINT('',(-3.384768551375E1,-2.827659228757E1,
-1.686430306280E1));
#12312=CARTESIAN_POINT('',(-3.490109667136E1,-2.827659228757E1,
-1.686430306280E1));
#12313=CARTESIAN_POINT('',(-3.384768551375E1,-2.867776461655E1,
-1.757156691369E1));
#12314=CARTESIAN_POINT('',(-3.490109667136E1,-2.867776461655E1,
-1.757156691369E1));
#12315=CARTESIAN_POINT('',(-3.384768551375E1,-2.956686584899E1,
-1.794863010532E1));
#12316=CARTESIAN_POINT('',(-3.490109667136E1,-2.956686584899E1,
-1.794863010532E1));
#12317=CARTESIAN_POINT('',(-3.384768551375E1,-3.045596708143E1,
-1.757156691369E1));
#12318=CARTESIAN_POINT('',(-3.490109667136E1,-3.045596708143E1,
-1.757156691369E1));
#12319=CARTESIAN_POINT('',(-3.384768551375E1,-3.085713941041E1,
-1.686430306280E1));
#12320=CARTESIAN_POINT('',(-3.490109667136E1,-3.085713941041E1,
-1.686430306280E1));
#12321=CARTESIAN_POINT('',(-3.384768551375E1,-3.081439925952E1,
-1.618496781788E1));
#12322=CARTESIAN_POINT('',(-3.490109667136E1,-3.081439925952E1,
-1.618496781788E1));
#12323=B_SPLINE_SURFACE_WITH_KNOTS('',6,1,((#12309,#12310),(#12311,#12312),(
#12313,#12314),(#12315,#12316),(#12317,#12318),(#12319,#12320),(#12321,#12322)),
.UNSPECIFIED.,.F.,.F.,.F.,(7,7),(2,2),(1.507964473723E0,4.775220833456E0),(
-7.026705578806E0,-5.973294421194E0),.UNSPECIFIED.);
#12324=ORIENTED_EDGE('',*,*,#12302,.F.);
#12326=ORIENTED_EDGE('',*,*,#12325,.F.);
#12328=ORIENTED_EDGE('',*,*,#12327,.T.);
#12330=ORIENTED_EDGE('',*,*,#12329,.T.);
#12331=EDGE_LOOP('',(#12324,#12326,#12328,#12330));
#12332=FACE_OUTER_BOUND('',#12331,.F.);
#12334=CARTESIAN_POINT('',(-3.384768551375E1,-3.081439925952E1,
-1.634194411670E1));
#12335=CARTESIAN_POINT('',(-3.490109667136E1,-3.081439925952E1,
-1.634194411670E1));
#12336=CARTESIAN_POINT('',(-3.384768551375E1,-3.085713941041E1,
-1.566260887178E1));
#12337=CARTESIAN_POINT('',(-3.490109667136E1,-3.085713941041E1,
-1.566260887178E1));
#12338=CARTESIAN_POINT('',(-3.384768551375E1,-3.045596708143E1,
-1.495534502089E1));
#12339=CARTESIAN_POINT('',(-3.490109667136E1,-3.045596708143E1,
-1.495534502089E1));
#12340=CARTESIAN_POINT('',(-3.384768551375E1,-2.956686584899E1,
-1.457828182926E1));
#12341=CARTESIAN_POINT('',(-3.490109667136E1,-2.956686584899E1,
-1.457828182926E1));
#12342=CARTESIAN_POINT('',(-3.384768551375E1,-2.867776461655E1,
-1.495534502089E1));
#12343=CARTESIAN_POINT('',(-3.490109667136E1,-2.867776461655E1,
-1.495534502089E1));
#12344=CARTESIAN_POINT('',(-3.384768551375E1,-2.827659228757E1,
-1.566260887178E1));
#12345=CARTESIAN_POINT('',(-3.490109667136E1,-2.827659228757E1,
-1.566260887178E1));
#12346=CARTESIAN_POINT('',(-3.384768551375E1,-2.831933243845E1,
-1.634194411670E1));
#12347=CARTESIAN_POINT('',(-3.490109667136E1,-2.831933243845E1,
-1.634194411670E1));
#12348=B_SPLINE_SURFACE_WITH_KNOTS('',6,1,((#12334,#12335),(#12336,#12337),(
#12338,#12339),(#12340,#12341),(#12342,#12343),(#12344,#12345),(#12346,#12347)),
.UNSPECIFIED.,.F.,.F.,.F.,(7,7),(2,2),(4.649557127313E0,7.916813487046E0),(
-7.026705578806E0,-5.973294421194E0),.UNSPECIFIED.);
#12349=ORIENTED_EDGE('',*,*,#12304,.F.);
#12350=ORIENTED_EDGE('',*,*,#12329,.F.);
#12352=ORIENTED_EDGE('',*,*,#12351,.F.);
#12353=ORIENTED_EDGE('',*,*,#12325,.T.);
#12354=EDGE_LOOP('',(#12349,#12350,#12352,#12353));
#12355=FACE_OUTER_BOUND('',#12354,.F.);
#12357=CARTESIAN_POINT('',(-3.312331531877E1,-2.956685391441E1,
-1.626345596729E1));
#12358=CARTESIAN_POINT('',(-3.388941260803E1,-3.083933799315E1,
-1.634351387969E1));
#12359=CARTESIAN_POINT('',(-3.312331531877E1,-2.956685391441E1,
-1.626345596729E1));
#12360=CARTESIAN_POINT('',(-3.388941260803E1,-3.088293294706E1,
-1.565059192987E1));
#12361=CARTESIAN_POINT('',(-3.312331531877E1,-2.956685391441E1,
-1.626345596729E1));
#12362=CARTESIAN_POINT('',(-3.388941260803E1,-3.047373717149E1,
-1.492918280196E1));
#12363=CARTESIAN_POINT('',(-3.312331531877E1,-2.956685391441E1,
-1.626345596729E1));
#12364=CARTESIAN_POINT('',(-3.388941260803E1,-2.956685391441E1,
-1.454457834650E1));
#12365=CARTESIAN_POINT('',(-3.312331531877E1,-2.956685391441E1,
-1.626345596729E1));
#12366=CARTESIAN_POINT('',(-3.388941260803E1,-2.865997065732E1,
-1.492918280196E1));
#12367=CARTESIAN_POINT('',(-3.312331531877E1,-2.956685391441E1,
-1.626345596729E1));
#12368=CARTESIAN_POINT('',(-3.388941260803E1,-2.825077488176E1,
-1.565059192987E1));
#12369=CARTESIAN_POINT('',(-3.312331531877E1,-2.956685391441E1,
-1.626345596729E1));
#12370=CARTESIAN_POINT('',(-3.388941260803E1,-2.829436983566E1,
-1.634351387969E1));
#12371=B_SPLINE_SURFACE_WITH_KNOTS('',6,1,((#12357,#12358),(#12359,#12360),(
#12361,#12362),(#12363,#12364),(#12365,#12366),(#12367,#12368),(#12369,#12370)),
.UNSPECIFIED.,.F.,.F.,.F.,(7,7),(2,2),(-3.204424506662E0,6.283185307180E-2),(
0.E0,7.660972892601E-1),.UNSPECIFIED.);
#12373=ORIENTED_EDGE('',*,*,#12372,.T.);
#12374=ORIENTED_EDGE('',*,*,#12351,.T.);
#12376=ORIENTED_EDGE('',*,*,#12375,.F.);
#12377=EDGE_LOOP('',(#12373,#12374,#12376));
#12378=FACE_OUTER_BOUND('',#12377,.F.);
#12380=CARTESIAN_POINT('',(-3.312331531877E1,-2.956685391441E1,
-1.626345596729E1));
#12381=CARTESIAN_POINT('',(-3.388941260803E1,-2.829436983566E1,
-1.618339805489E1));
#12382=CARTESIAN_POINT('',(-3.312331531877E1,-2.956685391441E1,
-1.626345596729E1));
#12383=CARTESIAN_POINT('',(-3.388941260803E1,-2.825077488176E1,
-1.687632000471E1));
#12384=CARTESIAN_POINT('',(-3.312331531877E1,-2.956685391441E1,
-1.626345596729E1));
#12385=CARTESIAN_POINT('',(-3.388941260803E1,-2.865997065732E1,
-1.759772913262E1));
#12386=CARTESIAN_POINT('',(-3.312331531877E1,-2.956685391441E1,
-1.626345596729E1));
#12387=CARTESIAN_POINT('',(-3.388941260803E1,-2.956685391441E1,
-1.798233358808E1));
#12388=CARTESIAN_POINT('',(-3.312331531877E1,-2.956685391441E1,
-1.626345596729E1));
#12389=CARTESIAN_POINT('',(-3.388941260803E1,-3.047373717149E1,
-1.759772913262E1));
#12390=CARTESIAN_POINT('',(-3.312331531877E1,-2.956685391441E1,
-1.626345596729E1));
#12391=CARTESIAN_POINT('',(-3.388941260803E1,-3.088293294706E1,
-1.687632000471E1));
#12392=CARTESIAN_POINT('',(-3.312331531877E1,-2.956685391441E1,
-1.626345596729E1));
#12393=CARTESIAN_POINT('',(-3.388941260803E1,-3.083933799315E1,
-1.618339805489E1));
#12394=B_SPLINE_SURFACE_WITH_KNOTS('',6,1,((#12380,#12381),(#12382,#12383),(
#12384,#12385),(#12386,#12387),(#12388,#12389),(#12390,#12391),(#12392,#12393)),
.UNSPECIFIED.,.F.,.F.,.F.,(7,7),(2,2),(-6.283185307180E-2,3.204424506662E0),(
0.E0,7.660972892601E-1),.UNSPECIFIED.);
#12395=ORIENTED_EDGE('',*,*,#12372,.F.);
#12396=ORIENTED_EDGE('',*,*,#12375,.T.);
#12397=ORIENTED_EDGE('',*,*,#12327,.F.);
#12398=EDGE_LOOP('',(#12395,#12396,#12397));
#12399=FACE_OUTER_BOUND('',#12398,.F.);
#12401=CARTESIAN_POINT('',(-4.099439109255E1,-2.806981382176E1,
1.616925825342E1));
#12402=CARTESIAN_POINT('',(-3.475439109255E1,-2.806981382176E1,
1.616925825342E1));
#12403=CARTESIAN_POINT('',(-4.099439109255E1,-2.801852564070E1,
1.698446054733E1));
#12404=CARTESIAN_POINT('',(-3.475439109255E1,-2.801852564070E1,
1.698446054733E1));
#12405=CARTESIAN_POINT('',(-4.099439109255E1,-2.849993243548E1,
1.783317716839E1));
#12406=CARTESIAN_POINT('',(-3.475439109255E1,-2.849993243548E1,
1.783317716839E1));
#12407=CARTESIAN_POINT('',(-4.099439109255E1,-2.956685391441E1,
1.828565299835E1));
#12408=CARTESIAN_POINT('',(-3.475439109255E1,-2.956685391441E1,
1.828565299835E1));
#12409=CARTESIAN_POINT('',(-4.099439109255E1,-3.063377539333E1,
1.783317716839E1));
#12410=CARTESIAN_POINT('',(-3.475439109255E1,-3.063377539333E1,
1.783317716839E1));
#12411=CARTESIAN_POINT('',(-4.099439109255E1,-3.111518218812E1,
1.698446054733E1));
#12412=CARTESIAN_POINT('',(-3.475439109255E1,-3.111518218812E1,
1.698446054733E1));
#12413=CARTESIAN_POINT('',(-4.099439109255E1,-3.106389400705E1,
1.616925825342E1));
#12414=CARTESIAN_POINT('',(-3.475439109255E1,-3.106389400705E1,
1.616925825342E1));
#12415=B_SPLINE_SURFACE_WITH_KNOTS('',6,1,((#12401,#12402),(#12403,#12404),(
#12405,#12406),(#12407,#12408),(#12409,#12410),(#12411,#12412),(#12413,#12414)),
.UNSPECIFIED.,.F.,.F.,.F.,(7,7),(2,2),(-6.283185307180E-2,3.204424506662E0),(
-1.2E-1,6.12E0),.UNSPECIFIED.);
#12416=ORIENTED_EDGE('',*,*,#4103,.T.);
#12418=ORIENTED_EDGE('',*,*,#12417,.T.);
#12420=ORIENTED_EDGE('',*,*,#12419,.F.);
#12422=ORIENTED_EDGE('',*,*,#12421,.F.);
#12423=EDGE_LOOP('',(#12416,#12418,#12420,#12422));
#12424=FACE_OUTER_BOUND('',#12423,.F.);
#12426=CARTESIAN_POINT('',(-4.099439109255E1,-3.106389400705E1,
1.635762981200E1));
#12427=CARTESIAN_POINT('',(-3.475439109255E1,-3.106389400705E1,
1.635762981200E1));
#12428=CARTESIAN_POINT('',(-4.099439109255E1,-3.111518218812E1,
1.554242751809E1));
#12429=CARTESIAN_POINT('',(-3.475439109255E1,-3.111518218812E1,
1.554242751809E1));
#12430=CARTESIAN_POINT('',(-4.099439109255E1,-3.063377539333E1,
1.469371089703E1));
#12431=CARTESIAN_POINT('',(-3.475439109255E1,-3.063377539333E1,
1.469371089703E1));
#12432=CARTESIAN_POINT('',(-4.099439109255E1,-2.956685391441E1,
1.424123506707E1));
#12433=CARTESIAN_POINT('',(-3.475439109255E1,-2.956685391441E1,
1.424123506707E1));
#12434=CARTESIAN_POINT('',(-4.099439109255E1,-2.849993243548E1,
1.469371089703E1));
#12435=CARTESIAN_POINT('',(-3.475439109255E1,-2.849993243548E1,
1.469371089703E1));
#12436=CARTESIAN_POINT('',(-4.099439109255E1,-2.801852564070E1,
1.554242751809E1));
#12437=CARTESIAN_POINT('',(-3.475439109255E1,-2.801852564070E1,
1.554242751809E1));
#12438=CARTESIAN_POINT('',(-4.099439109255E1,-2.806981382176E1,
1.635762981200E1));
#12439=CARTESIAN_POINT('',(-3.475439109255E1,-2.806981382176E1,
1.635762981200E1));
#12440=B_SPLINE_SURFACE_WITH_KNOTS('',6,1,((#12426,#12427),(#12428,#12429),(
#12430,#12431),(#12432,#12433),(#12434,#12435),(#12436,#12437),(#12438,#12439)),
.UNSPECIFIED.,.F.,.F.,.F.,(7,7),(2,2),(3.078760800518E0,6.346017160251E0),(
-1.2E-1,6.12E0),.UNSPECIFIED.);
#12441=ORIENTED_EDGE('',*,*,#4105,.T.);
#12442=ORIENTED_EDGE('',*,*,#12421,.T.);
#12444=ORIENTED_EDGE('',*,*,#12443,.F.);
#12445=ORIENTED_EDGE('',*,*,#12417,.F.);
#12446=EDGE_LOOP('',(#12441,#12442,#12444,#12445));
#12447=FACE_OUTER_BOUND('',#12446,.F.);
#12449=CARTESIAN_POINT('',(-3.487439109255E1,-3.112685391441E1,
1.470344403271E1));
#12450=CARTESIAN_POINT('',(-3.487439109255E1,-3.112685391441E1,
1.782344403271E1));
#12451=CARTESIAN_POINT('',(-3.487439109255E1,-2.800685391441E1,
1.470344403271E1));
#12452=CARTESIAN_POINT('',(-3.487439109255E1,-2.800685391441E1,
1.782344403271E1));
#12453=B_SPLINE_SURFACE_WITH_KNOTS('',1,1,((#12449,#12450),(#12451,#12452)),
.UNSPECIFIED.,.F.,.F.,.F.,(2,2),(2,2),(-1.56E0,1.56E0),(-1.56E0,1.56E0),
.UNSPECIFIED.);
#12454=ORIENTED_EDGE('',*,*,#12419,.T.);
#12455=ORIENTED_EDGE('',*,*,#12443,.T.);
#12456=EDGE_LOOP('',(#12454,#12455));
#12457=FACE_OUTER_BOUND('',#12456,.F.);
#12459=ORIENTED_EDGE('',*,*,#12458,.T.);
#12461=ORIENTED_EDGE('',*,*,#12460,.T.);
#12462=EDGE_LOOP('',(#12459,#12461));
#12463=FACE_BOUND('',#12462,.F.);
#12465=CARTESIAN_POINT('',(-3.384768551375E1,-2.831933243845E1,
1.634194411670E1));
#12466=CARTESIAN_POINT('',(-3.490109667136E1,-2.831933243845E1,
1.634194411670E1));
#12467=CARTESIAN_POINT('',(-3.384768551375E1,-2.827659228757E1,
1.566260887178E1));
#12468=CARTESIAN_POINT('',(-3.490109667136E1,-2.827659228757E1,
1.566260887178E1));
#12469=CARTESIAN_POINT('',(-3.384768551375E1,-2.867776461655E1,
1.495534502089E1));
#12470=CARTESIAN_POINT('',(-3.490109667136E1,-2.867776461655E1,
1.495534502089E1));
#12471=CARTESIAN_POINT('',(-3.384768551375E1,-2.956686584899E1,
1.457828182926E1));
#12472=CARTESIAN_POINT('',(-3.490109667136E1,-2.956686584899E1,
1.457828182926E1));
#12473=CARTESIAN_POINT('',(-3.384768551375E1,-3.045596708143E1,
1.495534502089E1));
#12474=CARTESIAN_POINT('',(-3.490109667136E1,-3.045596708143E1,
1.495534502089E1));
#12475=CARTESIAN_POINT('',(-3.384768551375E1,-3.085713941041E1,
1.566260887178E1));
#12476=CARTESIAN_POINT('',(-3.490109667136E1,-3.085713941041E1,
1.566260887178E1));
#12477=CARTESIAN_POINT('',(-3.384768551375E1,-3.081439925952E1,
1.634194411670E1));
#12478=CARTESIAN_POINT('',(-3.490109667136E1,-3.081439925952E1,
1.634194411670E1));
#12479=B_SPLINE_SURFACE_WITH_KNOTS('',6,1,((#12465,#12466),(#12467,#12468),(
#12469,#12470),(#12471,#12472),(#12473,#12474),(#12475,#12476),(#12477,#12478)),
.UNSPECIFIED.,.F.,.F.,.F.,(7,7),(2,2),(1.507964473723E0,4.775220833456E0),(
-7.026705578806E0,-5.973294421194E0),.UNSPECIFIED.);
#12480=ORIENTED_EDGE('',*,*,#12458,.F.);
#12482=ORIENTED_EDGE('',*,*,#12481,.F.);
#12484=ORIENTED_EDGE('',*,*,#12483,.T.);
#12486=ORIENTED_EDGE('',*,*,#12485,.T.);
#12487=EDGE_LOOP('',(#12480,#12482,#12484,#12486));
#12488=FACE_OUTER_BOUND('',#12487,.F.);
#12490=CARTESIAN_POINT('',(-3.384768551375E1,-3.081439925952E1,
1.618496781788E1));
#12491=CARTESIAN_POINT('',(-3.490109667136E1,-3.081439925952E1,
1.618496781788E1));
#12492=CARTESIAN_POINT('',(-3.384768551375E1,-3.085713941041E1,
1.686430306280E1));
#12493=CARTESIAN_POINT('',(-3.490109667136E1,-3.085713941041E1,
1.686430306280E1));
#12494=CARTESIAN_POINT('',(-3.384768551375E1,-3.045596708143E1,
1.757156691369E1));
#12495=CARTESIAN_POINT('',(-3.490109667136E1,-3.045596708143E1,
1.757156691369E1));
#12496=CARTESIAN_POINT('',(-3.384768551375E1,-2.956686584899E1,
1.794863010532E1));
#12497=CARTESIAN_POINT('',(-3.490109667136E1,-2.956686584899E1,
1.794863010532E1));
#12498=CARTESIAN_POINT('',(-3.384768551375E1,-2.867776461655E1,
1.757156691369E1));
#12499=CARTESIAN_POINT('',(-3.490109667136E1,-2.867776461655E1,
1.757156691369E1));
#12500=CARTESIAN_POINT('',(-3.384768551375E1,-2.827659228757E1,
1.686430306280E1));
#12501=CARTESIAN_POINT('',(-3.490109667136E1,-2.827659228757E1,
1.686430306280E1));
#12502=CARTESIAN_POINT('',(-3.384768551375E1,-2.831933243845E1,
1.618496781788E1));
#12503=CARTESIAN_POINT('',(-3.490109667136E1,-2.831933243845E1,
1.618496781788E1));
#12504=B_SPLINE_SURFACE_WITH_KNOTS('',6,1,((#12490,#12491),(#12492,#12493),(
#12494,#12495),(#12496,#12497),(#12498,#12499),(#12500,#12501),(#12502,#12503)),
.UNSPECIFIED.,.F.,.F.,.F.,(7,7),(2,2),(-1.633628179867E0,1.633628179867E0),(
-7.026705578806E0,-5.973294421194E0),.UNSPECIFIED.);
#12505=ORIENTED_EDGE('',*,*,#12460,.F.);
#12506=ORIENTED_EDGE('',*,*,#12485,.F.);
#12508=ORIENTED_EDGE('',*,*,#12507,.F.);
#12509=ORIENTED_EDGE('',*,*,#12481,.T.);
#12510=EDGE_LOOP('',(#12505,#12506,#12508,#12509));
#12511=FACE_OUTER_BOUND('',#12510,.F.);
#12513=CARTESIAN_POINT('',(-3.312331531877E1,-2.956685391441E1,
1.626344403271E1));
#12514=CARTESIAN_POINT('',(-3.388941260803E1,-3.083933799315E1,
1.618338612031E1));
#12515=CARTESIAN_POINT('',(-3.312331531877E1,-2.956685391441E1,
1.626344403271E1));
#12516=CARTESIAN_POINT('',(-3.388941260803E1,-3.088293294706E1,
1.687630807013E1));
#12517=CARTESIAN_POINT('',(-3.312331531877E1,-2.956685391441E1,
1.626344403271E1));
#12518=CARTESIAN_POINT('',(-3.388941260803E1,-3.047373717149E1,
1.759771719804E1));
#12519=CARTESIAN_POINT('',(-3.312331531877E1,-2.956685391441E1,
1.626344403271E1));
#12520=CARTESIAN_POINT('',(-3.388941260803E1,-2.956685391441E1,
1.798232165350E1));
#12521=CARTESIAN_POINT('',(-3.312331531877E1,-2.956685391441E1,
1.626344403271E1));
#12522=CARTESIAN_POINT('',(-3.388941260803E1,-2.865997065732E1,
1.759771719804E1));
#12523=CARTESIAN_POINT('',(-3.312331531877E1,-2.956685391441E1,
1.626344403271E1));
#12524=CARTESIAN_POINT('',(-3.388941260803E1,-2.825077488176E1,
1.687630807013E1));
#12525=CARTESIAN_POINT('',(-3.312331531877E1,-2.956685391441E1,
1.626344403271E1));
#12526=CARTESIAN_POINT('',(-3.388941260803E1,-2.829436983566E1,
1.618338612031E1));
#12527=B_SPLINE_SURFACE_WITH_KNOTS('',6,1,((#12513,#12514),(#12515,#12516),(
#12517,#12518),(#12519,#12520),(#12521,#12522),(#12523,#12524),(#12525,#12526)),
.UNSPECIFIED.,.F.,.F.,.F.,(7,7),(2,2),(-3.204424506662E0,6.283185307180E-2),(
0.E0,7.660972892601E-1),.UNSPECIFIED.);
#12529=ORIENTED_EDGE('',*,*,#12528,.T.);
#12530=ORIENTED_EDGE('',*,*,#12507,.T.);
#12532=ORIENTED_EDGE('',*,*,#12531,.F.);
#12533=EDGE_LOOP('',(#12529,#12530,#12532));
#12534=FACE_OUTER_BOUND('',#12533,.F.);
#12536=CARTESIAN_POINT('',(-3.312331531877E1,-2.956685391441E1,
1.626344403271E1));
#12537=CARTESIAN_POINT('',(-3.388941260803E1,-2.829436983566E1,
1.634350194511E1));
#12538=CARTESIAN_POINT('',(-3.312331531877E1,-2.956685391441E1,
1.626344403271E1));
#12539=CARTESIAN_POINT('',(-3.388941260803E1,-2.825077488176E1,
1.565057999529E1));
#12540=CARTESIAN_POINT('',(-3.312331531877E1,-2.956685391441E1,
1.626344403271E1));
#12541=CARTESIAN_POINT('',(-3.388941260803E1,-2.865997065732E1,
1.492917086738E1));
#12542=CARTESIAN_POINT('',(-3.312331531877E1,-2.956685391441E1,
1.626344403271E1));
#12543=CARTESIAN_POINT('',(-3.388941260803E1,-2.956685391441E1,
1.454456641192E1));
#12544=CARTESIAN_POINT('',(-3.312331531877E1,-2.956685391441E1,
1.626344403271E1));
#12545=CARTESIAN_POINT('',(-3.388941260803E1,-3.047373717149E1,
1.492917086738E1));
#12546=CARTESIAN_POINT('',(-3.312331531877E1,-2.956685391441E1,
1.626344403271E1));
#12547=CARTESIAN_POINT('',(-3.388941260803E1,-3.088293294706E1,
1.565057999529E1));
#12548=CARTESIAN_POINT('',(-3.312331531877E1,-2.956685391441E1,
1.626344403271E1));
#12549=CARTESIAN_POINT('',(-3.388941260803E1,-3.083933799315E1,
1.634350194511E1));
#12550=B_SPLINE_SURFACE_WITH_KNOTS('',6,1,((#12536,#12537),(#12538,#12539),(
#12540,#12541),(#12542,#12543),(#12544,#12545),(#12546,#12547),(#12548,#12549)),
.UNSPECIFIED.,.F.,.F.,.F.,(7,7),(2,2),(-6.283185307180E-2,3.204424506662E0),(
0.E0,7.660972892601E-1),.UNSPECIFIED.);
#12551=ORIENTED_EDGE('',*,*,#12528,.F.);
#12552=ORIENTED_EDGE('',*,*,#12531,.T.);
#12553=ORIENTED_EDGE('',*,*,#12483,.F.);
#12554=EDGE_LOOP('',(#12551,#12552,#12553));
#12555=FACE_OUTER_BOUND('',#12554,.F.);
#12557=CLOSED_SHELL('',(#4064,#4109,#4126,#4141,#4158,#4209,#4226,#4241,#4257,
#4274,#4290,#4306,#4321,#4355,#4386,#4417,#4445,#4473,#4567,#4582,#4598,#4637,
#4659,#4674,#4688,#4703,#4724,#4739,#4753,#4768,#4789,#4803,#4815,#4827,#4839,
#4854,#4868,#4883,#4895,#4915,#4946,#4977,#5005,#5033,#5127,#5142,#5158,#5197,
#5210,#5224,#5245,#5260,#5274,#5289,#5301,#5322,#5337,#5351,#5366,#5378,#5399,
#5414,#5428,#5443,#5455,#5475,#5510,#5535,#5548,#5561,#5573,#5602,#5618,#5646,
#5661,#5692,#5721,#5741,#5758,#5782,#5810,#5827,#5855,#5878,#5891,#5920,#5985,
#6002,#6065,#6091,#6168,#6197,#6220,#6314,#6336,#6421,#6498,#6520,#6564,#6577,
#6620,#6645,#6668,#6742,#6814,#6824,#6849,#6872,#6946,#7018,#7028,#7053,#7076,
#7150,#7222,#7232,#7257,#7280,#7354,#7426,#7436,#7461,#7484,#7558,#7630,#7640,
#7665,#7688,#7762,#7834,#7844,#7869,#7892,#7966,#8038,#8048,#8073,#8096,#8170,
#8242,#8252,#8277,#8300,#8374,#8446,#8456,#8481,#8504,#8578,#8650,#8660,#8685,
#8708,#8782,#8854,#8864,#8889,#8912,#8986,#9058,#9068,#9120,#9169,#9182,#9196,
#9208,#9222,#9234,#9248,#9260,#9273,#9309,#9334,#9357,#9373,#9398,#9421,#9444,
#9465,#9490,#9513,#9529,#9554,#9577,#9600,#9621,#9646,#9669,#9685,#9710,#9733,
#9756,#9777,#9802,#9825,#9841,#9866,#9889,#9912,#9933,#9993,#10022,#10049,
#10078,#10105,#10121,#10150,#10179,#10196,#10223,#10249,#10278,#10305,#10334,
#10361,#10390,#10417,#10446,#10473,#10489,#10514,#10537,#10562,#10585,#10607,
#10629,#10654,#10677,#10693,#10718,#10741,#10764,#10785,#10810,#10833,#10849,
#10874,#10897,#10920,#10941,#10966,#10989,#11005,#11030,#11053,#11076,#11097,
#11122,#11145,#11161,#11186,#11209,#11232,#11253,#11280,#11309,#11336,#11352,
#11381,#11410,#11427,#11456,#11473,#11499,#11528,#11555,#11584,#11613,#11641,
#11670,#11697,#11713,#11738,#11761,#11786,#11809,#11831,#11853,#11879,#11906,
#11932,#11957,#11980,#11996,#12021,#12044,#12067,#12088,#12113,#12136,#12152,
#12177,#12200,#12223,#12244,#12269,#12292,#12308,#12333,#12356,#12379,#12400,
#12425,#12448,#12464,#12489,#12512,#12535,#12556));
#12558=MANIFOLD_SOLID_BREP('',#12557);
#12561=PLANE_ANGLE_MEASURE_WITH_UNIT(PLANE_ANGLE_MEASURE(1.745329251994E-2),
#12560);
#12562=(CONVERSION_BASED_UNIT('DEGREE',#12561)NAMED_UNIT(*)PLANE_ANGLE_UNIT());
#12564=UNCERTAINTY_MEASURE_WITH_UNIT(LENGTH_MEASURE(2.225375881938E-3),#12559,
'distance_accuracy_value',
'Maximum model space distance between geometric entities at asserted connectivities');
#12567=APPLICATION_CONTEXT('automotive_design');
#12568=APPLICATION_PROTOCOL_DEFINITION('international standard',
'automotive_design',2001,#12567);
#12569=PRODUCT_DEFINITION_CONTEXT('part definition',#12567,'design');
#12570=PRODUCT_CONTEXT('',#12567,'mechanical');
#12571=PRODUCT('T21WN_5-20','T21WN_5-20','NOT SPECIFIED',(#12570));
#12572=PRODUCT_DEFINITION_FORMATION('5','LAST_VERSION',#12571);
#12580=DERIVED_UNIT_ELEMENT(#12579,2.E0);
#12581=DERIVED_UNIT((#12580));
#12582=MEASURE_REPRESENTATION_ITEM('surface area measure',AREA_MEASURE(
2.694061948025E4),#12581);
#12587=DERIVED_UNIT_ELEMENT(#12586,3.E0);
#12588=DERIVED_UNIT((#12587));
#12589=MEASURE_REPRESENTATION_ITEM('volume measure',VOLUME_MEASURE(
2.065358895256E5),#12588);
#12593=CARTESIAN_POINT('centre point',(-1.439861570120E0,-5.451021482984E0,
-2.260620894682E-4));
#12598=DERIVED_UNIT_ELEMENT(#12597,2.E0);
#12599=DERIVED_UNIT((#12598));
#12600=MEASURE_REPRESENTATION_ITEM('surface area measure',AREA_MEASURE(
2.694061948025E4),#12599);
#12605=DERIVED_UNIT_ELEMENT(#12604,3.E0);
#12606=DERIVED_UNIT((#12605));
#12607=MEASURE_REPRESENTATION_ITEM('volume measure',VOLUME_MEASURE(
2.065358895256E5),#12606);
#12611=CARTESIAN_POINT('centre point',(-1.439861570120E0,-5.451021482984E0,
-2.260620894682E-4));
#12616=PRODUCT_RELATED_PRODUCT_CATEGORY('part','',(#12571));
#12618=GENERAL_PROPERTY('','WERKSTOFF','user defined attribute');
#12619=GENERAL_PROPERTY_ASSOCIATION('user defined attribute','',#12618,#12617);
#12620=DESCRIPTIVE_REPRESENTATION_ITEM('WERKSTOFF','');
#12624=GENERAL_PROPERTY('','ZEICHNUNGS_NR','user defined attribute');
#12625=GENERAL_PROPERTY_ASSOCIATION('user defined attribute','',#12624,#12623);
#12626=DESCRIPTIVE_REPRESENTATION_ITEM('ZEICHNUNGS_NR','');
#12630=GENERAL_PROPERTY('','MATERIAL_NR','user defined attribute');
#12631=GENERAL_PROPERTY_ASSOCIATION('user defined attribute','',#12630,#12629);
#12632=DESCRIPTIVE_REPRESENTATION_ITEM('MATERIAL_NR','');
#12636=GENERAL_PROPERTY('','ZCHG_BENENNUNG','user defined attribute');
#12637=GENERAL_PROPERTY_ASSOCIATION('user defined attribute','',#12636,#12635);
#12638=DESCRIPTIVE_REPRESENTATION_ITEM('ZCHG_BENENNUNG','');
#12642=GENERAL_PROPERTY('','ERST_DATUM','user defined attribute');
#12643=GENERAL_PROPERTY_ASSOCIATION('user defined attribute','',#12642,#12641);
#12644=DESCRIPTIVE_REPRESENTATION_ITEM('ERST_DATUM','');
#12648=GENERAL_PROPERTY('','ZCHG_ERSTELLER','user defined attribute');
#12649=GENERAL_PROPERTY_ASSOCIATION('user defined attribute','',#12648,#12647);
#12650=DESCRIPTIVE_REPRESENTATION_ITEM('ZCHG_ERSTELLER','--');
#12654=GENERAL_PROPERTY('','PRUEFER','user defined attribute');
#12655=GENERAL_PROPERTY_ASSOCIATION('user defined attribute','',#12654,#12653);
#12656=DESCRIPTIVE_REPRESENTATION_ITEM('PRUEFER','--');
#12660=GENERAL_PROPERTY('','PRUEF_DATUM','user defined attribute');
#12661=GENERAL_PROPERTY_ASSOCIATION('user defined attribute','',#12660,#12659);
#12662=DESCRIPTIVE_REPRESENTATION_ITEM('PRUEF_DATUM','');
#12666=GENERAL_PROPERTY('','GEHOERT_ZU','user defined attribute');
#12667=GENERAL_PROPERTY_ASSOCIATION('user defined attribute','',#12666,#12665);
#12668=DESCRIPTIVE_REPRESENTATION_ITEM('GEHOERT_ZU','');
#12672=GENERAL_PROPERTY('','FEM','user defined attribute');
#12673=GENERAL_PROPERTY_ASSOCIATION('user defined attribute','',#12672,#12671);
#12674=DESCRIPTIVE_REPRESENTATION_ITEM('FEM','nein');
#12678=GENERAL_PROPERTY('','PTC_COMMON_NAME','user defined attribute');
#12679=GENERAL_PROPERTY_ASSOCIATION('user defined attribute','',#12678,#12677);
#12680=DESCRIPTIVE_REPRESENTATION_ITEM('PTC_COMMON_NAME','t21wn_5-20.prt');
#1=DRAUGHTING_PRE_DEFINED_COLOUR('black');
#2=COLOUR_RGB('',0.E0,1.882E-1,5.098E-1);
#3=COLOUR_RGB('',5.882352941176E-2,1.882352941176E-1,3.215686274510E-1);
#4=COLOUR_RGB('',7.84E-2,2.4E-2,9.02E-2);
#5=COLOUR_RGB('',1.608E-1,1.49E-1,4.275E-1);
#6=COLOUR_RGB('',1.765E-1,5.882E-1,1.E0);
#7=COLOUR_RGB('',2.E-1,8.E-1,8.E-1);
#8=COLOUR_RGB('',2.039E-1,3.412E-1,6.E-1);
#9=COLOUR_RGB('',2.117E-1,4.549E-1,5.137E-1);
#10=COLOUR_RGB('',2.235294117647E-1,8.117647058824E-1,3.098039215686E-1);
#11=COLOUR_RGB('',2.274509803922E-1,1.058823529412E-1,1.176470588235E-1);
#12=COLOUR_RGB('',2.509803921569E-1,2.509803921569E-1,2.509803921569E-1);
#13=COLOUR_RGB('',2.745E-1,4.235E-1,6.667E-1);
#14=COLOUR_RGB('',2.745E-1,7.059E-1,5.882E-1);
#15=COLOUR_RGB('',3.176E-1,3.529E-1,3.412E-1);
#16=COLOUR_RGB('',4.588E-1,4.784E-1,4.628E-1);
#17=COLOUR_RGB('',5.098E-1,3.725E-1,7.84E-2);
#18=COLOUR_RGB('',5.098E-1,1.E0,0.E0);
#19=COLOUR_RGB('',5.569E-1,5.608E-1,5.059E-1);
#20=COLOUR_RGB('',6.470588235294E-1,6.196078431373E-1,5.882352941176E-1);
#21=COLOUR_RGB('',6.902E-1,7.137E-1,6.98E-1);
#22=COLOUR_RGB('',7.059E-1,5.098E-1,3.922E-1);
#23=COLOUR_RGB('',7.294E-1,7.412E-1,6.745E-1);
#24=COLOUR_RGB('',7.686274509804E-1,7.098039215686E-1,3.019607843137E-1);
#25=COLOUR_RGB('',7.921568627451E-1,8.196078431373E-1,9.333333333333E-1);
#26=COLOUR_RGB('',7.960784313725E-1,4.666666666667E-1,7.411764705882E-1);
#27=COLOUR_RGB('',8.E-1,8.E-1,7.686E-1);
#28=COLOUR_RGB('',8.196078431373E-1,7.098039215686E-1,5.490196078431E-1);
#29=COLOUR_RGB('',8.627E-1,8.706E-1,8.588E-1);
#30=COLOUR_RGB('',8.784E-1,9.49E-1,1.E0);
#31=COLOUR_RGB('',9.922E-1,9.961E-1,9.765E-1);
#32=DRAUGHTING_PRE_DEFINED_COLOUR('red');
#33=COLOUR_RGB('',1.E0,7.451E-1,0.E0);
#34=DRAUGHTING_PRE_DEFINED_COLOUR('yellow');
#35=DRAUGHTING_PRE_DEFINED_COLOUR('white');
#48=CIRCLE('',#47,1.9E1);
#53=CIRCLE('',#52,1.9E1);
#58=CIRCLE('',#57,1.5E0);
#63=CIRCLE('',#62,1.5E0);
#68=CIRCLE('',#67,1.5E0);
#73=CIRCLE('',#72,1.5E0);
#78=CIRCLE('',#77,1.5E0);
#83=CIRCLE('',#82,1.5E0);
#88=CIRCLE('',#87,1.5E0);
#93=CIRCLE('',#92,1.5E0);
#118=CIRCLE('',#117,1.9E1);
#123=CIRCLE('',#122,1.9E1);
#128=CIRCLE('',#127,1.5E0);
#133=CIRCLE('',#132,1.5E0);
#138=CIRCLE('',#137,1.5E0);
#143=CIRCLE('',#142,1.5E0);
#148=CIRCLE('',#147,1.5E0);
#153=CIRCLE('',#152,1.5E0);
#158=CIRCLE('',#157,1.5E0);
#163=CIRCLE('',#162,1.5E0);
#256=CIRCLE('',#255,3.15E0);
#261=CIRCLE('',#260,3.15E0);
#266=CIRCLE('',#265,3.15E0);
#271=CIRCLE('',#270,3.15E0);
#292=CIRCLE('',#291,2.8E0);
#297=CIRCLE('',#296,2.8E0);
#310=CIRCLE('',#309,2.8E0);
#319=CIRCLE('',#318,2.8E0);
#324=CIRCLE('',#323,2.8E0);
#329=CIRCLE('',#328,2.8E0);
#334=CIRCLE('',#333,5.397098242986E0);
#346=B_SPLINE_CURVE_WITH_KNOTS('',3,(#335,#336,#337,#338,#339,#340,#341,#342,
#343,#344,#345),.UNSPECIFIED.,.F.,.F.,(4,1,1,1,1,1,1,1,4),(0.E0,1.25E-1,2.5E-1,
3.75E-1,5.E-1,6.25E-1,7.5E-1,8.75E-1,1.E0),.UNSPECIFIED.);
#351=CIRCLE('',#350,5.587366950939E0);
#356=CIRCLE('',#355,5.397098242986E0);
#361=CIRCLE('',#360,5.587366950939E0);
#373=B_SPLINE_CURVE_WITH_KNOTS('',3,(#362,#363,#364,#365,#366,#367,#368,#369,
#370,#371,#372),.UNSPECIFIED.,.F.,.F.,(4,1,1,1,1,1,1,1,4),(0.E0,1.25E-1,2.5E-1,
3.75E-1,5.E-1,6.25E-1,7.5E-1,8.75E-1,1.E0),.UNSPECIFIED.);
#378=CIRCLE('',#377,5.397098242986E0);
#390=B_SPLINE_CURVE_WITH_KNOTS('',3,(#379,#380,#381,#382,#383,#384,#385,#386,
#387,#388,#389),.UNSPECIFIED.,.F.,.F.,(4,1,1,1,1,1,1,1,4),(0.E0,1.25E-1,2.5E-1,
3.75E-1,5.E-1,6.25E-1,7.5E-1,8.75E-1,1.E0),.UNSPECIFIED.);
#395=CIRCLE('',#394,5.587366950939E0);
#400=CIRCLE('',#399,5.587366950939E0);
#412=B_SPLINE_CURVE_WITH_KNOTS('',3,(#401,#402,#403,#404,#405,#406,#407,#408,
#409,#410,#411),.UNSPECIFIED.,.F.,.F.,(4,1,1,1,1,1,1,1,4),(0.E0,1.25E-1,2.5E-1,
3.75E-1,5.E-1,6.25E-1,7.5E-1,8.75E-1,1.E0),.UNSPECIFIED.);
#425=CIRCLE('',#424,5.587366950939E0);
#434=CIRCLE('',#433,3.E-1);
#459=CIRCLE('',#458,5.587366950939E0);
#476=CIRCLE('',#475,5.587366950939E0);
#485=CIRCLE('',#484,3.E-1);
#526=CIRCLE('',#525,3.E-1);
#551=CIRCLE('',#550,5.587366950939E0);
#568=CIRCLE('',#567,5.397098242986E0);
#609=CIRCLE('',#608,3.E-1);
#626=CIRCLE('',#625,2.8E0);
#635=CIRCLE('',#634,2.8E0);
#644=CIRCLE('',#643,2.8E0);
#649=CIRCLE('',#648,2.8E0);
#658=CIRCLE('',#657,2.8E0);
#663=CIRCLE('',#662,2.8E0);
#668=CIRCLE('',#667,5.397098242986E0);
#680=B_SPLINE_CURVE_WITH_KNOTS('',3,(#669,#670,#671,#672,#673,#674,#675,#676,
#677,#678,#679),.UNSPECIFIED.,.F.,.F.,(4,1,1,1,1,1,1,1,4),(0.E0,1.25E-1,2.5E-1,
3.75E-1,5.E-1,6.25E-1,7.5E-1,8.75E-1,1.E0),.UNSPECIFIED.);
#685=CIRCLE('',#684,5.587366950939E0);
#690=CIRCLE('',#689,5.397098242986E0);
#695=CIRCLE('',#694,5.587366950939E0);
#707=B_SPLINE_CURVE_WITH_KNOTS('',3,(#696,#697,#698,#699,#700,#701,#702,#703,
#704,#705,#706),.UNSPECIFIED.,.F.,.F.,(4,1,1,1,1,1,1,1,4),(0.E0,1.25E-1,2.5E-1,
3.75E-1,5.E-1,6.25E-1,7.5E-1,8.75E-1,1.E0),.UNSPECIFIED.);
#712=CIRCLE('',#711,5.397098242986E0);
#724=B_SPLINE_CURVE_WITH_KNOTS('',3,(#713,#714,#715,#716,#717,#718,#719,#720,
#721,#722,#723),.UNSPECIFIED.,.F.,.F.,(4,1,1,1,1,1,1,1,4),(0.E0,1.25E-1,2.5E-1,
3.75E-1,5.E-1,6.25E-1,7.5E-1,8.75E-1,1.E0),.UNSPECIFIED.);
#729=CIRCLE('',#728,5.587366950939E0);
#734=CIRCLE('',#733,5.587366950939E0);
#746=B_SPLINE_CURVE_WITH_KNOTS('',3,(#735,#736,#737,#738,#739,#740,#741,#742,
#743,#744,#745),.UNSPECIFIED.,.F.,.F.,(4,1,1,1,1,1,1,1,4),(0.E0,1.25E-1,2.5E-1,
3.75E-1,5.E-1,6.25E-1,7.5E-1,8.75E-1,1.E0),.UNSPECIFIED.);
#759=CIRCLE('',#758,5.587366950939E0);
#788=CIRCLE('',#787,5.587366950939E0);
#793=CIRCLE('',#792,3.E-1);
#818=CIRCLE('',#817,5.397098242986E0);
#843=CIRCLE('',#842,3.E-1);
#860=CIRCLE('',#859,5.587366950939E0);
#885=CIRCLE('',#884,5.587366950939E0);
#898=CIRCLE('',#897,3.E-1);
#943=CIRCLE('',#942,3.E-1);
#956=CIRCLE('',#955,9.E0);
#965=CIRCLE('',#964,9.E0);
#994=CIRCLE('',#993,8.9E0);
#1011=CIRCLE('',#1010,8.9E0);
#1036=B_SPLINE_CURVE_WITH_KNOTS('',3,(#1028,#1029,#1030,#1031,#1032,#1033,#1034,
#1035),.UNSPECIFIED.,.F.,.F.,(4,1,1,1,1,4),(0.E0,2.E-1,4.E-1,6.E-1,8.E-1,1.E0),
.UNSPECIFIED.);
#1041=CIRCLE('',#1040,8.9E0);
#1050=B_SPLINE_CURVE_WITH_KNOTS('',3,(#1042,#1043,#1044,#1045,#1046,#1047,#1048,
#1049),.UNSPECIFIED.,.F.,.F.,(4,1,1,1,1,4),(0.E0,2.E-1,4.E-1,6.E-1,8.E-1,1.E0),
.UNSPECIFIED.);
#1063=B_SPLINE_CURVE_WITH_KNOTS('',3,(#1055,#1056,#1057,#1058,#1059,#1060,#1061,
#1062),.UNSPECIFIED.,.F.,.F.,(4,1,1,1,1,4),(0.E0,2.E-1,4.E-1,6.E-1,8.E-1,1.E0),
.UNSPECIFIED.);
#1068=CIRCLE('',#1067,8.9E0);
#1077=B_SPLINE_CURVE_WITH_KNOTS('',3,(#1069,#1070,#1071,#1072,#1073,#1074,#1075,
#1076),.UNSPECIFIED.,.F.,.F.,(4,1,1,1,1,4),(0.E0,2.E-1,4.E-1,6.E-1,8.E-1,1.E0),
.UNSPECIFIED.);
#1082=CIRCLE('',#1081,8.4E0);
#1087=CIRCLE('',#1086,8.4E0);
#1096=CIRCLE('',#1095,7.9E0);
#1105=CIRCLE('',#1104,7.9E0);
#1123=B_SPLINE_CURVE_WITH_KNOTS('',3,(#1114,#1115,#1116,#1117,#1118,#1119,#1120,
#1121,#1122),.UNSPECIFIED.,.F.,.F.,(4,1,1,1,1,1,4),(0.E0,1.666666666667E-1,
3.333333333333E-1,5.E-1,6.666666666667E-1,8.333333333333E-1,1.E0),
.UNSPECIFIED.);
#1133=B_SPLINE_CURVE_WITH_KNOTS('',3,(#1124,#1125,#1126,#1127,#1128,#1129,#1130,
#1131,#1132),.UNSPECIFIED.,.F.,.F.,(4,1,1,1,1,1,4),(0.E0,1.666666666667E-1,
3.333333333333E-1,5.E-1,6.666666666667E-1,8.333333333333E-1,1.E0),
.UNSPECIFIED.);
#1138=CIRCLE('',#1137,7.9E0);
#1143=CIRCLE('',#1142,7.4E0);
#1148=CIRCLE('',#1147,7.4E0);
#1153=CIRCLE('',#1152,6.75E0);
#1158=CIRCLE('',#1157,6.75E0);
#1168=B_SPLINE_CURVE_WITH_KNOTS('',3,(#1159,#1160,#1161,#1162,#1163,#1164,#1165,
#1166,#1167),.UNSPECIFIED.,.F.,.F.,(4,1,1,1,1,1,4),(0.E0,1.666666666667E-1,
3.333333333333E-1,5.E-1,6.666666666667E-1,8.333333333333E-1,1.E0),
.UNSPECIFIED.);
#1173=CIRCLE('',#1172,7.9E0);
#1183=B_SPLINE_CURVE_WITH_KNOTS('',3,(#1174,#1175,#1176,#1177,#1178,#1179,#1180,
#1181,#1182),.UNSPECIFIED.,.F.,.F.,(4,1,1,1,1,1,4),(0.E0,1.666666666667E-1,
3.333333333333E-1,5.E-1,6.666666666667E-1,8.333333333333E-1,1.E0),
.UNSPECIFIED.);
#1200=CIRCLE('',#1199,3.E-1);
#1205=CIRCLE('',#1204,6.75E0);
#1210=CIRCLE('',#1209,6.45E0);
#1215=CIRCLE('',#1214,6.45E0);
#1220=CIRCLE('',#1219,6.35E0);
#1225=CIRCLE('',#1224,6.35E0);
#1230=CIRCLE('',#1229,3.E-1);
#1235=CIRCLE('',#1234,6.75E0);
#1244=CIRCLE('',#1243,6.05E0);
#1249=CIRCLE('',#1248,3.E-1);
#1262=CIRCLE('',#1261,6.05E0);
#1267=CIRCLE('',#1266,1.1E0);
#1272=CIRCLE('',#1271,6.05E0);
#1277=CIRCLE('',#1276,6.05E0);
#1282=CIRCLE('',#1281,5.5E-1);
#1287=CIRCLE('',#1286,5.5E-1);
#1292=CIRCLE('',#1291,5.5E-1);
#1297=CIRCLE('',#1296,5.5E-1);
#1302=CIRCLE('',#1301,5.5E-1);
#1307=CIRCLE('',#1306,5.5E-1);
#1312=CIRCLE('',#1311,5.5E-1);
#1317=CIRCLE('',#1316,5.5E-1);
#1322=CIRCLE('',#1321,5.5E-1);
#1327=CIRCLE('',#1326,5.5E-1);
#1332=CIRCLE('',#1331,5.5E-1);
#1337=CIRCLE('',#1336,5.5E-1);
#1342=CIRCLE('',#1341,5.5E-1);
#1347=CIRCLE('',#1346,5.5E-1);
#1352=CIRCLE('',#1351,5.5E-1);
#1357=CIRCLE('',#1356,5.5E-1);
#1362=CIRCLE('',#1361,5.5E-1);
#1367=CIRCLE('',#1366,5.5E-1);
#1372=CIRCLE('',#1371,5.5E-1);
#1377=CIRCLE('',#1376,5.5E-1);
#1382=CIRCLE('',#1381,5.5E-1);
#1387=CIRCLE('',#1386,5.5E-1);
#1392=CIRCLE('',#1391,5.5E-1);
#1397=CIRCLE('',#1396,5.5E-1);
#1402=CIRCLE('',#1401,1.E0);
#1407=CIRCLE('',#1406,1.E0);
#1420=CIRCLE('',#1419,3.E-1);
#1425=CIRCLE('',#1424,6.05E0);
#1430=CIRCLE('',#1429,6.05E0);
#1438=B_SPLINE_CURVE_WITH_KNOTS('',3,(#1431,#1432,#1433,#1434,#1435,#1436,
#1437),.UNSPECIFIED.,.F.,.F.,(4,1,1,1,4),(0.E0,2.5E-1,5.E-1,7.5E-1,1.E0),
.UNSPECIFIED.);
#1443=CIRCLE('',#1442,1.1E0);
#1451=B_SPLINE_CURVE_WITH_KNOTS('',3,(#1444,#1445,#1446,#1447,#1448,#1449,
#1450),.UNSPECIFIED.,.F.,.F.,(4,1,1,1,4),(0.E0,2.5E-1,5.E-1,7.5E-1,1.E0),
.UNSPECIFIED.);
#1456=CIRCLE('',#1455,2.E-1);
#1464=B_SPLINE_CURVE_WITH_KNOTS('',3,(#1457,#1458,#1459,#1460,#1461,#1462,
#1463),.UNSPECIFIED.,.F.,.F.,(4,1,1,1,4),(0.E0,2.5E-1,5.E-1,7.5E-1,1.E0),
.UNSPECIFIED.);
#1469=CIRCLE('',#1468,6.126393202250E0);
#1474=CIRCLE('',#1473,9.E-1);
#1479=CIRCLE('',#1478,9.E-1);
#1484=CIRCLE('',#1483,9.E-1);
#1489=CIRCLE('',#1488,2.E-1);
#1497=B_SPLINE_CURVE_WITH_KNOTS('',3,(#1490,#1491,#1492,#1493,#1494,#1495,
#1496),.UNSPECIFIED.,.F.,.F.,(4,1,1,1,4),(0.E0,2.5E-1,5.E-1,7.5E-1,1.E0),
.UNSPECIFIED.);
#1510=CIRCLE('',#1509,4.E-1);
#1515=CIRCLE('',#1514,4.695848481752E-1);
#1520=CIRCLE('',#1519,4.695848481752E-1);
#1525=CIRCLE('',#1524,4.E-1);
#1530=CIRCLE('',#1529,6.964577011264E-2);
#1535=CIRCLE('',#1534,6.964577011264E-2);
#1548=CIRCLE('',#1547,4.E-1);
#1553=CIRCLE('',#1552,4.695848481752E-1);
#1558=CIRCLE('',#1557,4.695848481752E-1);
#1563=CIRCLE('',#1562,4.E-1);
#1568=CIRCLE('',#1567,6.964577011264E-2);
#1573=CIRCLE('',#1572,6.964577011264E-2);
#1586=CIRCLE('',#1585,4.E-1);
#1591=CIRCLE('',#1590,4.695848481752E-1);
#1596=CIRCLE('',#1595,4.695848481752E-1);
#1601=CIRCLE('',#1600,4.E-1);
#1606=CIRCLE('',#1605,6.964577011264E-2);
#1611=CIRCLE('',#1610,6.964577011264E-2);
#1624=CIRCLE('',#1623,4.E-1);
#1629=CIRCLE('',#1628,4.695848481752E-1);
#1634=CIRCLE('',#1633,4.695848481752E-1);
#1639=CIRCLE('',#1638,4.E-1);
#1644=CIRCLE('',#1643,6.964577011264E-2);
#1649=CIRCLE('',#1648,6.964577011264E-2);
#1662=CIRCLE('',#1661,4.E-1);
#1667=CIRCLE('',#1666,4.695848481752E-1);
#1672=CIRCLE('',#1671,4.695848481752E-1);
#1677=CIRCLE('',#1676,4.E-1);
#1682=CIRCLE('',#1681,6.964577011264E-2);
#1687=CIRCLE('',#1686,6.964577011264E-2);
#1700=CIRCLE('',#1699,4.E-1);
#1705=CIRCLE('',#1704,4.695848481752E-1);
#1710=CIRCLE('',#1709,4.695848481752E-1);
#1715=CIRCLE('',#1714,4.E-1);
#1720=CIRCLE('',#1719,6.964577011264E-2);
#1725=CIRCLE('',#1724,6.964577011264E-2);
#1738=CIRCLE('',#1737,4.E-1);
#1743=CIRCLE('',#1742,4.695848481752E-1);
#1748=CIRCLE('',#1747,4.695848481752E-1);
#1753=CIRCLE('',#1752,4.E-1);
#1758=CIRCLE('',#1757,6.964577011264E-2);
#1763=CIRCLE('',#1762,6.964577011264E-2);
#1776=CIRCLE('',#1775,4.E-1);
#1781=CIRCLE('',#1780,4.695848481752E-1);
#1786=CIRCLE('',#1785,4.695848481752E-1);
#1791=CIRCLE('',#1790,4.E-1);
#1796=CIRCLE('',#1795,6.964577011264E-2);
#1801=CIRCLE('',#1800,6.964577011264E-2);
#1814=CIRCLE('',#1813,4.E-1);
#1819=CIRCLE('',#1818,4.695848481752E-1);
#1824=CIRCLE('',#1823,4.695848481752E-1);
#1829=CIRCLE('',#1828,4.E-1);
#1834=CIRCLE('',#1833,6.964577011264E-2);
#1839=CIRCLE('',#1838,6.964577011264E-2);
#1852=CIRCLE('',#1851,4.E-1);
#1857=CIRCLE('',#1856,4.695848481752E-1);
#1862=CIRCLE('',#1861,4.695848481752E-1);
#1867=CIRCLE('',#1866,4.E-1);
#1872=CIRCLE('',#1871,6.964577011264E-2);
#1877=CIRCLE('',#1876,6.964577011264E-2);
#1890=CIRCLE('',#1889,4.E-1);
#1895=CIRCLE('',#1894,4.695848481752E-1);
#1900=CIRCLE('',#1899,4.695848481752E-1);
#1905=CIRCLE('',#1904,4.E-1);
#1910=CIRCLE('',#1909,6.964577011264E-2);
#1915=CIRCLE('',#1914,6.964577011264E-2);
#1928=CIRCLE('',#1927,4.E-1);
#1933=CIRCLE('',#1932,4.695848481752E-1);
#1938=CIRCLE('',#1937,4.695848481752E-1);
#1943=CIRCLE('',#1942,4.E-1);
#1948=CIRCLE('',#1947,6.964577011264E-2);
#1953=CIRCLE('',#1952,6.964577011264E-2);
#1958=CIRCLE('',#1957,1.5E0);
#1963=CIRCLE('',#1962,1.5E0);
#1968=CIRCLE('',#1967,1.E0);
#2053=CIRCLE('',#2052,1.5E0);
#2058=CIRCLE('',#2057,1.5E0);
#2063=CIRCLE('',#2062,1.5E0);
#2068=CIRCLE('',#2067,1.5E0);
#2073=CIRCLE('',#2072,1.5E0);
#2078=CIRCLE('',#2077,1.5E0);
#2083=CIRCLE('',#2082,1.5E0);
#2088=CIRCLE('',#2087,1.5E0);
#2101=CIRCLE('',#2100,1.5E0);
#2106=CIRCLE('',#2105,1.5E0);
#2111=CIRCLE('',#2110,1.25E0);
#2116=CIRCLE('',#2115,1.25E0);
#2121=CIRCLE('',#2120,1.25E0);
#2130=CIRCLE('',#2129,1.25E0);
#2155=CIRCLE('',#2154,1.5E0);
#2160=CIRCLE('',#2159,1.5E0);
#2165=CIRCLE('',#2164,1.25E0);
#2170=CIRCLE('',#2169,1.25E0);
#2175=CIRCLE('',#2174,1.25E0);
#2184=CIRCLE('',#2183,1.25E0);
#2209=CIRCLE('',#2208,1.5E0);
#2214=CIRCLE('',#2213,1.5E0);
#2219=CIRCLE('',#2218,1.25E0);
#2224=CIRCLE('',#2223,1.25E0);
#2229=CIRCLE('',#2228,1.25E0);
#2238=CIRCLE('',#2237,1.25E0);
#2263=CIRCLE('',#2262,1.5E0);
#2268=CIRCLE('',#2267,1.5E0);
#2273=CIRCLE('',#2272,1.25E0);
#2278=CIRCLE('',#2277,1.25E0);
#2283=CIRCLE('',#2282,1.25E0);
#2292=CIRCLE('',#2291,1.25E0);
#2309=CIRCLE('',#2308,2.5E0);
#2314=CIRCLE('',#2313,2.5E0);
#2331=CIRCLE('',#2330,1.9E1);
#2340=CIRCLE('',#2339,1.9E1);
#2345=CIRCLE('',#2344,1.871132486541E1);
#2350=CIRCLE('',#2349,1.871132486541E1);
#2355=CIRCLE('',#2354,1.788867513459E1);
#2360=CIRCLE('',#2359,1.788867513459E1);
#2365=CIRCLE('',#2364,1.76E1);
#2374=CIRCLE('',#2373,1.76E1);
#2383=CIRCLE('',#2382,1.76E1);
#2396=CIRCLE('',#2395,1.76E1);
#2401=CIRCLE('',#2400,8.5E0);
#2410=CIRCLE('',#2409,8.5E0);
#2423=CIRCLE('',#2422,8.5E0);
#2428=CIRCLE('',#2427,8.E0);
#2433=CIRCLE('',#2432,8.E0);
#2442=CIRCLE('',#2441,8.5E0);
#2459=CIRCLE('',#2458,8.E0);
#2468=CIRCLE('',#2467,8.E0);
#2473=CIRCLE('',#2472,7.5E0);
#2478=CIRCLE('',#2477,7.5E0);
#2483=CIRCLE('',#2482,1.675E0);
#2488=CIRCLE('',#2487,1.675E0);
#2497=CIRCLE('',#2496,8.E-1);
#2502=CIRCLE('',#2501,8.E-1);
#2519=CIRCLE('',#2518,8.E-1);
#2528=CIRCLE('',#2527,8.E-1);
#2545=CIRCLE('',#2544,1.5E0);
#2550=CIRCLE('',#2549,1.5E0);
#2555=CIRCLE('',#2554,1.25E0);
#2560=CIRCLE('',#2559,1.25E0);
#2565=CIRCLE('',#2564,1.25E0);
#2574=CIRCLE('',#2573,1.25E0);
#2599=CIRCLE('',#2598,1.5E0);
#2604=CIRCLE('',#2603,1.5E0);
#2609=CIRCLE('',#2608,1.25E0);
#2614=CIRCLE('',#2613,1.25E0);
#2619=CIRCLE('',#2618,1.25E0);
#2628=CIRCLE('',#2627,1.25E0);
#2653=CIRCLE('',#2652,1.5E0);
#2658=CIRCLE('',#2657,1.5E0);
#2663=CIRCLE('',#2662,1.25E0);
#2668=CIRCLE('',#2667,1.25E0);
#2673=CIRCLE('',#2672,1.25E0);
#2682=CIRCLE('',#2681,1.25E0);
#2707=CIRCLE('',#2706,1.5E0);
#2712=CIRCLE('',#2711,1.5E0);
#2717=CIRCLE('',#2716,1.25E0);
#2722=CIRCLE('',#2721,1.25E0);
#2727=CIRCLE('',#2726,1.25E0);
#2736=CIRCLE('',#2735,1.25E0);
#2761=CIRCLE('',#2760,1.9E1);
#2770=CIRCLE('',#2769,1.9E1);
#2775=CIRCLE('',#2774,1.871132486541E1);
#2780=CIRCLE('',#2779,1.871132486541E1);
#2785=CIRCLE('',#2784,1.788867513459E1);
#2790=CIRCLE('',#2789,1.788867513459E1);
#2795=CIRCLE('',#2794,1.76E1);
#2808=CIRCLE('',#2807,1.85E1);
#2813=CIRCLE('',#2812,1.85E1);
#2818=CIRCLE('',#2817,1.76E1);
#2823=CIRCLE('',#2822,1.76E1);
#2828=CIRCLE('',#2827,1.85E1);
#2837=CIRCLE('',#2836,1.85E1);
#2846=CIRCLE('',#2845,8.5E0);
#2855=CIRCLE('',#2854,8.5E0);
#2864=CIRCLE('',#2863,8.E0);
#2873=CIRCLE('',#2872,8.5E0);
#2890=CIRCLE('',#2889,8.E0);
#2899=CIRCLE('',#2898,8.E0);
#2904=CIRCLE('',#2903,7.5E0);
#2909=CIRCLE('',#2908,7.5E0);
#2914=CIRCLE('',#2913,1.675E0);
#2919=CIRCLE('',#2918,1.675E0);
#2928=CIRCLE('',#2927,8.E-1);
#2933=CIRCLE('',#2932,8.E-1);
#2950=CIRCLE('',#2949,8.E-1);
#2959=CIRCLE('',#2958,8.E-1);
#2972=CIRCLE('',#2971,8.5E0);
#2977=CIRCLE('',#2976,8.E0);
#2990=CIRCLE('',#2989,1.76E1);
#3003=CIRCLE('',#3002,1.5E0);
#3008=CIRCLE('',#3007,1.5E0);
#3013=CIRCLE('',#3012,1.25E0);
#3018=CIRCLE('',#3017,1.25E0);
#3023=CIRCLE('',#3022,1.25E0);
#3032=CIRCLE('',#3031,1.25E0);
#3057=CIRCLE('',#3056,1.5E0);
#3062=CIRCLE('',#3061,1.5E0);
#3067=CIRCLE('',#3066,1.25E0);
#3072=CIRCLE('',#3071,1.25E0);
#3077=CIRCLE('',#3076,1.25E0);
#3086=CIRCLE('',#3085,1.25E0);
#3111=CIRCLE('',#3110,1.5E0);
#3116=CIRCLE('',#3115,1.5E0);
#3121=CIRCLE('',#3120,1.25E0);
#3126=CIRCLE('',#3125,1.25E0);
#3131=CIRCLE('',#3130,1.25E0);
#3140=CIRCLE('',#3139,1.25E0);
#3165=CIRCLE('',#3164,1.5E0);
#3170=CIRCLE('',#3169,1.5E0);
#3175=CIRCLE('',#3174,1.25E0);
#3180=CIRCLE('',#3179,1.25E0);
#3185=CIRCLE('',#3184,1.25E0);
#3194=CIRCLE('',#3193,1.25E0);
#4054=EDGE_CURVE('',#3252,#3251,#48,.T.);
#4056=EDGE_CURVE('',#3255,#3251,#39,.T.);
#4058=EDGE_CURVE('',#3255,#3256,#2770,.T.);
#4060=EDGE_CURVE('',#3256,#3252,#2752,.T.);
#4064=ADVANCED_FACE('',(#4063),#4053,.T.);
#4070=EDGE_CURVE('',#3633,#3244,#97,.T.);
#4072=EDGE_CURVE('',#3633,#3634,#187,.T.);
#4074=EDGE_CURVE('',#3634,#3229,#43,.T.);
#4076=EDGE_CURVE('',#3229,#3244,#2048,.T.);
#4081=EDGE_CURVE('',#3251,#3252,#53,.T.);
#4085=EDGE_CURVE('',#3921,#3922,#58,.T.);
#4087=EDGE_CURVE('',#3922,#3921,#63,.T.);
#4091=EDGE_CURVE('',#3933,#3934,#68,.T.);
#4093=EDGE_CURVE('',#3934,#3933,#73,.T.);
#4097=EDGE_CURVE('',#3945,#3946,#78,.T.);
#4099=EDGE_CURVE('',#3946,#3945,#83,.T.);
#4103=EDGE_CURVE('',#3957,#3958,#88,.T.);
#4105=EDGE_CURVE('',#3958,#3957,#93,.T.);
#4109=ADVANCED_FACE('',(#4079,#4084,#4090,#4096,#4102,#4108),#4069,.T.);
#4115=EDGE_CURVE('',#3608,#3217,#105,.T.);
#4117=EDGE_CURVE('',#3608,#3597,#207,.T.);
#4119=EDGE_CURVE('',#3597,#3633,#175,.T.);
#4122=EDGE_CURVE('',#3244,#3217,#2040,.T.);
#4126=ADVANCED_FACE('',(#4125),#4114,.T.);
#4132=EDGE_CURVE('',#3218,#3630,#101,.T.);
#4134=EDGE_CURVE('',#3630,#3608,#191,.T.);
#4137=EDGE_CURVE('',#3217,#3218,#2028,.T.);
#4141=ADVANCED_FACE('',(#4140),#4131,.F.);
#4147=EDGE_CURVE('',#3274,#3640,#109,.T.);
#4149=EDGE_CURVE('',#3640,#3621,#231,.T.);
#4151=EDGE_CURVE('',#3621,#3630,#195,.T.);
#4154=EDGE_CURVE('',#3218,#3274,#2016,.T.);
#4158=ADVANCED_FACE('',(#4157),#4146,.T.);
#4164=EDGE_CURVE('',#3278,#3646,#113,.T.);
#4166=EDGE_CURVE('',#3646,#3640,#211,.T.);
#4169=EDGE_CURVE('',#3274,#3278,#2004,.T.);
#4173=EDGE_CURVE('',#3613,#3614,#2314,.T.);
#4175=EDGE_CURVE('',#3613,#3614,#2309,.T.);
#4179=EDGE_CURVE('',#3213,#3214,#118,.T.);
#4181=EDGE_CURVE('',#3214,#3213,#123,.T.);
#4185=EDGE_CURVE('',#3853,#3854,#128,.T.);
#4187=EDGE_CURVE('',#3854,#3853,#133,.T.);
#4191=EDGE_CURVE('',#3865,#3866,#138,.T.);
#4193=EDGE_CURVE('',#3866,#3865,#143,.T.);
#4197=EDGE_CURVE('',#3877,#3878,#148,.T.);
#4199=EDGE_CURVE('',#3878,#3877,#153,.T.);
#4203=EDGE_CURVE('',#3889,#3890,#158,.T.);
#4205=EDGE_CURVE('',#3890,#3889,#163,.T.);
#4209=ADVANCED_FACE('',(#4172,#4178,#4184,#4190,#4196,#4202,#4208),#4163,.T.);
#4215=EDGE_CURVE('',#3637,#3209,#171,.T.);
#4217=EDGE_CURVE('',#3637,#3638,#235,.T.);
#4219=EDGE_CURVE('',#3638,#3646,#215,.T.);
#4222=EDGE_CURVE('',#3278,#3209,#1996,.T.);
#4226=ADVANCED_FACE('',(#4225),#4214,.T.);
#4232=EDGE_CURVE('',#3210,#3642,#167,.T.);
#4234=EDGE_CURVE('',#3642,#3637,#239,.T.);
#4237=EDGE_CURVE('',#3209,#3210,#1984,.T.);
#4241=ADVANCED_FACE('',(#4240),#4231,.F.);
#4248=EDGE_CURVE('',#3634,#3606,#183,.T.);
#4250=EDGE_CURVE('',#3606,#3642,#243,.T.);
#4253=EDGE_CURVE('',#3210,#3229,#1972,.T.);
#4257=ADVANCED_FACE('',(#4256),#4246,.T.);
#4264=EDGE_CURVE('',#3597,#3598,#203,.T.);
#4266=EDGE_CURVE('',#3605,#3598,#179,.T.);
#4268=EDGE_CURVE('',#3605,#3606,#247,.T.);
#4274=ADVANCED_FACE('',(#4273),#4262,.T.);
#4282=EDGE_CURVE('',#3621,#3622,#227,.T.);
#4284=EDGE_CURVE('',#3598,#3622,#199,.T.);
#4290=ADVANCED_FACE('',(#4289),#4279,.T.);
#4298=EDGE_CURVE('',#3628,#3638,#219,.T.);
#4300=EDGE_CURVE('',#3622,#3628,#223,.T.);
#4306=ADVANCED_FACE('',(#4305),#4295,.T.);
#4317=EDGE_CURVE('',#3628,#3605,#251,.T.);
#4321=ADVANCED_FACE('',(#4320),#4311,.T.);
#4333=EDGE_CURVE('',#3625,#3626,#256,.T.);
#4335=EDGE_CURVE('',#3626,#3625,#261,.T.);
#4339=EDGE_CURVE('',#3618,#3617,#266,.T.);
#4341=EDGE_CURVE('',#3617,#3618,#271,.T.);
#4345=EDGE_CURVE('',#3644,#3601,#965,.T.);
#4347=EDGE_CURVE('',#3610,#3644,#275,.T.);
#4349=EDGE_CURVE('',#3602,#3610,#279,.T.);
#4351=EDGE_CURVE('',#3601,#3602,#283,.T.);
#4355=ADVANCED_FACE('',(#4332,#4338,#4344,#4354),#4326,.T.);
#4375=EDGE_CURVE('',#3652,#3649,#297,.T.);
#4377=EDGE_CURVE('',#3625,#3649,#287,.T.);
#4380=EDGE_CURVE('',#3626,#3654,#305,.T.);
#4382=EDGE_CURVE('',#3654,#3652,#319,.T.);
#4386=ADVANCED_FACE('',(#4385),#4374,.F.);
#4406=EDGE_CURVE('',#3649,#3650,#292,.T.);
#4409=EDGE_CURVE('',#3325,#3652,#301,.T.);
#4411=EDGE_CURVE('',#3324,#3325,#324,.T.);
#4413=EDGE_CURVE('',#3324,#3650,#314,.T.);
#4417=ADVANCED_FACE('',(#4416),#4405,.T.);
#4438=EDGE_CURVE('',#3650,#3654,#310,.T.);
#4445=ADVANCED_FACE('',(#4444),#4436,.F.);
#4467=EDGE_CURVE('',#3325,#3324,#329,.T.);
#4473=ADVANCED_FACE('',(#4472),#4464,.T.);
#4533=EDGE_CURVE('',#3313,#3281,#334,.T.);
#4535=EDGE_CURVE('',#3281,#3290,#425,.T.);
#4537=EDGE_CURVE('',#3291,#3290,#346,.T.);
#4539=EDGE_CURVE('',#3305,#3291,#351,.T.);
#4541=EDGE_CURVE('',#3305,#3287,#356,.T.);
#4543=EDGE_CURVE('',#3293,#3287,#361,.T.);
#4545=EDGE_CURVE('',#3292,#3293,#373,.T.);
#4547=EDGE_CURVE('',#3292,#3320,#459,.T.);
#4549=EDGE_CURVE('',#3320,#3308,#378,.T.);
#4551=EDGE_CURVE('',#3308,#3284,#476,.T.);
#4553=EDGE_CURVE('',#3283,#3284,#390,.T.);
#4555=EDGE_CURVE('',#3298,#3283,#395,.T.);
#4557=EDGE_CURVE('',#3298,#3302,#568,.T.);
#4559=EDGE_CURVE('',#3317,#3302,#400,.T.);
#4561=EDGE_CURVE('',#3312,#3317,#412,.T.);
#4563=EDGE_CURVE('',#3312,#3313,#551,.T.);
#4567=ADVANCED_FACE('',(#4532,#4566),#4528,.T.);
#4573=EDGE_CURVE('',#3281,#3282,#416,.T.);
#4576=EDGE_CURVE('',#3313,#3315,#546,.T.);
#4578=EDGE_CURVE('',#3315,#3282,#559,.T.);
#4582=ADVANCED_FACE('',(#4581),#4572,.F.);
#4588=EDGE_CURVE('',#3753,#3754,#420,.T.);
#4590=EDGE_CURVE('',#3754,#3290,#617,.T.);
#4594=EDGE_CURVE('',#3753,#3282,#429,.T.);
#4598=ADVANCED_FACE('',(#4597),#4587,.F.);
#4604=EDGE_CURVE('',#3733,#3734,#434,.T.);
#4606=EDGE_CURVE('',#3734,#3762,#576,.T.);
#4608=EDGE_CURVE('',#3741,#3762,#600,.T.);
#4610=EDGE_CURVE('',#3741,#3742,#588,.T.);
#4612=EDGE_CURVE('',#3742,#3754,#609,.T.);
#4615=EDGE_CURVE('',#3737,#3753,#555,.T.);
#4617=EDGE_CURVE('',#3737,#3738,#538,.T.);
#4619=EDGE_CURVE('',#3738,#3748,#526,.T.);
#4621=EDGE_CURVE('',#3748,#3745,#517,.T.);
#4623=EDGE_CURVE('',#3745,#3746,#509,.T.);
#4625=EDGE_CURVE('',#3746,#3750,#497,.T.);
#4627=EDGE_CURVE('',#3750,#3756,#485,.T.);
#4629=EDGE_CURVE('',#3756,#3760,#471,.T.);
#4631=EDGE_CURVE('',#3760,#3758,#463,.T.);
#4633=EDGE_CURVE('',#3758,#3733,#446,.T.);
#4637=ADVANCED_FACE('',(#4636),#4603,.T.);
#4652=EDGE_CURVE('',#3292,#3733,#438,.T.);
#4655=EDGE_CURVE('',#3734,#3293,#442,.T.);
#4659=ADVANCED_FACE('',(#4658),#4650,.T.);
#4666=EDGE_CURVE('',#3321,#3758,#450,.T.);
#4668=EDGE_CURVE('',#3320,#3321,#454,.T.);
#4674=ADVANCED_FACE('',(#4673),#4664,.F.);
#4681=EDGE_CURVE('',#3760,#3309,#480,.T.);
#4683=EDGE_CURVE('',#3321,#3309,#467,.T.);
#4688=ADVANCED_FACE('',(#4687),#4679,.F.);
#4695=EDGE_CURVE('',#3756,#3284,#493,.T.);
#4698=EDGE_CURVE('',#3308,#3309,#572,.T.);
#4703=ADVANCED_FACE('',(#4702),#4693,.F.);
#4718=EDGE_CURVE('',#3283,#3750,#489,.T.);
#4724=ADVANCED_FACE('',(#4723),#4716,.T.);
#4731=EDGE_CURVE('',#3299,#3746,#501,.T.);
#4733=EDGE_CURVE('',#3298,#3299,#505,.T.);
#4739=ADVANCED_FACE('',(#4738),#4729,.F.);
#4746=EDGE_CURVE('',#3745,#3303,#521,.T.);
#4748=EDGE_CURVE('',#3299,#3303,#513,.T.);
#4753=ADVANCED_FACE('',(#4752),#4744,.F.);
#4760=EDGE_CURVE('',#3748,#3317,#534,.T.);
#4763=EDGE_CURVE('',#3302,#3303,#563,.T.);
#4768=ADVANCED_FACE('',(#4767),#4758,.F.);
#4783=EDGE_CURVE('',#3312,#3738,#530,.T.);
#4789=ADVANCED_FACE('',(#4788),#4781,.T.);
#4796=EDGE_CURVE('',#3315,#3737,#542,.T.);
#4803=ADVANCED_FACE('',(#4802),#4794,.F.);
#4815=ADVANCED_FACE('',(#4814),#4808,.F.);
#4827=ADVANCED_FACE('',(#4826),#4820,.F.);
#4839=ADVANCED_FACE('',(#4838),#4832,.F.);
#4848=EDGE_CURVE('',#3287,#3288,#584,.T.);
#4850=EDGE_CURVE('',#3762,#3288,#580,.T.);
#4854=ADVANCED_FACE('',(#4853),#4844,.F.);
#4862=EDGE_CURVE('',#3305,#3295,#596,.T.);
#4864=EDGE_CURVE('',#3295,#3288,#604,.T.);
#4868=ADVANCED_FACE('',(#4867),#4859,.F.);
#4875=EDGE_CURVE('',#3295,#3741,#592,.T.);
#4879=EDGE_CURVE('',#3291,#3742,#613,.T.);
#4883=ADVANCED_FACE('',(#4882),#4873,.F.);
#4895=ADVANCED_FACE('',(#4894),#4888,.F.);
#4915=ADVANCED_FACE('',(#4914),#4908,.T.);
#4935=EDGE_CURVE('',#3658,#3660,#635,.T.);
#4937=EDGE_CURVE('',#3660,#3662,#649,.T.);
#4939=EDGE_CURVE('',#3618,#3662,#621,.T.);
#4942=EDGE_CURVE('',#3617,#3658,#639,.T.);
#4946=ADVANCED_FACE('',(#4945),#4934,.F.);
#4966=EDGE_CURVE('',#3657,#3658,#626,.T.);
#4968=EDGE_CURVE('',#3369,#3657,#630,.T.);
#4970=EDGE_CURVE('',#3370,#3369,#663,.T.);
#4972=EDGE_CURVE('',#3370,#3660,#653,.T.);
#4977=ADVANCED_FACE('',(#4976),#4965,.T.);
#5001=EDGE_CURVE('',#3662,#3657,#644,.T.);
#5005=ADVANCED_FACE('',(#5004),#4996,.F.);
#5028=EDGE_CURVE('',#3369,#3370,#658,.T.);
#5033=ADVANCED_FACE('',(#5032),#5024,.T.);
#5093=EDGE_CURVE('',#3332,#3365,#668,.T.);
#5095=EDGE_CURVE('',#3365,#3347,#759,.T.);
#5097=EDGE_CURVE('',#3346,#3347,#680,.T.);
#5099=EDGE_CURVE('',#3357,#3346,#685,.T.);
#5101=EDGE_CURVE('',#3357,#3341,#690,.T.);
#5103=EDGE_CURVE('',#3335,#3341,#695,.T.);
#5105=EDGE_CURVE('',#3334,#3335,#707,.T.);
#5107=EDGE_CURVE('',#3334,#3328,#885,.T.);
#5109=EDGE_CURVE('',#3328,#3359,#712,.T.);
#5111=EDGE_CURVE('',#3359,#3366,#860,.T.);
#5113=EDGE_CURVE('',#3363,#3366,#724,.T.);
#5115=EDGE_CURVE('',#3349,#3363,#729,.T.);
#5117=EDGE_CURVE('',#3349,#3361,#818,.T.);
#5119=EDGE_CURVE('',#3355,#3361,#734,.T.);
#5121=EDGE_CURVE('',#3354,#3355,#746,.T.);
#5123=EDGE_CURVE('',#3354,#3332,#788,.T.);
#5127=ADVANCED_FACE('',(#5092,#5126),#5088,.T.);
#5133=EDGE_CURVE('',#3365,#3337,#750,.T.);
#5136=EDGE_CURVE('',#3332,#3333,#783,.T.);
#5138=EDGE_CURVE('',#3333,#3337,#771,.T.);
#5142=ADVANCED_FACE('',(#5141),#5132,.F.);
#5148=EDGE_CURVE('',#3765,#3766,#754,.T.);
#5150=EDGE_CURVE('',#3766,#3347,#951,.T.);
#5154=EDGE_CURVE('',#3765,#3337,#763,.T.);
#5158=ADVANCED_FACE('',(#5157),#5147,.F.);
#5165=EDGE_CURVE('',#3772,#3765,#767,.T.);
#5167=EDGE_CURVE('',#3772,#3777,#775,.T.);
#5169=EDGE_CURVE('',#3777,#3778,#793,.T.);
#5171=EDGE_CURVE('',#3778,#3789,#805,.T.);
#5173=EDGE_CURVE('',#3789,#3790,#834,.T.);
#5175=EDGE_CURVE('',#3790,#3769,#822,.T.);
#5177=EDGE_CURVE('',#3769,#3770,#843,.T.);
#5179=EDGE_CURVE('',#3770,#3774,#855,.T.);
#5181=EDGE_CURVE('',#3774,#3794,#889,.T.);
#5183=EDGE_CURVE('',#3794,#3792,#872,.T.);
#5185=EDGE_CURVE('',#3792,#3784,#898,.T.);
#5187=EDGE_CURVE('',#3784,#3782,#910,.T.);
#5189=EDGE_CURVE('',#3781,#3782,#934,.T.);
#5191=EDGE_CURVE('',#3781,#3786,#922,.T.);
#5193=EDGE_CURVE('',#3786,#3766,#943,.T.);
#5197=ADVANCED_FACE('',(#5196),#5163,.T.);
#5206=EDGE_CURVE('',#3333,#3772,#779,.T.);
#5210=ADVANCED_FACE('',(#5209),#5202,.F.);
#5220=EDGE_CURVE('',#3354,#3777,#797,.T.);
#5224=ADVANCED_FACE('',(#5223),#5215,.F.);
#5241=EDGE_CURVE('',#3778,#3355,#801,.T.);
#5245=ADVANCED_FACE('',(#5244),#5237,.T.);
#5254=EDGE_CURVE('',#3361,#3345,#813,.T.);
#5256=EDGE_CURVE('',#3789,#3345,#809,.T.);
#5260=ADVANCED_FACE('',(#5259),#5250,.F.);
#5268=EDGE_CURVE('',#3349,#3344,#830,.T.);
#5270=EDGE_CURVE('',#3344,#3345,#838,.T.);
#5274=ADVANCED_FACE('',(#5273),#5265,.F.);
#5281=EDGE_CURVE('',#3344,#3790,#826,.T.);
#5285=EDGE_CURVE('',#3363,#3769,#847,.T.);
#5289=ADVANCED_FACE('',(#5288),#5279,.F.);
#5301=ADVANCED_FACE('',(#5300),#5294,.F.);
#5318=EDGE_CURVE('',#3770,#3366,#851,.T.);
#5322=ADVANCED_FACE('',(#5321),#5314,.T.);
#5331=EDGE_CURVE('',#3359,#3339,#868,.T.);
#5333=EDGE_CURVE('',#3774,#3339,#864,.T.);
#5337=ADVANCED_FACE('',(#5336),#5327,.F.);
#5345=EDGE_CURVE('',#3328,#3329,#880,.T.);
#5347=EDGE_CURVE('',#3329,#3339,#893,.T.);
#5351=ADVANCED_FACE('',(#5350),#5342,.F.);
#5358=EDGE_CURVE('',#3329,#3794,#876,.T.);
#5362=EDGE_CURVE('',#3334,#3792,#902,.T.);
#5366=ADVANCED_FACE('',(#5365),#5356,.F.);
#5378=ADVANCED_FACE('',(#5377),#5371,.F.);
#5395=EDGE_CURVE('',#3784,#3335,#906,.T.);
#5399=ADVANCED_FACE('',(#5398),#5391,.T.);
#5408=EDGE_CURVE('',#3341,#3353,#918,.T.);
#5410=EDGE_CURVE('',#3782,#3353,#914,.T.);
#5414=ADVANCED_FACE('',(#5413),#5404,.F.);
#5422=EDGE_CURVE('',#3357,#3352,#930,.T.);
#5424=EDGE_CURVE('',#3352,#3353,#938,.T.);
#5428=ADVANCED_FACE('',(#5427),#5419,.F.);
#5435=EDGE_CURVE('',#3352,#3781,#926,.T.);
#5439=EDGE_CURVE('',#3346,#3786,#947,.T.);
#5443=ADVANCED_FACE('',(#5442),#5433,.F.);
#5455=ADVANCED_FACE('',(#5454),#5448,.F.);
#5475=ADVANCED_FACE('',(#5474),#5468,.T.);
#5501=EDGE_CURVE('',#3805,#3806,#956,.T.);
#5503=EDGE_CURVE('',#3644,#3806,#960,.T.);
#5506=EDGE_CURVE('',#3805,#3601,#969,.T.);
#5510=ADVANCED_FACE('',(#5509),#5500,.F.);
#5517=EDGE_CURVE('',#3810,#3805,#973,.T.);
#5519=EDGE_CURVE('',#3809,#3810,#977,.T.);
#5521=EDGE_CURVE('',#3806,#3809,#985,.T.);
#5525=EDGE_CURVE('',#3797,#3798,#994,.T.);
#5527=EDGE_CURVE('',#3797,#3802,#1023,.T.);
#5529=EDGE_CURVE('',#3800,#3802,#1011,.T.);
#5531=EDGE_CURVE('',#3798,#3800,#1006,.T.);
#5535=ADVANCED_FACE('',(#5524,#5534),#5515,.T.);
#5544=EDGE_CURVE('',#3602,#3810,#981,.T.);
#5548=ADVANCED_FACE('',(#5547),#5540,.F.);
#5557=EDGE_CURVE('',#3610,#3809,#989,.T.);
#5561=ADVANCED_FACE('',(#5560),#5553,.F.);
#5573=ADVANCED_FACE('',(#5572),#5566,.F.);
#5594=EDGE_CURVE('',#3421,#3798,#998,.T.);
#5596=EDGE_CURVE('',#3421,#3422,#1041,.T.);
#5598=EDGE_CURVE('',#3797,#3422,#1002,.T.);
#5602=ADVANCED_FACE('',(#5601),#5592,.T.);
#5609=EDGE_CURVE('',#3800,#3519,#1019,.T.);
#5611=EDGE_CURVE('',#3519,#3467,#1063,.T.);
#5613=EDGE_CURVE('',#3467,#3421,#1050,.T.);
#5618=ADVANCED_FACE('',(#5617),#5607,.F.);
#5639=EDGE_CURVE('',#3592,#3802,#1015,.T.);
#5641=EDGE_CURVE('',#3592,#3519,#1068,.T.);
#5646=ADVANCED_FACE('',(#5645),#5637,.T.);
#5654=EDGE_CURVE('',#3422,#3387,#1036,.T.);
#5656=EDGE_CURVE('',#3387,#3592,#1077,.T.);
#5661=ADVANCED_FACE('',(#5660),#5651,.F.);
#5681=EDGE_CURVE('',#3387,#3388,#1027,.T.);
#5686=EDGE_CURVE('',#3467,#3501,#1054,.T.);
#5688=EDGE_CURVE('',#3501,#3388,#1082,.T.);
#5692=ADVANCED_FACE('',(#5691),#5680,.T.);
#5712=EDGE_CURVE('',#3388,#3501,#1087,.T.);
#5721=ADVANCED_FACE('',(#5720),#5711,.T.);
#5731=EDGE_CURVE('',#3553,#3554,#1091,.T.);
#5733=EDGE_CURVE('',#3375,#3553,#1096,.T.);
#5735=EDGE_CURVE('',#3580,#3375,#1100,.T.);
#5737=EDGE_CURVE('',#3554,#3580,#1105,.T.);
#5741=ADVANCED_FACE('',(#5730,#5740),#5726,.F.);
#5747=EDGE_CURVE('',#3416,#3553,#1109,.T.);
#5750=EDGE_CURVE('',#3554,#3518,#1187,.T.);
#5752=EDGE_CURVE('',#3518,#3506,#1168,.T.);
#5754=EDGE_CURVE('',#3506,#3416,#1123,.T.);
#5758=ADVANCED_FACE('',(#5757),#5746,.F.);
#5775=EDGE_CURVE('',#3416,#3376,#1138,.T.);
#5777=EDGE_CURVE('',#3375,#3376,#1113,.T.);
#5782=ADVANCED_FACE('',(#5781),#5773,.T.);
#5803=EDGE_CURVE('',#3506,#3507,#1143,.T.);
#5805=EDGE_CURVE('',#3376,#3507,#1133,.T.);
#5810=ADVANCED_FACE('',(#5809),#5801,.T.);
#5817=EDGE_CURVE('',#3507,#3506,#1148,.T.);
#5821=EDGE_CURVE('',#3521,#3429,#1153,.T.);
#5823=EDGE_CURVE('',#3429,#3521,#1158,.T.);
#5827=ADVANCED_FACE('',(#5820,#5826),#5815,.F.);
#5848=EDGE_CURVE('',#3583,#3518,#1173,.T.);
#5850=EDGE_CURVE('',#3507,#3583,#1183,.T.);
#5855=ADVANCED_FACE('',(#5854),#5846,.T.);
#5873=EDGE_CURVE('',#3583,#3580,#1191,.T.);
#5878=ADVANCED_FACE('',(#5877),#5870,.T.);
#5891=ADVANCED_FACE('',(#5890),#5883,.F.);
#5911=EDGE_CURVE('',#3430,#3544,#1205,.T.);
#5913=EDGE_CURVE('',#3521,#3544,#1195,.T.);
#5916=EDGE_CURVE('',#3429,#3430,#1239,.T.);
#5920=ADVANCED_FACE('',(#5919),#5910,.T.);
#5976=EDGE_CURVE('',#3475,#3474,#1215,.T.);
#5978=EDGE_CURVE('',#3544,#3474,#1200,.T.);
#5981=EDGE_CURVE('',#3430,#3475,#1230,.T.);
#5985=ADVANCED_FACE('',(#5984),#5975,.T.);
#5991=EDGE_CURVE('',#3474,#3475,#1210,.T.);
#5996=EDGE_CURVE('',#3550,#3399,#1220,.T.);
#5998=EDGE_CURVE('',#3399,#3550,#1225,.T.);
#6002=ADVANCED_FACE('',(#5995,#6001),#5990,.F.);
#6059=EDGE_CURVE('',#3544,#3430,#1235,.T.);
#6065=ADVANCED_FACE('',(#6064),#6057,.T.);
#6091=ADVANCED_FACE('',(#6090),#6084,.T.);
#6159=EDGE_CURVE('',#3469,#3400,#1244,.T.);
#6161=EDGE_CURVE('',#3550,#3469,#1249,.T.);
#6164=EDGE_CURVE('',#3399,#3400,#1420,.T.);
#6168=ADVANCED_FACE('',(#6167),#6158,.T.);
#6188=EDGE_CURVE('',#3469,#3465,#1253,.T.);
#6191=EDGE_CURVE('',#3400,#3568,#1411,.T.);
#6193=EDGE_CURVE('',#3568,#3465,#1277,.T.);
#6197=ADVANCED_FACE('',(#6196),#6187,.F.);
#6211=EDGE_CURVE('',#3465,#3466,#1272,.T.);
#6213=EDGE_CURVE('',#3558,#3466,#1257,.T.);
#6215=EDGE_CURVE('',#3558,#3469,#1425,.T.);
#6220=ADVANCED_FACE('',(#6219),#6210,.F.);
#6226=EDGE_CURVE('',#3591,#3568,#1262,.T.);
#6228=EDGE_CURVE('',#3466,#3591,#1267,.T.);
#6234=EDGE_CURVE('',#3418,#3391,#1282,.T.);
#6236=EDGE_CURVE('',#3391,#3418,#1287,.T.);
#6240=EDGE_CURVE('',#3458,#3457,#1292,.T.);
#6242=EDGE_CURVE('',#3457,#3458,#1297,.T.);
#6246=EDGE_CURVE('',#3383,#3574,#1302,.T.);
#6248=EDGE_CURVE('',#3574,#3383,#1307,.T.);
#6252=EDGE_CURVE('',#3379,#3380,#1312,.T.);
#6254=EDGE_CURVE('',#3380,#3379,#1317,.T.);
#6258=EDGE_CURVE('',#3486,#3487,#1322,.T.);
#6260=EDGE_CURVE('',#3487,#3486,#1327,.T.);
#6264=EDGE_CURVE('',#3527,#3526,#1332,.T.);
#6266=EDGE_CURVE('',#3526,#3527,#1337,.T.);
#6270=EDGE_CURVE('',#3447,#3448,#1342,.T.);
#6272=EDGE_CURVE('',#3448,#3447,#1347,.T.);
#6276=EDGE_CURVE('',#3425,#3426,#1352,.T.);
#6278=EDGE_CURVE('',#3426,#3425,#1357,.T.);
#6282=EDGE_CURVE('',#3513,#3489,#1362,.T.);
#6284=EDGE_CURVE('',#3489,#3513,#1367,.T.);
#6288=EDGE_CURVE('',#3462,#3461,#1372,.T.);
#6290=EDGE_CURVE('',#3461,#3462,#1377,.T.);
#6294=EDGE_CURVE('',#3572,#3571,#1382,.T.);
#6296=EDGE_CURVE('',#3571,#3572,#1387,.T.);
#6300=EDGE_CURVE('',#3560,#3556,#1392,.T.);
#6302=EDGE_CURVE('',#3556,#3560,#1397,.T.);
#6306=EDGE_CURVE('',#3532,#3594,#1402,.T.);
#6308=EDGE_CURVE('',#3532,#3533,#1968,.T.);
#6310=EDGE_CURVE('',#3594,#3533,#1407,.T.);
#6314=ADVANCED_FACE('',(#6233,#6239,#6245,#6251,#6257,#6263,#6269,#6275,#6281,
#6287,#6293,#6299,#6305,#6313),#6225,.T.);
#6329=EDGE_CURVE('',#3400,#3517,#1430,.T.);
#6331=EDGE_CURVE('',#3591,#3517,#1415,.T.);
#6336=ADVANCED_FACE('',(#6335),#6327,.F.);
#6408=EDGE_CURVE('',#3558,#3499,#1438,.T.);
#6410=EDGE_CURVE('',#3499,#3538,#1497,.T.);
#6412=EDGE_CURVE('',#3538,#3371,#1469,.T.);
#6414=EDGE_CURVE('',#3371,#3372,#1464,.T.);
#6416=EDGE_CURVE('',#3372,#3517,#1451,.T.);
#6421=ADVANCED_FACE('',(#6420),#6403,.T.);
#6487=EDGE_CURVE('',#3517,#3558,#1443,.T.);
#6490=EDGE_CURVE('',#3483,#3372,#1456,.T.);
#6492=EDGE_CURVE('',#3483,#3498,#1479,.T.);
#6494=EDGE_CURVE('',#3498,#3499,#1489,.T.);
#6498=ADVANCED_FACE('',(#6497),#6485,.T.);
#6520=ADVANCED_FACE('',(#6519),#6513,.T.);
#6559=EDGE_CURVE('',#3371,#3483,#1484,.T.);
#6564=ADVANCED_FACE('',(#6563),#6557,.T.);
#6571=EDGE_CURVE('',#3498,#3538,#1474,.T.);
#6577=ADVANCED_FACE('',(#6576),#6569,.T.);
#6620=ADVANCED_FACE('',(#6619),#6614,.T.);
#6636=EDGE_CURVE('',#3418,#3440,#1501,.T.);
#6639=EDGE_CURVE('',#3391,#3392,#1505,.T.);
#6641=EDGE_CURVE('',#3392,#3440,#1520,.T.);
#6645=ADVANCED_FACE('',(#6644),#6635,.T.);
#6661=EDGE_CURVE('',#3440,#3392,#1515,.T.);
#6668=ADVANCED_FACE('',(#6667),#6660,.T.);
#6733=EDGE_CURVE('',#3491,#3440,#1510,.T.);
#6735=EDGE_CURVE('',#3491,#3454,#1535,.T.);
#6737=EDGE_CURVE('',#3454,#3392,#1525,.T.);
#6742=ADVANCED_FACE('',(#6741),#6732,.T.);
#6809=EDGE_CURVE('',#3454,#3491,#1530,.T.);
#6814=ADVANCED_FACE('',(#6813),#6806,.T.);
#6824=ADVANCED_FACE('',(#6823),#6819,.T.);
#6840=EDGE_CURVE('',#3458,#3585,#1539,.T.);
#6843=EDGE_CURVE('',#3457,#3452,#1543,.T.);
#6845=EDGE_CURVE('',#3452,#3585,#1558,.T.);
#6849=ADVANCED_FACE('',(#6848),#6839,.T.);
#6865=EDGE_CURVE('',#3585,#3452,#1553,.T.);
#6872=ADVANCED_FACE('',(#6871),#6864,.T.);
#6937=EDGE_CURVE('',#3529,#3585,#1548,.T.);
#6939=EDGE_CURVE('',#3529,#3451,#1573,.T.);
#6941=EDGE_CURVE('',#3451,#3452,#1563,.T.);
#6946=ADVANCED_FACE('',(#6945),#6936,.T.);
#7013=EDGE_CURVE('',#3451,#3529,#1568,.T.);
#7018=ADVANCED_FACE('',(#7017),#7010,.T.);
#7028=ADVANCED_FACE('',(#7027),#7023,.T.);
#7044=EDGE_CURVE('',#3383,#3384,#1577,.T.);
#7047=EDGE_CURVE('',#3574,#3587,#1581,.T.);
#7049=EDGE_CURVE('',#3587,#3384,#1596,.T.);
#7053=ADVANCED_FACE('',(#7052),#7043,.T.);
#7069=EDGE_CURVE('',#3384,#3587,#1591,.T.);
#7076=ADVANCED_FACE('',(#7075),#7068,.T.);
#7141=EDGE_CURVE('',#3404,#3384,#1586,.T.);
#7143=EDGE_CURVE('',#3404,#3403,#1611,.T.);
#7145=EDGE_CURVE('',#3403,#3587,#1601,.T.);
#7150=ADVANCED_FACE('',(#7149),#7140,.T.);
#7217=EDGE_CURVE('',#3403,#3404,#1606,.T.);
#7222=ADVANCED_FACE('',(#7221),#7214,.T.);
#7232=ADVANCED_FACE('',(#7231),#7227,.T.);
#7248=EDGE_CURVE('',#3379,#3495,#1615,.T.);
#7251=EDGE_CURVE('',#3380,#3562,#1619,.T.);
#7253=EDGE_CURVE('',#3562,#3495,#1634,.T.);
#7257=ADVANCED_FACE('',(#7256),#7247,.T.);
#7273=EDGE_CURVE('',#3495,#3562,#1629,.T.);
#7280=ADVANCED_FACE('',(#7279),#7272,.T.);
#7345=EDGE_CURVE('',#3494,#3495,#1624,.T.);
#7347=EDGE_CURVE('',#3494,#3564,#1649,.T.);
#7349=EDGE_CURVE('',#3564,#3562,#1639,.T.);
#7354=ADVANCED_FACE('',(#7353),#7344,.T.);
#7421=EDGE_CURVE('',#3564,#3494,#1644,.T.);
#7426=ADVANCED_FACE('',(#7425),#7418,.T.);
#7436=ADVANCED_FACE('',(#7435),#7431,.T.);
#7452=EDGE_CURVE('',#3486,#3471,#1653,.T.);
#7455=EDGE_CURVE('',#3487,#3438,#1657,.T.);
#7457=EDGE_CURVE('',#3438,#3471,#1672,.T.);
#7461=ADVANCED_FACE('',(#7460),#7451,.T.);
#7477=EDGE_CURVE('',#3471,#3438,#1667,.T.);
#7484=ADVANCED_FACE('',(#7483),#7476,.T.);
#7549=EDGE_CURVE('',#3436,#3471,#1662,.T.);
#7551=EDGE_CURVE('',#3436,#3435,#1687,.T.);
#7553=EDGE_CURVE('',#3435,#3438,#1677,.T.);
#7558=ADVANCED_FACE('',(#7557),#7548,.T.);
#7625=EDGE_CURVE('',#3435,#3436,#1682,.T.);
#7630=ADVANCED_FACE('',(#7629),#7622,.T.);
#7640=ADVANCED_FACE('',(#7639),#7635,.T.);
#7656=EDGE_CURVE('',#3527,#3576,#1691,.T.);
#7659=EDGE_CURVE('',#3526,#3414,#1695,.T.);
#7661=EDGE_CURVE('',#3414,#3576,#1710,.T.);
#7665=ADVANCED_FACE('',(#7664),#7655,.T.);
#7681=EDGE_CURVE('',#3576,#3414,#1705,.T.);
#7688=ADVANCED_FACE('',(#7687),#7680,.T.);
#7753=EDGE_CURVE('',#3566,#3576,#1700,.T.);
#7755=EDGE_CURVE('',#3566,#3413,#1725,.T.);
#7757=EDGE_CURVE('',#3413,#3414,#1715,.T.);
#7762=ADVANCED_FACE('',(#7761),#7752,.T.);
#7829=EDGE_CURVE('',#3413,#3566,#1720,.T.);
#7834=ADVANCED_FACE('',(#7833),#7826,.T.);
#7844=ADVANCED_FACE('',(#7843),#7839,.T.);
#7860=EDGE_CURVE('',#3447,#3523,#1729,.T.);
#7863=EDGE_CURVE('',#3448,#3511,#1733,.T.);
#7865=EDGE_CURVE('',#3511,#3523,#1748,.T.);
#7869=ADVANCED_FACE('',(#7868),#7859,.T.);
#7885=EDGE_CURVE('',#3523,#3511,#1743,.T.);
#7892=ADVANCED_FACE('',(#7891),#7884,.T.);
#7957=EDGE_CURVE('',#3537,#3523,#1738,.T.);
#7959=EDGE_CURVE('',#3537,#3536,#1763,.T.);
#7961=EDGE_CURVE('',#3536,#3511,#1753,.T.);
#7966=ADVANCED_FACE('',(#7965),#7956,.T.);
#8033=EDGE_CURVE('',#3536,#3537,#1758,.T.);
#8038=ADVANCED_FACE('',(#8037),#8030,.T.);
#8048=ADVANCED_FACE('',(#8047),#8043,.T.);
#8064=EDGE_CURVE('',#3425,#3481,#1767,.T.);
#8067=EDGE_CURVE('',#3426,#3408,#1771,.T.);
#8069=EDGE_CURVE('',#3408,#3481,#1786,.T.);
#8073=ADVANCED_FACE('',(#8072),#8063,.T.);
#8089=EDGE_CURVE('',#3481,#3408,#1781,.T.);
#8096=ADVANCED_FACE('',(#8095),#8088,.T.);
#8161=EDGE_CURVE('',#3578,#3481,#1776,.T.);
#8163=EDGE_CURVE('',#3578,#3407,#1801,.T.);
#8165=EDGE_CURVE('',#3407,#3408,#1791,.T.);
#8170=ADVANCED_FACE('',(#8169),#8160,.T.);
#8237=EDGE_CURVE('',#3407,#3578,#1796,.T.);
#8242=ADVANCED_FACE('',(#8241),#8234,.T.);
#8252=ADVANCED_FACE('',(#8251),#8247,.T.);
#8268=EDGE_CURVE('',#3513,#3509,#1805,.T.);
#8271=EDGE_CURVE('',#3489,#3444,#1809,.T.);
#8273=EDGE_CURVE('',#3444,#3509,#1824,.T.);
#8277=ADVANCED_FACE('',(#8276),#8267,.T.);
#8293=EDGE_CURVE('',#3509,#3444,#1819,.T.);
#8300=ADVANCED_FACE('',(#8299),#8292,.T.);
#8365=EDGE_CURVE('',#3542,#3509,#1814,.T.);
#8367=EDGE_CURVE('',#3542,#3443,#1839,.T.);
#8369=EDGE_CURVE('',#3443,#3444,#1829,.T.);
#8374=ADVANCED_FACE('',(#8373),#8364,.T.);
#8441=EDGE_CURVE('',#3443,#3542,#1834,.T.);
#8446=ADVANCED_FACE('',(#8445),#8438,.T.);
#8456=ADVANCED_FACE('',(#8455),#8451,.T.);
#8472=EDGE_CURVE('',#3462,#3540,#1843,.T.);
#8475=EDGE_CURVE('',#3461,#3515,#1847,.T.);
#8477=EDGE_CURVE('',#3515,#3540,#1862,.T.);
#8481=ADVANCED_FACE('',(#8480),#8471,.T.);
#8497=EDGE_CURVE('',#3540,#3515,#1857,.T.);
#8504=ADVANCED_FACE('',(#8503),#8496,.T.);
#8569=EDGE_CURVE('',#3548,#3540,#1852,.T.);
#8571=EDGE_CURVE('',#3548,#3547,#1877,.T.);
#8573=EDGE_CURVE('',#3547,#3515,#1867,.T.);
#8578=ADVANCED_FACE('',(#8577),#8568,.T.);
#8645=EDGE_CURVE('',#3547,#3548,#1872,.T.);
#8650=ADVANCED_FACE('',(#8649),#8642,.T.);
#8660=ADVANCED_FACE('',(#8659),#8655,.T.);
#8676=EDGE_CURVE('',#3572,#3410,#1881,.T.);
#8679=EDGE_CURVE('',#3571,#3396,#1885,.T.);
#8681=EDGE_CURVE('',#3396,#3410,#1900,.T.);
#8685=ADVANCED_FACE('',(#8684),#8675,.T.);
#8701=EDGE_CURVE('',#3410,#3396,#1895,.T.);
#8708=ADVANCED_FACE('',(#8707),#8700,.T.);
#8773=EDGE_CURVE('',#3432,#3410,#1890,.T.);
#8775=EDGE_CURVE('',#3432,#3395,#1915,.T.);
#8777=EDGE_CURVE('',#3395,#3396,#1905,.T.);
#8782=ADVANCED_FACE('',(#8781),#8772,.T.);
#8849=EDGE_CURVE('',#3395,#3432,#1910,.T.);
#8854=ADVANCED_FACE('',(#8853),#8846,.T.);
#8864=ADVANCED_FACE('',(#8863),#8859,.T.);
#8880=EDGE_CURVE('',#3560,#3479,#1919,.T.);
#8883=EDGE_CURVE('',#3556,#3503,#1923,.T.);
#8885=EDGE_CURVE('',#3503,#3479,#1938,.T.);
#8889=ADVANCED_FACE('',(#8888),#8879,.T.);
#8905=EDGE_CURVE('',#3479,#3503,#1933,.T.);
#8912=ADVANCED_FACE('',(#8911),#8904,.T.);
#8977=EDGE_CURVE('',#3478,#3479,#1928,.T.);
#8979=EDGE_CURVE('',#3478,#3589,#1953,.T.);
#8981=EDGE_CURVE('',#3589,#3503,#1943,.T.);
#8986=ADVANCED_FACE('',(#8985),#8976,.T.);
#9053=EDGE_CURVE('',#3589,#3478,#1948,.T.);
#9058=ADVANCED_FACE('',(#9057),#9050,.T.);
#9068=ADVANCED_FACE('',(#9067),#9063,.T.);
#9112=EDGE_CURVE('',#3532,#3582,#1958,.T.);
#9116=EDGE_CURVE('',#3533,#3582,#1963,.T.);
#9120=ADVANCED_FACE('',(#9119),#9111,.T.);
#9169=ADVANCED_FACE('',(#9168),#9163,.T.);
#9176=EDGE_CURVE('',#3230,#3210,#1976,.T.);
#9178=EDGE_CURVE('',#3229,#3230,#1980,.T.);
#9182=ADVANCED_FACE('',(#9181),#9174,.T.);
#9190=EDGE_CURVE('',#3236,#3209,#1988,.T.);
#9192=EDGE_CURVE('',#3230,#3236,#1992,.T.);
#9196=ADVANCED_FACE('',(#9195),#9187,.F.);
#9203=EDGE_CURVE('',#3236,#3278,#2000,.T.);
#9208=ADVANCED_FACE('',(#9207),#9201,.T.);
#9216=EDGE_CURVE('',#3274,#3232,#2012,.T.);
#9218=EDGE_CURVE('',#3236,#3232,#2008,.T.);
#9222=ADVANCED_FACE('',(#9221),#9213,.T.);
#9228=EDGE_CURVE('',#3218,#3232,#2024,.T.);
#9234=ADVANCED_FACE('',(#9233),#9227,.T.);
#9240=EDGE_CURVE('',#3217,#3243,#2036,.T.);
#9242=EDGE_CURVE('',#3232,#3243,#2020,.T.);
#9248=ADVANCED_FACE('',(#9247),#9239,.F.);
#9254=EDGE_CURVE('',#3243,#3244,#2032,.T.);
#9260=ADVANCED_FACE('',(#9259),#9253,.T.);
#9267=EDGE_CURVE('',#3243,#3230,#2044,.T.);
#9273=ADVANCED_FACE('',(#9272),#9265,.T.);
#9285=EDGE_CURVE('',#3997,#3998,#2053,.T.);
#9287=EDGE_CURVE('',#3998,#3997,#2058,.T.);
#9291=EDGE_CURVE('',#4005,#4006,#2063,.T.);
#9293=EDGE_CURVE('',#4006,#4005,#2068,.T.);
#9297=EDGE_CURVE('',#4021,#4022,#2073,.T.);
#9299=EDGE_CURVE('',#4022,#4021,#2078,.T.);
#9303=EDGE_CURVE('',#4033,#4034,#2083,.T.);
#9305=EDGE_CURVE('',#4034,#4033,#2088,.T.);
#9309=ADVANCED_FACE('',(#9284,#9290,#9296,#9302,#9308),#9278,.F.);
#9326=EDGE_CURVE('',#3998,#3990,#2096,.T.);
#9328=EDGE_CURVE('',#3989,#3990,#2101,.T.);
#9330=EDGE_CURVE('',#3997,#3989,#2092,.T.);
#9334=ADVANCED_FACE('',(#9333),#9324,.F.);
#9352=EDGE_CURVE('',#3990,#3989,#2106,.T.);
#9357=ADVANCED_FACE('',(#9356),#9349,.F.);
#9367=EDGE_CURVE('',#3993,#3994,#2111,.T.);
#9369=EDGE_CURVE('',#3994,#3993,#2121,.T.);
#9373=ADVANCED_FACE('',(#9366,#9372),#9362,.F.);
#9390=EDGE_CURVE('',#3966,#3993,#2134,.T.);
#9392=EDGE_CURVE('',#3966,#3968,#2116,.T.);
#9394=EDGE_CURVE('',#3968,#3994,#2125,.T.);
#9398=ADVANCED_FACE('',(#9397),#9388,.F.);
#9416=EDGE_CURVE('',#3966,#3968,#2130,.T.);
#9421=ADVANCED_FACE('',(#9420),#9413,.F.);
#9437=EDGE_CURVE('',#3965,#3966,#2138,.T.);
#9440=EDGE_CURVE('',#3965,#3968,#2142,.T.);
#9444=ADVANCED_FACE('',(#9443),#9436,.F.);
#9465=ADVANCED_FACE('',(#9464),#9459,.F.);
#9482=EDGE_CURVE('',#4006,#4002,#2150,.T.);
#9484=EDGE_CURVE('',#4001,#4002,#2155,.T.);
#9486=EDGE_CURVE('',#4005,#4001,#2146,.T.);
#9490=ADVANCED_FACE('',(#9489),#9480,.F.);
#9508=EDGE_CURVE('',#4002,#4001,#2160,.T.);
#9513=ADVANCED_FACE('',(#9512),#9505,.F.);
#9523=EDGE_CURVE('',#4009,#4010,#2165,.T.);
#9525=EDGE_CURVE('',#4010,#4009,#2175,.T.);
#9529=ADVANCED_FACE('',(#9522,#9528),#9518,.F.);
#9546=EDGE_CURVE('',#3972,#4009,#2188,.T.);
#9548=EDGE_CURVE('',#3972,#3974,#2170,.T.);
#9550=EDGE_CURVE('',#3974,#4010,#2179,.T.);
#9554=ADVANCED_FACE('',(#9553),#9544,.F.);
#9572=EDGE_CURVE('',#3972,#3974,#2184,.T.);
#9577=ADVANCED_FACE('',(#9576),#9569,.F.);
#9593=EDGE_CURVE('',#3971,#3972,#2192,.T.);
#9596=EDGE_CURVE('',#3971,#3974,#2196,.T.);
#9600=ADVANCED_FACE('',(#9599),#9592,.F.);
#9621=ADVANCED_FACE('',(#9620),#9615,.F.);
#9638=EDGE_CURVE('',#4022,#4014,#2204,.T.);
#9640=EDGE_CURVE('',#4013,#4014,#2209,.T.);
#9642=EDGE_CURVE('',#4021,#4013,#2200,.T.);
#9646=ADVANCED_FACE('',(#9645),#9636,.F.);
#9664=EDGE_CURVE('',#4014,#4013,#2214,.T.);
#9669=ADVANCED_FACE('',(#9668),#9661,.F.);
#9679=EDGE_CURVE('',#4017,#4018,#2219,.T.);
#9681=EDGE_CURVE('',#4018,#4017,#2229,.T.);
#9685=ADVANCED_FACE('',(#9678,#9684),#9674,.F.);
#9702=EDGE_CURVE('',#3978,#4017,#2242,.T.);
#9704=EDGE_CURVE('',#3978,#3980,#2224,.T.);
#9706=EDGE_CURVE('',#3980,#4018,#2233,.T.);
#9710=ADVANCED_FACE('',(#9709),#9700,.F.);
#9728=EDGE_CURVE('',#3978,#3980,#2238,.T.);
#9733=ADVANCED_FACE('',(#9732),#9725,.F.);
#9749=EDGE_CURVE('',#3977,#3978,#2246,.T.);
#9752=EDGE_CURVE('',#3977,#3980,#2250,.T.);
#9756=ADVANCED_FACE('',(#9755),#9748,.F.);
#9777=ADVANCED_FACE('',(#9776),#9771,.F.);
#9794=EDGE_CURVE('',#4034,#4026,#2258,.T.);
#9796=EDGE_CURVE('',#4025,#4026,#2263,.T.);
#9798=EDGE_CURVE('',#4033,#4025,#2254,.T.);
#9802=ADVANCED_FACE('',(#9801),#9792,.F.);
#9820=EDGE_CURVE('',#4026,#4025,#2268,.T.);
#9825=ADVANCED_FACE('',(#9824),#9817,.F.);
#9835=EDGE_CURVE('',#4029,#4030,#2273,.T.);
#9837=EDGE_CURVE('',#4030,#4029,#2283,.T.);
#9841=ADVANCED_FACE('',(#9834,#9840),#9830,.F.);
#9858=EDGE_CURVE('',#3984,#4029,#2296,.T.);
#9860=EDGE_CURVE('',#3984,#3986,#2278,.T.);
#9862=EDGE_CURVE('',#3986,#4030,#2287,.T.);
#9866=ADVANCED_FACE('',(#9865),#9856,.F.);
#9884=EDGE_CURVE('',#3984,#3986,#2292,.T.);
#9889=ADVANCED_FACE('',(#9888),#9881,.F.);
#9905=EDGE_CURVE('',#3983,#3984,#2300,.T.);
#9908=EDGE_CURVE('',#3983,#3986,#2304,.T.);
#9912=ADVANCED_FACE('',(#9911),#9904,.F.);
#9933=ADVANCED_FACE('',(#9932),#9927,.F.);
#9993=ADVANCED_FACE('',(#9992),#9988,.F.);
#10014=EDGE_CURVE('',#3246,#3214,#2318,.T.);
#10016=EDGE_CURVE('',#3246,#3248,#2340,.T.);
#10018=EDGE_CURVE('',#3248,#3213,#2322,.T.);
#10022=ADVANCED_FACE('',(#10021),#10012,.T.);
#10043=EDGE_CURVE('',#3248,#3246,#2331,.T.);
#10049=ADVANCED_FACE('',(#10048),#10041,.T.);
#10069=EDGE_CURVE('',#3246,#3239,#2326,.T.);
#10072=EDGE_CURVE('',#3248,#3240,#2335,.T.);
#10074=EDGE_CURVE('',#3240,#3239,#2345,.T.);
#10078=ADVANCED_FACE('',(#10077),#10068,.T.);
#10098=EDGE_CURVE('',#3239,#3240,#2350,.T.);
#10105=ADVANCED_FACE('',(#10104),#10097,.T.);
#10115=EDGE_CURVE('',#3225,#3226,#2355,.T.);
#10117=EDGE_CURVE('',#3226,#3225,#2360,.T.);
#10121=ADVANCED_FACE('',(#10114,#10120),#10110,.F.);
#10141=EDGE_CURVE('',#3276,#3234,#2365,.T.);
#10143=EDGE_CURVE('',#3225,#3276,#2369,.T.);
#10146=EDGE_CURVE('',#3226,#3234,#2391,.T.);
#10150=ADVANCED_FACE('',(#10149),#10140,.F.);
#10170=EDGE_CURVE('',#3729,#3730,#2374,.T.);
#10172=EDGE_CURVE('',#3276,#3730,#2378,.T.);
#10175=EDGE_CURVE('',#3234,#3729,#2387,.T.);
#10179=ADVANCED_FACE('',(#10178),#10169,.F.);
#10186=EDGE_CURVE('',#3730,#3729,#2383,.T.);
#10190=EDGE_CURVE('',#3813,#3814,#2401,.T.);
#10192=EDGE_CURVE('',#3814,#3813,#2410,.T.);
#10196=ADVANCED_FACE('',(#10189,#10195),#10184,.T.);
#10218=EDGE_CURVE('',#3234,#3276,#2396,.T.);
#10223=ADVANCED_FACE('',(#10222),#10215,.F.);
#10249=ADVANCED_FACE('',(#10248),#10242,.F.);
#10270=EDGE_CURVE('',#3705,#3813,#2405,.T.);
#10272=EDGE_CURVE('',#3705,#3706,#2442,.T.);
#10274=EDGE_CURVE('',#3706,#3814,#2414,.T.);
#10278=ADVANCED_FACE('',(#10277),#10268,.T.);
#10300=EDGE_CURVE('',#3706,#3705,#2423,.T.);
#10305=ADVANCED_FACE('',(#10304),#10297,.T.);
#10325=EDGE_CURVE('',#3705,#3714,#2418,.T.);
#10328=EDGE_CURVE('',#3706,#3713,#2437,.T.);
#10330=EDGE_CURVE('',#3714,#3713,#2428,.T.);
#10334=ADVANCED_FACE('',(#10333),#10324,.T.);
#10354=EDGE_CURVE('',#3713,#3714,#2433,.T.);
#10361=ADVANCED_FACE('',(#10360),#10353,.T.);
#10382=EDGE_CURVE('',#3702,#3714,#2446,.T.);
#10384=EDGE_CURVE('',#3702,#3701,#2468,.T.);
#10386=EDGE_CURVE('',#3701,#3713,#2450,.T.);
#10390=ADVANCED_FACE('',(#10389),#10380,.T.);
#10411=EDGE_CURVE('',#3701,#3702,#2459,.T.);
#10417=ADVANCED_FACE('',(#10416),#10409,.T.);
#10437=EDGE_CURVE('',#3702,#3685,#2454,.T.);
#10440=EDGE_CURVE('',#3701,#3686,#2463,.T.);
#10442=EDGE_CURVE('',#3686,#3685,#2473,.T.);
#10446=ADVANCED_FACE('',(#10445),#10436,.T.);
#10466=EDGE_CURVE('',#3685,#3686,#2478,.T.);
#10473=ADVANCED_FACE('',(#10472),#10465,.T.);
#10483=EDGE_CURVE('',#3710,#3722,#2483,.T.);
#10485=EDGE_CURVE('',#3722,#3710,#2488,.T.);
#10489=ADVANCED_FACE('',(#10482,#10488),#10478,.F.);
#10505=EDGE_CURVE('',#3710,#3689,#2492,.T.);
#10508=EDGE_CURVE('',#3722,#3669,#2506,.T.);
#10510=EDGE_CURVE('',#3689,#3669,#2497,.T.);
#10514=ADVANCED_FACE('',(#10513),#10504,.F.);
#10530=EDGE_CURVE('',#3669,#3689,#2502,.T.);
#10537=ADVANCED_FACE('',(#10536),#10529,.F.);
#10553=EDGE_CURVE('',#3690,#3670,#2519,.T.);
#10555=EDGE_CURVE('',#3669,#3670,#2510,.T.);
#10558=EDGE_CURVE('',#3689,#3690,#2532,.T.);
#10562=ADVANCED_FACE('',(#10561),#10552,.F.);
#10578=EDGE_CURVE('',#3670,#3692,#2514,.T.);
#10581=EDGE_CURVE('',#3690,#3692,#2523,.T.);
#10585=ADVANCED_FACE('',(#10584),#10577,.F.);
#10602=EDGE_CURVE('',#3670,#3690,#2528,.T.);
#10607=ADVANCED_FACE('',(#10606),#10600,.F.);
#10629=ADVANCED_FACE('',(#10628),#10622,.F.);
#10646=EDGE_CURVE('',#3854,#3846,#2540,.T.);
#10648=EDGE_CURVE('',#3845,#3846,#2545,.T.);
#10650=EDGE_CURVE('',#3853,#3845,#2536,.T.);
#10654=ADVANCED_FACE('',(#10653),#10644,.F.);
#10672=EDGE_CURVE('',#3846,#3845,#2550,.T.);
#10677=ADVANCED_FACE('',(#10676),#10669,.F.);
#10687=EDGE_CURVE('',#3849,#3850,#2555,.T.);
#10689=EDGE_CURVE('',#3850,#3849,#2565,.T.);
#10693=ADVANCED_FACE('',(#10686,#10692),#10682,.F.);
#10710=EDGE_CURVE('',#3822,#3849,#2578,.T.);
#10712=EDGE_CURVE('',#3822,#3824,#2560,.T.);
#10714=EDGE_CURVE('',#3824,#3850,#2569,.T.);
#10718=ADVANCED_FACE('',(#10717),#10708,.F.);
#10736=EDGE_CURVE('',#3822,#3824,#2574,.T.);
#10741=ADVANCED_FACE('',(#10740),#10733,.F.);
#10757=EDGE_CURVE('',#3821,#3822,#2582,.T.);
#10760=EDGE_CURVE('',#3821,#3824,#2586,.T.);
#10764=ADVANCED_FACE('',(#10763),#10756,.F.);
#10785=ADVANCED_FACE('',(#10784),#10779,.F.);
#10802=EDGE_CURVE('',#3866,#3858,#2594,.T.);
#10804=EDGE_CURVE('',#3857,#3858,#2599,.T.);
#10806=EDGE_CURVE('',#3865,#3857,#2590,.T.);
#10810=ADVANCED_FACE('',(#10809),#10800,.F.);
#10828=EDGE_CURVE('',#3858,#3857,#2604,.T.);
#10833=ADVANCED_FACE('',(#10832),#10825,.F.);
#10843=EDGE_CURVE('',#3861,#3862,#2609,.T.);
#10845=EDGE_CURVE('',#3862,#3861,#2619,.T.);
#10849=ADVANCED_FACE('',(#10842,#10848),#10838,.F.);
#10866=EDGE_CURVE('',#3828,#3861,#2632,.T.);
#10868=EDGE_CURVE('',#3828,#3830,#2614,.T.);
#10870=EDGE_CURVE('',#3830,#3862,#2623,.T.);
#10874=ADVANCED_FACE('',(#10873),#10864,.F.);
#10892=EDGE_CURVE('',#3828,#3830,#2628,.T.);
#10897=ADVANCED_FACE('',(#10896),#10889,.F.);
#10913=EDGE_CURVE('',#3827,#3828,#2636,.T.);
#10916=EDGE_CURVE('',#3827,#3830,#2640,.T.);
#10920=ADVANCED_FACE('',(#10919),#10912,.F.);
#10941=ADVANCED_FACE('',(#10940),#10935,.F.);
#10958=EDGE_CURVE('',#3878,#3870,#2648,.T.);
#10960=EDGE_CURVE('',#3869,#3870,#2653,.T.);
#10962=EDGE_CURVE('',#3877,#3869,#2644,.T.);
#10966=ADVANCED_FACE('',(#10965),#10956,.F.);
#10984=EDGE_CURVE('',#3870,#3869,#2658,.T.);
#10989=ADVANCED_FACE('',(#10988),#10981,.F.);
#10999=EDGE_CURVE('',#3873,#3874,#2663,.T.);
#11001=EDGE_CURVE('',#3874,#3873,#2673,.T.);
#11005=ADVANCED_FACE('',(#10998,#11004),#10994,.F.);
#11022=EDGE_CURVE('',#3834,#3873,#2686,.T.);
#11024=EDGE_CURVE('',#3834,#3836,#2668,.T.);
#11026=EDGE_CURVE('',#3836,#3874,#2677,.T.);
#11030=ADVANCED_FACE('',(#11029),#11020,.F.);
#11048=EDGE_CURVE('',#3834,#3836,#2682,.T.);
#11053=ADVANCED_FACE('',(#11052),#11045,.F.);
#11069=EDGE_CURVE('',#3833,#3834,#2690,.T.);
#11072=EDGE_CURVE('',#3833,#3836,#2694,.T.);
#11076=ADVANCED_FACE('',(#11075),#11068,.F.);
#11097=ADVANCED_FACE('',(#11096),#11091,.F.);
#11114=EDGE_CURVE('',#3890,#3882,#2702,.T.);
#11116=EDGE_CURVE('',#3881,#3882,#2707,.T.);
#11118=EDGE_CURVE('',#3889,#3881,#2698,.T.);
#11122=ADVANCED_FACE('',(#11121),#11112,.F.);
#11140=EDGE_CURVE('',#3882,#3881,#2712,.T.);
#11145=ADVANCED_FACE('',(#11144),#11137,.F.);
#11155=EDGE_CURVE('',#3885,#3886,#2717,.T.);
#11157=EDGE_CURVE('',#3886,#3885,#2727,.T.);
#11161=ADVANCED_FACE('',(#11154,#11160),#11150,.F.);
#11178=EDGE_CURVE('',#3840,#3885,#2740,.T.);
#11180=EDGE_CURVE('',#3840,#3842,#2722,.T.);
#11182=EDGE_CURVE('',#3842,#3886,#2731,.T.);
#11186=ADVANCED_FACE('',(#11185),#11176,.F.);
#11204=EDGE_CURVE('',#3840,#3842,#2736,.T.);
#11209=ADVANCED_FACE('',(#11208),#11201,.F.);
#11225=EDGE_CURVE('',#3839,#3840,#2744,.T.);
#11228=EDGE_CURVE('',#3839,#3842,#2748,.T.);
#11232=ADVANCED_FACE('',(#11231),#11224,.F.);
#11253=ADVANCED_FACE('',(#11252),#11247,.F.);
#11274=EDGE_CURVE('',#3256,#3255,#2761,.T.);
#11280=ADVANCED_FACE('',(#11279),#11272,.T.);
#11300=EDGE_CURVE('',#3255,#3260,#2756,.T.);
#11303=EDGE_CURVE('',#3256,#3259,#2765,.T.);
#11305=EDGE_CURVE('',#3259,#3260,#2775,.T.);
#11309=ADVANCED_FACE('',(#11308),#11299,.T.);
#11329=EDGE_CURVE('',#3260,#3259,#2780,.T.);
#11336=ADVANCED_FACE('',(#11335),#11328,.T.);
#11346=EDGE_CURVE('',#3222,#3221,#2785,.T.);
#11348=EDGE_CURVE('',#3221,#3222,#2790,.T.);
#11352=ADVANCED_FACE('',(#11345,#11351),#11341,.T.);
#11372=EDGE_CURVE('',#3272,#3271,#2795,.T.);
#11374=EDGE_CURVE('',#3222,#3272,#2799,.T.);
#11377=EDGE_CURVE('',#3221,#3271,#2985,.T.);
#11381=ADVANCED_FACE('',(#11380),#11371,.F.);
#11401=EDGE_CURVE('',#3264,#3263,#2823,.T.);
#11403=EDGE_CURVE('',#3272,#3263,#2803,.T.);
#11406=EDGE_CURVE('',#3271,#3264,#2981,.T.);
#11410=ADVANCED_FACE('',(#11409),#11400,.F.);
#11416=EDGE_CURVE('',#3268,#3267,#2808,.T.);
#11418=EDGE_CURVE('',#3267,#3268,#2813,.T.);
#11422=EDGE_CURVE('',#3263,#3264,#2818,.T.);
#11427=ADVANCED_FACE('',(#11421,#11426),#11415,.T.);
#11447=EDGE_CURVE('',#3725,#3726,#2828,.T.);
#11449=EDGE_CURVE('',#3725,#3268,#2841,.T.);
#11452=EDGE_CURVE('',#3726,#3267,#2832,.T.);
#11456=ADVANCED_FACE('',(#11455),#11446,.F.);
#11463=EDGE_CURVE('',#3726,#3725,#2837,.T.);
#11467=EDGE_CURVE('',#3817,#3818,#2846,.T.);
#11469=EDGE_CURVE('',#3818,#3817,#2855,.T.);
#11473=ADVANCED_FACE('',(#11466,#11472),#11461,.F.);
#11499=ADVANCED_FACE('',(#11498),#11492,.F.);
#11520=EDGE_CURVE('',#3818,#3673,#2859,.T.);
#11522=EDGE_CURVE('',#3673,#3674,#2972,.T.);
#11524=EDGE_CURVE('',#3817,#3674,#2850,.T.);
#11528=ADVANCED_FACE('',(#11527),#11518,.T.);
#11550=EDGE_CURVE('',#3674,#3673,#2873,.T.);
#11555=ADVANCED_FACE('',(#11554),#11547,.T.);
#11575=EDGE_CURVE('',#3682,#3676,#2864,.T.);
#11577=EDGE_CURVE('',#3673,#3682,#2868,.T.);
#11580=EDGE_CURVE('',#3674,#3676,#2967,.T.);
#11584=ADVANCED_FACE('',(#11583),#11574,.T.);
#11605=EDGE_CURVE('',#3716,#3676,#2877,.T.);
#11607=EDGE_CURVE('',#3716,#3665,#2899,.T.);
#11609=EDGE_CURVE('',#3665,#3682,#2881,.T.);
#11613=ADVANCED_FACE('',(#11612),#11603,.T.);
#11634=EDGE_CURVE('',#3665,#3716,#2890,.T.);
#11637=EDGE_CURVE('',#3676,#3682,#2977,.T.);
#11641=ADVANCED_FACE('',(#11640),#11632,.T.);
#11661=EDGE_CURVE('',#3716,#3698,#2885,.T.);
#11664=EDGE_CURVE('',#3665,#3666,#2894,.T.);
#11666=EDGE_CURVE('',#3666,#3698,#2904,.T.);
#11670=ADVANCED_FACE('',(#11669),#11660,.T.);
#11690=EDGE_CURVE('',#3698,#3666,#2909,.T.);
#11697=ADVANCED_FACE('',(#11696),#11689,.T.);
#11707=EDGE_CURVE('',#3679,#3718,#2914,.T.);
#11709=EDGE_CURVE('',#3718,#3679,#2919,.T.);
#11713=ADVANCED_FACE('',(#11706,#11712),#11702,.T.);
#11729=EDGE_CURVE('',#3679,#3680,#2923,.T.);
#11732=EDGE_CURVE('',#3718,#3720,#2937,.T.);
#11734=EDGE_CURVE('',#3680,#3720,#2928,.T.);
#11738=ADVANCED_FACE('',(#11737),#11728,.F.);
#11754=EDGE_CURVE('',#3720,#3680,#2933,.T.);
#11761=ADVANCED_FACE('',(#11760),#11753,.F.);
#11777=EDGE_CURVE('',#3696,#3695,#2950,.T.);
#11779=EDGE_CURVE('',#3720,#3695,#2941,.T.);
#11782=EDGE_CURVE('',#3680,#3696,#2963,.T.);
#11786=ADVANCED_FACE('',(#11785),#11776,.F.);
#11802=EDGE_CURVE('',#3695,#3708,#2945,.T.);
#11805=EDGE_CURVE('',#3696,#3708,#2954,.T.);
#11809=ADVANCED_FACE('',(#11808),#11801,.F.);
#11826=EDGE_CURVE('',#3695,#3696,#2959,.T.);
#11831=ADVANCED_FACE('',(#11830),#11824,.F.);
#11853=ADVANCED_FACE('',(#11852),#11846,.F.);
#11879=ADVANCED_FACE('',(#11878),#11872,.T.);
#11900=EDGE_CURVE('',#3271,#3272,#2990,.T.);
#11906=ADVANCED_FACE('',(#11905),#11898,.F.);
#11932=ADVANCED_FACE('',(#11931),#11925,.F.);
#11949=EDGE_CURVE('',#3922,#3918,#2998,.T.);
#11951=EDGE_CURVE('',#3917,#3918,#3003,.T.);
#11953=EDGE_CURVE('',#3921,#3917,#2994,.T.);
#11957=ADVANCED_FACE('',(#11956),#11947,.F.);
#11975=EDGE_CURVE('',#3918,#3917,#3008,.T.);
#11980=ADVANCED_FACE('',(#11979),#11972,.F.);
#11990=EDGE_CURVE('',#3925,#3926,#3013,.T.);
#11992=EDGE_CURVE('',#3926,#3925,#3023,.T.);
#11996=ADVANCED_FACE('',(#11989,#11995),#11985,.F.);
#12013=EDGE_CURVE('',#3894,#3925,#3036,.T.);
#12015=EDGE_CURVE('',#3894,#3896,#3018,.T.);
#12017=EDGE_CURVE('',#3896,#3926,#3027,.T.);
#12021=ADVANCED_FACE('',(#12020),#12011,.F.);
#12039=EDGE_CURVE('',#3894,#3896,#3032,.T.);
#12044=ADVANCED_FACE('',(#12043),#12036,.F.);
#12060=EDGE_CURVE('',#3893,#3894,#3040,.T.);
#12063=EDGE_CURVE('',#3893,#3896,#3044,.T.);
#12067=ADVANCED_FACE('',(#12066),#12059,.F.);
#12088=ADVANCED_FACE('',(#12087),#12082,.F.);
#12105=EDGE_CURVE('',#3934,#3930,#3052,.T.);
#12107=EDGE_CURVE('',#3929,#3930,#3057,.T.);
#12109=EDGE_CURVE('',#3933,#3929,#3048,.T.);
#12113=ADVANCED_FACE('',(#12112),#12103,.F.);
#12131=EDGE_CURVE('',#3930,#3929,#3062,.T.);
#12136=ADVANCED_FACE('',(#12135),#12128,.F.);
#12146=EDGE_CURVE('',#3937,#3938,#3067,.T.);
#12148=EDGE_CURVE('',#3938,#3937,#3077,.T.);
#12152=ADVANCED_FACE('',(#12145,#12151),#12141,.F.);
#12169=EDGE_CURVE('',#3900,#3937,#3090,.T.);
#12171=EDGE_CURVE('',#3900,#3902,#3072,.T.);
#12173=EDGE_CURVE('',#3902,#3938,#3081,.T.);
#12177=ADVANCED_FACE('',(#12176),#12167,.F.);
#12195=EDGE_CURVE('',#3900,#3902,#3086,.T.);
#12200=ADVANCED_FACE('',(#12199),#12192,.F.);
#12216=EDGE_CURVE('',#3899,#3900,#3094,.T.);
#12219=EDGE_CURVE('',#3899,#3902,#3098,.T.);
#12223=ADVANCED_FACE('',(#12222),#12215,.F.);
#12244=ADVANCED_FACE('',(#12243),#12238,.F.);
#12261=EDGE_CURVE('',#3946,#3942,#3106,.T.);
#12263=EDGE_CURVE('',#3941,#3942,#3111,.T.);
#12265=EDGE_CURVE('',#3945,#3941,#3102,.T.);
#12269=ADVANCED_FACE('',(#12268),#12259,.F.);
#12287=EDGE_CURVE('',#3942,#3941,#3116,.T.);
#12292=ADVANCED_FACE('',(#12291),#12284,.F.);
#12302=EDGE_CURVE('',#3949,#3950,#3121,.T.);
#12304=EDGE_CURVE('',#3950,#3949,#3131,.T.);
#12308=ADVANCED_FACE('',(#12301,#12307),#12297,.F.);
#12325=EDGE_CURVE('',#3906,#3949,#3144,.T.);
#12327=EDGE_CURVE('',#3906,#3908,#3126,.T.);
#12329=EDGE_CURVE('',#3908,#3950,#3135,.T.);
#12333=ADVANCED_FACE('',(#12332),#12323,.F.);
#12351=EDGE_CURVE('',#3906,#3908,#3140,.T.);
#12356=ADVANCED_FACE('',(#12355),#12348,.F.);
#12372=EDGE_CURVE('',#3905,#3906,#3148,.T.);
#12375=EDGE_CURVE('',#3905,#3908,#3152,.T.);
#12379=ADVANCED_FACE('',(#12378),#12371,.F.);
#12400=ADVANCED_FACE('',(#12399),#12394,.F.);
#12417=EDGE_CURVE('',#3958,#3954,#3160,.T.);
#12419=EDGE_CURVE('',#3953,#3954,#3165,.T.);
#12421=EDGE_CURVE('',#3957,#3953,#3156,.T.);
#12425=ADVANCED_FACE('',(#12424),#12415,.F.);
#12443=EDGE_CURVE('',#3954,#3953,#3170,.T.);
#12448=ADVANCED_FACE('',(#12447),#12440,.F.);
#12458=EDGE_CURVE('',#3961,#3962,#3175,.T.);
#12460=EDGE_CURVE('',#3962,#3961,#3185,.T.);
#12464=ADVANCED_FACE('',(#12457,#12463),#12453,.F.);
#12481=EDGE_CURVE('',#3912,#3961,#3198,.T.);
#12483=EDGE_CURVE('',#3912,#3914,#3180,.T.);
#12485=EDGE_CURVE('',#3914,#3962,#3189,.T.);
#12489=ADVANCED_FACE('',(#12488),#12479,.F.);
#12507=EDGE_CURVE('',#3912,#3914,#3194,.T.);
#12512=ADVANCED_FACE('',(#12511),#12504,.F.);
#12528=EDGE_CURVE('',#3911,#3912,#3202,.T.);
#12531=EDGE_CURVE('',#3911,#3914,#3206,.T.);
#12535=ADVANCED_FACE('',(#12534),#12527,.F.);
#12556=ADVANCED_FACE('',(#12555),#12550,.F.);
#12559=(LENGTH_UNIT()NAMED_UNIT(*)SI_UNIT(.MILLI.,.METRE.));
#12560=(NAMED_UNIT(*)PLANE_ANGLE_UNIT()SI_UNIT($,.RADIAN.));
#12563=(NAMED_UNIT(*)SI_UNIT($,.STERADIAN.)SOLID_ANGLE_UNIT());
#12565=(GEOMETRIC_REPRESENTATION_CONTEXT(3)GLOBAL_UNCERTAINTY_ASSIGNED_CONTEXT((
#12564))GLOBAL_UNIT_ASSIGNED_CONTEXT((#12559,#12562,#12563))REPRESENTATION_CONTEXT('ID1','3'));
#12566=ADVANCED_BREP_SHAPE_REPRESENTATION('',(#12558),#12565);
#12573=PRODUCT_DEFINITION('part definition','',#12572,#12569);
#12574=PRODUCT_DEFINITION_SHAPE('','SHAPE FOR T21WN_5-20.',#12573);
#12575=SHAPE_ASPECT('','solid data associated with T21WN_5-20',#12574,.F.);
#12576=PROPERTY_DEFINITION('',
'shape for solid data with which properties are associated',#12575);
#12577=SHAPE_REPRESENTATION('',(#12558),#12565);
#12578=SHAPE_DEFINITION_REPRESENTATION(#12576,#12577);
#12579=(LENGTH_UNIT()NAMED_UNIT(*)SI_UNIT(.MILLI.,.METRE.));
#12583=PROPERTY_DEFINITION('geometric validation property','area of T21WN_5-20',
#12575);
#12584=REPRESENTATION('surface area',(#12582),#12565);
#12585=PROPERTY_DEFINITION_REPRESENTATION(#12583,#12584);
#12586=(LENGTH_UNIT()NAMED_UNIT(*)SI_UNIT(.MILLI.,.METRE.));
#12590=PROPERTY_DEFINITION('geometric validation property',
'volume of T21WN_5-20',#12575);
#12591=REPRESENTATION('volume',(#12589),#12565);
#12592=PROPERTY_DEFINITION_REPRESENTATION(#12590,#12591);
#12594=PROPERTY_DEFINITION('geometric validation property',
'centroid of T21WN_5-20',#12575);
#12595=REPRESENTATION('centroid',(#12593),#12565);
#12596=PROPERTY_DEFINITION_REPRESENTATION(#12594,#12595);
#12597=(LENGTH_UNIT()NAMED_UNIT(*)SI_UNIT(.MILLI.,.METRE.));
#12601=PROPERTY_DEFINITION('geometric validation property','area of T21WN_5-20',
#12574);
#12602=REPRESENTATION('surface area',(#12600),#12565);
#12603=PROPERTY_DEFINITION_REPRESENTATION(#12601,#12602);
#12604=(LENGTH_UNIT()NAMED_UNIT(*)SI_UNIT(.MILLI.,.METRE.));
#12608=PROPERTY_DEFINITION('geometric validation property',
'volume of T21WN_5-20',#12574);
#12609=REPRESENTATION('volume',(#12607),#12565);
#12610=PROPERTY_DEFINITION_REPRESENTATION(#12608,#12609);
#12612=PROPERTY_DEFINITION('geometric validation property',
'centroid of T21WN_5-20',#12574);
#12613=REPRESENTATION('centroid',(#12611),#12565);
#12614=PROPERTY_DEFINITION_REPRESENTATION(#12612,#12613);
#12615=SHAPE_DEFINITION_REPRESENTATION(#12574,#12566);
#12617=PROPERTY_DEFINITION('WERKSTOFF','user defined attribute',#12573);
#12621=REPRESENTATION('',(#12620),#12565);
#12622=PROPERTY_DEFINITION_REPRESENTATION(#12617,#12621);
#12623=PROPERTY_DEFINITION('ZEICHNUNGS_NR','user defined attribute',#12573);
#12627=REPRESENTATION('',(#12626),#12565);
#12628=PROPERTY_DEFINITION_REPRESENTATION(#12623,#12627);
#12629=PROPERTY_DEFINITION('MATERIAL_NR','user defined attribute',#12573);
#12633=REPRESENTATION('',(#12632),#12565);
#12634=PROPERTY_DEFINITION_REPRESENTATION(#12629,#12633);
#12635=PROPERTY_DEFINITION('ZCHG_BENENNUNG','user defined attribute',#12573);
#12639=REPRESENTATION('',(#12638),#12565);
#12640=PROPERTY_DEFINITION_REPRESENTATION(#12635,#12639);
#12641=PROPERTY_DEFINITION('ERST_DATUM','user defined attribute',#12573);
#12645=REPRESENTATION('',(#12644),#12565);
#12646=PROPERTY_DEFINITION_REPRESENTATION(#12641,#12645);
#12647=PROPERTY_DEFINITION('ZCHG_ERSTELLER','user defined attribute',#12573);
#12651=REPRESENTATION('',(#12650),#12565);
#12652=PROPERTY_DEFINITION_REPRESENTATION(#12647,#12651);
#12653=PROPERTY_DEFINITION('PRUEFER','user defined attribute',#12573);
#12657=REPRESENTATION('',(#12656),#12565);
#12658=PROPERTY_DEFINITION_REPRESENTATION(#12653,#12657);
#12659=PROPERTY_DEFINITION('PRUEF_DATUM','user defined attribute',#12573);
#12663=REPRESENTATION('',(#12662),#12565);
#12664=PROPERTY_DEFINITION_REPRESENTATION(#12659,#12663);
#12665=PROPERTY_DEFINITION('GEHOERT_ZU','user defined attribute',#12573);
#12669=REPRESENTATION('',(#12668),#12565);
#12670=PROPERTY_DEFINITION_REPRESENTATION(#12665,#12669);
#12671=PROPERTY_DEFINITION('FEM','user defined attribute',#12573);
#12675=REPRESENTATION('',(#12674),#12565);
#12676=PROPERTY_DEFINITION_REPRESENTATION(#12671,#12675);
#12677=PROPERTY_DEFINITION('PTC_COMMON_NAME','user defined attribute',#12573);
#12681=REPRESENTATION('',(#12680),#12565);
#12682=PROPERTY_DEFINITION_REPRESENTATION(#12677,#12681);
ENDSEC;
END-ISO-10303-21;
