 PTC IGES file: pn_299936_asm.igs                                       S      1
1H,,1H;,13HPN_299936_ASM,17Hpn_299936_asm.igs,                          G      1
52HCreo Parametric by Parametric Technology Corporation,7H2013230,32,   G      2
38,7,38,15,13HPN_299936_ASM,1.,2,2HMM,32768,0.5,15H20150611.144641,     G      3
0.0287475,287.486,8H10106032,7HUnknown,10,0,15H20150611.144641;         G      4
     314       1       1       1       0       0       0       001000200D      1
     314       0       7       1       0                   COLOR       1D      2
     314       2       1       1       0       0       0       001000200D      3
     314       0       7       1       0                   COLOR       2D      4
     314       3       1       1       0       0       0       001000200D      5
     314       0       4       1       0                   COLOR       3D      6
     314       4       1       1       0       0       0       001000200D      7
     314       0       3       1       0                   COLOR       4D      8
     314       5       1       1       0       0       0       001000200D      9
     314       0       1       1       0                   COLOR       5D     10
     314       6       1       1       0       0       0       001000200D     11
     314       0       1       1       0                   COLOR       6D     12
     314       7       1       1       0       0       0       001000200D     13
     314       0       1       1       0                   COLOR       7D     14
     314       8       1       1       0       0       0       001000200D     15
     314       0       7       1       0                   COLOR       8D     16
     314       9       1       1       0       0       0       001000200D     17
     314       0       4       1       0                   COLOR       9D     18
     314      10       1       1       0       0       0       001000200D     19
     314       0       1       1       0                   COLOR      10D     20
     314      11       1       1       0       0       0       001000200D     21
     314       0       1       1       0                   COLOR      11D     22
     314      12       1       1       0       0       0       001000200D     23
     314       0       7       1       0                   COLOR      12D     24
     314      13       1       1       0       0       0       001000200D     25
     314       0       4       1       0                   COLOR      13D     26
     314      14       1       1       0       0       0       001000200D     27
     314       0       3       1       0                   COLOR      14D     28
     314      15       1       1       0       0       0       001000200D     29
     314       0       8       1       0                   COLOR      15D     30
     314      16       1       1       0       0       0       001000200D     31
     314       0       8       1       0                   COLOR      16D     32
     314      17       1       1       0       0       0       001000200D     33
     314       0       8       1       0                   COLOR      17D     34
     314      18       1       1       0       0       0       001000200D     35
     314       0       8       1       0                   COLOR      18D     36
     314      19       1       1       0       0       0       001000200D     37
     314       0       8       1       0                   COLOR      19D     38
     314      20       1       1       0       0       0       001000200D     39
     314       0       2       1       0                   COLOR      20D     40
     314      21       1       1       0       0       0       001000200D     41
     314       0       8       1       0                   COLOR      21D     42
     314      22       1       1       0       0       0       001000200D     43
     314       0       5       1       0                   COLOR      22D     44
     314      23       1       1       0       0       0       001000200D     45
     314       0       8       1       0                   COLOR      23D     46
     314      24       1       1       0       0       0       001000200D     47
     314       0       5       1       0                   COLOR      24D     48
     314      25       1       1       0       0       0       001000200D     49
     314       0       5       1       0                   COLOR      25D     50
     314      26       1       1       0       0       0       001000200D     51
     314       0       5       1       0                   COLOR      26D     52
     124      27       1       1       0       0       0       001000000D     53
     124       0       0       1       0                   XFORM       1D     54
     100      28       1       1       0       0      53       001010000D     55
     100       0     -33       1       0                     ARC       1D     56
     110      29       1       1       0       0       0       001010000D     57
     110       0     -33       1       0                    LINE       1D     58
     124      30       1       1       0       0       0       001000000D     59
     124       0       0       1       0                   XFORM       2D     60
     100      31       1       1       0       0      59       001010000D     61
     100       0     -33       1       0                     ARC       2D     62
     110      32       1       1       0       0       0       001010000D     63
     110       0     -33       1       0                    LINE       2D     64
     124      33       1       1       0       0       0       001000000D     65
     124       0       0       1       0                   XFORM       3D     66
     100      34       1       1       0       0      65       001010000D     67
     100       0     -33       1       0                     ARC       3D     68
     110      35       1       1       0       0       0       001010000D     69
     110       0     -33       1       0                    LINE       3D     70
     124      36       1       1       0       0       0       001000000D     71
     124       0       0       1       0                   XFORM       4D     72
     100      37       1       1       0       0      71       001010000D     73
     100       0     -33       1       0                     ARC       4D     74
     110      38       1       1       0       0       0       001010000D     75
     110       0     -33       1       0                    LINE       4D     76
     124      39       1       1       0       0       0       001000000D     77
     124       0       0       1       0                   XFORM       5D     78
     100      40       1       1       0       0      77       001010000D     79
     100       0     -33       1       0                     ARC       5D     80
     124      41       1       1       0       0       0       001000000D     81
     124       0       0       1       0                   XFORM       6D     82
     100      42       1       1       0       0      81       001010000D     83
     100       0     -33       1       0                     ARC       6D     84
     124      43       1       1       0       0       0       001000000D     85
     124       0       0       1       0                   XFORM       7D     86
     100      44       1       1       0       0      85       001010000D     87
     100       0     -33       1       0                     ARC       7D     88
     124      45       1       1       0       0       0       001000000D     89
     124       0       0       1       0                   XFORM       8D     90
     100      46       1       1       0       0      89       001010000D     91
     100       0     -33       1       0                     ARC       8D     92
     124      47       1       1       0       0       0       001000000D     93
     124       0       0       1       0                   XFORM       9D     94
     100      48       1       1       0       0      93       001010000D     95
     100       0     -33       1       0                     ARC       9D     96
     124      49       1       1       0       0       0       001000000D     97
     124       0       0       1       0                   XFORM      10D     98
     100      50       1       1       0       0      97       001010000D     99
     100       0     -33       1       0                     ARC      10D    100
     124      51       1       1       0       0       0       001000000D    101
     124       0       0       1       0                   XFORM      11D    102
     100      52       1       1       0       0     101       001010000D    103
     100       0     -33       1       0                     ARC      11D    104
     124      53       1       1       0       0       0       001000000D    105
     124       0       0       1       0                   XFORM      12D    106
     100      54       1       1       0       0     105       001010000D    107
     100       0     -33       1       0                     ARC      12D    108
     124      55       1       1       0       0       0       001000000D    109
     124       0       0       1       0                   XFORM      13D    110
     100      56       1       1       0       0     109       001010000D    111
     100       0     -33       1       0                     ARC      13D    112
     124      57       1       1       0       0       0       001000000D    113
     124       0       0       1       0                   XFORM      14D    114
     100      58       1       1       0       0     113       001010000D    115
     100       0     -33       1       0                     ARC      14D    116
     124      59       1       1       0       0       0       001000000D    117
     124       0       0       1       0                   XFORM      15D    118
     100      60       1       1       0       0     117       001010000D    119
     100       0     -33       1       0                     ARC      15D    120
     124      61       1       1       0       0       0       001000000D    121
     124       0       0       1       0                   XFORM      16D    122
     100      62       1       1       0       0     121       001010000D    123
     100       0     -33       1       0                     ARC      16D    124
     110      63       1       1       0       0       0       001010000D    125
     110       0     -33       1       0                    LINE       5D    126
     110      64       1       1       0       0       0       001010000D    127
     110       0     -33       1       0                    LINE       6D    128
     110      65       1       1       0       0       0       001010000D    129
     110       0     -33       1       0                    LINE       7D    130
     110      66       1       1       0       0       0       001010000D    131
     110       0     -33       1       0                    LINE       8D    132
     110      67       1       1       0       0       0       001010000D    133
     110       0     -33       1       0                    LINE       9D    134
     110      68       1       1       0       0       0       001010000D    135
     110       0     -33       1       0                    LINE      10D    136
     110      69       1       1       0       0       0       001010000D    137
     110       0     -33       1       0                    LINE      11D    138
     110      70       1       1       0       0       0       001010000D    139
     110       0     -33       1       0                    LINE      12D    140
     110      71       1       1       0       0       0       001010000D    141
     110       0     -33       1       0                    LINE      13D    142
     110      72       1       1       0       0       0       001010000D    143
     110       0     -33       1       0                    LINE      14D    144
     110      73       1       1       0       0       0       001010000D    145
     110       0     -33       1       0                    LINE      15D    146
     110      74       1       1       0       0       0       001010000D    147
     110       0     -33       1       0                    LINE      16D    148
     124      75       1       1       0       0       0       001000000D    149
     124       0       0       1       0                   XFORM      17D    150
     100      76       1       1       0       0     149       001010000D    151
     100       0     -33       1       0                     ARC      17D    152
     110      77       1       1       0       0       0       001010000D    153
     110       0     -33       1       0                    LINE      17D    154
     124      78       1       1       0       0       0       001000000D    155
     124       0       0       1       0                   XFORM      18D    156
     100      79       1       1       0       0     155       001010000D    157
     100       0     -33       1       0                     ARC      18D    158
     110      80       1       1       0       0       0       001010000D    159
     110       0     -33       1       0                    LINE      18D    160
     124      81       1       1       0       0       0       001000000D    161
     124       0       0       1       0                   XFORM      19D    162
     100      82       1       1       0       0     161       001010000D    163
     100       0     -33       1       0                     ARC      19D    164
     110      83       1       1       0       0       0       001010000D    165
     110       0     -33       1       0                    LINE      19D    166
     124      84       1       1       0       0       0       001000000D    167
     124       0       0       1       0                   XFORM      20D    168
     100      85       1       1       0       0     167       001010000D    169
     100       0     -33       1       0                     ARC      20D    170
     110      86       1       1       0       0       0       001010000D    171
     110       0     -33       1       0                    LINE      20D    172
     124      87       1       1       0       0       0       001000000D    173
     124       0       0       1       0                   XFORM      21D    174
     100      88       1       1       0       0     173       001010000D    175
     100       0     -33       1       0                     ARC      21D    176
     124      89       1       1       0       0       0       001000000D    177
     124       0       0       1       0                   XFORM      22D    178
     100      90       1       1       0       0     177       001010000D    179
     100       0     -33       1       0                     ARC      22D    180
     124      91       1       1       0       0       0       001000000D    181
     124       0       0       1       0                   XFORM      23D    182
     100      92       1       1       0       0     181       001010000D    183
     100       0     -33       1       0                     ARC      23D    184
     124      93       1       1       0       0       0       001000000D    185
     124       0       0       1       0                   XFORM      24D    186
     100      94       1       1       0       0     185       001010000D    187
     100       0     -33       1       0                     ARC      24D    188
     124      95       1       1       0       0       0       001000000D    189
     124       0       0       1       0                   XFORM      25D    190
     100      96       1       1       0       0     189       001010000D    191
     100       0     -33       1       0                     ARC      25D    192
     124      97       1       1       0       0       0       001000000D    193
     124       0       0       1       0                   XFORM      26D    194
     100      98       1       1       0       0     193       001010000D    195
     100       0     -33       1       0                     ARC      26D    196
     124      99       1       1       0       0       0       001000000D    197
     124       0       0       1       0                   XFORM      27D    198
     100     100       1       1       0       0     197       001010000D    199
     100       0     -33       1       0                     ARC      27D    200
     124     101       1       1       0       0       0       001000000D    201
     124       0       0       1       0                   XFORM      28D    202
     100     102       1       1       0       0     201       001010000D    203
     100       0     -33       1       0                     ARC      28D    204
     124     103       1       1       0       0       0       001000000D    205
     124       0       0       1       0                   XFORM      29D    206
     100     104       1       1       0       0     205       001010000D    207
     100       0     -33       1       0                     ARC      29D    208
     124     105       1       1       0       0       0       001000000D    209
     124       0       0       1       0                   XFORM      30D    210
     100     106       1       1       0       0     209       001010000D    211
     100       0     -33       1       0                     ARC      30D    212
     124     107       1       1       0       0       0       001000000D    213
     124       0       0       1       0                   XFORM      31D    214
     100     108       1       1       0       0     213       001010000D    215
     100       0     -33       1       0                     ARC      31D    216
     124     109       1       1       0       0       0       001000000D    217
     124       0       0       1       0                   XFORM      32D    218
     100     110       1       1       0       0     217       001010000D    219
     100       0     -33       1       0                     ARC      32D    220
     110     111       1       1       0       0       0       001010000D    221
     110       0     -33       1       0                    LINE      21D    222
     110     112       1       1       0       0       0       001010000D    223
     110       0     -33       1       0                    LINE      22D    224
     110     113       1       1       0       0       0       001010000D    225
     110       0     -33       1       0                    LINE      23D    226
     110     114       1       1       0       0       0       001010000D    227
     110       0     -33       1       0                    LINE      24D    228
     110     115       1       1       0       0       0       001010000D    229
     110       0     -33       2       0                    LINE      25D    230
     110     117       1       1       0       0       0       001010000D    231
     110       0     -33       2       0                    LINE      26D    232
     124     119       1       1       0       0       0       001000000D    233
     124       0       0       1       0                   XFORM      33D    234
     100     120       1       1       0       0     233       001010000D    235
     100       0     -33       1       0                     ARC      33D    236
     110     121       1       1       0       0       0       001010000D    237
     110       0     -33       2       0                    LINE      27D    238
     124     123       1       1       0       0       0       001000000D    239
     124       0       0       1       0                   XFORM      34D    240
     100     124       1       1       0       0     239       001010000D    241
     100       0     -33       1       0                     ARC      34D    242
     110     125       1       1       0       0       0       001010000D    243
     110       0     -33       2       0                    LINE      28D    244
     110     127       1       1       0       0       0       001010000D    245
     110       0     -33       2       0                    LINE      29D    246
     110     129       1       1       0       0       0       001010000D    247
     110       0     -33       2       0                    LINE      30D    248
     124     131       1       1       0       0       0       001000000D    249
     124       0       0       1       0                   XFORM      35D    250
     100     132       1       1       0       0     249       001010000D    251
     100       0     -33       1       0                     ARC      35D    252
     110     133       1       1       0       0       0       001010000D    253
     110       0     -33       2       0                    LINE      31D    254
     124     135       1       1       0       0       0       001000000D    255
     124       0       0       1       0                   XFORM      36D    256
     100     136       1       1       0       0     255       001010000D    257
     100       0     -33       1       0                     ARC      36D    258
     110     137       1       1       0       0       0       001010000D    259
     110       0     -33       2       0                    LINE      32D    260
     110     139       1       1       0       0       0       001010000D    261
     110       0     -33       2       0                    LINE      33D    262
     110     141       1       1       0       0       0       001010000D    263
     110       0     -33       2       0                    LINE      34D    264
     124     143       1       1       0       0       0       001000000D    265
     124       0       0       1       0                   XFORM      37D    266
     100     144       1       1       0       0     265       001010000D    267
     100       0     -33       1       0                     ARC      37D    268
     110     145       1       1       0       0       0       001010000D    269
     110       0     -33       2       0                    LINE      35D    270
     124     147       1       1       0       0       0       001000000D    271
     124       0       0       1       0                   XFORM      38D    272
     100     148       1       1       0       0     271       001010000D    273
     100       0     -33       1       0                     ARC      38D    274
     110     149       1       1       0       0       0       001010000D    275
     110       0     -33       2       0                    LINE      36D    276
     110     151       1       1       0       0       0       001010000D    277
     110       0     -33       2       0                    LINE      37D    278
     110     153       1       1       0       0       0       001010000D    279
     110       0     -33       2       0                    LINE      38D    280
     124     155       1       1       0       0       0       001000000D    281
     124       0       0       1       0                   XFORM      39D    282
     100     156       1       1       0       0     281       001010000D    283
     100       0     -33       1       0                     ARC      39D    284
     110     157       1       1       0       0       0       001010000D    285
     110       0     -33       2       0                    LINE      39D    286
     124     159       1       1       0       0       0       001000000D    287
     124       0       0       1       0                   XFORM      40D    288
     100     160       1       1       0       0     287       001010000D    289
     100       0     -33       1       0                     ARC      40D    290
     110     161       1       1       0       0       0       001010000D    291
     110       0     -33       2       0                    LINE      40D    292
     110     163       1       1       0       0       0       001010000D    293
     110       0     -33       2       0                    LINE      41D    294
     110     165       1       1       0       0       0       001010000D    295
     110       0     -33       2       0                    LINE      42D    296
     124     167       1       1       0       0       0       001000000D    297
     124       0       0       1       0                   XFORM      41D    298
     100     168       1       1       0       0     297       001010000D    299
     100       0     -33       1       0                     ARC      41D    300
     110     169       1       1       0       0       0       001010000D    301
     110       0     -33       2       0                    LINE      43D    302
     124     171       1       1       0       0       0       001000000D    303
     124       0       0       1       0                   XFORM      42D    304
     100     172       1       1       0       0     303       001010000D    305
     100       0     -33       1       0                     ARC      42D    306
     110     173       1       1       0       0       0       001010000D    307
     110       0     -33       2       0                    LINE      44D    308
     110     175       1       1       0       0       0       001010000D    309
     110       0     -33       2       0                    LINE      45D    310
     110     177       1       1       0       0       0       001010000D    311
     110       0     -33       2       0                    LINE      46D    312
     124     179       1       1       0       0       0       001000000D    313
     124       0       0       1       0                   XFORM      43D    314
     100     180       1       1       0       0     313       001010000D    315
     100       0     -33       1       0                     ARC      43D    316
     110     181       1       1       0       0       0       001010000D    317
     110       0     -33       2       0                    LINE      47D    318
     124     183       1       1       0       0       0       001000000D    319
     124       0       0       1       0                   XFORM      44D    320
     100     184       1       1       0       0     319       001010000D    321
     100       0     -33       1       0                     ARC      44D    322
     110     185       1       1       0       0       0       001010000D    323
     110       0     -33       2       0                    LINE      48D    324
     110     187       1       1       0       0       0       001010000D    325
     110       0     -33       1       0                    LINE      49D    326
     110     188       1       1       0       0       0       001010000D    327
     110       0     -33       1       0                    LINE      50D    328
     124     189       1       1       0       0       0       001000000D    329
     124       0       0       1       0                   XFORM      45D    330
     100     190       1       1       0       0     329       001010000D    331
     100       0     -33       1       0                     ARC      45D    332
     124     191       1       1       0       0       0       001000000D    333
     124       0       0       1       0                   XFORM      46D    334
     100     192       1       1       0       0     333       001010000D    335
     100       0     -33       1       0                     ARC      46D    336
     110     193       1       1       0       0       0       001010000D    337
     110       0     -33       1       0                    LINE      51D    338
     110     194       1       1       0       0       0       001010000D    339
     110       0     -33       1       0                    LINE      52D    340
     124     195       1       1       0       0       0       001000000D    341
     124       0       0       1       0                   XFORM      47D    342
     100     196       1       1       0       0     341       001010000D    343
     100       0     -33       1       0                     ARC      47D    344
     124     197       1       1       0       0       0       001000000D    345
     124       0       0       1       0                   XFORM      48D    346
     100     198       1       1       0       0     345       001010000D    347
     100       0     -33       1       0                     ARC      48D    348
     110     199       1       1       0       0       0       001010000D    349
     110       0     -33       1       0                    LINE      53D    350
     110     200       1       1       0       0       0       001010000D    351
     110       0     -33       1       0                    LINE      54D    352
     124     201       1       1       0       0       0       001000000D    353
     124       0       0       1       0                   XFORM      49D    354
     100     202       1       1       0       0     353       001010000D    355
     100       0     -33       1       0                     ARC      49D    356
     124     203       1       1       0       0       0       001000000D    357
     124       0       0       1       0                   XFORM      50D    358
     100     204       1       1       0       0     357       001010000D    359
     100       0     -33       1       0                     ARC      50D    360
     110     205       1       1       0       0       0       001010000D    361
     110       0     -33       1       0                    LINE      55D    362
     110     206       1       1       0       0       0       001010000D    363
     110       0     -33       1       0                    LINE      56D    364
     124     207       1       1       0       0       0       001000000D    365
     124       0       0       1       0                   XFORM      51D    366
     100     208       1       1       0       0     365       001010000D    367
     100       0     -33       1       0                     ARC      51D    368
     124     209       1       1       0       0       0       001000000D    369
     124       0       0       1       0                   XFORM      52D    370
     100     210       1       1       0       0     369       001010000D    371
     100       0     -33       1       0                     ARC      52D    372
     502     211       1       1       0       0       0       001010000D    373
     502       0     -33      23       1                  VERTEX       1D    374
     504     234       1       1       0       0       0       000010001D    375
     504       0     -33      31       1                    EDGE       1D    376
     128     265       1       1       0       0       0       001010000D    377
     128       0     -33       4       0                  SPLSRF       1D    378
     508     269       1       1       0       0       0       001010000D    379
     508       0       0       2       1                EDGELOOP       1D    380
     508     271       1       1       0       0       0       001010000D    381
     508       0       0       1       1                EDGELOOP       2D    382
     508     272       1       1       0       0       0       001010000D    383
     508       0       0       1       1                EDGELOOP       3D    384
     508     273       1       1       0       0       0       001010000D    385
     508       0       0       1       1                EDGELOOP       4D    386
     508     274       1       1       0       0       0       001010000D    387
     508       0       0       1       1                EDGELOOP       5D    388
     508     275       1       1       0       0       0       001010000D    389
     508       0       0       1       1                EDGELOOP       6D    390
     508     276       1       1       0       0       0       001010000D    391
     508       0       0       1       1                EDGELOOP       7D    392
     508     277       1       1       0       0       0       001010000D    393
     508       0       0       2       1                EDGELOOP       8D    394
     510     279       1       1       0       0       0       000010000D    395
     510       0     -33       1       1                    FACE       1D    396
     128     280       1       1       0       0       0       001010000D    397
     128       0     -33      26       0                  SPLSRF       2D    398
     508     306       1       1       0       0       0       001010000D    399
     508       0       0       1       1                EDGELOOP       9D    400
     510     307       1       1       0       0       0       000010000D    401
     510       0     -33       1       1                    FACE       2D    402
     128     308       1       1       0       0       0       001010000D    403
     128       0     -33       6       0                  SPLSRF       3D    404
     508     314       1       1       0       0       0       001010000D    405
     508       0       0       1       1                EDGELOOP      10D    406
     510     315       1       1       0       0       0       000010000D    407
     510       0     -33       1       1                    FACE       3D    408
     128     316       1       1       0       0       0       001010000D    409
     128       0     -33      26       0                  SPLSRF       4D    410
     508     342       1       1       0       0       0       001010000D    411
     508       0       0       1       1                EDGELOOP      11D    412
     510     343       1       1       0       0       0       000010000D    413
     510       0     -33       1       1                    FACE       4D    414
     128     344       1       1       0       0       0       001010000D    415
     128       0     -33       7       0                  SPLSRF       5D    416
     508     351       1       1       0       0       0       001010000D    417
     508       0       0       1       1                EDGELOOP      12D    418
     510     352       1       1       0       0       0       000010000D    419
     510       0     -33       1       1                    FACE       5D    420
     128     353       1       1       0       0       0       001010000D    421
     128       0     -33      26       0                  SPLSRF       6D    422
     508     379       1       1       0       0       0       001010000D    423
     508       0       0       1       1                EDGELOOP      13D    424
     510     380       1       1       0       0       0       000010000D    425
     510       0     -33       1       1                    FACE       6D    426
     128     381       1       1       0       0       0       001010000D    427
     128       0     -33       6       0                  SPLSRF       7D    428
     508     387       1       1       0       0       0       001010000D    429
     508       0       0       1       1                EDGELOOP      14D    430
     510     388       1       1       0       0       0       000010000D    431
     510       0     -33       1       1                    FACE       7D    432
     128     389       1       1       0       0       0       001010000D    433
     128       0     -33      26       0                  SPLSRF       8D    434
     508     415       1       1       0       0       0       001010000D    435
     508       0       0       1       1                EDGELOOP      15D    436
     510     416       1       1       0       0       0       000010000D    437
     510       0     -33       1       1                    FACE       8D    438
     128     417       1       1       0       0       0       001010000D    439
     128       0     -33       6       0                  SPLSRF       9D    440
     508     423       1       1       0       0       0       001010000D    441
     508       0       0       1       1                EDGELOOP      16D    442
     510     424       1       1       0       0       0       000010000D    443
     510       0     -33       1       1                    FACE       9D    444
     128     425       1       1       0       0       0       001010000D    445
     128       0     -33       4       0                  SPLSRF      10D    446
     508     429       1       1       0       0       0       001010000D    447
     508       0       0       2       1                EDGELOOP      17D    448
     508     431       1       1       0       0       0       001010000D    449
     508       0       0       1       1                EDGELOOP      18D    450
     508     432       1       1       0       0       0       001010000D    451
     508       0       0       1       1                EDGELOOP      19D    452
     508     433       1       1       0       0       0       001010000D    453
     508       0       0       1       1                EDGELOOP      20D    454
     508     434       1       1       0       0       0       001010000D    455
     508       0       0       1       1                EDGELOOP      21D    456
     508     435       1       1       0       0       0       001010000D    457
     508       0       0       1       1                EDGELOOP      22D    458
     508     436       1       1       0       0       0       001010000D    459
     508       0       0       1       1                EDGELOOP      23D    460
     508     437       1       1       0       0       0       001010000D    461
     508       0       0       2       1                EDGELOOP      24D    462
     510     439       1       1       0       0       0       000010000D    463
     510       0     -33       1       1                    FACE      10D    464
     128     440       1       1       0       0       0       001010000D    465
     128       0     -33      42       0                  SPLSRF      11D    466
     508     482       1       1       0       0       0       001010000D    467
     508       0       0       1       1                EDGELOOP      25D    468
     510     483       1       1       0       0       0       000010000D    469
     510       0     -33       1       1                    FACE      11D    470
     128     484       1       1       0       0       0       001010000D    471
     128       0     -33      42       0                  SPLSRF      12D    472
     508     526       1       1       0       0       0       001010000D    473
     508       0       0       1       1                EDGELOOP      26D    474
     510     527       1       1       0       0       0       000010000D    475
     510       0     -33       1       1                    FACE      12D    476
     128     528       1       1       0       0       0       001010000D    477
     128       0     -33      38       0                  SPLSRF      13D    478
     508     566       1       1       0       0       0       001010000D    479
     508       0       0       1       1                EDGELOOP      27D    480
     510     567       1       1       0       0       0       000010000D    481
     510       0     -33       1       1                    FACE      13D    482
     128     568       1       1       0       0       0       001010000D    483
     128       0     -33      38       0                  SPLSRF      14D    484
     508     606       1       1       0       0       0       001010000D    485
     508       0       0       1       1                EDGELOOP      28D    486
     510     607       1       1       0       0       0       000010000D    487
     510       0     -33       1       1                    FACE      14D    488
     128     608       1       1       0       0       0       001010000D    489
     128       0     -33      42       0                  SPLSRF      15D    490
     508     650       1       1       0       0       0       001010000D    491
     508       0       0       1       1                EDGELOOP      29D    492
     510     651       1       1       0       0       0       000010000D    493
     510       0     -33       1       1                    FACE      15D    494
     128     652       1       1       0       0       0       001010000D    495
     128       0     -33      42       0                  SPLSRF      16D    496
     508     694       1       1       0       0       0       001010000D    497
     508       0       0       1       1                EDGELOOP      30D    498
     510     695       1       1       0       0       0       000010000D    499
     510       0     -33       1       1                    FACE      16D    500
     128     696       1       1       0       0       0       001010000D    501
     128       0     -33      38       0                  SPLSRF      17D    502
     508     734       1       1       0       0       0       001010000D    503
     508       0       0       1       1                EDGELOOP      31D    504
     510     735       1       1       0       0       0       000010000D    505
     510       0     -33       1       1                    FACE      17D    506
     128     736       1       1       0       0       0       001010000D    507
     128       0     -33      38       0                  SPLSRF      18D    508
     508     774       1       1       0       0       0       001010000D    509
     508       0       0       1       1                EDGELOOP      32D    510
     510     775       1       1       0       0       0       000010000D    511
     510       0     -33       1       1                    FACE      18D    512
     128     776       1       1       0       0       0       001010000D    513
     128       0     -33      42       0                  SPLSRF      19D    514
     508     818       1       1       0       0       0       001010000D    515
     508       0       0       1       1                EDGELOOP      33D    516
     510     819       1       1       0       0       0       000010000D    517
     510       0     -33       1       1                    FACE      19D    518
     128     820       1       1       0       0       0       001010000D    519
     128       0     -33      42       0                  SPLSRF      20D    520
     508     862       1       1       0       0       0       001010000D    521
     508       0       0       1       1                EDGELOOP      34D    522
     510     863       1       1       0       0       0       000010000D    523
     510       0     -33       1       1                    FACE      20D    524
     128     864       1       1       0       0       0       001010000D    525
     128       0     -33      38       0                  SPLSRF      21D    526
     508     902       1       1       0       0       0       001010000D    527
     508       0       0       1       1                EDGELOOP      35D    528
     510     903       1       1       0       0       0       000010000D    529
     510       0     -33       1       1                    FACE      21D    530
     128     904       1       1       0       0       0       001010000D    531
     128       0     -33      38       0                  SPLSRF      22D    532
     508     942       1       1       0       0       0       001010000D    533
     508       0       0       1       1                EDGELOOP      36D    534
     510     943       1       1       0       0       0       000010000D    535
     510       0     -33       1       1                    FACE      22D    536
     128     944       1       1       0       0       0       001010000D    537
     128       0     -33      42       0                  SPLSRF      23D    538
     508     986       1       1       0       0       0       001010000D    539
     508       0       0       1       1                EDGELOOP      37D    540
     510     987       1       1       0       0       0       000010000D    541
     510       0     -33       1       1                    FACE      23D    542
     128     988       1       1       0       0       0       001010000D    543
     128       0     -33      42       0                  SPLSRF      24D    544
     508    1030       1       1       0       0       0       001010000D    545
     508       0       0       1       1                EDGELOOP      38D    546
     510    1031       1       1       0       0       0       000010000D    547
     510       0     -33       1       1                    FACE      24D    548
     128    1032       1       1       0       0       0       001010000D    549
     128       0     -33      38       0                  SPLSRF      25D    550
     508    1070       1       1       0       0       0       001010000D    551
     508       0       0       1       1                EDGELOOP      39D    552
     510    1071       1       1       0       0       0       000010000D    553
     510       0     -33       1       1                    FACE      25D    554
     128    1072       1       1       0       0       0       001010000D    555
     128       0     -33      38       0                  SPLSRF      26D    556
     508    1110       1       1       0       0       0       001010000D    557
     508       0       0       1       1                EDGELOOP      40D    558
     510    1111       1       1       0       0       0       000010000D    559
     510       0     -33       1       1                    FACE      26D    560
     128    1112       1       1       0       0       0       001010000D    561
     128       0     -33      42       0                  SPLSRF      27D    562
     508    1154       1       1       0       0       0       001010000D    563
     508       0       0       1       1                EDGELOOP      41D    564
     510    1155       1       1       0       0       0       000010000D    565
     510       0     -33       1       1                    FACE      27D    566
     128    1156       1       1       0       0       0       001010000D    567
     128       0     -33      42       0                  SPLSRF      28D    568
     508    1198       1       1       0       0       0       001010000D    569
     508       0       0       1       1                EDGELOOP      42D    570
     510    1199       1       1       0       0       0       000010000D    571
     510       0     -33       1       1                    FACE      28D    572
     128    1200       1       1       0       0       0       001010000D    573
     128       0     -33      38       0                  SPLSRF      29D    574
     508    1238       1       1       0       0       0       001010000D    575
     508       0       0       1       1                EDGELOOP      43D    576
     510    1239       1       1       0       0       0       000010000D    577
     510       0     -33       1       1                    FACE      29D    578
     128    1240       1       1       0       0       0       001010000D    579
     128       0     -33      38       0                  SPLSRF      30D    580
     508    1278       1       1       0       0       0       001010000D    581
     508       0       0       1       1                EDGELOOP      44D    582
     510    1279       1       1       0       0       0       000010000D    583
     510       0     -33       1       1                    FACE      30D    584
     128    1280       1       1       0       0       0       001010000D    585
     128       0     -33      42       0                  SPLSRF      31D    586
     508    1322       1       1       0       0       0       001010000D    587
     508       0       0       1       1                EDGELOOP      45D    588
     510    1323       1       1       0       0       0       000010000D    589
     510       0     -33       1       1                    FACE      31D    590
     128    1324       1       1       0       0       0       001010000D    591
     128       0     -33      42       0                  SPLSRF      32D    592
     508    1366       1       1       0       0       0       001010000D    593
     508       0       0       1       1                EDGELOOP      46D    594
     510    1367       1       1       0       0       0       000010000D    595
     510       0     -33       1       1                    FACE      32D    596
     128    1368       1       1       0       0       0       001010000D    597
     128       0     -33      38       0                  SPLSRF      33D    598
     508    1406       1       1       0       0       0       001010000D    599
     508       0       0       1       1                EDGELOOP      47D    600
     510    1407       1       1       0       0       0       000010000D    601
     510       0     -33       1       1                    FACE      33D    602
     128    1408       1       1       0       0       0       001010000D    603
     128       0     -33      38       0                  SPLSRF      34D    604
     508    1446       1       1       0       0       0       001010000D    605
     508       0       0       1       1                EDGELOOP      48D    606
     510    1447       1       1       0       0       0       000010000D    607
     510       0     -33       1       1                    FACE      34D    608
     128    1448       1       1       0       0       0       001010000D    609
     128       0     -33       6       0                  SPLSRF      35D    610
     508    1454       1       1       0       0       0       001010000D    611
     508       0       0       1       1                EDGELOOP      49D    612
     510    1455       1       1       0       0       0       000010000D    613
     510       0     -33       1       1                    FACE      35D    614
     128    1456       1       1       0       0       0       001010000D    615
     128       0     -33      26       0                  SPLSRF      36D    616
     508    1482       1       1       0       0       0       001010000D    617
     508       0       0       1       1                EDGELOOP      50D    618
     510    1483       1       1       0       0       0       000010000D    619
     510       0     -33       1       1                    FACE      36D    620
     128    1484       1       1       0       0       0       001010000D    621
     128       0     -33       6       0                  SPLSRF      37D    622
     508    1490       1       1       0       0       0       001010000D    623
     508       0       0       1       1                EDGELOOP      51D    624
     510    1491       1       1       0       0       0       000010000D    625
     510       0     -33       1       1                    FACE      37D    626
     128    1492       1       1       0       0       0       001010000D    627
     128       0     -33      26       0                  SPLSRF      38D    628
     508    1518       1       1       0       0       0       001010000D    629
     508       0       0       1       1                EDGELOOP      52D    630
     510    1519       1       1       0       0       0       000010000D    631
     510       0     -33       1       1                    FACE      38D    632
     128    1520       1       1       0       0       0       001010000D    633
     128       0     -33       6       0                  SPLSRF      39D    634
     508    1526       1       1       0       0       0       001010000D    635
     508       0       0       1       1                EDGELOOP      53D    636
     510    1527       1       1       0       0       0       000010000D    637
     510       0     -33       1       1                    FACE      39D    638
     128    1528       1       1       0       0       0       001010000D    639
     128       0     -33      26       0                  SPLSRF      40D    640
     508    1554       1       1       0       0       0       001010000D    641
     508       0       0       1       1                EDGELOOP      54D    642
     510    1555       1       1       0       0       0       000010000D    643
     510       0     -33       1       1                    FACE      40D    644
     128    1556       1       1       0       0       0       001010000D    645
     128       0     -33       6       0                  SPLSRF      41D    646
     508    1562       1       1       0       0       0       001010000D    647
     508       0       0       1       1                EDGELOOP      55D    648
     510    1563       1       1       0       0       0       000010000D    649
     510       0     -33       1       1                    FACE      41D    650
     128    1564       1       1       0       0       0       001010000D    651
     128       0     -33      26       0                  SPLSRF      42D    652
     508    1590       1       1       0       0       0       001010000D    653
     508       0       0       1       1                EDGELOOP      56D    654
     510    1591       1       1       0       0       0       000010000D    655
     510       0     -33       1       1                    FACE      42D    656
     514    1592       1       1       0       0       0       000010000D    657
     514       0     -33       5       1                   SHELL       1D    658
     186    1597       1       1       0       0       0       000000000D    659
     186       0     -33       1       0                    MSBR       1D    660
     110    1598       1       1       0       0       0       001010000D    661
     110       0       1       1       0                    LINE      57D    662
     110    1599       1       1       0       0       0       001010000D    663
     110       0       1       1       0                    LINE      58D    664
     110    1600       1       1       0       0       0       001010000D    665
     110       0       1       1       0                    LINE      59D    666
     110    1601       1       1       0       0       0       001010000D    667
     110       0       1       1       0                    LINE      60D    668
     124    1602       1       1       0       0       0       001000000D    669
     124       0       0       1       0                   XFORM      53D    670
     100    1603       1       1       0       0     669       001010000D    671
     100       0       1       1       0                     ARC      53D    672
     124    1604       1       1       0       0       0       001000000D    673
     124       0       0       1       0                   XFORM      54D    674
     100    1605       1       1       0       0     673       001010000D    675
     100       0       1       1       0                     ARC      54D    676
     124    1606       1       1       0       0       0       001000000D    677
     124       0       0       1       0                   XFORM      55D    678
     100    1607       1       1       0       0     677       001010000D    679
     100       0       1       1       0                     ARC      55D    680
     124    1608       1       1       0       0       0       001000000D    681
     124       0       0       1       0                   XFORM      56D    682
     100    1609       1       1       0       0     681       001010000D    683
     100       0       1       1       0                     ARC      56D    684
     124    1610       1       1       0       0       0       001000000D    685
     124       0       0       1       0                   XFORM      57D    686
     100    1611       1       1       0       0     685       001010000D    687
     100       0       1       1       0                     ARC      57D    688
     124    1612       1       1       0       0       0       001000000D    689
     124       0       0       2       0                   XFORM      58D    690
     100    1614       1       1       0       0     689       001010000D    691
     100       0       1       1       0                     ARC      58D    692
     124    1615       1       1       0       0       0       001000000D    693
     124       0       0       1       0                   XFORM      59D    694
     100    1616       1       1       0       0     693       001010000D    695
     100       0       1       1       0                     ARC      59D    696
     124    1617       1       1       0       0       0       001000000D    697
     124       0       0       1       0                   XFORM      60D    698
     100    1618       1       1       0       0     697       001010000D    699
     100       0       1       1       0                     ARC      60D    700
     124    1619       1       1       0       0       0       001000000D    701
     124       0       0       1       0                   XFORM      61D    702
     100    1620       1       1       0       0     701       001010000D    703
     100       0       1       1       0                     ARC      61D    704
     124    1621       1       1       0       0       0       001000000D    705
     124       0       0       2       0                   XFORM      62D    706
     100    1623       1       1       0       0     705       001010000D    707
     100       0       1       1       0                     ARC      62D    708
     124    1624       1       1       0       0       0       001000000D    709
     124       0       0       1       0                   XFORM      63D    710
     100    1625       1       1       0       0     709       001010000D    711
     100       0       1       1       0                     ARC      63D    712
     124    1626       1       1       0       0       0       001000000D    713
     124       0       0       2       0                   XFORM      64D    714
     100    1628       1       1       0       0     713       001010000D    715
     100       0       1       1       0                     ARC      64D    716
     124    1629       1       1       0       0       0       001000000D    717
     124       0       0       2       0                   XFORM      65D    718
     100    1631       1       1       0       0     717       001010000D    719
     100       0       1       1       0                     ARC      65D    720
     110    1632       1       1       0       0       0       001010000D    721
     110       0       1       1       0                    LINE      61D    722
     124    1633       1       1       0       0       0       001000000D    723
     124       0       0       2       0                   XFORM      66D    724
     100    1635       1       1       0       0     723       001010000D    725
     100       0       1       1       0                     ARC      66D    726
     110    1636       1       1       0       0       0       001010000D    727
     110       0       1       1       0                    LINE      62D    728
     124    1637       1       1       0       0       0       001000000D    729
     124       0       0       2       0                   XFORM      67D    730
     100    1639       1       1       0       0     729       001010000D    731
     100       0       1       1       0                     ARC      67D    732
     110    1640       1       1       0       0       0       001010000D    733
     110       0       1       1       0                    LINE      63D    734
     124    1641       1       1       0       0       0       001000000D    735
     124       0       0       1       0                   XFORM      68D    736
     100    1642       1       1       0       0     735       001010000D    737
     100       0       1       1       0                     ARC      68D    738
     110    1643       1       1       0       0       0       001010000D    739
     110       0       1       1       0                    LINE      64D    740
     110    1644       1       1       0       0       0       001010000D    741
     110       0       1       1       0                    LINE      65D    742
     110    1645       1       1       0       0       0       001010000D    743
     110       0       1       1       0                    LINE      66D    744
     110    1646       1       1       0       0       0       001010000D    745
     110       0       1       1       0                    LINE      67D    746
     110    1647       1       1       0       0       0       001010000D    747
     110       0       1       1       0                    LINE      68D    748
     110    1648       1       1       0       0       0       001010000D    749
     110       0       1       1       0                    LINE      69D    750
     110    1649       1       1       0       0       0       001010000D    751
     110       0       1       1       0                    LINE      70D    752
     110    1650       1       1       0       0       0       001010000D    753
     110       0       1       1       0                    LINE      71D    754
     110    1651       1       1       0       0       0       001010000D    755
     110       0       1       1       0                    LINE      72D    756
     124    1652       1       1       0       0       0       001000000D    757
     124       0       0       1       0                   XFORM      69D    758
     100    1653       1       1       0       0     757       001010000D    759
     100       0       1       1       0                     ARC      69D    760
     124    1654       1       1       0       0       0       001000000D    761
     124       0       0       1       0                   XFORM      70D    762
     100    1655       1       1       0       0     761       001010000D    763
     100       0       1       1       0                     ARC      70D    764
     124    1656       1       1       0       0       0       001000000D    765
     124       0       0       1       0                   XFORM      71D    766
     100    1657       1       1       0       0     765       001010000D    767
     100       0       1       1       0                     ARC      71D    768
     124    1658       1       1       0       0       0       001000000D    769
     124       0       0       1       0                   XFORM      72D    770
     100    1659       1       1       0       0     769       001010000D    771
     100       0       1       1       0                     ARC      72D    772
     124    1660       1       1       0       0       0       001000000D    773
     124       0       0       1       0                   XFORM      73D    774
     100    1661       1       1       0       0     773       001010000D    775
     100       0       1       1       0                     ARC      73D    776
     124    1662       1       1       0       0       0       001000000D    777
     124       0       0       1       0                   XFORM      74D    778
     100    1663       1       1       0       0     777       001010000D    779
     100       0       1       1       0                     ARC      74D    780
     124    1664       1       1       0       0       0       001000000D    781
     124       0       0       1       0                   XFORM      75D    782
     100    1665       1       1       0       0     781       001010000D    783
     100       0       1       1       0                     ARC      75D    784
     124    1666       1       1       0       0       0       001000000D    785
     124       0       0       1       0                   XFORM      76D    786
     100    1667       1       1       0       0     785       001010000D    787
     100       0       1       1       0                     ARC      76D    788
     124    1668       1       1       0       0       0       001000000D    789
     124       0       0       1       0                   XFORM      77D    790
     100    1669       1       1       0       0     789       001010000D    791
     100       0       1       1       0                     ARC      77D    792
     124    1670       1       1       0       0       0       001000000D    793
     124       0       0       1       0                   XFORM      78D    794
     100    1671       1       1       0       0     793       001010000D    795
     100       0       1       1       0                     ARC      78D    796
     124    1672       1       1       0       0       0       001000000D    797
     124       0       0       1       0                   XFORM      79D    798
     100    1673       1       1       0       0     797       001010000D    799
     100       0       1       1       0                     ARC      79D    800
     124    1674       1       1       0       0       0       001000000D    801
     124       0       0       1       0                   XFORM      80D    802
     100    1675       1       1       0       0     801       001010000D    803
     100       0       1       1       0                     ARC      80D    804
     124    1676       1       1       0       0       0       001000000D    805
     124       0       0       1       0                   XFORM      81D    806
     100    1677       1       1       0       0     805       001010000D    807
     100       0       1       1       0                     ARC      81D    808
     110    1678       1       1       0       0       0       001010000D    809
     110       0       1       1       0                    LINE      73D    810
     124    1679       1       1       0       0       0       001000000D    811
     124       0       0       1       0                   XFORM      82D    812
     100    1680       1       1       0       0     811       001010000D    813
     100       0       1       1       0                     ARC      82D    814
     110    1681       1       1       0       0       0       001010000D    815
     110       0       1       1       0                    LINE      74D    816
     124    1682       1       1       0       0       0       001000000D    817
     124       0       0       1       0                   XFORM      83D    818
     100    1683       1       1       0       0     817       001010000D    819
     100       0       1       1       0                     ARC      83D    820
     110    1684       1       1       0       0       0       001010000D    821
     110       0       1       1       0                    LINE      75D    822
     124    1685       1       1       0       0       0       001000000D    823
     124       0       0       1       0                   XFORM      84D    824
     100    1686       1       1       0       0     823       001010000D    825
     100       0       1       1       0                     ARC      84D    826
     110    1687       1       1       0       0       0       001010000D    827
     110       0       1       1       0                    LINE      76D    828
     110    1688       1       1       0       0       0       001010000D    829
     110       0       1       1       0                    LINE      77D    830
     110    1689       1       1       0       0       0       001010000D    831
     110       0       1       1       0                    LINE      78D    832
     110    1690       1       1       0       0       0       001010000D    833
     110       0       1       1       0                    LINE      79D    834
     110    1691       1       1       0       0       0       001010000D    835
     110       0       1       1       0                    LINE      80D    836
     110    1692       1       1       0       0       0       001010000D    837
     110       0       1       1       0                    LINE      81D    838
     110    1693       1       1       0       0       0       001010000D    839
     110       0       1       1       0                    LINE      82D    840
     110    1694       1       1       0       0       0       001010000D    841
     110       0       1       1       0                    LINE      83D    842
     110    1695       1       1       0       0       0       001010000D    843
     110       0       1       1       0                    LINE      84D    844
     110    1696       1       1       0       0       0       001010000D    845
     110       0       1       1       0                    LINE      85D    846
     110    1697       1       1       0       0       0       001010000D    847
     110       0       1       1       0                    LINE      86D    848
     110    1698       1       1       0       0       0       001010000D    849
     110       0       1       1       0                    LINE      87D    850
     110    1699       1       1       0       0       0       001010000D    851
     110       0       1       1       0                    LINE      88D    852
     110    1700       1       1       0       0       0       001010000D    853
     110       0       1       1       0                    LINE      89D    854
     110    1701       1       1       0       0       0       001010000D    855
     110       0       1       1       0                    LINE      90D    856
     110    1702       1       1       0       0       0       001010000D    857
     110       0       1       1       0                    LINE      91D    858
     110    1703       1       1       0       0       0       001010000D    859
     110       0       1       1       0                    LINE      92D    860
     110    1704       1       1       0       0       0       001010000D    861
     110       0       1       1       0                    LINE      93D    862
     110    1705       1       1       0       0       0       001010000D    863
     110       0       1       1       0                    LINE      94D    864
     110    1706       1       1       0       0       0       001010000D    865
     110       0       1       1       0                    LINE      95D    866
     110    1707       1       1       0       0       0       001010000D    867
     110       0       1       1       0                    LINE      96D    868
     502    1708       1       1       0       0       0       001010000D    869
     502       0       1      17       1                  VERTEX       2D    870
     504    1725       1       1       0       0       0       000010001D    871
     504       0       1      21       1                    EDGE       2D    872
     128    1746       1       1       0       0       0       001010000D    873
     128       0       1       5       0                  SPLSRF      43D    874
     508    1751       1       1       0       0       0       001010000D    875
     508       0       0       2       1                EDGELOOP      57D    876
     508    1753       1       1       0       0       0       001010000D    877
     508       0       0       1       1                EDGELOOP      58D    878
     508    1754       1       1       0       0       0       001010000D    879
     508       0       0       1       1                EDGELOOP      59D    880
     508    1755       1       1       0       0       0       001010000D    881
     508       0       0       1       1                EDGELOOP      60D    882
     508    1756       1       1       0       0       0       001010000D    883
     508       0       0       1       1                EDGELOOP      61D    884
     508    1757       1       1       0       0       0       001010000D    885
     508       0       0       1       1                EDGELOOP      62D    886
     508    1758       1       1       0       0       0       001010000D    887
     508       0       0       1       1                EDGELOOP      63D    888
     508    1759       1       1       0       0       0       001010000D    889
     508       0       0       1       1                EDGELOOP      64D    890
     510    1760       1       1       0       0       0       000010000D    891
     510       0       1       1       1                    FACE      43D    892
     128    1761       1       1       0       0       0       001010000D    893
     128       0       1       6       0                  SPLSRF      44D    894
     508    1767       1       1       0       0       0       001010000D    895
     508       0       0       1       1                EDGELOOP      65D    896
     510    1768       1       1       0       0       0       000010000D    897
     510       0       1       1       1                    FACE      44D    898
     128    1769       1       1       0       0       0       001010000D    899
     128       0       1       6       0                  SPLSRF      45D    900
     508    1775       1       1       0       0       0       001010000D    901
     508       0       0       1       1                EDGELOOP      66D    902
     510    1776       1       1       0       0       0       000010000D    903
     510       0       1       1       1                    FACE      45D    904
     128    1777       1       1       0       0       0       001010000D    905
     128       0       1       6       0                  SPLSRF      46D    906
     508    1783       1       1       0       0       0       001010000D    907
     508       0       0       1       1                EDGELOOP      67D    908
     510    1784       1       1       0       0       0       000010000D    909
     510       0       1       1       1                    FACE      46D    910
     128    1785       1       1       0       0       0       001010000D    911
     128       0       1       6       0                  SPLSRF      47D    912
     508    1791       1       1       0       0       0       001010000D    913
     508       0       0       1       1                EDGELOOP      68D    914
     510    1792       1       1       0       0       0       000010000D    915
     510       0       1       1       1                    FACE      47D    916
     128    1793       1       1       0       0       0       001010000D    917
     128       0       1       4       0                  SPLSRF      48D    918
     508    1797       1       1       0       0       0       001010000D    919
     508       0       0       2       1                EDGELOOP      69D    920
     508    1799       1       1       0       0       0       001010000D    921
     508       0       0       1       1                EDGELOOP      70D    922
     508    1800       1       1       0       0       0       001010000D    923
     508       0       0       1       1                EDGELOOP      71D    924
     508    1801       1       1       0       0       0       001010000D    925
     508       0       0       1       1                EDGELOOP      72D    926
     508    1802       1       1       0       0       0       001010000D    927
     508       0       0       1       1                EDGELOOP      73D    928
     508    1803       1       1       0       0       0       001010000D    929
     508       0       0       1       1                EDGELOOP      74D    930
     508    1804       1       1       0       0       0       001010000D    931
     508       0       0       1       1                EDGELOOP      75D    932
     508    1805       1       1       0       0       0       001010000D    933
     508       0       0       1       1                EDGELOOP      76D    934
     510    1806       1       1       0       0       0       000010000D    935
     510       0       1       1       1                    FACE      48D    936
     128    1807       1       1       0       0       0       001010000D    937
     128       0       1      38       0                  SPLSRF      49D    938
     508    1845       1       1       0       0       0       001010000D    939
     508       0       0       1       1                EDGELOOP      77D    940
     510    1846       1       1       0       0       0       000010000D    941
     510       0       1       1       1                    FACE      49D    942
     128    1847       1       1       0       0       0       001010000D    943
     128       0       1      38       0                  SPLSRF      50D    944
     508    1885       1       1       0       0       0       001010000D    945
     508       0       0       1       1                EDGELOOP      78D    946
     510    1886       1       1       0       0       0       000010000D    947
     510       0       1       1       1                    FACE      50D    948
     128    1887       1       1       0       0       0       001010000D    949
     128       0       1      38       0                  SPLSRF      51D    950
     508    1925       1       1       0       0       0       001010000D    951
     508       0       0       1       1                EDGELOOP      79D    952
     510    1926       1       1       0       0       0       000010000D    953
     510       0       1       1       1                    FACE      51D    954
     128    1927       1       1       0       0       0       001010000D    955
     128       0       1      38       0                  SPLSRF      52D    956
     508    1965       1       1       0       0       0       001010000D    957
     508       0       0       1       1                EDGELOOP      80D    958
     510    1966       1       1       0       0       0       000010000D    959
     510       0       1       1       1                    FACE      52D    960
     128    1967       1       1       0       0       0       001010000D    961
     128       0       1      38       0                  SPLSRF      53D    962
     508    2005       1       1       0       0       0       001010000D    963
     508       0       0       1       1                EDGELOOP      81D    964
     510    2006       1       1       0       0       0       000010000D    965
     510       0       1       1       1                    FACE      53D    966
     128    2007       1       1       0       0       0       001010000D    967
     128       0       1      38       0                  SPLSRF      54D    968
     508    2045       1       1       0       0       0       001010000D    969
     508       0       0       1       1                EDGELOOP      82D    970
     510    2046       1       1       0       0       0       000010000D    971
     510       0       1       1       1                    FACE      54D    972
     128    2047       1       1       0       0       0       001010000D    973
     128       0       1      38       0                  SPLSRF      55D    974
     508    2085       1       1       0       0       0       001010000D    975
     508       0       0       1       1                EDGELOOP      83D    976
     510    2086       1       1       0       0       0       000010000D    977
     510       0       1       1       1                    FACE      55D    978
     128    2087       1       1       0       0       0       001010000D    979
     128       0       1      38       0                  SPLSRF      56D    980
     508    2125       1       1       0       0       0       001010000D    981
     508       0       0       1       1                EDGELOOP      84D    982
     510    2126       1       1       0       0       0       000010000D    983
     510       0       1       1       1                    FACE      56D    984
     128    2127       1       1       0       0       0       001010000D    985
     128       0       1      38       0                  SPLSRF      57D    986
     508    2165       1       1       0       0       0       001010000D    987
     508       0       0       1       1                EDGELOOP      85D    988
     510    2166       1       1       0       0       0       000010000D    989
     510       0       1       1       1                    FACE      57D    990
     128    2167       1       1       0       0       0       001010000D    991
     128       0       1      38       0                  SPLSRF      58D    992
     508    2205       1       1       0       0       0       001010000D    993
     508       0       0       1       1                EDGELOOP      86D    994
     510    2206       1       1       0       0       0       000010000D    995
     510       0       1       1       1                    FACE      58D    996
     128    2207       1       1       0       0       0       001010000D    997
     128       0       1      38       0                  SPLSRF      59D    998
     508    2245       1       1       0       0       0       001010000D    999
     508       0       0       1       1                EDGELOOP      87D   1000
     510    2246       1       1       0       0       0       000010000D   1001
     510       0       1       1       1                    FACE      59D   1002
     128    2247       1       1       0       0       0       001010000D   1003
     128       0       1      38       0                  SPLSRF      60D   1004
     508    2285       1       1       0       0       0       001010000D   1005
     508       0       0       1       1                EDGELOOP      88D   1006
     510    2286       1       1       0       0       0       000010000D   1007
     510       0       1       1       1                    FACE      60D   1008
     128    2287       1       1       0       0       0       001010000D   1009
     128       0       1      26       0                  SPLSRF      61D   1010
     508    2313       1       1       0       0       0       001010000D   1011
     508       0       0       1       1                EDGELOOP      89D   1012
     510    2314       1       1       0       0       0       000010000D   1013
     510       0       1       1       1                    FACE      61D   1014
     128    2315       1       1       0       0       0       001010000D   1015
     128       0       1       6       0                  SPLSRF      62D   1016
     508    2321       1       1       0       0       0       001010000D   1017
     508       0       0       1       1                EDGELOOP      90D   1018
     510    2322       1       1       0       0       0       000010000D   1019
     510       0       1       1       1                    FACE      62D   1020
     128    2323       1       1       0       0       0       001010000D   1021
     128       0       1      26       0                  SPLSRF      63D   1022
     508    2349       1       1       0       0       0       001010000D   1023
     508       0       0       1       1                EDGELOOP      91D   1024
     510    2350       1       1       0       0       0       000010000D   1025
     510       0       1       1       1                    FACE      63D   1026
     128    2351       1       1       0       0       0       001010000D   1027
     128       0       1       6       0                  SPLSRF      64D   1028
     508    2357       1       1       0       0       0       001010000D   1029
     508       0       0       1       1                EDGELOOP      92D   1030
     510    2358       1       1       0       0       0       000010000D   1031
     510       0       1       1       1                    FACE      64D   1032
     128    2359       1       1       0       0       0       001010000D   1033
     128       0       1      26       0                  SPLSRF      65D   1034
     508    2385       1       1       0       0       0       001010000D   1035
     508       0       0       1       1                EDGELOOP      93D   1036
     510    2386       1       1       0       0       0       000010000D   1037
     510       0       1       1       1                    FACE      65D   1038
     128    2387       1       1       0       0       0       001010000D   1039
     128       0       1       6       0                  SPLSRF      66D   1040
     508    2393       1       1       0       0       0       001010000D   1041
     508       0       0       1       1                EDGELOOP      94D   1042
     510    2394       1       1       0       0       0       000010000D   1043
     510       0       1       1       1                    FACE      66D   1044
     128    2395       1       1       0       0       0       001010000D   1045
     128       0       1      26       0                  SPLSRF      67D   1046
     508    2421       1       1       0       0       0       001010000D   1047
     508       0       0       1       1                EDGELOOP      95D   1048
     510    2422       1       1       0       0       0       000010000D   1049
     510       0       1       1       1                    FACE      67D   1050
     128    2423       1       1       0       0       0       001010000D   1051
     128       0       1       6       0                  SPLSRF      68D   1052
     508    2429       1       1       0       0       0       001010000D   1053
     508       0       0       1       1                EDGELOOP      96D   1054
     510    2430       1       1       0       0       0       000010000D   1055
     510       0       1       1       1                    FACE      68D   1056
     514    2431       1       1       0       0       0       000010000D   1057
     514       0       1       3       1                   SHELL       2D   1058
     186    2434       1       1       0       0       0       000000000D   1059
     186       0       1       1       0                    MSBR       2D   1060
     406    2435       1       1       0       0       0       001000000D   1061
     406       0       0       1      15                    PROP       1D   1062
     402    2436       1       1       0       0       0       000000300D   1063
     402       0       0      27       7                   LAYER       1D   1064
     406    2463       1       1       0       0       0       001000000D   1065
     406       0       0       1      15                    PROP       2D   1066
     402    2464       1       1       0       0       0       000000300D   1067
     402       0       0      16       7                   LAYER       2D   1068
     406    2480       1       1       0       0       0       001000000D   1069
     406       0       0       1      15                    PROP       3D   1070
     402    2481       1       1       0       0       0       000000300D   1071
     402       0       0      12       7                   LAYER       3D   1072
     124    2493       1       1       0       0       0       001000000D   1073
     124       0       0       2       0                   XFORM      85D   1074
     100    2495       1       1       0       0    1073       001010000D   1075
     100       0       8       1       0                     ARC      85D   1076
     110    2496       1       1       0       0       0       001010000D   1077
     110       0       8       2       0                    LINE      97D   1078
     124    2498       1       1       0       0       0       001000000D   1079
     124       0       0       2       0                   XFORM      86D   1080
     100    2500       1       1       0       0    1079       001010000D   1081
     100       0       8       1       0                     ARC      86D   1082
     110    2501       1       1       0       0       0       001010000D   1083
     110       0       8       2       0                    LINE      98D   1084
     124    2503       1       1       0       0       0       001000000D   1085
     124       0       0       2       0                   XFORM      87D   1086
     100    2505       1       1       0       0    1085       001010000D   1087
     100       0       8       1       0                     ARC      87D   1088
     110    2506       1       1       0       0       0       001010000D   1089
     110       0       8       2       0                    LINE      99D   1090
     124    2508       1       1       0       0       0       001000000D   1091
     124       0       0       2       0                   XFORM      88D   1092
     100    2510       1       1       0       0    1091       001010000D   1093
     100       0       8       1       0                     ARC      88D   1094
     110    2511       1       1       0       0       0       001010000D   1095
     110       0       8       1       0                    LINE     100D   1096
     110    2512       1       1       0       0       0       001010000D   1097
     110       0       8       1       0                    LINE     101D   1098
     110    2513       1       1       0       0       0       001010000D   1099
     110       0       8       1       0                    LINE     102D   1100
     110    2514       1       1       0       0       0       001010000D   1101
     110       0       8       1       0                    LINE     103D   1102
     110    2515       1       1       0       0       0       001010000D   1103
     110       0       8       2       0                    LINE     104D   1104
     110    2517       1       1       0       0       0       001010000D   1105
     110       0       8       2       0                    LINE     105D   1106
     110    2519       1       1       0       0       0       001010000D   1107
     110       0       8       2       0                    LINE     106D   1108
     110    2521       1       1       0       0       0       001010000D   1109
     110       0       8       1       0                    LINE     107D   1110
     110    2522       1       1       0       0       0       001010000D   1111
     110       0       8       2       0                    LINE     108D   1112
     124    2524       1       1       0       0       0       001000000D   1113
     124       0       0       2       0                   XFORM      89D   1114
     100    2526       1       1       0       0    1113       001010000D   1115
     100       0       8       1       0                     ARC      89D   1116
     110    2527       1       1       0       0       0       001010000D   1117
     110       0       8       1       0                    LINE     109D   1118
     124    2528       1       1       0       0       0       001000000D   1119
     124       0       0       2       0                   XFORM      90D   1120
     100    2530       1       1       0       0    1119       001010000D   1121
     100       0       8       1       0                     ARC      90D   1122
     110    2531       1       1       0       0       0       001010000D   1123
     110       0       8       2       0                    LINE     110D   1124
     124    2533       1       1       0       0       0       001000000D   1125
     124       0       0       2       0                   XFORM      91D   1126
     100    2535       1       1       0       0    1125       001010000D   1127
     100       0       8       1       0                     ARC      91D   1128
     110    2536       1       1       0       0       0       001010000D   1129
     110       0       8       2       0                    LINE     111D   1130
     124    2538       1       1       0       0       0       001000000D   1131
     124       0       0       2       0                   XFORM      92D   1132
     100    2540       1       1       0       0    1131       001010000D   1133
     100       0       8       1       0                     ARC      92D   1134
     110    2541       1       1       0       0       0       001010000D   1135
     110       0       8       2       0                    LINE     112D   1136
     502    2543       1       1       0       0       0       001010000D   1137
     502       0       8      10       1                  VERTEX       3D   1138
     504    2553       1       1       0       0       0       000010001D   1139
     504       0       8       8       1                    EDGE       3D   1140
     128    2561       1       1       0       0       0       001010000D   1141
     128       0       8       5       0                  SPLSRF      69D   1142
     508    2566       1       1       0       0       0       001010000D   1143
     508       0       0       2       1                EDGELOOP      97D   1144
     510    2568       1       1       0       0       0       000010000D   1145
     510       0       8       1       1                    FACE      69D   1146
     128    2569       1       1       0       0       0       001010000D   1147
     128       0       8      21       0                  SPLSRF      70D   1148
     508    2590       1       1       0       0       0       001010000D   1149
     508       0       0       1       1                EDGELOOP      98D   1150
     510    2591       1       1       0       0       0       000010000D   1151
     510       0       8       1       1                    FACE      70D   1152
     128    2592       1       1       0       0       0       001010000D   1153
     128       0       8       5       0                  SPLSRF      71D   1154
     508    2597       1       1       0       0       0       001010000D   1155
     508       0       0       1       1                EDGELOOP      99D   1156
     510    2598       1       1       0       0       0       000010000D   1157
     510       0       8       1       1                    FACE      71D   1158
     128    2599       1       1       0       0       0       001010000D   1159
     128       0       8      21       0                  SPLSRF      72D   1160
     508    2620       1       1       0       0       0       001010000D   1161
     508       0       0       1       1                EDGELOOP     100D   1162
     510    2621       1       1       0       0       0       000010000D   1163
     510       0       8       1       1                    FACE      72D   1164
     128    2622       1       1       0       0       0       001010000D   1165
     128       0       8       5       0                  SPLSRF      73D   1166
     508    2627       1       1       0       0       0       001010000D   1167
     508       0       0       1       1                EDGELOOP     101D   1168
     510    2628       1       1       0       0       0       000010000D   1169
     510       0       8       1       1                    FACE      73D   1170
     128    2629       1       1       0       0       0       001010000D   1171
     128       0       8      25       0                  SPLSRF      74D   1172
     508    2654       1       1       0       0       0       001010000D   1173
     508       0       0       1       1                EDGELOOP     102D   1174
     510    2655       1       1       0       0       0       000010000D   1175
     510       0       8       1       1                    FACE      74D   1176
     128    2656       1       1       0       0       0       001010000D   1177
     128       0       8       6       0                  SPLSRF      75D   1178
     508    2662       1       1       0       0       0       001010000D   1179
     508       0       0       1       1                EDGELOOP     103D   1180
     510    2663       1       1       0       0       0       000010000D   1181
     510       0       8       1       1                    FACE      75D   1182
     128    2664       1       1       0       0       0       001010000D   1183
     128       0       8      25       0                  SPLSRF      76D   1184
     508    2689       1       1       0       0       0       001010000D   1185
     508       0       0       1       1                EDGELOOP     104D   1186
     510    2690       1       1       0       0       0       000010000D   1187
     510       0       8       1       1                    FACE      76D   1188
     128    2691       1       1       0       0       0       001010000D   1189
     128       0       8       6       0                  SPLSRF      77D   1190
     508    2697       1       1       0       0       0       001010000D   1191
     508       0       0       1       1                EDGELOOP     105D   1192
     510    2698       1       1       0       0       0       000010000D   1193
     510       0       8       1       1                    FACE      77D   1194
     128    2699       1       1       0       0       0       001010000D   1195
     128       0       8       5       0                  SPLSRF      78D   1196
     508    2704       1       1       0       0       0       001010000D   1197
     508       0       0       2       1                EDGELOOP     106D   1198
     510    2706       1       1       0       0       0       000010000D   1199
     510       0       8       1       1                    FACE      78D   1200
     514    2707       1       1       0       0       0       000010000D   1201
     514       0       8       2       1                   SHELL       3D   1202
     186    2709       1       1       0       0       0       000000000D   1203
     186       0       8       1       0                    MSBR       3D   1204
     406    2710       1       1       0       0       0       001000000D   1205
     406       0       0       1      15                    PROP       4D   1206
     402    2711       1       1       0       0       0       000000300D   1207
     402       0       0       6       7                   LAYER       4D   1208
     406    2717       1       1       0       0       0       001000000D   1209
     406       0       0       1      15                    PROP       5D   1210
     402    2718       1       1       0       0       0       000000300D   1211
     402       0       0       5       7                   LAYER       5D   1212
     406    2723       1       1       0       0       0       001000000D   1213
     406       0       0       1      15                    PROP       6D   1214
     402    2724       1       1       0       0       0       000000300D   1215
     402       0       0       1       7                   LAYER       6D   1216
314,0D0,6.588235294118D1,1D2;                                          1P      1
314,0D0,8D1,1D2;                                                       3P      2
314,1.960784313725D0,0D0,5.921568627451D1;                             5P      3
314,2.745098039216D0,5.372549019608D1,3.529411764706D0;                7P      4
314,7.843137254902D0,7.843137254902D0,7.843137254902D0;                9P      5
314,1.098039215686D1,1.686274509804D1,2.117647058824D1;               11P      6
314,1.098039215686D1,2.313725490196D1,4.156862745098D1;               13P      7
314,1.960784313725D1,7.843137254902D1,1D2;                            15P      8
314,2D1,2D1,6D1;                                                      17P      9
314,2.588235294118D1,2.509803921569D1,2.901960784314D1;               19P     10
314,3.372549019608D1,3.490196078431D1,3.607843137255D1;               21P     11
314,4.509803921569D1,6D1,9.490196078431D1;                            23P     12
314,5D1,5D1,1D2;                                                      25P     13
314,5D1,1D2,5D1;                                                      27P     14
314,6.588235294118D1,6.392156862745D1,5.490196078431D1;               29P     15
314,6.627450980392D1,6.666666666667D1,6.705882352941D1;               31P     16
314,6.952D1,7.426D1,7.9D1;                                            33P     17
314,7.098039215686D1,8.509803921569D1,1D2;                            35P     18
314,8.784D1,9.49D1,1D2;                                               37P     19
314,1D2,0D0,2D1;                                                      39P     20
314,1D2,5.09804D1,5.09804D1;                                          41P     21
314,1D2,5.7D1,0D0;                                                    43P     22
314,1D2,6.07843D1,1D2;                                                45P     23
314,1D2,6.392156862745D1,4.313725490196D1;                            47P     24
314,1D2,7.52015D1,3.91755D1;                                          49P     25
314,1D2,1D2,4.980392156863D1;                                         51P     26
124,0D0,1D0,0D0,1.09D2,1D0,0D0,0D0,8.25D1,0D0,0D0,-1D0,0D0;           53P     27
100,0D0,0D0,0D0,5D0,0D0,0D0,5D0;                                      55P     28
110,1.09D2,8.75D1,0D0,-1.09D2,8.75D1,0D0;                             57P     29
124,-1D0,0D0,0D0,-1.09D2,0D0,1D0,0D0,8.25D1,0D0,0D0,-1D0,0D0;         59P     30
100,0D0,0D0,0D0,5D0,0D0,1.473906101991D-14,5D0;                       61P     31
110,-1.14D2,8.25D1,0D0,-1.14D2,-8.25D1,0D0;                           63P     32
124,0D0,-1D0,0D0,-1.09D2,-1D0,0D0,0D0,-8.25D1,0D0,0D0,-1D0,0D0;       65P     33
100,0D0,0D0,0D0,5D0,0D0,0D0,5D0;                                      67P     34
110,-1.09D2,-8.75D1,0D0,1.09D2,-8.75D1,0D0;                           69P     35
124,1D0,0D0,0D0,1.09D2,0D0,-1D0,0D0,-8.25D1,0D0,0D0,-1D0,0D0;         71P     36
100,0D0,0D0,0D0,5D0,0D0,0D0,5D0;                                      73P     37
110,1.14D2,-8.25D1,0D0,1.14D2,8.25D1,0D0;                             75P     38
124,1D0,0D0,0D0,0D0,0D0,1D0,0D0,7.85D1,0D0,0D0,1D0,0D0;               77P     39
100,0D0,0D0,0D0,1.9D0,0D0,-1.9D0,0D0;                                 79P     40
124,-1D0,0D0,0D0,0D0,0D0,-1D0,0D0,7.85D1,0D0,0D0,1D0,0D0;             81P     41
100,0D0,0D0,0D0,1.9D0,0D0,-1.9D0,0D0;                                 83P     42
124,1D0,0D0,0D0,0D0,0D0,1D0,0D0,-7.85D1,0D0,0D0,1D0,0D0;              85P     43
100,0D0,0D0,0D0,1.9D0,0D0,-1.9D0,0D0;                                 87P     44
124,-1D0,0D0,0D0,0D0,0D0,-1D0,0D0,-7.85D1,0D0,0D0,1D0,0D0;            89P     45
100,0D0,0D0,0D0,1.9D0,0D0,-1.9D0,0D0;                                 91P     46
124,1D0,0D0,0D0,1.05D2,0D0,1D0,0D0,-7.85D1,0D0,0D0,1D0,0D0;           93P     47
100,0D0,0D0,0D0,1.9D0,0D0,-1.9D0,0D0;                                 95P     48
124,-1D0,0D0,0D0,1.05D2,0D0,-1D0,0D0,-7.85D1,0D0,0D0,1D0,0D0;         97P     49
100,0D0,0D0,0D0,1.9D0,0D0,-1.9D0,0D0;                                 99P     50
124,1D0,0D0,0D0,-1.05D2,0D0,1D0,0D0,-7.85D1,0D0,0D0,1D0,0D0;         101P     51
100,0D0,0D0,0D0,1.9D0,0D0,-1.9D0,0D0;                                103P     52
124,-1D0,0D0,0D0,-1.05D2,0D0,-1D0,0D0,-7.85D1,0D0,0D0,1D0,0D0;       105P     53
100,0D0,0D0,0D0,1.9D0,0D0,-1.9D0,0D0;                                107P     54
124,1D0,0D0,0D0,-1.05D2,0D0,1D0,0D0,7.85D1,0D0,0D0,1D0,0D0;          109P     55
100,0D0,0D0,0D0,1.9D0,0D0,-1.9D0,0D0;                                111P     56
124,-1D0,0D0,0D0,-1.05D2,0D0,-1D0,0D0,7.85D1,0D0,0D0,1D0,0D0;        113P     57
100,0D0,0D0,0D0,1.9D0,0D0,-1.9D0,0D0;                                115P     58
124,1D0,0D0,0D0,1.05D2,0D0,1D0,0D0,7.85D1,0D0,0D0,1D0,0D0;           117P     59
100,0D0,0D0,0D0,1.9D0,0D0,-1.9D0,0D0;                                119P     60
124,-1D0,0D0,0D0,1.05D2,0D0,-1D0,0D0,7.85D1,0D0,0D0,1D0,0D0;         121P     61
100,0D0,0D0,0D0,1.9D0,0D0,-1.9D0,0D0;                                123P     62
110,8.75D1,-6.25D1,0D0,-8.75D1,-6.25D1,0D0;                          125P     63
110,-8.95D1,-6.05D1,0D0,-8.95D1,6.05D1,0D0;                          127P     64
110,-8.75D1,6.25D1,0D0,8.75D1,6.25D1,0D0;                            129P     65
110,8.95D1,6.05D1,0D0,8.95D1,-6.05D1,0D0;                            131P     66
110,1.14D2,8.25D1,3D0,1.14D2,8.25D1,0D0;                             133P     67
110,1.14D2,-8.25D1,3D0,1.14D2,-8.25D1,0D0;                           135P     68
110,-1.09D2,-8.75D1,3D0,-1.09D2,-8.75D1,0D0;                         137P     69
110,1.09D2,-8.75D1,3D0,1.09D2,-8.75D1,0D0;                           139P     70
110,-1.14D2,8.25D1,3D0,-1.14D2,8.25D1,0D0;                           141P     71
110,-1.14D2,-8.25D1,3D0,-1.14D2,-8.25D1,0D0;                         143P     72
110,1.09D2,8.75D1,3D0,1.09D2,8.75D1,0D0;                             145P     73
110,-1.09D2,8.75D1,3D0,-1.09D2,8.75D1,0D0;                           147P     74
124,1D0,0D0,0D0,1.09D2,0D0,1D0,0D0,8.25D1,0D0,0D0,1D0,3D0;           149P     75
100,0D0,0D0,0D0,5D0,0D0,0D0,5D0;                                     151P     76
110,1.14D2,-8.25D1,3D0,1.14D2,8.25D1,3D0;                            153P     77
124,0D0,1D0,0D0,1.09D2,-1D0,0D0,0D0,-8.25D1,0D0,0D0,1D0,3D0;         155P     78
100,0D0,0D0,0D0,5D0,0D0,0D0,5D0;                                     157P     79
110,-1.09D2,-8.75D1,3D0,1.09D2,-8.75D1,3D0;                          159P     80
124,-1D0,0D0,0D0,-1.09D2,0D0,-1D0,0D0,-8.25D1,0D0,0D0,1D0,3D0;       161P     81
100,0D0,0D0,0D0,5D0,0D0,0D0,5D0;                                     163P     82
110,-1.14D2,8.25D1,3D0,-1.14D2,-8.25D1,3D0;                          165P     83
124,0D0,-1D0,0D0,-1.09D2,1D0,0D0,0D0,8.25D1,0D0,0D0,1D0,3D0;         167P     84
100,0D0,0D0,0D0,5D0,0D0,1.473906101991D-14,5D0;                      169P     85
110,1.09D2,8.75D1,3D0,-1.09D2,8.75D1,3D0;                            171P     86
124,1D0,0D0,0D0,-1.05D2,0D0,-1D0,0D0,7.85D1,0D0,0D0,-1D0,3D0;        173P     87
100,0D0,0D0,0D0,2.1D0,0D0,-2.1D0,0D0;                                175P     88
124,-1D0,0D0,0D0,-1.05D2,0D0,1D0,0D0,7.85D1,0D0,0D0,-1D0,3D0;        177P     89
100,0D0,0D0,0D0,2.1D0,0D0,-2.1D0,0D0;                                179P     90
124,1D0,0D0,0D0,0D0,0D0,-1D0,0D0,7.85D1,0D0,0D0,-1D0,3D0;            181P     91
100,0D0,0D0,0D0,2.1D0,0D0,-2.1D0,0D0;                                183P     92
124,-1D0,0D0,0D0,0D0,0D0,1D0,0D0,7.85D1,0D0,0D0,-1D0,3D0;            185P     93
100,0D0,0D0,0D0,2.1D0,0D0,-2.1D0,0D0;                                187P     94
124,1D0,0D0,0D0,1.05D2,0D0,-1D0,0D0,7.85D1,0D0,0D0,-1D0,3D0;         189P     95
100,0D0,0D0,0D0,2.1D0,0D0,-2.1D0,0D0;                                191P     96
124,-1D0,0D0,0D0,1.05D2,0D0,1D0,0D0,7.85D1,0D0,0D0,-1D0,3D0;         193P     97
100,0D0,0D0,0D0,2.1D0,0D0,-2.1D0,0D0;                                195P     98
124,1D0,0D0,0D0,1.05D2,0D0,-1D0,0D0,-7.85D1,0D0,0D0,-1D0,3D0;        197P     99
100,0D0,0D0,0D0,2.1D0,0D0,-2.1D0,0D0;                                199P    100
124,-1D0,0D0,0D0,1.05D2,0D0,1D0,0D0,-7.85D1,0D0,0D0,-1D0,3D0;        201P    101
100,0D0,0D0,0D0,2.1D0,0D0,-2.1D0,0D0;                                203P    102
124,1D0,0D0,0D0,0D0,0D0,-1D0,0D0,-7.85D1,0D0,0D0,-1D0,3D0;           205P    103
100,0D0,0D0,0D0,2.1D0,0D0,-2.1D0,0D0;                                207P    104
124,-1D0,0D0,0D0,0D0,0D0,1D0,0D0,-7.85D1,0D0,0D0,-1D0,3D0;           209P    105
100,0D0,0D0,0D0,2.1D0,0D0,-2.1D0,0D0;                                211P    106
124,1D0,0D0,0D0,-1.05D2,0D0,-1D0,0D0,-7.85D1,0D0,0D0,-1D0,3D0;       213P    107
100,0D0,0D0,0D0,2.1D0,0D0,-2.1D0,0D0;                                215P    108
124,-1D0,0D0,0D0,-1.05D2,0D0,1D0,0D0,-7.85D1,0D0,0D0,-1D0,3D0;       217P    109
100,0D0,0D0,0D0,2.1D0,0D0,-2.1D0,0D0;                                219P    110
110,-8.95D1,-6.05D1,3D0,-8.95D1,6.05D1,3D0;                          221P    111
110,8.75D1,-6.25D1,3D0,-8.75D1,-6.25D1,3D0;                          223P    112
110,8.95D1,6.05D1,3D0,8.95D1,-6.05D1,3D0;                            225P    113
110,-8.75D1,6.25D1,3D0,8.75D1,6.25D1,3D0;                            227P    114
110,-1.029000000028D2,7.850000010842D1,2.999999997208D0,             229P    115
-1.031000000019D2,7.850000007357D1,2.799999998105D0;                 229P    116
110,-1.070999999972D2,7.849999989158D1,2.999999997208D0,             231P    117
-1.068999999981D2,7.849999992643D1,2.799999998105D0;                 231P    118
124,-1D0,0D0,0D0,-1.05D2,0D0,1D0,0D0,7.85D1,0D0,0D0,-1D0,2.8D0;      233P    119
100,0D0,0D0,0D0,1.9D0,0D0,-1.9D0,0D0;                                235P    120
110,-1.031000000019D2,7.850000007357D1,2.799999998105D0,             237P    121
-1.031D2,7.85D1,0D0;                                                 237P    122
124,1D0,0D0,0D0,-1.05D2,0D0,-1D0,0D0,7.85D1,0D0,0D0,-1D0,2.8D0;      239P    123
100,0D0,0D0,0D0,1.9D0,0D0,-1.9D0,0D0;                                241P    124
110,-1.068999999981D2,7.849999992643D1,2.799999998105D0,             243P    125
-1.069D2,7.85D1,0D0;                                                 243P    126
110,2.099999997208D0,7.850000010842D1,2.999999997208D0,              245P    127
1.899999998105D0,7.850000007357D1,2.799999998105D0;                  245P    128
110,-2.099999997208D0,7.849999989158D1,2.999999997208D0,             247P    129
-1.899999998105D0,7.849999992643D1,2.799999998105D0;                 247P    130
124,-1D0,0D0,0D0,0D0,0D0,1D0,0D0,7.85D1,0D0,0D0,-1D0,2.8D0;          249P    131
100,0D0,0D0,0D0,1.9D0,0D0,-1.9D0,0D0;                                251P    132
110,1.899999998105D0,7.850000007357D1,2.799999998105D0,1.9D0,        253P    133
7.85D1,0D0;                                                          253P    134
124,1D0,0D0,0D0,0D0,0D0,-1D0,0D0,7.85D1,0D0,0D0,-1D0,2.8D0;          255P    135
100,0D0,0D0,0D0,1.9D0,0D0,-1.9D0,0D0;                                257P    136
110,-1.899999998105D0,7.849999992643D1,2.799999998105D0,-1.9D0,      259P    137
7.85D1,0D0;                                                          259P    138
110,1.070999999972D2,7.850000010842D1,2.999999997208D0,              261P    139
1.068999999981D2,7.850000007357D1,2.799999998105D0;                  261P    140
110,1.029000000028D2,7.849999989158D1,2.999999997208D0,              263P    141
1.031000000019D2,7.849999992643D1,2.799999998105D0;                  263P    142
124,-1D0,0D0,0D0,1.05D2,0D0,1D0,0D0,7.85D1,0D0,0D0,-1D0,2.8D0;       265P    143
100,0D0,0D0,0D0,1.9D0,0D0,-1.9D0,0D0;                                267P    144
110,1.068999999981D2,7.850000007357D1,2.799999998105D0,1.069D2,      269P    145
7.85D1,0D0;                                                          269P    146
124,1D0,0D0,0D0,1.05D2,0D0,-1D0,0D0,7.85D1,0D0,0D0,-1D0,2.8D0;       271P    147
100,0D0,0D0,0D0,1.9D0,0D0,-1.9D0,0D0;                                273P    148
110,1.031000000019D2,7.849999992643D1,2.799999998105D0,1.031D2,      275P    149
7.85D1,0D0;                                                          275P    150
110,1.070999999972D2,-7.849999989158D1,2.999999997208D0,             277P    151
1.068999999981D2,-7.849999992643D1,2.799999998105D0;                 277P    152
110,1.029000000028D2,-7.850000010842D1,2.999999997208D0,             279P    153
1.031000000019D2,-7.850000007357D1,2.799999998105D0;                 279P    154
124,-1D0,0D0,0D0,1.05D2,0D0,1D0,0D0,-7.85D1,0D0,0D0,-1D0,2.8D0;      281P    155
100,0D0,0D0,0D0,1.9D0,0D0,-1.9D0,0D0;                                283P    156
110,1.068999999981D2,-7.849999992643D1,2.799999998105D0,1.069D2,     285P    157
-7.85D1,0D0;                                                         285P    158
124,1D0,0D0,0D0,1.05D2,0D0,-1D0,0D0,-7.85D1,0D0,0D0,-1D0,2.8D0;      287P    159
100,0D0,0D0,0D0,1.9D0,0D0,-1.9D0,0D0;                                289P    160
110,1.031000000019D2,-7.850000007357D1,2.799999998105D0,1.031D2,     291P    161
-7.85D1,0D0;                                                         291P    162
110,2.099999997208D0,-7.849999989158D1,2.999999997208D0,             293P    163
1.899999998105D0,-7.849999992643D1,2.799999998105D0;                 293P    164
110,-2.099999997208D0,-7.850000010842D1,2.999999997208D0,            295P    165
-1.899999998105D0,-7.850000007357D1,2.799999998105D0;                295P    166
124,-1D0,0D0,0D0,0D0,0D0,1D0,0D0,-7.85D1,0D0,0D0,-1D0,2.8D0;         297P    167
100,0D0,0D0,0D0,1.9D0,0D0,-1.9D0,0D0;                                299P    168
110,1.899999998105D0,-7.849999992643D1,2.799999998105D0,1.9D0,       301P    169
-7.85D1,0D0;                                                         301P    170
124,1D0,0D0,0D0,0D0,0D0,-1D0,0D0,-7.85D1,0D0,0D0,-1D0,2.8D0;         303P    171
100,0D0,0D0,0D0,1.9D0,0D0,-1.9D0,0D0;                                305P    172
110,-1.899999998105D0,-7.850000007357D1,2.799999998105D0,-1.9D0,     307P    173
-7.85D1,0D0;                                                         307P    174
110,-1.029000000028D2,-7.849999989158D1,2.999999997208D0,            309P    175
-1.031000000019D2,-7.849999992643D1,2.799999998105D0;                309P    176
110,-1.070999999972D2,-7.850000010842D1,2.999999997208D0,            311P    177
-1.068999999981D2,-7.850000007357D1,2.799999998105D0;                311P    178
124,-1D0,0D0,0D0,-1.05D2,0D0,1D0,0D0,-7.85D1,0D0,0D0,-1D0,2.8D0;     313P    179
100,0D0,0D0,0D0,1.9D0,0D0,-1.9D0,0D0;                                315P    180
110,-1.031000000019D2,-7.849999992643D1,2.799999998105D0,            317P    181
-1.031D2,-7.85D1,0D0;                                                317P    182
124,1D0,0D0,0D0,-1.05D2,0D0,-1D0,0D0,-7.85D1,0D0,0D0,-1D0,2.8D0;     319P    183
100,0D0,0D0,0D0,1.9D0,0D0,-1.9D0,0D0;                                321P    184
110,-1.068999999981D2,-7.850000007357D1,2.799999998105D0,            323P    185
-1.069D2,-7.85D1,0D0;                                                323P    186
110,-8.95D1,-6.05D1,0D0,-8.95D1,-6.05D1,3D0;                         325P    187
110,-8.95D1,6.05D1,0D0,-8.95D1,6.05D1,3D0;                           327P    188
124,-1D0,0D0,0D0,-8.75D1,0D0,-1D0,0D0,-6.05D1,0D0,0D0,1D0,0D0;       329P    189
100,0D0,0D0,0D0,2D0,0D0,1.433331939512D-14,2D0;                      331P    190
124,0D0,-1D0,0D0,-8.75D1,-1D0,0D0,0D0,-6.05D1,0D0,0D0,-1D0,3D0;      333P    191
100,0D0,0D0,0D0,2D0,0D0,1.433331939512D-14,2D0;                      335P    192
110,8.75D1,-6.25D1,0D0,8.75D1,-6.25D1,3D0;                           337P    193
110,-8.75D1,-6.25D1,0D0,-8.75D1,-6.25D1,3D0;                         339P    194
124,0D0,1D0,0D0,8.75D1,-1D0,0D0,0D0,-6.05D1,0D0,0D0,1D0,0D0;         341P    195
100,0D0,0D0,0D0,2D0,0D0,0D0,2D0;                                     343P    196
124,1D0,0D0,0D0,8.75D1,0D0,-1D0,0D0,-6.05D1,0D0,0D0,-1D0,3D0;        345P    197
100,0D0,0D0,0D0,2D0,0D0,0D0,2D0;                                     347P    198
110,8.95D1,-6.05D1,0D0,8.95D1,-6.05D1,3D0;                           349P    199
110,8.95D1,6.05D1,0D0,8.95D1,6.05D1,3D0;                             351P    200
124,1D0,0D0,0D0,8.75D1,0D0,1D0,0D0,6.05D1,0D0,0D0,1D0,0D0;           353P    201
100,0D0,0D0,0D0,2D0,0D0,0D0,2D0;                                     355P    202
124,0D0,1D0,0D0,8.75D1,1D0,0D0,0D0,6.05D1,0D0,0D0,-1D0,3D0;          357P    203
100,0D0,0D0,0D0,2D0,0D0,0D0,2D0;                                     359P    204
110,-8.75D1,6.25D1,0D0,-8.75D1,6.25D1,3D0;                           361P    205
110,8.75D1,6.25D1,0D0,8.75D1,6.25D1,3D0;                             363P    206
124,0D0,-1D0,0D0,-8.75D1,1D0,0D0,0D0,6.05D1,0D0,0D0,1D0,0D0;         365P    207
100,0D0,0D0,0D0,2D0,0D0,0D0,2D0;                                     367P    208
124,-1D0,0D0,0D0,-8.75D1,0D0,1D0,0D0,6.05D1,0D0,0D0,-1D0,3D0;        369P    209
100,0D0,0D0,0D0,2D0,0D0,0D0,2D0;                                     371P    210
502,68,1.9D0,7.85D1,0D0,-1.9D0,7.85D1,0D0,1.9D0,-7.85D1,0D0,         373P    211
-1.9D0,-7.85D1,0D0,1.069D2,-7.85D1,0D0,1.031D2,-7.85D1,0D0,          373P    212
-1.031D2,-7.85D1,0D0,-1.069D2,-7.85D1,0D0,-1.031D2,7.85D1,0D0,       373P    213
-1.069D2,7.85D1,0D0,1.069D2,7.85D1,0D0,1.031D2,7.85D1,0D0,           373P    214
1.09D2,8.75D1,0D0,1.14D2,8.25D1,0D0,1.14D2,8.25D1,3D0,1.09D2,        373P    215
8.75D1,3D0,-1.14D2,8.25D1,0D0,-1.09D2,8.75D1,0D0,-1.09D2,8.75D1,     373P    216
3D0,-1.14D2,8.25D1,3D0,-1.09D2,-8.75D1,0D0,-1.14D2,-8.25D1,0D0,      373P    217
-1.14D2,-8.25D1,3D0,-1.09D2,-8.75D1,3D0,1.14D2,-8.25D1,0D0,          373P    218
1.09D2,-8.75D1,0D0,1.09D2,-8.75D1,3D0,1.14D2,-8.25D1,3D0,8.75D1,     373P    219
-6.25D1,0D0,8.75D1,-6.25D1,3D0,8.95D1,-6.05D1,0D0,8.95D1,            373P    220
-6.05D1,3D0,-8.95D1,-6.05D1,0D0,-8.95D1,-6.05D1,3D0,-8.75D1,         373P    221
-6.25D1,0D0,-8.75D1,-6.25D1,3D0,-8.75D1,6.25D1,0D0,-8.75D1,          373P    222
6.25D1,3D0,-8.95D1,6.05D1,0D0,-8.95D1,6.05D1,3D0,8.95D1,6.05D1,      373P    223
0D0,8.95D1,6.05D1,3D0,8.75D1,6.25D1,0D0,8.75D1,6.25D1,3D0,           373P    224
-1.029D2,7.85D1,3D0,-1.071D2,7.85D1,3D0,-1.031D2,7.85D1,2.8D0,       373P    225
-1.069D2,7.85D1,2.8D0,2.1D0,7.85D1,3D0,-2.1D0,7.85D1,3D0,1.9D0,      373P    226
7.85D1,2.8D0,-1.9D0,7.85D1,2.8D0,1.071D2,7.85D1,3D0,1.029D2,         373P    227
7.85D1,3D0,1.069D2,7.85D1,2.8D0,1.031D2,7.85D1,2.8D0,1.071D2,        373P    228
-7.85D1,3D0,1.029D2,-7.85D1,3D0,1.069D2,-7.85D1,2.8D0,1.031D2,       373P    229
-7.85D1,2.8D0,2.1D0,-7.85D1,3D0,-2.1D0,-7.85D1,3D0,1.9D0,            373P    230
-7.85D1,2.8D0,-1.9D0,-7.85D1,2.8D0,-1.029D2,-7.85D1,3D0,             373P    231
-1.071D2,-7.85D1,3D0,-1.031D2,-7.85D1,2.8D0,-1.069D2,-7.85D1,        373P    232
2.8D0;                                                               373P    233
504,108,79,373,1,373,2,83,373,2,373,1,87,373,3,373,4,91,373,4,       375P    234
373,3,95,373,5,373,6,99,373,6,373,5,103,373,7,373,8,107,373,8,       375P    235
373,7,111,373,9,373,10,115,373,10,373,9,119,373,11,373,12,123,       375P    236
373,12,373,11,55,373,13,373,14,133,373,15,373,14,151,373,15,373,     375P    237
16,145,373,16,373,13,61,373,17,373,18,147,373,19,373,18,169,373,     375P    238
19,373,20,141,373,20,373,17,67,373,21,373,22,143,373,23,373,22,      375P    239
163,373,23,373,24,137,373,24,373,21,73,373,25,373,26,139,373,27,     375P    240
373,26,157,373,27,373,28,135,373,28,373,25,63,373,17,373,22,69,      375P    241
373,21,373,26,75,373,25,373,14,57,373,13,373,18,165,373,20,373,      375P    242
23,159,373,24,373,27,153,373,28,373,15,171,373,16,373,19,337,        375P    243
373,29,373,30,349,373,31,373,32,325,373,33,373,34,339,373,35,        375P    244
373,36,361,373,37,373,38,327,373,39,373,40,351,373,41,373,42,        375P    245
363,373,43,373,44,129,373,37,373,43,131,373,41,373,31,125,373,       375P    246
29,373,35,127,373,33,373,39,227,373,38,373,44,225,373,42,373,32,     375P    247
223,373,30,373,36,221,373,34,373,40,343,373,29,373,31,347,373,       375P    248
32,373,30,331,373,33,373,35,335,373,36,373,34,367,373,37,373,39,     375P    249
371,373,40,373,38,355,373,41,373,43,359,373,44,373,42,175,373,       375P    250
45,373,46,241,373,47,373,48,179,373,46,373,45,235,373,48,373,47,     375P    251
183,373,49,373,50,257,373,51,373,52,187,373,50,373,49,251,373,       375P    252
52,373,51,191,373,53,373,54,273,373,55,373,56,195,373,54,373,53,     375P    253
267,373,56,373,55,199,373,57,373,58,289,373,59,373,60,203,373,       375P    254
58,373,57,283,373,60,373,59,207,373,61,373,62,305,373,63,373,64,     375P    255
211,373,62,373,61,299,373,64,373,63,215,373,65,373,66,321,373,       375P    256
67,373,68,219,373,66,373,65,315,373,68,373,67,253,373,51,373,1,      375P    257
259,373,52,373,2,301,373,63,373,3,307,373,64,373,4,285,373,59,       375P    258
373,5,291,373,60,373,6,317,373,67,373,7,323,373,68,373,8,237,        375P    259
373,47,373,9,243,373,48,373,10,269,373,55,373,11,275,373,56,373,     375P    260
12,231,373,46,373,48,229,373,45,373,47,247,373,50,373,52,245,        375P    261
373,49,373,51,263,373,54,373,56,261,373,53,373,55,279,373,58,        375P    262
373,60,277,373,57,373,59,295,373,62,373,64,293,373,61,373,63,        375P    263
311,373,66,373,68,309,373,65,373,67;                                 375P    264
128,1,1,1,1,0,0,1,0,0,-1.1856D2,-1.1856D2,1.1856D2,1.1856D2,         377P    265
-9.1D1,-9.1D1,9.1D1,9.1D1,1D0,1D0,1D0,1D0,-1.1856D2,-9.1D1,0D0,      377P    266
1.1856D2,-9.1D1,0D0,-1.1856D2,9.1D1,0D0,1.1856D2,9.1D1,0D0,          377P    267
-1.1856D2,1.1856D2,-9.1D1,9.1D1;                                     377P    268
508,8,0,375,13,0,0,0,375,32,1,0,0,375,17,0,0,0,375,29,1,0,0,375,     379P    269
21,0,0,0,375,30,1,0,0,375,25,0,0,0,375,31,1,0;                       379P    270
508,2,0,375,1,0,0,0,375,2,0,0;                                       381P    271
508,2,0,375,3,0,0,0,375,4,0,0;                                       383P    272
508,2,0,375,5,0,0,0,375,6,0,0;                                       385P    273
508,2,0,375,7,0,0,0,375,8,0,0;                                       387P    274
508,2,0,375,9,0,0,0,375,10,0,0;                                      389P    275
508,2,0,375,11,0,0,0,375,12,0,0;                                     391P    276
508,8,0,375,47,1,0,0,375,55,0,0,0,375,48,1,0,0,375,57,0,0,0,375,     393P    277
45,1,0,0,375,59,0,0,0,375,46,1,0,0,375,53,0,0;                       393P    278
510,377,8,0,379,381,383,385,387,389,391,393;                         395P    279
128,3,3,3,3,0,0,0,0,0,0D0,0D0,0D0,0D0,1D0,1D0,1D0,1D0,               397P    280
5.936208485071D0,5.936208485071D0,5.936208485071D0,                  397P    281
5.936208485071D0,9.694991514929D0,9.694991514929D0,                  397P    282
9.694991514929D0,9.694991514929D0,1.211042594215D0,                  397P    283
9.296524685950D-1,9.296524685950D-1,1.211042594215D0,                397P    284
1.211042594215D0,9.296524685950D-1,9.296524685950D-1,                397P    285
1.211042594215D0,1.211042594215D0,9.296524685950D-1,                 397P    286
9.296524685950D-1,1.211042594215D0,1.211042594215D0,                 397P    287
9.296524685950D-1,9.296524685950D-1,1.211042594215D0,                397P    288
1.086209724391D2,8.748561311256D1,3.379391514929D0,                  397P    289
1.119058693293D2,8.773534497660D1,3.379391514929D0,                  397P    290
1.142353449766D2,8.540586932928D1,3.379391514929D0,                  397P    291
1.139856131126D2,8.212097243912D1,3.379391514929D0,                  397P    292
1.086209724391D2,8.748561311256D1,2.126463838310D0,                  397P    293
1.119058693293D2,8.773534497660D1,2.126463838310D0,                  397P    294
1.142353449766D2,8.540586932928D1,2.126463838310D0,                  397P    295
1.139856131126D2,8.212097243912D1,2.126463838310D0,                  397P    296
1.086209724391D2,8.748561311256D1,8.735361616904D-1,                 397P    297
1.119058693293D2,8.773534497660D1,8.735361616904D-1,                 397P    298
1.142353449766D2,8.540586932928D1,8.735361616904D-1,                 397P    299
1.139856131126D2,8.212097243912D1,8.735361616904D-1,                 397P    300
1.086209724391D2,8.748561311256D1,-3.793915149288D-1,                397P    301
1.119058693293D2,8.773534497660D1,-3.793915149288D-1,                397P    302
1.142353449766D2,8.540586932928D1,-3.793915149288D-1,                397P    303
1.139856131126D2,8.212097243912D1,-3.793915149288D-1,0D0,1D0,        397P    304
5.936208485071D0,9.694991514929D0;                                   397P    305
508,4,0,375,13,1,0,0,375,14,0,0,0,375,15,1,0,0,375,16,1,0;           399P    306
510,397,1,0,399;                                                     401P    307
128,1,1,1,1,0,0,1,0,0,1.7D0,1.7D0,1.733D2,1.733D2,                   403P    308
-3.793915149288D-1,-3.793915149288D-1,3.379391514929D0,              403P    309
3.379391514929D0,1D0,1D0,1D0,1D0,1.14D2,-8.58D1,                     403P    310
-3.793915149288D-1,1.14D2,8.58D1,-3.793915149288D-1,1.14D2,          403P    311
-8.58D1,3.379391514929D0,1.14D2,8.58D1,3.379391514929D0,1.7D0,       403P    312
1.733D2,-3.793915149288D-1,3.379391514929D0;                         403P    313
508,4,0,375,14,1,0,0,375,31,0,0,0,375,28,0,0,0,375,35,1,0;           405P    314
510,403,1,0,405;                                                     407P    315
128,3,3,3,3,0,0,0,0,0,0D0,0D0,0D0,0D0,1D0,1D0,1D0,1D0,               409P    316
5.936208485071D0,5.936208485071D0,5.936208485071D0,                  409P    317
5.936208485071D0,9.694991514929D0,9.694991514929D0,                  409P    318
9.694991514929D0,9.694991514929D0,1.211042594215D0,                  409P    319
9.296524685950D-1,9.296524685950D-1,1.211042594215D0,                409P    320
1.211042594215D0,9.296524685950D-1,9.296524685950D-1,                409P    321
1.211042594215D0,1.211042594215D0,9.296524685950D-1,                 409P    322
9.296524685950D-1,1.211042594215D0,1.211042594215D0,                 409P    323
9.296524685950D-1,9.296524685950D-1,1.211042594215D0,                409P    324
1.139856131126D2,-8.212097243912D1,3.379391514929D0,                 409P    325
1.142353449766D2,-8.540586932928D1,3.379391514929D0,                 409P    326
1.119058693293D2,-8.773534497660D1,3.379391514929D0,                 409P    327
1.086209724391D2,-8.748561311256D1,3.379391514929D0,                 409P    328
1.139856131126D2,-8.212097243912D1,2.126463838310D0,                 409P    329
1.142353449766D2,-8.540586932928D1,2.126463838310D0,                 409P    330
1.119058693293D2,-8.773534497660D1,2.126463838310D0,                 409P    331
1.086209724391D2,-8.748561311256D1,2.126463838310D0,                 409P    332
1.139856131126D2,-8.212097243912D1,8.735361616904D-1,                409P    333
1.142353449766D2,-8.540586932928D1,8.735361616904D-1,                409P    334
1.119058693293D2,-8.773534497660D1,8.735361616904D-1,                409P    335
1.086209724391D2,-8.748561311256D1,8.735361616904D-1,                409P    336
1.139856131126D2,-8.212097243912D1,-3.793915149288D-1,               409P    337
1.142353449766D2,-8.540586932928D1,-3.793915149288D-1,               409P    338
1.119058693293D2,-8.773534497660D1,-3.793915149288D-1,               409P    339
1.086209724391D2,-8.748561311256D1,-3.793915149288D-1,0D0,1D0,       409P    340
5.936208485071D0,9.694991514929D0;                                   409P    341
508,4,0,375,25,1,0,0,375,26,0,0,0,375,27,1,0,0,375,28,1,0;           411P    342
510,409,1,0,411;                                                     413P    343
128,1,1,1,1,0,0,1,0,0,6.4D-1,6.4D-1,2.2736D2,2.2736D2,               415P    344
-3.793915149288D-1,-3.793915149288D-1,3.379391514929D0,              415P    345
3.379391514929D0,1D0,1D0,1D0,1D0,-1.1336D2,-8.75D1,                  415P    346
-3.793915149288D-1,1.1336D2,-8.75D1,-3.793915149288D-1,              415P    347
-1.1336D2,-8.75D1,3.379391514929D0,1.1336D2,-8.75D1,                 415P    348
3.379391514929D0,6.4D-1,2.2736D2,-3.793915149288D-1,                 415P    349
3.379391514929D0;                                                    415P    350
508,4,0,375,24,0,0,0,375,34,1,0,0,375,26,1,0,0,375,30,0,0;           417P    351
510,415,1,0,417;                                                     419P    352
128,3,3,3,3,0,0,0,0,0,0D0,0D0,0D0,0D0,1D0,1D0,1D0,1D0,               421P    353
5.936208485071D0,5.936208485071D0,5.936208485071D0,                  421P    354
5.936208485071D0,9.694991514929D0,9.694991514929D0,                  421P    355
9.694991514929D0,9.694991514929D0,1.211042594215D0,                  421P    356
9.296524685950D-1,9.296524685950D-1,1.211042594215D0,                421P    357
1.211042594215D0,9.296524685950D-1,9.296524685950D-1,                421P    358
1.211042594215D0,1.211042594215D0,9.296524685950D-1,                 421P    359
9.296524685950D-1,1.211042594215D0,1.211042594215D0,                 421P    360
9.296524685950D-1,9.296524685950D-1,1.211042594215D0,                421P    361
-1.086209724391D2,-8.748561311256D1,3.379391514929D0,                421P    362
-1.119058693293D2,-8.773534497660D1,3.379391514929D0,                421P    363
-1.142353449766D2,-8.540586932928D1,3.379391514929D0,                421P    364
-1.139856131126D2,-8.212097243912D1,3.379391514929D0,                421P    365
-1.086209724391D2,-8.748561311256D1,2.126463838310D0,                421P    366
-1.119058693293D2,-8.773534497660D1,2.126463838310D0,                421P    367
-1.142353449766D2,-8.540586932928D1,2.126463838310D0,                421P    368
-1.139856131126D2,-8.212097243912D1,2.126463838310D0,                421P    369
-1.086209724391D2,-8.748561311256D1,8.735361616904D-1,               421P    370
-1.119058693293D2,-8.773534497660D1,8.735361616904D-1,               421P    371
-1.142353449766D2,-8.540586932928D1,8.735361616904D-1,               421P    372
-1.139856131126D2,-8.212097243912D1,8.735361616904D-1,               421P    373
-1.086209724391D2,-8.748561311256D1,-3.793915149288D-1,              421P    374
-1.119058693293D2,-8.773534497660D1,-3.793915149288D-1,              421P    375
-1.142353449766D2,-8.540586932928D1,-3.793915149288D-1,              421P    376
-1.139856131126D2,-8.212097243912D1,-3.793915149288D-1,0D0,1D0,      421P    377
5.936208485071D0,9.694991514929D0;                                   421P    378
508,4,0,375,21,1,0,0,375,22,0,0,0,375,23,1,0,0,375,24,1,0;           423P    379
510,421,1,0,423;                                                     425P    380
128,1,1,1,1,0,0,1,0,0,1.7D0,1.7D0,1.733D2,1.733D2,                   427P    381
-3.793915149288D-1,-3.793915149288D-1,3.379391514929D0,              427P    382
3.379391514929D0,1D0,1D0,1D0,1D0,-1.14D2,8.58D1,                     427P    383
-3.793915149288D-1,-1.14D2,-8.58D1,-3.793915149288D-1,-1.14D2,       427P    384
8.58D1,3.379391514929D0,-1.14D2,-8.58D1,3.379391514929D0,1.7D0,      427P    385
1.733D2,-3.793915149288D-1,3.379391514929D0;                         427P    386
508,4,0,375,20,0,0,0,375,33,1,0,0,375,22,1,0,0,375,29,0,0;           429P    387
510,427,1,0,429;                                                     431P    388
128,3,3,3,3,0,0,0,0,0,0D0,0D0,0D0,0D0,1D0,1D0,1D0,1D0,               433P    389
5.936208485071D0,5.936208485071D0,5.936208485071D0,                  433P    390
5.936208485071D0,9.694991514929D0,9.694991514929D0,                  433P    391
9.694991514929D0,9.694991514929D0,1.211042594215D0,                  433P    392
9.296524685950D-1,9.296524685950D-1,1.211042594215D0,                433P    393
1.211042594215D0,9.296524685950D-1,9.296524685950D-1,                433P    394
1.211042594215D0,1.211042594215D0,9.296524685950D-1,                 433P    395
9.296524685950D-1,1.211042594215D0,1.211042594215D0,                 433P    396
9.296524685950D-1,9.296524685950D-1,1.211042594215D0,                433P    397
-1.139856131126D2,8.212097243912D1,3.379391514929D0,                 433P    398
-1.142353449766D2,8.540586932928D1,3.379391514929D0,                 433P    399
-1.119058693293D2,8.773534497660D1,3.379391514929D0,                 433P    400
-1.086209724391D2,8.748561311256D1,3.379391514929D0,                 433P    401
-1.139856131126D2,8.212097243912D1,2.126463838310D0,                 433P    402
-1.142353449766D2,8.540586932928D1,2.126463838310D0,                 433P    403
-1.119058693293D2,8.773534497660D1,2.126463838310D0,                 433P    404
-1.086209724391D2,8.748561311256D1,2.126463838310D0,                 433P    405
-1.139856131126D2,8.212097243912D1,8.735361616904D-1,                433P    406
-1.142353449766D2,8.540586932928D1,8.735361616904D-1,                433P    407
-1.119058693293D2,8.773534497660D1,8.735361616904D-1,                433P    408
-1.086209724391D2,8.748561311256D1,8.735361616904D-1,                433P    409
-1.139856131126D2,8.212097243912D1,-3.793915149288D-1,               433P    410
-1.142353449766D2,8.540586932928D1,-3.793915149288D-1,               433P    411
-1.119058693293D2,8.773534497660D1,-3.793915149288D-1,               433P    412
-1.086209724391D2,8.748561311256D1,-3.793915149288D-1,0D0,1D0,       433P    413
5.936208485071D0,9.694991514929D0;                                   433P    414
508,4,0,375,17,1,0,0,375,18,0,0,0,375,19,1,0,0,375,20,1,0;           435P    415
510,433,1,0,435;                                                     437P    416
128,1,1,1,1,0,0,1,0,0,6.4D-1,6.4D-1,2.2736D2,2.2736D2,               439P    417
-3.793915149288D-1,-3.793915149288D-1,3.379391514929D0,              439P    418
3.379391514929D0,1D0,1D0,1D0,1D0,1.1336D2,8.75D1,                    439P    419
-3.793915149288D-1,-1.1336D2,8.75D1,-3.793915149288D-1,1.1336D2,     439P    420
8.75D1,3.379391514929D0,-1.1336D2,8.75D1,3.379391514929D0,           439P    421
6.4D-1,2.2736D2,-3.793915149288D-1,3.379391514929D0;                 439P    422
508,4,0,375,16,0,0,0,375,36,1,0,0,375,18,1,0,0,375,32,0,0;           441P    423
510,439,1,0,441;                                                     443P    424
128,1,1,1,1,0,0,1,0,0,-1.1856D2,-1.1856D2,1.1856D2,1.1856D2,         445P    425
-9.1D1,-9.1D1,9.1D1,9.1D1,1D0,1D0,1D0,1D0,-1.1856D2,-9.1D1,3D0,      445P    426
1.1856D2,-9.1D1,3D0,-1.1856D2,9.1D1,3D0,1.1856D2,9.1D1,3D0,          445P    427
-1.1856D2,1.1856D2,-9.1D1,9.1D1;                                     445P    428
508,8,0,375,15,0,0,0,375,35,0,0,0,375,27,0,0,0,375,34,0,0,0,375,     447P    429
23,0,0,0,375,33,0,0,0,375,19,0,0,0,375,36,0,0;                       447P    430
508,2,0,375,61,0,0,0,375,63,0,0;                                     449P    431
508,2,0,375,65,0,0,0,375,67,0,0;                                     451P    432
508,2,0,375,69,0,0,0,375,71,0,0;                                     453P    433
508,2,0,375,73,0,0,0,375,75,0,0;                                     455P    434
508,2,0,375,77,0,0,0,375,79,0,0;                                     457P    435
508,2,0,375,81,0,0,0,375,83,0,0;                                     459P    436
508,8,0,375,52,0,0,0,375,56,0,0,0,375,51,0,0,0,375,54,0,0,0,375,     461P    437
50,0,0,0,375,60,0,0,0,375,49,0,0,0,375,58,0,0;                       461P    438
510,445,8,0,447,449,451,453,455,457,459,461;                         463P    439
128,6,3,3,3,0,0,0,0,0,0D0,0D0,0D0,0D0,1D0,1D0,1D0,2D0,2D0,2D0,       465P    440
2D0,1.895999995682D0,1.895999995682D0,1.895999995682D0,              465P    441
1.895999995682D0,2.104000000543D0,2.104000000543D0,                  465P    442
2.104000000543D0,2.104000000543D0,1.224660805094D0,                  465P    443
9.251130649686D-1,9.251130649686D-1,1.224660805094D0,                465P    444
9.251130649686D-1,9.251130649686D-1,1.224660805094D0,                465P    445
1.224660805094D0,9.251130649686D-1,9.251130649686D-1,                465P    446
1.224660805094D0,9.251130649686D-1,9.251130649686D-1,                465P    447
1.224660805094D0,1.224660805094D0,9.251130649686D-1,                 465P    448
9.251130649686D-1,1.224660805094D0,9.251130649686D-1,                465P    449
9.251130649686D-1,1.224660805094D0,1.224660805094D0,                 465P    450
9.251130649686D-1,9.251130649686D-1,1.224660805094D0,                465P    451
9.251130649686D-1,9.251130649686D-1,1.224660805094D0,                465P    452
-1.068583267880D2,7.887608181634D1,2.795999995682D0,                 465P    453
-1.071152420554D2,7.760659070310D1,2.795999995682D0,                 465P    454
-1.062952269148D2,7.660399990401D1,2.795999995682D0,                 465P    455
-1.049999998532D2,7.660400000432D1,2.795999995682D0,                 465P    456
-1.037047727915D2,7.660400010462D1,2.795999995682D0,                 465P    457
-1.028847578062D2,7.760659103071D1,2.795999995682D0,                 465P    458
-1.031416732702D2,7.887608210417D1,2.795999995682D0,                 465P    459
-1.069262824810D2,7.888983445696D1,2.865333330636D0,                 465P    460
-1.071925926811D2,7.757392032010D1,2.865333330636D0,                 465P    461
-1.063425910508D2,7.653466656539D1,2.865333330636D0,                 465P    462
-1.049999998478D2,7.653466666936D1,2.865333330636D0,                 465P    463
-1.036574086448D2,7.653466677334D1,2.865333330636D0,                 465P    464
-1.028074071755D2,7.757392065969D1,2.865333330636D0,                 465P    465
-1.030737175794D2,7.888983475530D1,2.865333330636D0,                 465P    466
-1.069942381740D2,7.890358709757D1,2.934666665590D0,                 465P    467
-1.072699433068D2,7.754124993709D1,2.934666665590D0,                 465P    468
-1.063899551867D2,7.646533322677D1,2.934666665590D0,                 465P    469
-1.049999998424D2,7.646533333441D1,2.934666665590D0,                 465P    470
-1.036100444982D2,7.646533344205D1,2.934666665590D0,                 465P    471
-1.027300565447D2,7.754125028867D1,2.934666665590D0,                 465P    472
-1.030057618885D2,7.890358740644D1,2.934666665590D0,                 465P    473
-1.070621938670D2,7.891733973818D1,3.004000000543D0,                 465P    474
-1.073472939324D2,7.750857955409D1,3.004000000543D0,                 465P    475
-1.064373193226D2,7.639599988815D1,3.004000000543D0,                 465P    476
-1.049999998371D2,7.639599999946D1,3.004000000543D0,                 465P    477
-1.035626803515D2,7.639600011076D1,3.004000000543D0,                 465P    478
-1.026527059140D2,7.750857991765D1,3.004000000543D0,                 465P    479
-1.029378061976D2,7.891734005758D1,3.004000000543D0,0D0,2D0,         465P    480
1.895999995682D0,2.104000000543D0;                                   465P    481
508,4,0,375,61,1,0,0,375,97,1,0,0,375,62,0,0,0,375,98,0,0;           467P    482
510,465,1,0,467;                                                     469P    483
128,6,3,3,3,0,0,0,0,0,0D0,0D0,0D0,0D0,1D0,1D0,1D0,2D0,2D0,2D0,       471P    484
2D0,1.895999995682D0,1.895999995682D0,1.895999995682D0,              471P    485
1.895999995682D0,2.104000000543D0,2.104000000543D0,                  471P    486
2.104000000543D0,2.104000000543D0,1.224660805094D0,                  471P    487
9.251130649686D-1,9.251130649686D-1,1.224660805094D0,                471P    488
9.251130649686D-1,9.251130649686D-1,1.224660805094D0,                471P    489
1.224660805094D0,9.251130649686D-1,9.251130649686D-1,                471P    490
1.224660805094D0,9.251130649686D-1,9.251130649686D-1,                471P    491
1.224660805094D0,1.224660805094D0,9.251130649686D-1,                 471P    492
9.251130649686D-1,1.224660805094D0,9.251130649686D-1,                471P    493
9.251130649686D-1,1.224660805094D0,1.224660805094D0,                 471P    494
9.251130649686D-1,9.251130649686D-1,1.224660805094D0,                471P    495
9.251130649686D-1,9.251130649686D-1,1.224660805094D0,                471P    496
-1.031416732120D2,7.812391818365D1,2.795999995682D0,                 471P    497
-1.028847579446D2,7.939340929690D1,2.795999995682D0,                 471P    498
-1.037047730852D2,8.039600009599D1,2.795999995682D0,                 471P    499
-1.050000001468D2,8.039599999568D1,2.795999995682D0,                 471P    500
-1.062952272085D2,8.039599989538D1,2.795999995682D0,                 471P    501
-1.071152421938D2,7.939340896929D1,2.795999995682D0,                 471P    502
-1.068583267298D2,7.812391789583D1,2.795999995682D0,                 471P    503
-1.030737175190D2,7.811016554304D1,2.865333330636D0,                 471P    504
-1.028074073189D2,7.942607967990D1,2.865333330636D0,                 471P    505
-1.036574089492D2,8.046533343461D1,2.865333330636D0,                 471P    506
-1.050000001522D2,8.046533333064D1,2.865333330636D0,                 471P    507
-1.063425913552D2,8.046533322666D1,2.865333330636D0,                 471P    508
-1.071925928245D2,7.942607934031D1,2.865333330636D0,                 471P    509
-1.069262824206D2,7.811016524470D1,2.865333330636D0,                 471P    510
-1.030057618260D2,7.809641290243D1,2.934666665590D0,                 471P    511
-1.027300566932D2,7.945875006291D1,2.934666665590D0,                 471P    512
-1.036100448133D2,8.053466677323D1,2.934666665590D0,                 471P    513
-1.050000001576D2,8.053466666559D1,2.934666665590D0,                 471P    514
-1.063899555018D2,8.053466655795D1,2.934666665590D0,                 471P    515
-1.072699434553D2,7.945874971133D1,2.934666665590D0,                 471P    516
-1.069942381115D2,7.809641259356D1,2.934666665590D0,                 471P    517
-1.029378061330D2,7.808266026182D1,3.004000000543D0,                 471P    518
-1.026527060676D2,7.949142044591D1,3.004000000543D0,                 471P    519
-1.035626806774D2,8.060400011185D1,3.004000000543D0,                 471P    520
-1.050000001629D2,8.060400000054D1,3.004000000543D0,                 471P    521
-1.064373196485D2,8.060399988924D1,3.004000000543D0,                 471P    522
-1.073472940860D2,7.949142008235D1,3.004000000543D0,                 471P    523
-1.070621938024D2,7.808265994242D1,3.004000000543D0,0D0,2D0,         471P    524
1.895999995682D0,2.104000000543D0;                                   471P    525
508,4,0,375,63,1,0,0,375,98,1,0,0,375,64,0,0,0,375,97,0,0;           473P    526
510,471,1,0,473;                                                     475P    527
128,6,3,3,3,0,0,0,0,0,0D0,0D0,0D0,0D0,1D0,1D0,1D0,2D0,2D0,2D0,       477P    528
2D0,-3.379391514929D0,-3.379391514929D0,-3.379391514929D0,           477P    529
-3.379391514929D0,1.793915149288D-1,1.793915149288D-1,               477P    530
1.793915149288D-1,1.793915149288D-1,1.224660800467D0,                477P    531
9.251130665110D-1,9.251130665110D-1,1.224660800467D0,                477P    532
9.251130665110D-1,9.251130665110D-1,1.224660800467D0,                477P    533
1.224660800467D0,9.251130665110D-1,9.251130665110D-1,                477P    534
1.224660800467D0,9.251130665110D-1,9.251130665110D-1,                477P    535
1.224660800467D0,1.224660800467D0,9.251130665110D-1,                 477P    536
9.251130665110D-1,1.224660800467D0,9.251130665110D-1,                477P    537
9.251130665110D-1,1.224660800467D0,1.224660800467D0,                 477P    538
9.251130665110D-1,9.251130665110D-1,1.224660800467D0,                477P    539
9.251130665110D-1,9.251130665110D-1,1.224660800467D0,                477P    540
-1.031377527103D2,7.812312464672D1,-3.793915149288D-1,               477P    541
-1.028802953518D2,7.939529398310D1,-3.793915149288D-1,               477P    542
-1.037020404044D2,8.04D1,-3.793915149288D-1,-1.05D2,8.04D1,          477P    543
-3.793915149288D-1,-1.062979595956D2,8.04D1,-3.793915149288D-1,      477P    544
-1.071197046482D2,7.939529398310D1,-3.793915149288D-1,               477P    545
-1.068622472897D2,7.812312464672D1,-3.793915149288D-1,               477P    546
-1.031377527103D2,7.812312464672D1,8.068694950237D-1,                477P    547
-1.028802953518D2,7.939529398310D1,8.068694950237D-1,                477P    548
-1.037020404044D2,8.04D1,8.068694950237D-1,-1.05D2,8.04D1,           477P    549
8.068694950237D-1,-1.062979595956D2,8.04D1,8.068694950237D-1,        477P    550
-1.071197046482D2,7.939529398310D1,8.068694950237D-1,                477P    551
-1.068622472897D2,7.812312464672D1,8.068694950237D-1,                477P    552
-1.031377527103D2,7.812312464672D1,1.993130504976D0,                 477P    553
-1.028802953518D2,7.939529398310D1,1.993130504976D0,                 477P    554
-1.037020404044D2,8.04D1,1.993130504976D0,-1.05D2,8.04D1,            477P    555
1.993130504976D0,-1.062979595956D2,8.04D1,1.993130504976D0,          477P    556
-1.071197046482D2,7.939529398310D1,1.993130504976D0,                 477P    557
-1.068622472897D2,7.812312464672D1,1.993130504976D0,                 477P    558
-1.031377527103D2,7.812312464672D1,3.179391514929D0,                 477P    559
-1.028802953518D2,7.939529398310D1,3.179391514929D0,                 477P    560
-1.037020404044D2,8.04D1,3.179391514929D0,-1.05D2,8.04D1,            477P    561
3.179391514929D0,-1.062979595956D2,8.04D1,3.179391514929D0,          477P    562
-1.071197046482D2,7.939529398310D1,3.179391514929D0,                 477P    563
-1.068622472897D2,7.812312464672D1,3.179391514929D0,0D0,2D0,         477P    564
-3.379391514929D0,1.793915149288D-1;                                 477P    565
508,4,0,375,64,1,0,0,375,93,1,0,0,375,9,1,0,0,375,94,0,0;            479P    566
510,477,1,0,479;                                                     481P    567
128,6,3,3,3,0,0,0,0,0,0D0,0D0,0D0,0D0,1D0,1D0,1D0,2D0,2D0,2D0,       483P    568
2D0,-3.379391514929D0,-3.379391514929D0,-3.379391514929D0,           483P    569
-3.379391514929D0,1.793915149288D-1,1.793915149288D-1,               483P    570
1.793915149288D-1,1.793915149288D-1,1.224660800467D0,                483P    571
9.251130665110D-1,9.251130665110D-1,1.224660800467D0,                483P    572
9.251130665110D-1,9.251130665110D-1,1.224660800467D0,                483P    573
1.224660800467D0,9.251130665110D-1,9.251130665110D-1,                483P    574
1.224660800467D0,9.251130665110D-1,9.251130665110D-1,                483P    575
1.224660800467D0,1.224660800467D0,9.251130665110D-1,                 483P    576
9.251130665110D-1,1.224660800467D0,9.251130665110D-1,                483P    577
9.251130665110D-1,1.224660800467D0,1.224660800467D0,                 483P    578
9.251130665110D-1,9.251130665110D-1,1.224660800467D0,                483P    579
9.251130665110D-1,9.251130665110D-1,1.224660800467D0,                483P    580
-1.068622472897D2,7.887687535328D1,-3.793915149288D-1,               483P    581
-1.071197046482D2,7.760470601690D1,-3.793915149288D-1,               483P    582
-1.062979595956D2,7.66D1,-3.793915149288D-1,-1.05D2,7.66D1,          483P    583
-3.793915149288D-1,-1.037020404044D2,7.66D1,-3.793915149288D-1,      483P    584
-1.028802953518D2,7.760470601690D1,-3.793915149288D-1,               483P    585
-1.031377527103D2,7.887687535328D1,-3.793915149288D-1,               483P    586
-1.068622472897D2,7.887687535328D1,8.068694950237D-1,                483P    587
-1.071197046482D2,7.760470601690D1,8.068694950237D-1,                483P    588
-1.062979595956D2,7.66D1,8.068694950237D-1,-1.05D2,7.66D1,           483P    589
8.068694950237D-1,-1.037020404044D2,7.66D1,8.068694950237D-1,        483P    590
-1.028802953518D2,7.760470601690D1,8.068694950237D-1,                483P    591
-1.031377527103D2,7.887687535328D1,8.068694950237D-1,                483P    592
-1.068622472897D2,7.887687535328D1,1.993130504976D0,                 483P    593
-1.071197046482D2,7.760470601690D1,1.993130504976D0,                 483P    594
-1.062979595956D2,7.66D1,1.993130504976D0,-1.05D2,7.66D1,            483P    595
1.993130504976D0,-1.037020404044D2,7.66D1,1.993130504976D0,          483P    596
-1.028802953518D2,7.760470601690D1,1.993130504976D0,                 483P    597
-1.031377527103D2,7.887687535328D1,1.993130504976D0,                 483P    598
-1.068622472897D2,7.887687535328D1,3.179391514929D0,                 483P    599
-1.071197046482D2,7.760470601690D1,3.179391514929D0,                 483P    600
-1.062979595956D2,7.66D1,3.179391514929D0,-1.05D2,7.66D1,            483P    601
3.179391514929D0,-1.037020404044D2,7.66D1,3.179391514929D0,          483P    602
-1.028802953518D2,7.760470601690D1,3.179391514929D0,                 483P    603
-1.031377527103D2,7.887687535328D1,3.179391514929D0,0D0,2D0,         483P    604
-3.379391514929D0,1.793915149288D-1;                                 483P    605
508,4,0,375,62,1,0,0,375,94,1,0,0,375,10,1,0,0,375,93,0,0;           485P    606
510,483,1,0,485;                                                     487P    607
128,6,3,3,3,0,0,0,0,0,0D0,0D0,0D0,0D0,1D0,1D0,1D0,2D0,2D0,2D0,       489P    608
2D0,1.895999995682D0,1.895999995682D0,1.895999995682D0,              489P    609
1.895999995682D0,2.104000000543D0,2.104000000543D0,                  489P    610
2.104000000543D0,2.104000000543D0,1.224660805094D0,                  489P    611
9.251130649686D-1,9.251130649686D-1,1.224660805094D0,                489P    612
9.251130649686D-1,9.251130649686D-1,1.224660805094D0,                489P    613
1.224660805094D0,9.251130649686D-1,9.251130649686D-1,                489P    614
1.224660805094D0,9.251130649686D-1,9.251130649686D-1,                489P    615
1.224660805094D0,1.224660805094D0,9.251130649686D-1,                 489P    616
9.251130649686D-1,1.224660805094D0,9.251130649686D-1,                489P    617
9.251130649686D-1,1.224660805094D0,1.224660805094D0,                 489P    618
9.251130649686D-1,9.251130649686D-1,1.224660805094D0,                489P    619
9.251130649686D-1,9.251130649686D-1,1.224660805094D0,                489P    620
-1.858326788012D0,7.887608181634D1,2.795999995682D0,                 489P    621
-2.115242055436D0,7.760659070310D1,2.795999995682D0,                 489P    622
-1.295226914826D0,7.660399990401D1,2.795999995682D0,                 489P    623
1.468280560305D-7,7.660400000432D1,2.795999995682D0,                 489P    624
1.295227208482D0,7.660400010462D1,2.795999995682D0,                  489P    625
2.115242193808D0,7.760659103071D1,2.795999995682D0,                  489P    626
1.858326729764D0,7.887608210417D1,2.795999995682D0,                  489P    627
-1.926282481018D0,7.888983445696D1,2.865333330636D0,                 489P    628
-2.192592681106D0,7.757392032010D1,2.865333330636D0,                 489P    629
-1.342591050760D0,7.653466656539D1,2.865333330636D0,                 489P    630
1.521972958029D-7,7.653466666936D1,2.865333330636D0,                 489P    631
1.342591355155D0,7.653466677334D1,2.865333330636D0,                  489P    632
2.192592824539D0,7.757392065969D1,2.865333330636D0,                  489P    633
1.926282420640D0,7.888983475530D1,2.865333330636D0,                  489P    634
-1.994238174024D0,7.890358709757D1,2.934666665590D0,                 489P    635
-2.269943306777D0,7.754124993709D1,2.934666665590D0,                 489P    636
-1.389955186694D0,7.646533322677D1,2.934666665590D0,                 489P    637
1.575665337516D-7,7.646533333441D1,2.934666665590D0,                 489P    638
1.389955501827D0,7.646533344205D1,2.934666665590D0,                  489P    639
2.269943455270D0,7.754125028867D1,2.934666665590D0,                  489P    640
1.994238111516D0,7.890358740644D1,2.934666665590D0,                  489P    641
-2.062193867030D0,7.891733973818D1,3.004000000543D0,                 489P    642
-2.347293932447D0,7.750857955409D1,3.004000000543D0,                 489P    643
-1.437319322628D0,7.639599988815D1,3.004000000543D0,                 489P    644
1.629357732067D-7,7.639599999946D1,3.004000000543D0,                 489P    645
1.437319648500D0,7.639600011076D1,3.004000000543D0,                  489P    646
2.347294086D0,7.750857991765D1,3.004000000543D0,                     489P    647
2.062193802392D0,7.891734005758D1,3.004000000543D0,0D0,2D0,          489P    648
1.895999995682D0,2.104000000543D0;                                   489P    649
508,4,0,375,65,1,0,0,375,99,1,0,0,375,66,0,0,0,375,100,0,0;          491P    650
510,489,1,0,491;                                                     493P    651
128,6,3,3,3,0,0,0,0,0,0D0,0D0,0D0,0D0,1D0,1D0,1D0,2D0,2D0,2D0,       495P    652
2D0,1.895999995682D0,1.895999995682D0,1.895999995682D0,              495P    653
1.895999995682D0,2.104000000543D0,2.104000000543D0,                  495P    654
2.104000000543D0,2.104000000543D0,1.224660805094D0,                  495P    655
9.251130649686D-1,9.251130649686D-1,1.224660805094D0,                495P    656
9.251130649686D-1,9.251130649686D-1,1.224660805094D0,                495P    657
1.224660805094D0,9.251130649686D-1,9.251130649686D-1,                495P    658
1.224660805094D0,9.251130649686D-1,9.251130649686D-1,                495P    659
1.224660805094D0,1.224660805094D0,9.251130649686D-1,                 495P    660
9.251130649686D-1,1.224660805094D0,9.251130649686D-1,                495P    661
9.251130649686D-1,1.224660805094D0,1.224660805094D0,                 495P    662
9.251130649686D-1,9.251130649686D-1,1.224660805094D0,                495P    663
9.251130649686D-1,9.251130649686D-1,1.224660805094D0,                495P    664
1.858326788012D0,7.812391818366D1,2.795999995682D0,                  495P    665
2.115242055436D0,7.939340929690D1,2.795999995682D0,                  495P    666
1.295226914826D0,8.039600009599D1,2.795999995682D0,                  495P    667
-1.468280745979D-7,8.039599999568D1,2.795999995682D0,                495P    668
-1.295227208482D0,8.039599989538D1,2.795999995682D0,                 495P    669
-2.115242193808D0,7.939340896929D1,2.795999995682D0,                 495P    670
-1.858326729764D0,7.812391789583D1,2.795999995682D0,                 495P    671
1.926282481018D0,7.811016554304D1,2.865333330636D0,                  495P    672
2.192592681106D0,7.942607967990D1,2.865333330636D0,                  495P    673
1.342591050760D0,8.046533343461D1,2.865333330636D0,                  495P    674
-1.521973139971D-7,8.046533333064D1,2.865333330636D0,                495P    675
-1.342591355155D0,8.046533322666D1,2.865333330636D0,                 495P    676
-2.192592824539D0,7.942607934031D1,2.865333330636D0,                 495P    677
-1.926282420640D0,7.811016524470D1,2.865333330636D0,                 495P    678
1.994238174024D0,7.809641290243D1,2.934666665590D0,                  495P    679
2.269943306777D0,7.945875006291D1,2.934666665590D0,                  495P    680
1.389955186694D0,8.053466677323D1,2.934666665590D0,                  495P    681
-1.575665529082D-7,8.053466666559D1,2.934666665590D0,                495P    682
-1.389955501827D0,8.053466655795D1,2.934666665590D0,                 495P    683
-2.269943455270D0,7.945874971133D1,2.934666665590D0,                 495P    684
-1.994238111516D0,7.809641259356D1,2.934666665590D0,                 495P    685
2.062193867030D0,7.808266026182D1,3.004000000543D0,                  495P    686
2.347293932447D0,7.949142044591D1,3.004000000543D0,                  495P    687
1.437319322629D0,8.060400011185D1,3.004000000543D0,                  495P    688
-1.629357927939D-7,8.060400000054D1,3.004000000543D0,                495P    689
-1.437319648500D0,8.060399988924D1,3.004000000543D0,                 495P    690
-2.347294086D0,7.949142008235D1,3.004000000543D0,                    495P    691
-2.062193802392D0,7.808265994242D1,3.004000000543D0,0D0,2D0,         495P    692
1.895999995682D0,2.104000000543D0;                                   495P    693
508,4,0,375,67,1,0,0,375,100,1,0,0,375,68,0,0,0,375,99,0,0;          497P    694
510,495,1,0,497;                                                     499P    695
128,6,3,3,3,0,0,0,0,0,0D0,0D0,0D0,0D0,1D0,1D0,1D0,2D0,2D0,2D0,       501P    696
2D0,-3.379391514929D0,-3.379391514929D0,-3.379391514929D0,           501P    697
-3.379391514929D0,1.793915149289D-1,1.793915149289D-1,               501P    698
1.793915149289D-1,1.793915149289D-1,1.224660800467D0,                501P    699
9.251130665110D-1,9.251130665110D-1,1.224660800467D0,                501P    700
9.251130665110D-1,9.251130665110D-1,1.224660800467D0,                501P    701
1.224660800467D0,9.251130665110D-1,9.251130665110D-1,                501P    702
1.224660800467D0,9.251130665110D-1,9.251130665110D-1,                501P    703
1.224660800467D0,1.224660800467D0,9.251130665110D-1,                 501P    704
9.251130665110D-1,1.224660800467D0,9.251130665110D-1,                501P    705
9.251130665110D-1,1.224660800467D0,1.224660800467D0,                 501P    706
9.251130665110D-1,9.251130665110D-1,1.224660800467D0,                501P    707
9.251130665110D-1,9.251130665110D-1,1.224660800467D0,                501P    708
1.862247289725D0,7.812312464672D1,-3.793915149288D-1,                501P    709
2.119704648223D0,7.939529398310D1,-3.793915149288D-1,                501P    710
1.297959595623D0,8.04D1,-3.793915149288D-1,0D0,8.04D1,               501P    711
-3.793915149288D-1,-1.297959595623D0,8.04D1,-3.793915149288D-1,      501P    712
-2.119704648223D0,7.939529398310D1,-3.793915149288D-1,               501P    713
-1.862247289725D0,7.812312464672D1,-3.793915149288D-1,               501P    714
1.862247289725D0,7.812312464672D1,8.068694950237D-1,                 501P    715
2.119704648223D0,7.939529398310D1,8.068694950237D-1,                 501P    716
1.297959595623D0,8.04D1,8.068694950237D-1,0D0,8.04D1,                501P    717
8.068694950237D-1,-1.297959595623D0,8.04D1,8.068694950237D-1,        501P    718
-2.119704648223D0,7.939529398310D1,8.068694950237D-1,                501P    719
-1.862247289725D0,7.812312464672D1,8.068694950237D-1,                501P    720
1.862247289725D0,7.812312464672D1,1.993130504976D0,                  501P    721
2.119704648223D0,7.939529398310D1,1.993130504976D0,                  501P    722
1.297959595623D0,8.04D1,1.993130504976D0,0D0,8.04D1,                 501P    723
1.993130504976D0,-1.297959595623D0,8.04D1,1.993130504976D0,          501P    724
-2.119704648223D0,7.939529398310D1,1.993130504976D0,                 501P    725
-1.862247289725D0,7.812312464672D1,1.993130504976D0,                 501P    726
1.862247289725D0,7.812312464672D1,3.179391514929D0,                  501P    727
2.119704648223D0,7.939529398310D1,3.179391514929D0,                  501P    728
1.297959595623D0,8.04D1,3.179391514929D0,0D0,8.04D1,                 501P    729
3.179391514929D0,-1.297959595623D0,8.04D1,3.179391514929D0,          501P    730
-2.119704648223D0,7.939529398310D1,3.179391514929D0,                 501P    731
-1.862247289725D0,7.812312464672D1,3.179391514929D0,0D0,2D0,         501P    732
-3.379391514929D0,1.793915149289D-1;                                 501P    733
508,4,0,375,68,1,0,0,375,85,1,0,0,375,1,1,0,0,375,86,0,0;            503P    734
510,501,1,0,503;                                                     505P    735
128,6,3,3,3,0,0,0,0,0,0D0,0D0,0D0,0D0,1D0,1D0,1D0,2D0,2D0,2D0,       507P    736
2D0,-3.379391514929D0,-3.379391514929D0,-3.379391514929D0,           507P    737
-3.379391514929D0,1.793915149288D-1,1.793915149288D-1,               507P    738
1.793915149288D-1,1.793915149288D-1,1.224660800467D0,                507P    739
9.251130665110D-1,9.251130665110D-1,1.224660800467D0,                507P    740
9.251130665110D-1,9.251130665110D-1,1.224660800467D0,                507P    741
1.224660800467D0,9.251130665110D-1,9.251130665110D-1,                507P    742
1.224660800467D0,9.251130665110D-1,9.251130665110D-1,                507P    743
1.224660800467D0,1.224660800467D0,9.251130665110D-1,                 507P    744
9.251130665110D-1,1.224660800467D0,9.251130665110D-1,                507P    745
9.251130665110D-1,1.224660800467D0,1.224660800467D0,                 507P    746
9.251130665110D-1,9.251130665110D-1,1.224660800467D0,                507P    747
9.251130665110D-1,9.251130665110D-1,1.224660800467D0,                507P    748
-1.862247289725D0,7.887687535328D1,-3.793915149288D-1,               507P    749
-2.119704648223D0,7.760470601690D1,-3.793915149288D-1,               507P    750
-1.297959595623D0,7.66D1,-3.793915149288D-1,0D0,7.66D1,              507P    751
-3.793915149288D-1,1.297959595623D0,7.66D1,-3.793915149288D-1,       507P    752
2.119704648223D0,7.760470601690D1,-3.793915149288D-1,                507P    753
1.862247289725D0,7.887687535328D1,-3.793915149288D-1,                507P    754
-1.862247289725D0,7.887687535328D1,8.068694950237D-1,                507P    755
-2.119704648223D0,7.760470601690D1,8.068694950237D-1,                507P    756
-1.297959595623D0,7.66D1,8.068694950237D-1,0D0,7.66D1,               507P    757
8.068694950237D-1,1.297959595623D0,7.66D1,8.068694950237D-1,         507P    758
2.119704648223D0,7.760470601690D1,8.068694950237D-1,                 507P    759
1.862247289725D0,7.887687535328D1,8.068694950237D-1,                 507P    760
-1.862247289725D0,7.887687535328D1,1.993130504976D0,                 507P    761
-2.119704648223D0,7.760470601690D1,1.993130504976D0,                 507P    762
-1.297959595623D0,7.66D1,1.993130504976D0,0D0,7.66D1,                507P    763
1.993130504976D0,1.297959595623D0,7.66D1,1.993130504976D0,           507P    764
2.119704648223D0,7.760470601690D1,1.993130504976D0,                  507P    765
1.862247289725D0,7.887687535328D1,1.993130504976D0,                  507P    766
-1.862247289725D0,7.887687535328D1,3.179391514929D0,                 507P    767
-2.119704648223D0,7.760470601690D1,3.179391514929D0,                 507P    768
-1.297959595623D0,7.66D1,3.179391514929D0,0D0,7.66D1,                507P    769
3.179391514929D0,1.297959595623D0,7.66D1,3.179391514929D0,           507P    770
2.119704648223D0,7.760470601690D1,3.179391514929D0,                  507P    771
1.862247289725D0,7.887687535328D1,3.179391514929D0,0D0,2D0,          507P    772
-3.379391514929D0,1.793915149288D-1;                                 507P    773
508,4,0,375,66,1,0,0,375,86,1,0,0,375,2,1,0,0,375,85,0,0;            509P    774
510,507,1,0,509;                                                     511P    775
128,6,3,3,3,0,0,0,0,0,0D0,0D0,0D0,0D0,1D0,1D0,1D0,2D0,2D0,2D0,       513P    776
2D0,1.895999995682D0,1.895999995682D0,1.895999995682D0,              513P    777
1.895999995682D0,2.104000000543D0,2.104000000543D0,                  513P    778
2.104000000543D0,2.104000000543D0,1.224660805094D0,                  513P    779
9.251130649686D-1,9.251130649686D-1,1.224660805094D0,                513P    780
9.251130649686D-1,9.251130649686D-1,1.224660805094D0,                513P    781
1.224660805094D0,9.251130649686D-1,9.251130649686D-1,                513P    782
1.224660805094D0,9.251130649686D-1,9.251130649686D-1,                513P    783
1.224660805094D0,1.224660805094D0,9.251130649686D-1,                 513P    784
9.251130649686D-1,1.224660805094D0,9.251130649686D-1,                513P    785
9.251130649686D-1,1.224660805094D0,1.224660805094D0,                 513P    786
9.251130649686D-1,9.251130649686D-1,1.224660805094D0,                513P    787
9.251130649686D-1,9.251130649686D-1,1.224660805094D0,                513P    788
1.031416732120D2,7.887608181634D1,2.795999995682D0,                  513P    789
1.028847579446D2,7.760659070310D1,2.795999995682D0,                  513P    790
1.037047730852D2,7.660399990401D1,2.795999995682D0,                  513P    791
1.050000001468D2,7.660400000432D1,2.795999995682D0,                  513P    792
1.062952272085D2,7.660400010462D1,2.795999995682D0,                  513P    793
1.071152421938D2,7.760659103071D1,2.795999995682D0,                  513P    794
1.068583267298D2,7.887608210417D1,2.795999995682D0,                  513P    795
1.030737175190D2,7.888983445696D1,2.865333330636D0,                  513P    796
1.028074073189D2,7.757392032010D1,2.865333330636D0,                  513P    797
1.036574089492D2,7.653466656539D1,2.865333330636D0,                  513P    798
1.050000001522D2,7.653466666936D1,2.865333330636D0,                  513P    799
1.063425913552D2,7.653466677334D1,2.865333330636D0,                  513P    800
1.071925928245D2,7.757392065969D1,2.865333330636D0,                  513P    801
1.069262824206D2,7.888983475530D1,2.865333330636D0,                  513P    802
1.030057618260D2,7.890358709757D1,2.934666665590D0,                  513P    803
1.027300566932D2,7.754124993709D1,2.934666665590D0,                  513P    804
1.036100448133D2,7.646533322677D1,2.934666665590D0,                  513P    805
1.050000001576D2,7.646533333441D1,2.934666665590D0,                  513P    806
1.063899555018D2,7.646533344205D1,2.934666665590D0,                  513P    807
1.072699434553D2,7.754125028867D1,2.934666665590D0,                  513P    808
1.069942381115D2,7.890358740644D1,2.934666665590D0,                  513P    809
1.029378061330D2,7.891733973818D1,3.004000000543D0,                  513P    810
1.026527060676D2,7.750857955409D1,3.004000000543D0,                  513P    811
1.035626806774D2,7.639599988815D1,3.004000000543D0,                  513P    812
1.050000001629D2,7.639599999946D1,3.004000000543D0,                  513P    813
1.064373196485D2,7.639600011076D1,3.004000000543D0,                  513P    814
1.073472940860D2,7.750857991765D1,3.004000000543D0,                  513P    815
1.070621938024D2,7.891734005758D1,3.004000000543D0,0D0,2D0,          513P    816
1.895999995682D0,2.104000000543D0;                                   513P    817
508,4,0,375,69,1,0,0,375,101,1,0,0,375,70,0,0,0,375,102,0,0;         515P    818
510,513,1,0,515;                                                     517P    819
128,6,3,3,3,0,0,0,0,0,0D0,0D0,0D0,0D0,1D0,1D0,1D0,2D0,2D0,2D0,       519P    820
2D0,1.895999995682D0,1.895999995682D0,1.895999995682D0,              519P    821
1.895999995682D0,2.104000000543D0,2.104000000543D0,                  519P    822
2.104000000543D0,2.104000000543D0,1.224660805094D0,                  519P    823
9.251130649686D-1,9.251130649686D-1,1.224660805094D0,                519P    824
9.251130649686D-1,9.251130649686D-1,1.224660805094D0,                519P    825
1.224660805094D0,9.251130649686D-1,9.251130649686D-1,                519P    826
1.224660805094D0,9.251130649686D-1,9.251130649686D-1,                519P    827
1.224660805094D0,1.224660805094D0,9.251130649686D-1,                 519P    828
9.251130649686D-1,1.224660805094D0,9.251130649686D-1,                519P    829
9.251130649686D-1,1.224660805094D0,1.224660805094D0,                 519P    830
9.251130649686D-1,9.251130649686D-1,1.224660805094D0,                519P    831
9.251130649686D-1,9.251130649686D-1,1.224660805094D0,                519P    832
1.068583267880D2,7.812391818366D1,2.795999995682D0,                  519P    833
1.071152420554D2,7.939340929690D1,2.795999995682D0,                  519P    834
1.062952269148D2,8.039600009599D1,2.795999995682D0,                  519P    835
1.049999998532D2,8.039599999568D1,2.795999995682D0,                  519P    836
1.037047727915D2,8.039599989538D1,2.795999995682D0,                  519P    837
1.028847578062D2,7.939340896929D1,2.795999995682D0,                  519P    838
1.031416732702D2,7.812391789583D1,2.795999995682D0,                  519P    839
1.069262824810D2,7.811016554304D1,2.865333330636D0,                  519P    840
1.071925926811D2,7.942607967990D1,2.865333330636D0,                  519P    841
1.063425910508D2,8.046533343461D1,2.865333330636D0,                  519P    842
1.049999998478D2,8.046533333064D1,2.865333330636D0,                  519P    843
1.036574086448D2,8.046533322666D1,2.865333330636D0,                  519P    844
1.028074071755D2,7.942607934031D1,2.865333330636D0,                  519P    845
1.030737175794D2,7.811016524470D1,2.865333330636D0,                  519P    846
1.069942381740D2,7.809641290243D1,2.934666665590D0,                  519P    847
1.072699433068D2,7.945875006291D1,2.934666665590D0,                  519P    848
1.063899551867D2,8.053466677323D1,2.934666665590D0,                  519P    849
1.049999998424D2,8.053466666559D1,2.934666665590D0,                  519P    850
1.036100444982D2,8.053466655795D1,2.934666665590D0,                  519P    851
1.027300565447D2,7.945874971133D1,2.934666665590D0,                  519P    852
1.030057618885D2,7.809641259356D1,2.934666665590D0,                  519P    853
1.070621938670D2,7.808266026182D1,3.004000000543D0,                  519P    854
1.073472939324D2,7.949142044591D1,3.004000000543D0,                  519P    855
1.064373193226D2,8.060400011185D1,3.004000000543D0,                  519P    856
1.049999998371D2,8.060400000054D1,3.004000000543D0,                  519P    857
1.035626803515D2,8.060399988924D1,3.004000000543D0,                  519P    858
1.026527059140D2,7.949142008235D1,3.004000000543D0,                  519P    859
1.029378061976D2,7.808265994242D1,3.004000000543D0,0D0,2D0,          519P    860
1.895999995682D0,2.104000000543D0;                                   519P    861
508,4,0,375,71,1,0,0,375,102,1,0,0,375,72,0,0,0,375,101,0,0;         521P    862
510,519,1,0,521;                                                     523P    863
128,6,3,3,3,0,0,0,0,0,0D0,0D0,0D0,0D0,1D0,1D0,1D0,2D0,2D0,2D0,       525P    864
2D0,-3.379391514929D0,-3.379391514929D0,-3.379391514929D0,           525P    865
-3.379391514929D0,1.793915149288D-1,1.793915149288D-1,               525P    866
1.793915149288D-1,1.793915149288D-1,1.224660800467D0,                525P    867
9.251130665110D-1,9.251130665110D-1,1.224660800467D0,                525P    868
9.251130665110D-1,9.251130665110D-1,1.224660800467D0,                525P    869
1.224660800467D0,9.251130665110D-1,9.251130665110D-1,                525P    870
1.224660800467D0,9.251130665110D-1,9.251130665110D-1,                525P    871
1.224660800467D0,1.224660800467D0,9.251130665110D-1,                 525P    872
9.251130665110D-1,1.224660800467D0,9.251130665110D-1,                525P    873
9.251130665110D-1,1.224660800467D0,1.224660800467D0,                 525P    874
9.251130665110D-1,9.251130665110D-1,1.224660800467D0,                525P    875
9.251130665110D-1,9.251130665110D-1,1.224660800467D0,                525P    876
1.068622472897D2,7.812312464672D1,-3.793915149288D-1,                525P    877
1.071197046482D2,7.939529398310D1,-3.793915149288D-1,                525P    878
1.062979595956D2,8.04D1,-3.793915149288D-1,1.05D2,8.04D1,            525P    879
-3.793915149288D-1,1.037020404044D2,8.04D1,-3.793915149288D-1,       525P    880
1.028802953518D2,7.939529398310D1,-3.793915149288D-1,                525P    881
1.031377527103D2,7.812312464672D1,-3.793915149288D-1,                525P    882
1.068622472897D2,7.812312464672D1,8.068694950237D-1,                 525P    883
1.071197046482D2,7.939529398310D1,8.068694950237D-1,                 525P    884
1.062979595956D2,8.04D1,8.068694950237D-1,1.05D2,8.04D1,             525P    885
8.068694950237D-1,1.037020404044D2,8.04D1,8.068694950237D-1,         525P    886
1.028802953518D2,7.939529398310D1,8.068694950237D-1,                 525P    887
1.031377527103D2,7.812312464672D1,8.068694950237D-1,                 525P    888
1.068622472897D2,7.812312464672D1,1.993130504976D0,                  525P    889
1.071197046482D2,7.939529398310D1,1.993130504976D0,                  525P    890
1.062979595956D2,8.04D1,1.993130504976D0,1.05D2,8.04D1,              525P    891
1.993130504976D0,1.037020404044D2,8.04D1,1.993130504976D0,           525P    892
1.028802953518D2,7.939529398310D1,1.993130504976D0,                  525P    893
1.031377527103D2,7.812312464672D1,1.993130504976D0,                  525P    894
1.068622472897D2,7.812312464672D1,3.179391514929D0,                  525P    895
1.071197046482D2,7.939529398310D1,3.179391514929D0,                  525P    896
1.062979595956D2,8.04D1,3.179391514929D0,1.05D2,8.04D1,              525P    897
3.179391514929D0,1.037020404044D2,8.04D1,3.179391514929D0,           525P    898
1.028802953518D2,7.939529398310D1,3.179391514929D0,                  525P    899
1.031377527103D2,7.812312464672D1,3.179391514929D0,0D0,2D0,          525P    900
-3.379391514929D0,1.793915149288D-1;                                 525P    901
508,4,0,375,72,1,0,0,375,95,1,0,0,375,11,1,0,0,375,96,0,0;           527P    902
510,525,1,0,527;                                                     529P    903
128,6,3,3,3,0,0,0,0,0,0D0,0D0,0D0,0D0,1D0,1D0,1D0,2D0,2D0,2D0,       531P    904
2D0,-3.379391514929D0,-3.379391514929D0,-3.379391514929D0,           531P    905
-3.379391514929D0,1.793915149288D-1,1.793915149288D-1,               531P    906
1.793915149288D-1,1.793915149288D-1,1.224660800467D0,                531P    907
9.251130665110D-1,9.251130665110D-1,1.224660800467D0,                531P    908
9.251130665110D-1,9.251130665110D-1,1.224660800467D0,                531P    909
1.224660800467D0,9.251130665110D-1,9.251130665110D-1,                531P    910
1.224660800467D0,9.251130665110D-1,9.251130665110D-1,                531P    911
1.224660800467D0,1.224660800467D0,9.251130665110D-1,                 531P    912
9.251130665110D-1,1.224660800467D0,9.251130665110D-1,                531P    913
9.251130665110D-1,1.224660800467D0,1.224660800467D0,                 531P    914
9.251130665110D-1,9.251130665110D-1,1.224660800467D0,                531P    915
9.251130665110D-1,9.251130665110D-1,1.224660800467D0,                531P    916
1.031377527103D2,7.887687535328D1,-3.793915149288D-1,                531P    917
1.028802953518D2,7.760470601690D1,-3.793915149288D-1,                531P    918
1.037020404044D2,7.66D1,-3.793915149288D-1,1.05D2,7.66D1,            531P    919
-3.793915149288D-1,1.062979595956D2,7.66D1,-3.793915149288D-1,       531P    920
1.071197046482D2,7.760470601690D1,-3.793915149288D-1,                531P    921
1.068622472897D2,7.887687535328D1,-3.793915149288D-1,                531P    922
1.031377527103D2,7.887687535328D1,8.068694950237D-1,                 531P    923
1.028802953518D2,7.760470601690D1,8.068694950237D-1,                 531P    924
1.037020404044D2,7.66D1,8.068694950237D-1,1.05D2,7.66D1,             531P    925
8.068694950237D-1,1.062979595956D2,7.66D1,8.068694950237D-1,         531P    926
1.071197046482D2,7.760470601690D1,8.068694950237D-1,                 531P    927
1.068622472897D2,7.887687535328D1,8.068694950237D-1,                 531P    928
1.031377527103D2,7.887687535328D1,1.993130504976D0,                  531P    929
1.028802953518D2,7.760470601690D1,1.993130504976D0,                  531P    930
1.037020404044D2,7.66D1,1.993130504976D0,1.05D2,7.66D1,              531P    931
1.993130504976D0,1.062979595956D2,7.66D1,1.993130504976D0,           531P    932
1.071197046482D2,7.760470601690D1,1.993130504976D0,                  531P    933
1.068622472897D2,7.887687535328D1,1.993130504976D0,                  531P    934
1.031377527103D2,7.887687535328D1,3.179391514929D0,                  531P    935
1.028802953518D2,7.760470601690D1,3.179391514929D0,                  531P    936
1.037020404044D2,7.66D1,3.179391514929D0,1.05D2,7.66D1,              531P    937
3.179391514929D0,1.062979595956D2,7.66D1,3.179391514929D0,           531P    938
1.071197046482D2,7.760470601690D1,3.179391514929D0,                  531P    939
1.068622472897D2,7.887687535328D1,3.179391514929D0,0D0,2D0,          531P    940
-3.379391514929D0,1.793915149288D-1;                                 531P    941
508,4,0,375,70,1,0,0,375,96,1,0,0,375,12,1,0,0,375,95,0,0;           533P    942
510,531,1,0,533;                                                     535P    943
128,6,3,3,3,0,0,0,0,0,0D0,0D0,0D0,0D0,1D0,1D0,1D0,2D0,2D0,2D0,       537P    944
2D0,1.895999995682D0,1.895999995682D0,1.895999995682D0,              537P    945
1.895999995682D0,2.104000000543D0,2.104000000543D0,                  537P    946
2.104000000543D0,2.104000000543D0,1.224660805094D0,                  537P    947
9.251130649686D-1,9.251130649686D-1,1.224660805094D0,                537P    948
9.251130649686D-1,9.251130649686D-1,1.224660805094D0,                537P    949
1.224660805094D0,9.251130649686D-1,9.251130649686D-1,                537P    950
1.224660805094D0,9.251130649686D-1,9.251130649686D-1,                537P    951
1.224660805094D0,1.224660805094D0,9.251130649686D-1,                 537P    952
9.251130649686D-1,1.224660805094D0,9.251130649686D-1,                537P    953
9.251130649686D-1,1.224660805094D0,1.224660805094D0,                 537P    954
9.251130649686D-1,9.251130649686D-1,1.224660805094D0,                537P    955
9.251130649686D-1,9.251130649686D-1,1.224660805094D0,                537P    956
1.031416732120D2,-7.812391818366D1,2.795999995682D0,                 537P    957
1.028847579446D2,-7.939340929690D1,2.795999995682D0,                 537P    958
1.037047730852D2,-8.039600009599D1,2.795999995682D0,                 537P    959
1.050000001468D2,-8.039599999568D1,2.795999995682D0,                 537P    960
1.062952272085D2,-8.039599989538D1,2.795999995682D0,                 537P    961
1.071152421938D2,-7.939340896929D1,2.795999995682D0,                 537P    962
1.068583267298D2,-7.812391789583D1,2.795999995682D0,                 537P    963
1.030737175190D2,-7.811016554304D1,2.865333330636D0,                 537P    964
1.028074073189D2,-7.942607967990D1,2.865333330636D0,                 537P    965
1.036574089492D2,-8.046533343461D1,2.865333330636D0,                 537P    966
1.050000001522D2,-8.046533333064D1,2.865333330636D0,                 537P    967
1.063425913552D2,-8.046533322666D1,2.865333330636D0,                 537P    968
1.071925928245D2,-7.942607934031D1,2.865333330636D0,                 537P    969
1.069262824206D2,-7.811016524470D1,2.865333330636D0,                 537P    970
1.030057618260D2,-7.809641290243D1,2.934666665590D0,                 537P    971
1.027300566932D2,-7.945875006291D1,2.934666665590D0,                 537P    972
1.036100448133D2,-8.053466677323D1,2.934666665590D0,                 537P    973
1.050000001576D2,-8.053466666559D1,2.934666665590D0,                 537P    974
1.063899555018D2,-8.053466655795D1,2.934666665590D0,                 537P    975
1.072699434553D2,-7.945874971133D1,2.934666665590D0,                 537P    976
1.069942381115D2,-7.809641259356D1,2.934666665590D0,                 537P    977
1.029378061330D2,-7.808266026182D1,3.004000000543D0,                 537P    978
1.026527060676D2,-7.949142044591D1,3.004000000543D0,                 537P    979
1.035626806774D2,-8.060400011185D1,3.004000000543D0,                 537P    980
1.050000001629D2,-8.060400000054D1,3.004000000543D0,                 537P    981
1.064373196485D2,-8.060399988924D1,3.004000000543D0,                 537P    982
1.073472940860D2,-7.949142008235D1,3.004000000543D0,                 537P    983
1.070621938024D2,-7.808265994242D1,3.004000000543D0,0D0,2D0,         537P    984
1.895999995682D0,2.104000000543D0;                                   537P    985
508,4,0,375,73,1,0,0,375,103,1,0,0,375,74,0,0,0,375,104,0,0;         539P    986
510,537,1,0,539;                                                     541P    987
128,6,3,3,3,0,0,0,0,0,0D0,0D0,0D0,0D0,1D0,1D0,1D0,2D0,2D0,2D0,       543P    988
2D0,1.895999995682D0,1.895999995682D0,1.895999995682D0,              543P    989
1.895999995682D0,2.104000000543D0,2.104000000543D0,                  543P    990
2.104000000543D0,2.104000000543D0,1.224660805094D0,                  543P    991
9.251130649686D-1,9.251130649686D-1,1.224660805094D0,                543P    992
9.251130649686D-1,9.251130649686D-1,1.224660805094D0,                543P    993
1.224660805094D0,9.251130649686D-1,9.251130649686D-1,                543P    994
1.224660805094D0,9.251130649686D-1,9.251130649686D-1,                543P    995
1.224660805094D0,1.224660805094D0,9.251130649686D-1,                 543P    996
9.251130649686D-1,1.224660805094D0,9.251130649686D-1,                543P    997
9.251130649686D-1,1.224660805094D0,1.224660805094D0,                 543P    998
9.251130649686D-1,9.251130649686D-1,1.224660805094D0,                543P    999
9.251130649686D-1,9.251130649686D-1,1.224660805094D0,                543P   1000
1.068583267880D2,-7.887608181634D1,2.795999995682D0,                 543P   1001
1.071152420554D2,-7.760659070310D1,2.795999995682D0,                 543P   1002
1.062952269148D2,-7.660399990401D1,2.795999995682D0,                 543P   1003
1.049999998532D2,-7.660400000432D1,2.795999995682D0,                 543P   1004
1.037047727915D2,-7.660400010462D1,2.795999995682D0,                 543P   1005
1.028847578062D2,-7.760659103071D1,2.795999995682D0,                 543P   1006
1.031416732702D2,-7.887608210417D1,2.795999995682D0,                 543P   1007
1.069262824810D2,-7.888983445696D1,2.865333330636D0,                 543P   1008
1.071925926811D2,-7.757392032010D1,2.865333330636D0,                 543P   1009
1.063425910508D2,-7.653466656539D1,2.865333330636D0,                 543P   1010
1.049999998478D2,-7.653466666936D1,2.865333330636D0,                 543P   1011
1.036574086448D2,-7.653466677334D1,2.865333330636D0,                 543P   1012
1.028074071755D2,-7.757392065969D1,2.865333330636D0,                 543P   1013
1.030737175794D2,-7.888983475530D1,2.865333330636D0,                 543P   1014
1.069942381740D2,-7.890358709757D1,2.934666665590D0,                 543P   1015
1.072699433068D2,-7.754124993709D1,2.934666665590D0,                 543P   1016
1.063899551867D2,-7.646533322677D1,2.934666665589D0,                 543P   1017
1.049999998424D2,-7.646533333441D1,2.934666665590D0,                 543P   1018
1.036100444982D2,-7.646533344205D1,2.934666665589D0,                 543P   1019
1.027300565447D2,-7.754125028867D1,2.934666665590D0,                 543P   1020
1.030057618885D2,-7.890358740644D1,2.934666665590D0,                 543P   1021
1.070621938670D2,-7.891733973818D1,3.004000000543D0,                 543P   1022
1.073472939324D2,-7.750857955409D1,3.004000000543D0,                 543P   1023
1.064373193226D2,-7.639599988815D1,3.004000000543D0,                 543P   1024
1.049999998371D2,-7.639599999946D1,3.004000000543D0,                 543P   1025
1.035626803515D2,-7.639600011076D1,3.004000000543D0,                 543P   1026
1.026527059140D2,-7.750857991765D1,3.004000000543D0,                 543P   1027
1.029378061976D2,-7.891734005758D1,3.004000000543D0,0D0,2D0,         543P   1028
1.895999995682D0,2.104000000543D0;                                   543P   1029
508,4,0,375,75,1,0,0,375,104,1,0,0,375,76,0,0,0,375,103,0,0;         545P   1030
510,543,1,0,545;                                                     547P   1031
128,6,3,3,3,0,0,0,0,0,0D0,0D0,0D0,0D0,1D0,1D0,1D0,2D0,2D0,2D0,       549P   1032
2D0,-3.379391514929D0,-3.379391514929D0,-3.379391514929D0,           549P   1033
-3.379391514929D0,1.793915149288D-1,1.793915149288D-1,               549P   1034
1.793915149288D-1,1.793915149288D-1,1.224660800467D0,                549P   1035
9.251130665110D-1,9.251130665110D-1,1.224660800467D0,                549P   1036
9.251130665110D-1,9.251130665110D-1,1.224660800467D0,                549P   1037
1.224660800467D0,9.251130665110D-1,9.251130665110D-1,                549P   1038
1.224660800467D0,9.251130665110D-1,9.251130665110D-1,                549P   1039
1.224660800467D0,1.224660800467D0,9.251130665110D-1,                 549P   1040
9.251130665110D-1,1.224660800467D0,9.251130665110D-1,                549P   1041
9.251130665110D-1,1.224660800467D0,1.224660800467D0,                 549P   1042
9.251130665110D-1,9.251130665110D-1,1.224660800467D0,                549P   1043
9.251130665110D-1,9.251130665110D-1,1.224660800467D0,                549P   1044
1.068622472897D2,-7.887687535328D1,-3.793915149288D-1,               549P   1045
1.071197046482D2,-7.760470601690D1,-3.793915149288D-1,               549P   1046
1.062979595956D2,-7.66D1,-3.793915149288D-1,1.05D2,-7.66D1,          549P   1047
-3.793915149288D-1,1.037020404044D2,-7.66D1,-3.793915149288D-1,      549P   1048
1.028802953518D2,-7.760470601690D1,-3.793915149288D-1,               549P   1049
1.031377527103D2,-7.887687535328D1,-3.793915149288D-1,               549P   1050
1.068622472897D2,-7.887687535328D1,8.068694950237D-1,                549P   1051
1.071197046482D2,-7.760470601690D1,8.068694950237D-1,                549P   1052
1.062979595956D2,-7.66D1,8.068694950237D-1,1.05D2,-7.66D1,           549P   1053
8.068694950237D-1,1.037020404044D2,-7.66D1,8.068694950237D-1,        549P   1054
1.028802953518D2,-7.760470601690D1,8.068694950237D-1,                549P   1055
1.031377527103D2,-7.887687535328D1,8.068694950237D-1,                549P   1056
1.068622472897D2,-7.887687535328D1,1.993130504976D0,                 549P   1057
1.071197046482D2,-7.760470601690D1,1.993130504976D0,                 549P   1058
1.062979595956D2,-7.66D1,1.993130504976D0,1.05D2,-7.66D1,            549P   1059
1.993130504976D0,1.037020404044D2,-7.66D1,1.993130504976D0,          549P   1060
1.028802953518D2,-7.760470601690D1,1.993130504976D0,                 549P   1061
1.031377527103D2,-7.887687535328D1,1.993130504976D0,                 549P   1062
1.068622472897D2,-7.887687535328D1,3.179391514929D0,                 549P   1063
1.071197046482D2,-7.760470601690D1,3.179391514929D0,                 549P   1064
1.062979595956D2,-7.66D1,3.179391514929D0,1.05D2,-7.66D1,            549P   1065
3.179391514929D0,1.037020404044D2,-7.66D1,3.179391514929D0,          549P   1066
1.028802953518D2,-7.760470601690D1,3.179391514929D0,                 549P   1067
1.031377527103D2,-7.887687535328D1,3.179391514929D0,0D0,2D0,         549P   1068
-3.379391514929D0,1.793915149288D-1;                                 549P   1069
508,4,0,375,76,1,0,0,375,89,1,0,0,375,5,1,0,0,375,90,0,0;            551P   1070
510,549,1,0,551;                                                     553P   1071
128,6,3,3,3,0,0,0,0,0,0D0,0D0,0D0,0D0,1D0,1D0,1D0,2D0,2D0,2D0,       555P   1072
2D0,-3.379391514929D0,-3.379391514929D0,-3.379391514929D0,           555P   1073
-3.379391514929D0,1.793915149288D-1,1.793915149288D-1,               555P   1074
1.793915149288D-1,1.793915149288D-1,1.224660800467D0,                555P   1075
9.251130665110D-1,9.251130665110D-1,1.224660800467D0,                555P   1076
9.251130665110D-1,9.251130665110D-1,1.224660800467D0,                555P   1077
1.224660800467D0,9.251130665110D-1,9.251130665110D-1,                555P   1078
1.224660800467D0,9.251130665110D-1,9.251130665110D-1,                555P   1079
1.224660800467D0,1.224660800467D0,9.251130665110D-1,                 555P   1080
9.251130665110D-1,1.224660800467D0,9.251130665110D-1,                555P   1081
9.251130665110D-1,1.224660800467D0,1.224660800467D0,                 555P   1082
9.251130665110D-1,9.251130665110D-1,1.224660800467D0,                555P   1083
9.251130665110D-1,9.251130665110D-1,1.224660800467D0,                555P   1084
1.031377527103D2,-7.812312464672D1,-3.793915149288D-1,               555P   1085
1.028802953518D2,-7.939529398310D1,-3.793915149288D-1,               555P   1086
1.037020404044D2,-8.04D1,-3.793915149288D-1,1.05D2,-8.04D1,          555P   1087
-3.793915149288D-1,1.062979595956D2,-8.04D1,-3.793915149288D-1,      555P   1088
1.071197046482D2,-7.939529398310D1,-3.793915149288D-1,               555P   1089
1.068622472897D2,-7.812312464672D1,-3.793915149288D-1,               555P   1090
1.031377527103D2,-7.812312464672D1,8.068694950237D-1,                555P   1091
1.028802953518D2,-7.939529398310D1,8.068694950237D-1,                555P   1092
1.037020404044D2,-8.04D1,8.068694950237D-1,1.05D2,-8.04D1,           555P   1093
8.068694950237D-1,1.062979595956D2,-8.04D1,8.068694950237D-1,        555P   1094
1.071197046482D2,-7.939529398310D1,8.068694950237D-1,                555P   1095
1.068622472897D2,-7.812312464672D1,8.068694950237D-1,                555P   1096
1.031377527103D2,-7.812312464672D1,1.993130504976D0,                 555P   1097
1.028802953518D2,-7.939529398310D1,1.993130504976D0,                 555P   1098
1.037020404044D2,-8.04D1,1.993130504976D0,1.05D2,-8.04D1,            555P   1099
1.993130504976D0,1.062979595956D2,-8.04D1,1.993130504976D0,          555P   1100
1.071197046482D2,-7.939529398310D1,1.993130504976D0,                 555P   1101
1.068622472897D2,-7.812312464672D1,1.993130504976D0,                 555P   1102
1.031377527103D2,-7.812312464672D1,3.179391514929D0,                 555P   1103
1.028802953518D2,-7.939529398310D1,3.179391514929D0,                 555P   1104
1.037020404044D2,-8.04D1,3.179391514929D0,1.05D2,-8.04D1,            555P   1105
3.179391514929D0,1.062979595956D2,-8.04D1,3.179391514929D0,          555P   1106
1.071197046482D2,-7.939529398310D1,3.179391514929D0,                 555P   1107
1.068622472897D2,-7.812312464672D1,3.179391514929D0,0D0,2D0,         555P   1108
-3.379391514929D0,1.793915149288D-1;                                 555P   1109
508,4,0,375,74,1,0,0,375,90,1,0,0,375,6,1,0,0,375,89,0,0;            557P   1110
510,555,1,0,557;                                                     559P   1111
128,6,3,3,3,0,0,0,0,0,0D0,0D0,0D0,0D0,1D0,1D0,1D0,2D0,2D0,2D0,       561P   1112
2D0,1.895999995682D0,1.895999995682D0,1.895999995682D0,              561P   1113
1.895999995682D0,2.104000000543D0,2.104000000543D0,                  561P   1114
2.104000000543D0,2.104000000543D0,1.224660805094D0,                  561P   1115
9.251130649686D-1,9.251130649686D-1,1.224660805094D0,                561P   1116
9.251130649686D-1,9.251130649686D-1,1.224660805094D0,                561P   1117
1.224660805094D0,9.251130649686D-1,9.251130649686D-1,                561P   1118
1.224660805094D0,9.251130649686D-1,9.251130649686D-1,                561P   1119
1.224660805094D0,1.224660805094D0,9.251130649686D-1,                 561P   1120
9.251130649686D-1,1.224660805094D0,9.251130649686D-1,                561P   1121
9.251130649686D-1,1.224660805094D0,1.224660805094D0,                 561P   1122
9.251130649686D-1,9.251130649686D-1,1.224660805094D0,                561P   1123
9.251130649686D-1,9.251130649686D-1,1.224660805094D0,                561P   1124
-1.858326788012D0,-7.812391818366D1,2.795999995682D0,                561P   1125
-2.115242055436D0,-7.939340929690D1,2.795999995682D0,                561P   1126
-1.295226914826D0,-8.039600009599D1,2.795999995682D0,                561P   1127
1.468280356267D-7,-8.039599999568D1,2.795999995682D0,                561P   1128
1.295227208482D0,-8.039599989538D1,2.795999995682D0,                 561P   1129
2.115242193808D0,-7.939340896929D1,2.795999995682D0,                 561P   1130
1.858326729764D0,-7.812391789583D1,2.795999995682D0,                 561P   1131
-1.926282481018D0,-7.811016554304D1,2.865333330636D0,                561P   1132
-2.192592681106D0,-7.942607967990D1,2.865333330636D0,                561P   1133
-1.342591050760D0,-8.046533343461D1,2.865333330636D0,                561P   1134
1.521972739266D-7,-8.046533333064D1,2.865333330636D0,                561P   1135
1.342591355155D0,-8.046533322666D1,2.865333330636D0,                 561P   1136
2.192592824539D0,-7.942607934031D1,2.865333330636D0,                 561P   1137
1.926282420640D0,-7.811016524470D1,2.865333330636D0,                 561P   1138
-1.994238174024D0,-7.809641290243D1,2.934666665590D0,                561P   1139
-2.269943306777D0,-7.945875006291D1,2.934666665590D0,                561P   1140
-1.389955186694D0,-8.053466677323D1,2.934666665590D0,                561P   1141
1.575665128484D-7,-8.053466666559D1,2.934666665590D0,                561P   1142
1.389955501827D0,-8.053466655795D1,2.934666665590D0,                 561P   1143
2.269943455270D0,-7.945874971133D1,2.934666665590D0,                 561P   1144
1.994238111516D0,-7.809641259356D1,2.934666665590D0,                 561P   1145
-2.062193867030D0,-7.808266026182D1,3.004000000543D0,                561P   1146
-2.347293932447D0,-7.949142044591D1,3.004000000543D0,                561P   1147
-1.437319322628D0,-8.060400011185D1,3.004000000543D0,                561P   1148
1.629357510208D-7,-8.060400000054D1,3.004000000543D0,                561P   1149
1.437319648500D0,-8.060399988924D1,3.004000000543D0,                 561P   1150
2.347294086D0,-7.949142008235D1,3.004000000543D0,                    561P   1151
2.062193802392D0,-7.808265994242D1,3.004000000543D0,0D0,2D0,         561P   1152
1.895999995682D0,2.104000000543D0;                                   561P   1153
508,4,0,375,77,1,0,0,375,105,1,0,0,375,78,0,0,0,375,106,0,0;         563P   1154
510,561,1,0,563;                                                     565P   1155
128,6,3,3,3,0,0,0,0,0,0D0,0D0,0D0,0D0,1D0,1D0,1D0,2D0,2D0,2D0,       567P   1156
2D0,1.895999995682D0,1.895999995682D0,1.895999995682D0,              567P   1157
1.895999995682D0,2.104000000543D0,2.104000000543D0,                  567P   1158
2.104000000543D0,2.104000000543D0,1.224660805094D0,                  567P   1159
9.251130649686D-1,9.251130649686D-1,1.224660805094D0,                567P   1160
9.251130649686D-1,9.251130649686D-1,1.224660805094D0,                567P   1161
1.224660805094D0,9.251130649686D-1,9.251130649686D-1,                567P   1162
1.224660805094D0,9.251130649686D-1,9.251130649686D-1,                567P   1163
1.224660805094D0,1.224660805094D0,9.251130649686D-1,                 567P   1164
9.251130649686D-1,1.224660805094D0,9.251130649686D-1,                567P   1165
9.251130649686D-1,1.224660805094D0,1.224660805094D0,                 567P   1166
9.251130649686D-1,9.251130649686D-1,1.224660805094D0,                567P   1167
9.251130649686D-1,9.251130649686D-1,1.224660805094D0,                567P   1168
1.858326788012D0,-7.887608181634D1,2.795999995682D0,                 567P   1169
2.115242055436D0,-7.760659070310D1,2.795999995682D0,                 567P   1170
1.295226914826D0,-7.660399990401D1,2.795999995682D0,                 567P   1171
-1.468280355268D-7,-7.660400000432D1,2.795999995682D0,               567P   1172
-1.295227208482D0,-7.660400010462D1,2.795999995682D0,                567P   1173
-2.115242193808D0,-7.760659103071D1,2.795999995682D0,                567P   1174
-1.858326729764D0,-7.887608210417D1,2.795999995682D0,                567P   1175
1.926282481018D0,-7.888983445696D1,2.865333330636D0,                 567P   1176
2.192592681106D0,-7.757392032010D1,2.865333330636D0,                 567P   1177
1.342591050760D0,-7.653466656539D1,2.865333330636D0,                 567P   1178
-1.521972735534D-7,-7.653466666936D1,2.865333330636D0,               567P   1179
-1.342591355155D0,-7.653466677334D1,2.865333330636D0,                567P   1180
-2.192592824539D0,-7.757392065969D1,2.865333330636D0,                567P   1181
-1.926282420640D0,-7.888983475530D1,2.865333330636D0,                567P   1182
1.994238174024D0,-7.890358709757D1,2.934666665590D0,                 567P   1183
2.269943306777D0,-7.754124993709D1,2.934666665590D0,                 567P   1184
1.389955186694D0,-7.646533322677D1,2.934666665590D0,                 567P   1185
-1.575665118533D-7,-7.646533333441D1,2.934666665590D0,               567P   1186
-1.389955501828D0,-7.646533344205D1,2.934666665590D0,                567P   1187
-2.269943455270D0,-7.754125028867D1,2.934666665590D0,                567P   1188
-1.994238111516D0,-7.890358740644D1,2.934666665590D0,                567P   1189
2.062193867030D0,-7.891733973818D1,3.004000000543D0,                 567P   1190
2.347293932447D0,-7.750857955409D1,3.004000000543D0,                 567P   1191
1.437319322628D0,-7.639599988815D1,3.004000000543D0,                 567P   1192
-1.629357507163D-7,-7.639599999946D1,3.004000000543D0,               567P   1193
-1.437319648500D0,-7.639600011076D1,3.004000000543D0,                567P   1194
-2.347294086D0,-7.750857991765D1,3.004000000543D0,                   567P   1195
-2.062193802392D0,-7.891734005758D1,3.004000000543D0,0D0,2D0,        567P   1196
1.895999995682D0,2.104000000543D0;                                   567P   1197
508,4,0,375,79,1,0,0,375,106,1,0,0,375,80,0,0,0,375,105,0,0;         569P   1198
510,567,1,0,569;                                                     571P   1199
128,6,3,3,3,0,0,0,0,0,0D0,0D0,0D0,0D0,1D0,1D0,1D0,2D0,2D0,2D0,       573P   1200
2D0,-3.379391514929D0,-3.379391514929D0,-3.379391514929D0,           573P   1201
-3.379391514929D0,1.793915149288D-1,1.793915149288D-1,               573P   1202
1.793915149288D-1,1.793915149288D-1,1.224660800467D0,                573P   1203
9.251130665110D-1,9.251130665110D-1,1.224660800467D0,                573P   1204
9.251130665110D-1,9.251130665110D-1,1.224660800467D0,                573P   1205
1.224660800467D0,9.251130665110D-1,9.251130665110D-1,                573P   1206
1.224660800467D0,9.251130665110D-1,9.251130665110D-1,                573P   1207
1.224660800467D0,1.224660800467D0,9.251130665110D-1,                 573P   1208
9.251130665110D-1,1.224660800467D0,9.251130665110D-1,                573P   1209
9.251130665110D-1,1.224660800467D0,1.224660800467D0,                 573P   1210
9.251130665110D-1,9.251130665110D-1,1.224660800467D0,                573P   1211
9.251130665110D-1,9.251130665110D-1,1.224660800467D0,                573P   1212
1.862247289725D0,-7.887687535328D1,-3.793915149288D-1,               573P   1213
2.119704648223D0,-7.760470601690D1,-3.793915149288D-1,               573P   1214
1.297959595623D0,-7.66D1,-3.793915149288D-1,0D0,-7.66D1,             573P   1215
-3.793915149288D-1,-1.297959595623D0,-7.66D1,-3.793915149288D-1,     573P   1216
-2.119704648223D0,-7.760470601690D1,-3.793915149288D-1,              573P   1217
-1.862247289725D0,-7.887687535328D1,-3.793915149288D-1,              573P   1218
1.862247289725D0,-7.887687535328D1,8.068694950237D-1,                573P   1219
2.119704648223D0,-7.760470601690D1,8.068694950237D-1,                573P   1220
1.297959595623D0,-7.66D1,8.068694950237D-1,0D0,-7.66D1,              573P   1221
8.068694950237D-1,-1.297959595623D0,-7.66D1,8.068694950237D-1,       573P   1222
-2.119704648223D0,-7.760470601690D1,8.068694950237D-1,               573P   1223
-1.862247289725D0,-7.887687535328D1,8.068694950237D-1,               573P   1224
1.862247289725D0,-7.887687535328D1,1.993130504976D0,                 573P   1225
2.119704648223D0,-7.760470601690D1,1.993130504976D0,                 573P   1226
1.297959595623D0,-7.66D1,1.993130504976D0,0D0,-7.66D1,               573P   1227
1.993130504976D0,-1.297959595623D0,-7.66D1,1.993130504976D0,         573P   1228
-2.119704648223D0,-7.760470601690D1,1.993130504976D0,                573P   1229
-1.862247289725D0,-7.887687535328D1,1.993130504976D0,                573P   1230
1.862247289725D0,-7.887687535328D1,3.179391514929D0,                 573P   1231
2.119704648223D0,-7.760470601690D1,3.179391514929D0,                 573P   1232
1.297959595623D0,-7.66D1,3.179391514929D0,0D0,-7.66D1,               573P   1233
3.179391514929D0,-1.297959595623D0,-7.66D1,3.179391514929D0,         573P   1234
-2.119704648223D0,-7.760470601690D1,3.179391514929D0,                573P   1235
-1.862247289725D0,-7.887687535328D1,3.179391514929D0,0D0,2D0,        573P   1236
-3.379391514929D0,1.793915149288D-1;                                 573P   1237
508,4,0,375,80,1,0,0,375,87,1,0,0,375,3,1,0,0,375,88,0,0;            575P   1238
510,573,1,0,575;                                                     577P   1239
128,6,3,3,3,0,0,0,0,0,0D0,0D0,0D0,0D0,1D0,1D0,1D0,2D0,2D0,2D0,       579P   1240
2D0,-3.379391514929D0,-3.379391514929D0,-3.379391514929D0,           579P   1241
-3.379391514929D0,1.793915149288D-1,1.793915149288D-1,               579P   1242
1.793915149288D-1,1.793915149288D-1,1.224660800467D0,                579P   1243
9.251130665110D-1,9.251130665110D-1,1.224660800467D0,                579P   1244
9.251130665110D-1,9.251130665110D-1,1.224660800467D0,                579P   1245
1.224660800467D0,9.251130665110D-1,9.251130665110D-1,                579P   1246
1.224660800467D0,9.251130665110D-1,9.251130665110D-1,                579P   1247
1.224660800467D0,1.224660800467D0,9.251130665110D-1,                 579P   1248
9.251130665110D-1,1.224660800467D0,9.251130665110D-1,                579P   1249
9.251130665110D-1,1.224660800467D0,1.224660800467D0,                 579P   1250
9.251130665110D-1,9.251130665110D-1,1.224660800467D0,                579P   1251
9.251130665110D-1,9.251130665110D-1,1.224660800467D0,                579P   1252
-1.862247289725D0,-7.812312464672D1,-3.793915149288D-1,              579P   1253
-2.119704648223D0,-7.939529398310D1,-3.793915149288D-1,              579P   1254
-1.297959595623D0,-8.04D1,-3.793915149288D-1,0D0,-8.04D1,            579P   1255
-3.793915149288D-1,1.297959595623D0,-8.04D1,-3.793915149288D-1,      579P   1256
2.119704648223D0,-7.939529398310D1,-3.793915149288D-1,               579P   1257
1.862247289725D0,-7.812312464672D1,-3.793915149288D-1,               579P   1258
-1.862247289725D0,-7.812312464672D1,8.068694950237D-1,               579P   1259
-2.119704648223D0,-7.939529398310D1,8.068694950237D-1,               579P   1260
-1.297959595623D0,-8.04D1,8.068694950237D-1,0D0,-8.04D1,             579P   1261
8.068694950237D-1,1.297959595623D0,-8.04D1,8.068694950237D-1,        579P   1262
2.119704648223D0,-7.939529398310D1,8.068694950237D-1,                579P   1263
1.862247289725D0,-7.812312464672D1,8.068694950237D-1,                579P   1264
-1.862247289725D0,-7.812312464672D1,1.993130504976D0,                579P   1265
-2.119704648223D0,-7.939529398310D1,1.993130504976D0,                579P   1266
-1.297959595623D0,-8.04D1,1.993130504976D0,0D0,-8.04D1,              579P   1267
1.993130504976D0,1.297959595623D0,-8.04D1,1.993130504976D0,          579P   1268
2.119704648223D0,-7.939529398310D1,1.993130504976D0,                 579P   1269
1.862247289725D0,-7.812312464672D1,1.993130504976D0,                 579P   1270
-1.862247289725D0,-7.812312464672D1,3.179391514929D0,                579P   1271
-2.119704648223D0,-7.939529398310D1,3.179391514929D0,                579P   1272
-1.297959595623D0,-8.04D1,3.179391514929D0,0D0,-8.04D1,              579P   1273
3.179391514929D0,1.297959595623D0,-8.04D1,3.179391514929D0,          579P   1274
2.119704648223D0,-7.939529398310D1,3.179391514929D0,                 579P   1275
1.862247289725D0,-7.812312464672D1,3.179391514929D0,0D0,2D0,         579P   1276
-3.379391514929D0,1.793915149288D-1;                                 579P   1277
508,4,0,375,78,1,0,0,375,88,1,0,0,375,4,1,0,0,375,87,0,0;            581P   1278
510,579,1,0,581;                                                     583P   1279
128,6,3,3,3,0,0,0,0,0,0D0,0D0,0D0,0D0,1D0,1D0,1D0,2D0,2D0,2D0,       585P   1280
2D0,1.895999995682D0,1.895999995682D0,1.895999995682D0,              585P   1281
1.895999995682D0,2.104000000543D0,2.104000000543D0,                  585P   1282
2.104000000543D0,2.104000000543D0,1.224660805094D0,                  585P   1283
9.251130649686D-1,9.251130649686D-1,1.224660805094D0,                585P   1284
9.251130649686D-1,9.251130649686D-1,1.224660805094D0,                585P   1285
1.224660805094D0,9.251130649686D-1,9.251130649686D-1,                585P   1286
1.224660805094D0,9.251130649686D-1,9.251130649686D-1,                585P   1287
1.224660805094D0,1.224660805094D0,9.251130649686D-1,                 585P   1288
9.251130649686D-1,1.224660805094D0,9.251130649686D-1,                585P   1289
9.251130649686D-1,1.224660805094D0,1.224660805094D0,                 585P   1290
9.251130649686D-1,9.251130649686D-1,1.224660805094D0,                585P   1291
9.251130649686D-1,9.251130649686D-1,1.224660805094D0,                585P   1292
-1.068583267880D2,-7.812391818366D1,2.795999995682D0,                585P   1293
-1.071152420554D2,-7.939340929690D1,2.795999995682D0,                585P   1294
-1.062952269148D2,-8.039600009599D1,2.795999995682D0,                585P   1295
-1.049999998532D2,-8.039599999568D1,2.795999995682D0,                585P   1296
-1.037047727915D2,-8.039599989538D1,2.795999995682D0,                585P   1297
-1.028847578062D2,-7.939340896929D1,2.795999995682D0,                585P   1298
-1.031416732702D2,-7.812391789583D1,2.795999995682D0,                585P   1299
-1.069262824810D2,-7.811016554304D1,2.865333330636D0,                585P   1300
-1.071925926811D2,-7.942607967990D1,2.865333330636D0,                585P   1301
-1.063425910508D2,-8.046533343461D1,2.865333330636D0,                585P   1302
-1.049999998478D2,-8.046533333064D1,2.865333330636D0,                585P   1303
-1.036574086448D2,-8.046533322666D1,2.865333330636D0,                585P   1304
-1.028074071755D2,-7.942607934031D1,2.865333330636D0,                585P   1305
-1.030737175794D2,-7.811016524470D1,2.865333330636D0,                585P   1306
-1.069942381740D2,-7.809641290243D1,2.934666665590D0,                585P   1307
-1.072699433068D2,-7.945875006291D1,2.934666665590D0,                585P   1308
-1.063899551867D2,-8.053466677323D1,2.934666665590D0,                585P   1309
-1.049999998424D2,-8.053466666559D1,2.934666665590D0,                585P   1310
-1.036100444982D2,-8.053466655795D1,2.934666665590D0,                585P   1311
-1.027300565447D2,-7.945874971133D1,2.934666665590D0,                585P   1312
-1.030057618885D2,-7.809641259356D1,2.934666665590D0,                585P   1313
-1.070621938670D2,-7.808266026182D1,3.004000000543D0,                585P   1314
-1.073472939324D2,-7.949142044591D1,3.004000000543D0,                585P   1315
-1.064373193226D2,-8.060400011185D1,3.004000000543D0,                585P   1316
-1.049999998371D2,-8.060400000054D1,3.004000000543D0,                585P   1317
-1.035626803515D2,-8.060399988924D1,3.004000000543D0,                585P   1318
-1.026527059140D2,-7.949142008235D1,3.004000000543D0,                585P   1319
-1.029378061976D2,-7.808265994242D1,3.004000000543D0,0D0,2D0,        585P   1320
1.895999995682D0,2.104000000543D0;                                   585P   1321
508,4,0,375,81,1,0,0,375,107,1,0,0,375,82,0,0,0,375,108,0,0;         587P   1322
510,585,1,0,587;                                                     589P   1323
128,6,3,3,3,0,0,0,0,0,0D0,0D0,0D0,0D0,1D0,1D0,1D0,2D0,2D0,2D0,       591P   1324
2D0,1.895999995682D0,1.895999995682D0,1.895999995682D0,              591P   1325
1.895999995682D0,2.104000000543D0,2.104000000543D0,                  591P   1326
2.104000000543D0,2.104000000543D0,1.224660805094D0,                  591P   1327
9.251130649686D-1,9.251130649686D-1,1.224660805094D0,                591P   1328
9.251130649686D-1,9.251130649686D-1,1.224660805094D0,                591P   1329
1.224660805094D0,9.251130649686D-1,9.251130649686D-1,                591P   1330
1.224660805094D0,9.251130649686D-1,9.251130649686D-1,                591P   1331
1.224660805094D0,1.224660805094D0,9.251130649686D-1,                 591P   1332
9.251130649686D-1,1.224660805094D0,9.251130649686D-1,                591P   1333
9.251130649686D-1,1.224660805094D0,1.224660805094D0,                 591P   1334
9.251130649686D-1,9.251130649686D-1,1.224660805094D0,                591P   1335
9.251130649686D-1,9.251130649686D-1,1.224660805094D0,                591P   1336
-1.031416732120D2,-7.887608181634D1,2.795999995682D0,                591P   1337
-1.028847579446D2,-7.760659070310D1,2.795999995682D0,                591P   1338
-1.037047730852D2,-7.660399990401D1,2.795999995682D0,                591P   1339
-1.050000001468D2,-7.660400000432D1,2.795999995682D0,                591P   1340
-1.062952272085D2,-7.660400010462D1,2.795999995682D0,                591P   1341
-1.071152421938D2,-7.760659103071D1,2.795999995682D0,                591P   1342
-1.068583267298D2,-7.887608210417D1,2.795999995682D0,                591P   1343
-1.030737175190D2,-7.888983445696D1,2.865333330636D0,                591P   1344
-1.028074073189D2,-7.757392032010D1,2.865333330636D0,                591P   1345
-1.036574089492D2,-7.653466656539D1,2.865333330636D0,                591P   1346
-1.050000001522D2,-7.653466666936D1,2.865333330636D0,                591P   1347
-1.063425913552D2,-7.653466677334D1,2.865333330636D0,                591P   1348
-1.071925928245D2,-7.757392065969D1,2.865333330636D0,                591P   1349
-1.069262824206D2,-7.888983475530D1,2.865333330636D0,                591P   1350
-1.030057618260D2,-7.890358709757D1,2.934666665590D0,                591P   1351
-1.027300566932D2,-7.754124993709D1,2.934666665590D0,                591P   1352
-1.036100448133D2,-7.646533322677D1,2.934666665590D0,                591P   1353
-1.050000001576D2,-7.646533333441D1,2.934666665590D0,                591P   1354
-1.063899555018D2,-7.646533344205D1,2.934666665590D0,                591P   1355
-1.072699434553D2,-7.754125028867D1,2.934666665590D0,                591P   1356
-1.069942381115D2,-7.890358740644D1,2.934666665590D0,                591P   1357
-1.029378061330D2,-7.891733973818D1,3.004000000543D0,                591P   1358
-1.026527060676D2,-7.750857955409D1,3.004000000543D0,                591P   1359
-1.035626806774D2,-7.639599988815D1,3.004000000543D0,                591P   1360
-1.050000001629D2,-7.639599999946D1,3.004000000543D0,                591P   1361
-1.064373196485D2,-7.639600011076D1,3.004000000543D0,                591P   1362
-1.073472940860D2,-7.750857991765D1,3.004000000543D0,                591P   1363
-1.070621938024D2,-7.891734005758D1,3.004000000543D0,0D0,2D0,        591P   1364
1.895999995682D0,2.104000000543D0;                                   591P   1365
508,4,0,375,83,1,0,0,375,108,1,0,0,375,84,0,0,0,375,107,0,0;         593P   1366
510,591,1,0,593;                                                     595P   1367
128,6,3,3,3,0,0,0,0,0,0D0,0D0,0D0,0D0,1D0,1D0,1D0,2D0,2D0,2D0,       597P   1368
2D0,-3.379391514929D0,-3.379391514929D0,-3.379391514929D0,           597P   1369
-3.379391514929D0,1.793915149288D-1,1.793915149288D-1,               597P   1370
1.793915149288D-1,1.793915149288D-1,1.224660800467D0,                597P   1371
9.251130665110D-1,9.251130665110D-1,1.224660800467D0,                597P   1372
9.251130665110D-1,9.251130665110D-1,1.224660800467D0,                597P   1373
1.224660800467D0,9.251130665110D-1,9.251130665110D-1,                597P   1374
1.224660800467D0,9.251130665110D-1,9.251130665110D-1,                597P   1375
1.224660800467D0,1.224660800467D0,9.251130665110D-1,                 597P   1376
9.251130665110D-1,1.224660800467D0,9.251130665110D-1,                597P   1377
9.251130665110D-1,1.224660800467D0,1.224660800467D0,                 597P   1378
9.251130665110D-1,9.251130665110D-1,1.224660800467D0,                597P   1379
9.251130665110D-1,9.251130665110D-1,1.224660800467D0,                597P   1380
-1.031377527103D2,-7.887687535328D1,-3.793915149288D-1,              597P   1381
-1.028802953518D2,-7.760470601690D1,-3.793915149288D-1,              597P   1382
-1.037020404044D2,-7.66D1,-3.793915149288D-1,-1.05D2,-7.66D1,        597P   1383
-3.793915149288D-1,-1.062979595956D2,-7.66D1,-3.793915149288D-1,     597P   1384
-1.071197046482D2,-7.760470601690D1,-3.793915149288D-1,              597P   1385
-1.068622472897D2,-7.887687535328D1,-3.793915149288D-1,              597P   1386
-1.031377527103D2,-7.887687535328D1,8.068694950237D-1,               597P   1387
-1.028802953518D2,-7.760470601690D1,8.068694950237D-1,               597P   1388
-1.037020404044D2,-7.66D1,8.068694950237D-1,-1.05D2,-7.66D1,         597P   1389
8.068694950237D-1,-1.062979595956D2,-7.66D1,8.068694950237D-1,       597P   1390
-1.071197046482D2,-7.760470601690D1,8.068694950237D-1,               597P   1391
-1.068622472897D2,-7.887687535328D1,8.068694950237D-1,               597P   1392
-1.031377527103D2,-7.887687535328D1,1.993130504976D0,                597P   1393
-1.028802953518D2,-7.760470601690D1,1.993130504976D0,                597P   1394
-1.037020404044D2,-7.66D1,1.993130504976D0,-1.05D2,-7.66D1,          597P   1395
1.993130504976D0,-1.062979595956D2,-7.66D1,1.993130504976D0,         597P   1396
-1.071197046482D2,-7.760470601690D1,1.993130504976D0,                597P   1397
-1.068622472897D2,-7.887687535328D1,1.993130504976D0,                597P   1398
-1.031377527103D2,-7.887687535328D1,3.179391514929D0,                597P   1399
-1.028802953518D2,-7.760470601690D1,3.179391514929D0,                597P   1400
-1.037020404044D2,-7.66D1,3.179391514929D0,-1.05D2,-7.66D1,          597P   1401
3.179391514929D0,-1.062979595956D2,-7.66D1,3.179391514929D0,         597P   1402
-1.071197046482D2,-7.760470601690D1,3.179391514929D0,                597P   1403
-1.068622472897D2,-7.887687535328D1,3.179391514929D0,0D0,2D0,        597P   1404
-3.379391514929D0,1.793915149288D-1;                                 597P   1405
508,4,0,375,84,1,0,0,375,91,1,0,0,375,7,1,0,0,375,92,0,0;            599P   1406
510,597,1,0,599;                                                     601P   1407
128,6,3,3,3,0,0,0,0,0,0D0,0D0,0D0,0D0,1D0,1D0,1D0,2D0,2D0,2D0,       603P   1408
2D0,-3.379391514929D0,-3.379391514929D0,-3.379391514929D0,           603P   1409
-3.379391514929D0,1.793915149288D-1,1.793915149288D-1,               603P   1410
1.793915149288D-1,1.793915149288D-1,1.224660800467D0,                603P   1411
9.251130665110D-1,9.251130665110D-1,1.224660800467D0,                603P   1412
9.251130665110D-1,9.251130665110D-1,1.224660800467D0,                603P   1413
1.224660800467D0,9.251130665110D-1,9.251130665110D-1,                603P   1414
1.224660800467D0,9.251130665110D-1,9.251130665110D-1,                603P   1415
1.224660800467D0,1.224660800467D0,9.251130665110D-1,                 603P   1416
9.251130665110D-1,1.224660800467D0,9.251130665110D-1,                603P   1417
9.251130665110D-1,1.224660800467D0,1.224660800467D0,                 603P   1418
9.251130665110D-1,9.251130665110D-1,1.224660800467D0,                603P   1419
9.251130665110D-1,9.251130665110D-1,1.224660800467D0,                603P   1420
-1.068622472897D2,-7.812312464672D1,-3.793915149288D-1,              603P   1421
-1.071197046482D2,-7.939529398310D1,-3.793915149288D-1,              603P   1422
-1.062979595956D2,-8.04D1,-3.793915149288D-1,-1.05D2,-8.04D1,        603P   1423
-3.793915149288D-1,-1.037020404044D2,-8.04D1,-3.793915149288D-1,     603P   1424
-1.028802953518D2,-7.939529398310D1,-3.793915149288D-1,              603P   1425
-1.031377527103D2,-7.812312464672D1,-3.793915149288D-1,              603P   1426
-1.068622472897D2,-7.812312464672D1,8.068694950237D-1,               603P   1427
-1.071197046482D2,-7.939529398310D1,8.068694950237D-1,               603P   1428
-1.062979595956D2,-8.04D1,8.068694950237D-1,-1.05D2,-8.04D1,         603P   1429
8.068694950237D-1,-1.037020404044D2,-8.04D1,8.068694950237D-1,       603P   1430
-1.028802953518D2,-7.939529398310D1,8.068694950237D-1,               603P   1431
-1.031377527103D2,-7.812312464672D1,8.068694950237D-1,               603P   1432
-1.068622472897D2,-7.812312464672D1,1.993130504976D0,                603P   1433
-1.071197046482D2,-7.939529398310D1,1.993130504976D0,                603P   1434
-1.062979595956D2,-8.04D1,1.993130504976D0,-1.05D2,-8.04D1,          603P   1435
1.993130504976D0,-1.037020404044D2,-8.04D1,1.993130504976D0,         603P   1436
-1.028802953518D2,-7.939529398310D1,1.993130504976D0,                603P   1437
-1.031377527103D2,-7.812312464672D1,1.993130504976D0,                603P   1438
-1.068622472897D2,-7.812312464672D1,3.179391514929D0,                603P   1439
-1.071197046482D2,-7.939529398310D1,3.179391514929D0,                603P   1440
-1.062979595956D2,-8.04D1,3.179391514929D0,-1.05D2,-8.04D1,          603P   1441
3.179391514929D0,-1.037020404044D2,-8.04D1,3.179391514929D0,         603P   1442
-1.028802953518D2,-7.939529398310D1,3.179391514929D0,                603P   1443
-1.031377527103D2,-7.812312464672D1,3.179391514929D0,0D0,2D0,        603P   1444
-3.379391514929D0,1.793915149288D-1;                                 603P   1445
508,4,0,375,82,1,0,0,375,92,1,0,0,375,8,1,0,0,375,91,0,0;            605P   1446
510,603,1,0,605;                                                     607P   1447
128,1,1,1,1,0,0,1,0,0,-4.2D-1,-4.2D-1,1.2542D2,1.2542D2,             609P   1448
-3.793915149288D-1,-3.793915149288D-1,3.379391514929D0,              609P   1449
3.379391514929D0,1D0,1D0,1D0,1D0,-8.95D1,-6.292D1,                   609P   1450
-3.793915149288D-1,-8.95D1,6.292D1,-3.793915149288D-1,-8.95D1,       609P   1451
-6.292D1,3.379391514929D0,-8.95D1,6.292D1,3.379391514929D0,          609P   1452
-4.2D-1,1.2542D2,-3.793915149288D-1,3.379391514929D0;                609P   1453
508,4,0,375,39,1,0,0,375,52,1,0,0,375,42,0,0,0,375,48,0,0;           611P   1454
510,609,1,0,611;                                                     613P   1455
128,3,3,3,3,0,0,0,0,0,0D0,0D0,0D0,0D0,1D0,1D0,1D0,1D0,               615P   1456
3.531408485657D0,3.531408485657D0,3.531408485657D0,                  615P   1457
3.531408485657D0,7.290191515515D0,7.290191515515D0,                  615P   1458
7.290191515515D0,7.290191515515D0,1.281155858734D0,                  615P   1459
9.062813804220D-1,9.062813804220D-1,1.281155858734D0,                615P   1460
1.281155858734D0,9.062813804220D-1,9.062813804220D-1,                615P   1461
1.281155858734D0,1.281155858734D0,9.062813804220D-1,                 615P   1462
9.062813804220D-1,1.281155858734D0,1.281155858734D0,                 615P   1463
9.062813804220D-1,9.062813804220D-1,1.281155858734D0,                615P   1464
-8.946412329715D1,-6.012287976244D1,-3.793915149288D-1,              615P   1465
-8.975831409683D1,-6.165508871303D1,-3.793915149288D-1,              615P   1466
-8.865508871303D1,-6.275831409683D1,-3.793915149288D-1,              615P   1467
-8.712287976244D1,-6.246412329715D1,-3.793915149288D-1,              615P   1468
-8.946412329715D1,-6.012287976244D1,8.735361616904D-1,               615P   1469
-8.975831409683D1,-6.165508871303D1,8.735361616904D-1,               615P   1470
-8.865508871303D1,-6.275831409683D1,8.735361616904D-1,               615P   1471
-8.712287976244D1,-6.246412329715D1,8.735361616904D-1,               615P   1472
-8.946412329715D1,-6.012287976244D1,2.126463838310D0,                615P   1473
-8.975831409683D1,-6.165508871303D1,2.126463838310D0,                615P   1474
-8.865508871303D1,-6.275831409683D1,2.126463838310D0,                615P   1475
-8.712287976244D1,-6.246412329715D1,2.126463838310D0,                615P   1476
-8.946412329715D1,-6.012287976244D1,3.379391514929D0,                615P   1477
-8.975831409683D1,-6.165508871303D1,3.379391514929D0,                615P   1478
-8.865508871303D1,-6.275831409683D1,3.379391514929D0,                615P   1479
-8.712287976244D1,-6.246412329715D1,3.379391514929D0,0D0,1D0,        615P   1480
3.531408485657D0,7.290191515515D0;                                   615P   1481
508,4,0,375,39,0,0,0,375,55,1,0,0,375,40,1,0,0,375,56,1,0;           617P   1482
510,615,1,0,617;                                                     619P   1483
128,1,1,1,1,0,0,1,0,0,-1.5D0,-1.5D0,1.805D2,1.805D2,                 621P   1484
-3.793915149288D-1,-3.793915149288D-1,3.379391514929D0,              621P   1485
3.379391514929D0,1D0,1D0,1D0,1D0,9.1D1,-6.25D1,                      621P   1486
-3.793915149288D-1,-9.1D1,-6.25D1,-3.793915149288D-1,9.1D1,          621P   1487
-6.25D1,3.379391514929D0,-9.1D1,-6.25D1,3.379391514929D0,-1.5D0,     621P   1488
1.805D2,-3.793915149288D-1,3.379391514929D0;                         621P   1489
508,4,0,375,37,1,0,0,375,51,1,0,0,375,40,0,0,0,375,47,0,0;           623P   1490
510,621,1,0,623;                                                     625P   1491
128,3,3,3,3,0,0,0,0,0,0D0,0D0,0D0,0D0,1D0,1D0,1D0,1D0,               627P   1492
3.531408485657D0,3.531408485657D0,3.531408485657D0,                  627P   1493
3.531408485657D0,7.290191515515D0,7.290191515515D0,                  627P   1494
7.290191515515D0,7.290191515515D0,1.281155858734D0,                  627P   1495
9.062813804220D-1,9.062813804220D-1,1.281155858734D0,                627P   1496
1.281155858734D0,9.062813804220D-1,9.062813804220D-1,                627P   1497
1.281155858734D0,1.281155858734D0,9.062813804220D-1,                 627P   1498
9.062813804220D-1,1.281155858734D0,1.281155858734D0,                 627P   1499
9.062813804220D-1,9.062813804220D-1,1.281155858734D0,                627P   1500
8.712287976244D1,-6.246412329715D1,-3.793915149288D-1,               627P   1501
8.865508871303D1,-6.275831409683D1,-3.793915149288D-1,               627P   1502
8.975831409683D1,-6.165508871303D1,-3.793915149288D-1,               627P   1503
8.946412329715D1,-6.012287976244D1,-3.793915149288D-1,               627P   1504
8.712287976244D1,-6.246412329715D1,8.735361616904D-1,                627P   1505
8.865508871303D1,-6.275831409683D1,8.735361616904D-1,                627P   1506
8.975831409683D1,-6.165508871303D1,8.735361616904D-1,                627P   1507
8.946412329715D1,-6.012287976244D1,8.735361616904D-1,                627P   1508
8.712287976244D1,-6.246412329715D1,2.126463838310D0,                 627P   1509
8.865508871303D1,-6.275831409683D1,2.126463838310D0,                 627P   1510
8.975831409683D1,-6.165508871303D1,2.126463838310D0,                 627P   1511
8.946412329715D1,-6.012287976244D1,2.126463838310D0,                 627P   1512
8.712287976244D1,-6.246412329715D1,3.379391514929D0,                 627P   1513
8.865508871303D1,-6.275831409683D1,3.379391514929D0,                 627P   1514
8.975831409683D1,-6.165508871303D1,3.379391514929D0,                 627P   1515
8.946412329715D1,-6.012287976244D1,3.379391514929D0,0D0,1D0,         627P   1516
3.531408485657D0,7.290191515515D0;                                   627P   1517
508,4,0,375,37,0,0,0,375,53,1,0,0,375,38,1,0,0,375,54,1,0;           629P   1518
510,627,1,0,629;                                                     631P   1519
128,1,1,1,1,0,0,1,0,0,-4.2D-1,-4.2D-1,1.2542D2,1.2542D2,             633P   1520
-3.793915149288D-1,-3.793915149288D-1,3.379391514929D0,              633P   1521
3.379391514929D0,1D0,1D0,1D0,1D0,8.95D1,6.292D1,                     633P   1522
-3.793915149288D-1,8.95D1,-6.292D1,-3.793915149288D-1,8.95D1,        633P   1523
6.292D1,3.379391514929D0,8.95D1,-6.292D1,3.379391514929D0,           633P   1524
-4.2D-1,1.2542D2,-3.793915149288D-1,3.379391514929D0;                633P   1525
508,4,0,375,38,0,0,0,375,46,0,0,0,375,43,1,0,0,375,50,1,0;           635P   1526
510,633,1,0,635;                                                     637P   1527
128,3,3,3,3,0,0,0,0,0,0D0,0D0,0D0,0D0,1D0,1D0,1D0,1D0,               639P   1528
3.531408485657D0,3.531408485657D0,3.531408485657D0,                  639P   1529
3.531408485657D0,7.290191515515D0,7.290191515515D0,                  639P   1530
7.290191515515D0,7.290191515515D0,1.281155858734D0,                  639P   1531
9.062813804220D-1,9.062813804220D-1,1.281155858734D0,                639P   1532
1.281155858734D0,9.062813804220D-1,9.062813804220D-1,                639P   1533
1.281155858734D0,1.281155858734D0,9.062813804220D-1,                 639P   1534
9.062813804220D-1,1.281155858734D0,1.281155858734D0,                 639P   1535
9.062813804220D-1,9.062813804220D-1,1.281155858734D0,                639P   1536
8.946412329715D1,6.012287976244D1,-3.793915149288D-1,                639P   1537
8.975831409683D1,6.165508871303D1,-3.793915149288D-1,                639P   1538
8.865508871303D1,6.275831409683D1,-3.793915149288D-1,                639P   1539
8.712287976244D1,6.246412329715D1,-3.793915149288D-1,                639P   1540
8.946412329715D1,6.012287976244D1,8.735361616904D-1,                 639P   1541
8.975831409683D1,6.165508871303D1,8.735361616904D-1,                 639P   1542
8.865508871303D1,6.275831409683D1,8.735361616904D-1,                 639P   1543
8.712287976244D1,6.246412329715D1,8.735361616904D-1,                 639P   1544
8.946412329715D1,6.012287976244D1,2.126463838310D0,                  639P   1545
8.975831409683D1,6.165508871303D1,2.126463838310D0,                  639P   1546
8.865508871303D1,6.275831409683D1,2.126463838310D0,                  639P   1547
8.712287976244D1,6.246412329715D1,2.126463838310D0,                  639P   1548
8.946412329715D1,6.012287976244D1,3.379391514929D0,                  639P   1549
8.975831409683D1,6.165508871303D1,3.379391514929D0,                  639P   1550
8.865508871303D1,6.275831409683D1,3.379391514929D0,                  639P   1551
8.712287976244D1,6.246412329715D1,3.379391514929D0,0D0,1D0,          639P   1552
3.531408485657D0,7.290191515515D0;                                   639P   1553
508,4,0,375,43,0,0,0,375,59,1,0,0,375,44,1,0,0,375,60,1,0;           641P   1554
510,639,1,0,641;                                                     643P   1555
128,1,1,1,1,0,0,1,0,0,-1.5D0,-1.5D0,1.805D2,1.805D2,                 645P   1556
-3.793915149288D-1,-3.793915149288D-1,3.379391514929D0,              645P   1557
3.379391514929D0,1D0,1D0,1D0,1D0,-9.1D1,6.25D1,                      645P   1558
-3.793915149288D-1,9.1D1,6.25D1,-3.793915149288D-1,-9.1D1,           645P   1559
6.25D1,3.379391514929D0,9.1D1,6.25D1,3.379391514929D0,-1.5D0,        645P   1560
1.805D2,-3.793915149288D-1,3.379391514929D0;                         645P   1561
508,4,0,375,41,1,0,0,375,49,1,0,0,375,44,0,0,0,375,45,0,0;           647P   1562
510,645,1,0,647;                                                     649P   1563
128,3,3,3,3,0,0,0,0,0,0D0,0D0,0D0,0D0,1D0,1D0,1D0,1D0,               651P   1564
3.531408485657D0,3.531408485657D0,3.531408485657D0,                  651P   1565
3.531408485657D0,7.290191515515D0,7.290191515515D0,                  651P   1566
7.290191515515D0,7.290191515515D0,1.281155858734D0,                  651P   1567
9.062813804220D-1,9.062813804220D-1,1.281155858734D0,                651P   1568
1.281155858734D0,9.062813804220D-1,9.062813804220D-1,                651P   1569
1.281155858734D0,1.281155858734D0,9.062813804220D-1,                 651P   1570
9.062813804220D-1,1.281155858734D0,1.281155858734D0,                 651P   1571
9.062813804220D-1,9.062813804220D-1,1.281155858734D0,                651P   1572
-8.712287976244D1,6.246412329715D1,-3.793915149288D-1,               651P   1573
-8.865508871303D1,6.275831409683D1,-3.793915149288D-1,               651P   1574
-8.975831409683D1,6.165508871303D1,-3.793915149288D-1,               651P   1575
-8.946412329715D1,6.012287976244D1,-3.793915149288D-1,               651P   1576
-8.712287976244D1,6.246412329715D1,8.735361616904D-1,                651P   1577
-8.865508871303D1,6.275831409683D1,8.735361616904D-1,                651P   1578
-8.975831409683D1,6.165508871303D1,8.735361616904D-1,                651P   1579
-8.946412329715D1,6.012287976244D1,8.735361616904D-1,                651P   1580
-8.712287976244D1,6.246412329715D1,2.126463838310D0,                 651P   1581
-8.865508871303D1,6.275831409683D1,2.126463838310D0,                 651P   1582
-8.975831409683D1,6.165508871303D1,2.126463838310D0,                 651P   1583
-8.946412329715D1,6.012287976244D1,2.126463838310D0,                 651P   1584
-8.712287976244D1,6.246412329715D1,3.379391514929D0,                 651P   1585
-8.865508871303D1,6.275831409683D1,3.379391514929D0,                 651P   1586
-8.975831409683D1,6.165508871303D1,3.379391514929D0,                 651P   1587
-8.946412329715D1,6.012287976244D1,3.379391514929D0,0D0,1D0,         651P   1588
3.531408485657D0,7.290191515515D0;                                   651P   1589
508,4,0,375,41,0,0,0,375,57,1,0,0,375,42,1,0,0,375,58,1,0;           653P   1590
510,651,1,0,653;                                                     655P   1591
514,42,395,0,401,1,407,1,413,1,419,1,425,1,431,1,437,1,443,1,        657P   1592
463,1,469,0,475,0,481,0,487,0,493,0,499,0,505,0,511,0,517,0,523,     657P   1593
0,529,0,535,0,541,0,547,0,553,0,559,0,565,0,571,0,577,0,583,0,       657P   1594
589,0,595,0,601,0,607,0,613,1,619,0,625,1,631,0,637,1,643,0,649,     657P   1595
1,655,0;                                                             657P   1596
186,657,1,0;                                                         659P   1597
110,-9.8D1,7.15D1,-3.28D0,9.8D1,7.15D1,-3.28D0;                      661P   1598
110,9.8D1,7.15D1,-3.28D0,9.8D1,-7.15D1,-3.28D0;                      663P   1599
110,9.8D1,-7.15D1,-3.28D0,-9.8D1,-7.15D1,-3.28D0;                    665P   1600
110,-9.8D1,-7.15D1,-3.28D0,-9.8D1,7.15D1,-3.28D0;                    667P   1601
124,1D0,0D0,0D0,0D0,0D0,1D0,0D0,7.85D1,0D0,0D0,1D0,-3.28D0;          669P   1602
100,0D0,0D0,0D0,2.5D0,0D0,-2.5D0,0D0;                                671P   1603
124,-1D0,0D0,0D0,0D0,0D0,-1D0,0D0,7.85D1,0D0,0D0,1D0,-3.28D0;        673P   1604
100,0D0,0D0,0D0,2.5D0,0D0,-2.5D0,0D0;                                675P   1605
124,1D0,0D0,0D0,1.05D2,0D0,1D0,0D0,7.85D1,0D0,0D0,1D0,-3.28D0;       677P   1606
100,0D0,0D0,0D0,2.5D0,0D0,-2.5D0,0D0;                                679P   1607
124,-1D0,0D0,0D0,1.05D2,0D0,-1D0,0D0,7.85D1,0D0,0D0,1D0,-3.28D0;     681P   1608
100,0D0,0D0,0D0,2.5D0,0D0,-2.5D0,0D0;                                683P   1609
124,1D0,0D0,0D0,-1.05D2,0D0,1D0,0D0,7.85D1,0D0,0D0,1D0,-3.28D0;      685P   1610
100,0D0,0D0,0D0,2.5D0,0D0,-2.5D0,0D0;                                687P   1611
124,-1D0,0D0,0D0,-1.05D2,0D0,-1D0,0D0,7.85D1,0D0,0D0,1D0,            689P   1612
-3.28D0;                                                             689P   1613
100,0D0,0D0,0D0,2.5D0,0D0,-2.5D0,0D0;                                691P   1614
124,1D0,0D0,0D0,0D0,0D0,1D0,0D0,-7.85D1,0D0,0D0,1D0,-3.28D0;         693P   1615
100,0D0,0D0,0D0,2.5D0,0D0,-2.5D0,0D0;                                695P   1616
124,-1D0,0D0,0D0,0D0,0D0,-1D0,0D0,-7.85D1,0D0,0D0,1D0,-3.28D0;       697P   1617
100,0D0,0D0,0D0,2.5D0,0D0,-2.5D0,0D0;                                699P   1618
124,1D0,0D0,0D0,1.05D2,0D0,1D0,0D0,-7.85D1,0D0,0D0,1D0,-3.28D0;      701P   1619
100,0D0,0D0,0D0,2.5D0,0D0,-2.5D0,0D0;                                703P   1620
124,-1D0,0D0,0D0,1.05D2,0D0,-1D0,0D0,-7.85D1,0D0,0D0,1D0,            705P   1621
-3.28D0;                                                             705P   1622
100,0D0,0D0,0D0,2.5D0,0D0,-2.5D0,0D0;                                707P   1623
124,1D0,0D0,0D0,-1.05D2,0D0,1D0,0D0,-7.85D1,0D0,0D0,1D0,-3.28D0;     709P   1624
100,0D0,0D0,0D0,2.5D0,0D0,-2.5D0,0D0;                                711P   1625
124,-1D0,0D0,0D0,-1.05D2,0D0,-1D0,0D0,-7.85D1,0D0,0D0,1D0,           713P   1626
-3.28D0;                                                             713P   1627
100,0D0,0D0,0D0,2.5D0,0D0,-2.5D0,0D0;                                715P   1628
124,-1D0,0D0,0D0,-1.08D2,0D0,1D0,0D0,8.15D1,0D0,0D0,-1D0,            717P   1629
-3.28D0;                                                             717P   1630
100,0D0,0D0,0D0,5D0,0D0,1.473906101991D-14,5D0;                      719P   1631
110,-1.13D2,8.15D1,-3.28D0,-1.13D2,-8.15D1,-3.28D0;                  721P   1632
124,0D0,-1D0,0D0,-1.08D2,-1D0,0D0,0D0,-8.15D1,0D0,0D0,-1D0,          723P   1633
-3.28D0;                                                             723P   1634
100,0D0,0D0,0D0,5D0,0D0,0D0,5D0;                                     725P   1635
110,-1.08D2,-8.65D1,-3.28D0,1.08D2,-8.65D1,-3.28D0;                  727P   1636
124,1D0,0D0,0D0,1.08D2,0D0,-1D0,0D0,-8.15D1,0D0,0D0,-1D0,            729P   1637
-3.28D0;                                                             729P   1638
100,0D0,0D0,0D0,5D0,0D0,0D0,5D0;                                     731P   1639
110,1.13D2,-8.15D1,-3.28D0,1.13D2,8.15D1,-3.28D0;                    733P   1640
124,0D0,1D0,0D0,1.08D2,1D0,0D0,0D0,8.15D1,0D0,0D0,-1D0,-3.28D0;      735P   1641
100,0D0,0D0,0D0,5D0,0D0,0D0,5D0;                                     737P   1642
110,1.08D2,8.65D1,-3.28D0,-1.08D2,8.65D1,-3.28D0;                    739P   1643
110,-9.8D1,7.15D1,-3.28D0,-9.8D1,7.15D1,0D0;                         741P   1644
110,-9.8D1,-7.15D1,-3.28D0,-9.8D1,-7.15D1,0D0;                       743P   1645
110,9.8D1,-7.15D1,-3.28D0,9.8D1,-7.15D1,0D0;                         745P   1646
110,9.8D1,7.15D1,-3.28D0,9.8D1,7.15D1,0D0;                           747P   1647
110,-9.8D1,7.15D1,0D0,9.8D1,7.15D1,0D0;                              749P   1648
110,-9.8D1,-7.15D1,0D0,-9.8D1,7.15D1,0D0;                            751P   1649
110,9.8D1,-7.15D1,0D0,-9.8D1,-7.15D1,0D0;                            753P   1650
110,9.8D1,7.15D1,0D0,9.8D1,-7.15D1,0D0;                              755P   1651
124,1D0,0D0,0D0,0D0,0D0,1D0,0D0,7.85D1,0D0,0D0,1D0,0D0;              757P   1652
100,0D0,0D0,0D0,2.5D0,0D0,-2.5D0,0D0;                                759P   1653
124,-1D0,0D0,0D0,0D0,0D0,-1D0,0D0,7.85D1,0D0,0D0,1D0,0D0;            761P   1654
100,0D0,0D0,0D0,2.5D0,0D0,-2.5D0,0D0;                                763P   1655
124,1D0,0D0,0D0,1.05D2,0D0,1D0,0D0,7.85D1,0D0,0D0,1D0,0D0;           765P   1656
100,0D0,0D0,0D0,2.5D0,0D0,-2.5D0,0D0;                                767P   1657
124,-1D0,0D0,0D0,1.05D2,0D0,-1D0,0D0,7.85D1,0D0,0D0,1D0,0D0;         769P   1658
100,0D0,0D0,0D0,2.5D0,0D0,-2.5D0,0D0;                                771P   1659
124,1D0,0D0,0D0,-1.05D2,0D0,1D0,0D0,7.85D1,0D0,0D0,1D0,0D0;          773P   1660
100,0D0,0D0,0D0,2.5D0,0D0,-2.5D0,0D0;                                775P   1661
124,-1D0,0D0,0D0,-1.05D2,0D0,-1D0,0D0,7.85D1,0D0,0D0,1D0,0D0;        777P   1662
100,0D0,0D0,0D0,2.5D0,0D0,-2.5D0,0D0;                                779P   1663
124,1D0,0D0,0D0,0D0,0D0,1D0,0D0,-7.85D1,0D0,0D0,1D0,0D0;             781P   1664
100,0D0,0D0,0D0,2.5D0,0D0,-2.5D0,0D0;                                783P   1665
124,-1D0,0D0,0D0,0D0,0D0,-1D0,0D0,-7.85D1,0D0,0D0,1D0,0D0;           785P   1666
100,0D0,0D0,0D0,2.5D0,0D0,-2.5D0,0D0;                                787P   1667
124,1D0,0D0,0D0,1.05D2,0D0,1D0,0D0,-7.85D1,0D0,0D0,1D0,0D0;          789P   1668
100,0D0,0D0,0D0,2.5D0,0D0,-2.5D0,0D0;                                791P   1669
124,-1D0,0D0,0D0,1.05D2,0D0,-1D0,0D0,-7.85D1,0D0,0D0,1D0,0D0;        793P   1670
100,0D0,0D0,0D0,2.5D0,0D0,-2.5D0,0D0;                                795P   1671
124,1D0,0D0,0D0,-1.05D2,0D0,1D0,0D0,-7.85D1,0D0,0D0,1D0,0D0;         797P   1672
100,0D0,0D0,0D0,2.5D0,0D0,-2.5D0,0D0;                                799P   1673
124,-1D0,0D0,0D0,-1.05D2,0D0,-1D0,0D0,-7.85D1,0D0,0D0,1D0,0D0;       801P   1674
100,0D0,0D0,0D0,2.5D0,0D0,-2.5D0,0D0;                                803P   1675
124,0D0,-1D0,0D0,-1.08D2,1D0,0D0,0D0,8.15D1,0D0,0D0,1D0,0D0;         805P   1676
100,0D0,0D0,0D0,5D0,0D0,1.473906101991D-14,5D0;                      807P   1677
110,1.08D2,8.65D1,0D0,-1.08D2,8.65D1,0D0;                            809P   1678
124,1D0,0D0,0D0,1.08D2,0D0,1D0,0D0,8.15D1,0D0,0D0,1D0,0D0;           811P   1679
100,0D0,0D0,0D0,5D0,0D0,0D0,5D0;                                     813P   1680
110,1.13D2,-8.15D1,0D0,1.13D2,8.15D1,0D0;                            815P   1681
124,0D0,1D0,0D0,1.08D2,-1D0,0D0,0D0,-8.15D1,0D0,0D0,1D0,0D0;         817P   1682
100,0D0,0D0,0D0,5D0,0D0,0D0,5D0;                                     819P   1683
110,-1.08D2,-8.65D1,0D0,1.08D2,-8.65D1,0D0;                          821P   1684
124,-1D0,0D0,0D0,-1.08D2,0D0,-1D0,0D0,-8.15D1,0D0,0D0,1D0,0D0;       823P   1685
100,0D0,0D0,0D0,5D0,0D0,0D0,5D0;                                     825P   1686
110,-1.13D2,8.15D1,0D0,-1.13D2,-8.15D1,0D0;                          827P   1687
110,2.5D0,7.85D1,0D0,2.5D0,7.85D1,-3.28D0;                           829P   1688
110,-2.5D0,7.85D1,0D0,-2.5D0,7.85D1,-3.28D0;                         831P   1689
110,1.075D2,7.85D1,0D0,1.075D2,7.85D1,-3.28D0;                       833P   1690
110,1.025D2,7.85D1,0D0,1.025D2,7.85D1,-3.28D0;                       835P   1691
110,-1.025D2,7.85D1,0D0,-1.025D2,7.85D1,-3.28D0;                     837P   1692
110,-1.075D2,7.85D1,0D0,-1.075D2,7.85D1,-3.28D0;                     839P   1693
110,2.5D0,-7.85D1,0D0,2.5D0,-7.85D1,-3.28D0;                         841P   1694
110,-2.5D0,-7.85D1,0D0,-2.5D0,-7.85D1,-3.28D0;                       843P   1695
110,1.075D2,-7.85D1,0D0,1.075D2,-7.85D1,-3.28D0;                     845P   1696
110,1.025D2,-7.85D1,0D0,1.025D2,-7.85D1,-3.28D0;                     847P   1697
110,-1.025D2,-7.85D1,0D0,-1.025D2,-7.85D1,-3.28D0;                   849P   1698
110,-1.075D2,-7.85D1,0D0,-1.075D2,-7.85D1,-3.28D0;                   851P   1699
110,-1.08D2,8.65D1,0D0,-1.08D2,8.65D1,-3.28D0;                       853P   1700
110,1.08D2,8.65D1,0D0,1.08D2,8.65D1,-3.28D0;                         855P   1701
110,1.13D2,8.15D1,0D0,1.13D2,8.15D1,-3.28D0;                         857P   1702
110,1.13D2,-8.15D1,0D0,1.13D2,-8.15D1,-3.28D0;                       859P   1703
110,1.08D2,-8.65D1,0D0,1.08D2,-8.65D1,-3.28D0;                       861P   1704
110,-1.08D2,-8.65D1,0D0,-1.08D2,-8.65D1,-3.28D0;                     863P   1705
110,-1.13D2,8.15D1,0D0,-1.13D2,8.15D1,-3.28D0;                       865P   1706
110,-1.13D2,-8.15D1,0D0,-1.13D2,-8.15D1,-3.28D0;                     867P   1707
502,48,-9.8D1,7.15D1,-3.28D0,9.8D1,7.15D1,-3.28D0,9.8D1,-7.15D1,     869P   1708
-3.28D0,-9.8D1,-7.15D1,-3.28D0,-9.8D1,7.15D1,0D0,9.8D1,7.15D1,       869P   1709
0D0,9.8D1,-7.15D1,0D0,-9.8D1,-7.15D1,0D0,2.5D0,7.85D1,-3.28D0,       869P   1710
-2.5D0,7.85D1,-3.28D0,1.075D2,7.85D1,-3.28D0,1.025D2,7.85D1,         869P   1711
-3.28D0,-1.025D2,7.85D1,-3.28D0,-1.075D2,7.85D1,-3.28D0,2.5D0,       869P   1712
-7.85D1,-3.28D0,-2.5D0,-7.85D1,-3.28D0,1.075D2,-7.85D1,-3.28D0,      869P   1713
1.025D2,-7.85D1,-3.28D0,-1.025D2,-7.85D1,-3.28D0,-1.075D2,           869P   1714
-7.85D1,-3.28D0,2.5D0,7.85D1,0D0,-2.5D0,7.85D1,0D0,1.075D2,          869P   1715
7.85D1,0D0,1.025D2,7.85D1,0D0,-1.025D2,7.85D1,0D0,-1.075D2,          869P   1716
7.85D1,0D0,2.5D0,-7.85D1,0D0,-2.5D0,-7.85D1,0D0,1.075D2,-7.85D1,     869P   1717
0D0,1.025D2,-7.85D1,0D0,-1.025D2,-7.85D1,0D0,-1.075D2,-7.85D1,       869P   1718
0D0,-1.13D2,8.15D1,-3.28D0,-1.08D2,8.65D1,-3.28D0,-1.08D2,           869P   1719
8.65D1,0D0,-1.13D2,8.15D1,0D0,1.08D2,8.65D1,-3.28D0,1.13D2,          869P   1720
8.15D1,-3.28D0,1.13D2,8.15D1,0D0,1.08D2,8.65D1,0D0,1.13D2,           869P   1721
-8.15D1,-3.28D0,1.08D2,-8.65D1,-3.28D0,1.08D2,-8.65D1,0D0,           869P   1722
1.13D2,-8.15D1,0D0,-1.08D2,-8.65D1,-3.28D0,-1.13D2,-8.15D1,          869P   1723
-3.28D0,-1.13D2,-8.15D1,0D0,-1.08D2,-8.65D1,0D0;                     869P   1724
504,72,661,869,1,869,2,663,869,2,869,3,665,869,3,869,4,667,869,      871P   1725
4,869,1,749,869,5,869,6,755,869,6,869,7,753,869,7,869,8,751,869,     871P   1726
8,869,5,741,869,1,869,5,747,869,2,869,6,745,869,3,869,7,743,869,     871P   1727
4,869,8,671,869,9,869,10,675,869,10,869,9,679,869,11,869,12,683,     871P   1728
869,12,869,11,687,869,13,869,14,691,869,14,869,13,695,869,15,        871P   1729
869,16,699,869,16,869,15,703,869,17,869,18,707,869,18,869,17,        871P   1730
711,869,19,869,20,715,869,20,869,19,759,869,21,869,22,763,869,       871P   1731
22,869,21,767,869,23,869,24,771,869,24,869,23,775,869,25,869,26,     871P   1732
779,869,26,869,25,783,869,27,869,28,787,869,28,869,27,791,869,       871P   1733
29,869,30,795,869,30,869,29,799,869,31,869,32,803,869,32,869,31,     871P   1734
829,869,21,869,9,831,869,22,869,10,833,869,23,869,11,835,869,24,     871P   1735
869,12,837,869,25,869,13,839,869,26,869,14,841,869,27,869,15,        871P   1736
843,869,28,869,16,845,869,29,869,17,847,869,30,869,18,849,869,       871P   1737
31,869,19,851,869,32,869,20,719,869,33,869,34,853,869,35,869,34,     871P   1738
807,869,35,869,36,865,869,36,869,33,737,869,37,869,38,857,869,       871P   1739
39,869,38,813,869,39,869,40,855,869,40,869,37,731,869,41,869,42,     871P   1740
861,869,43,869,42,819,869,43,869,44,859,869,44,869,41,725,869,       871P   1741
45,869,46,867,869,47,869,46,825,869,47,869,48,863,869,48,869,45,     871P   1742
721,869,33,869,46,727,869,45,869,42,733,869,41,869,38,739,869,       871P   1743
37,869,34,827,869,36,869,47,821,869,48,869,43,815,869,44,869,39,     871P   1744
809,869,40,869,35;                                                   871P   1745
128,1,1,1,1,0,0,1,0,0,-1.1752D2,-1.1752D2,1.1752D2,1.1752D2,         873P   1746
-8.996D1,-8.996D1,8.996D1,8.996D1,1D0,1D0,1D0,1D0,-1.1752D2,         873P   1747
-8.996D1,-3.28D0,1.1752D2,-8.996D1,-3.28D0,-1.1752D2,8.996D1,        873P   1748
-3.28D0,1.1752D2,8.996D1,-3.28D0,-1.1752D2,1.1752D2,-8.996D1,        873P   1749
8.996D1;                                                             873P   1750
508,8,0,871,49,0,0,0,871,65,1,0,0,871,61,0,0,0,871,66,1,0,0,871,     875P   1751
57,0,0,0,871,67,1,0,0,871,53,0,0,0,871,68,1,0;                       875P   1752
508,2,0,871,13,0,0,0,871,14,0,0;                                     877P   1753
508,2,0,871,15,0,0,0,871,16,0,0;                                     879P   1754
508,2,0,871,17,0,0,0,871,18,0,0;                                     881P   1755
508,2,0,871,19,0,0,0,871,20,0,0;                                     883P   1756
508,2,0,871,21,0,0,0,871,22,0,0;                                     885P   1757
508,2,0,871,23,0,0,0,871,24,0,0;                                     887P   1758
508,4,0,871,1,1,0,0,871,2,1,0,0,871,3,1,0,0,871,4,1,0;               889P   1759
510,873,8,0,875,877,879,881,883,885,887,889;                         891P   1760
128,1,1,1,1,0,0,1,0,0,-3.92D0,-3.92D0,1.9992D2,1.9992D2,             893P   1761
-3.756901808672D-1,-3.756901808672D-1,3.655690180867D0,              893P   1762
3.655690180867D0,1D0,1D0,1D0,1D0,-1.0192D2,7.15D1,                   893P   1763
-3.655690180867D0,1.0192D2,7.15D1,-3.655690180867D0,-1.0192D2,       893P   1764
7.15D1,3.756901808672D-1,1.0192D2,7.15D1,3.756901808672D-1,          893P   1765
-3.92D0,1.9992D2,-3.756901808672D-1,3.655690180867D0;                893P   1766
508,4,0,871,1,0,0,0,871,9,1,0,0,871,5,1,0,0,871,10,0,0;              895P   1767
510,893,1,0,895;                                                     897P   1768
128,1,1,1,1,0,0,1,0,0,-2.86D0,-2.86D0,1.4586D2,1.4586D2,             899P   1769
-3.756901808672D-1,-3.756901808672D-1,3.655690180867D0,              899P   1770
3.655690180867D0,1D0,1D0,1D0,1D0,-9.8D1,-7.436D1,                    899P   1771
-3.655690180867D0,-9.8D1,7.436D1,-3.655690180867D0,-9.8D1,           899P   1772
-7.436D1,3.756901808672D-1,-9.8D1,7.436D1,3.756901808672D-1,         899P   1773
-2.86D0,1.4586D2,-3.756901808672D-1,3.655690180867D0;                899P   1774
508,4,0,871,4,0,0,0,871,12,1,0,0,871,8,1,0,0,871,9,0,0;              901P   1775
510,899,1,0,901;                                                     903P   1776
128,1,1,1,1,0,0,1,0,0,-3.92D0,-3.92D0,1.9992D2,1.9992D2,             905P   1777
-3.756901808672D-1,-3.756901808672D-1,3.655690180867D0,              905P   1778
3.655690180867D0,1D0,1D0,1D0,1D0,1.0192D2,-7.15D1,                   905P   1779
-3.655690180867D0,-1.0192D2,-7.15D1,-3.655690180867D0,1.0192D2,      905P   1780
-7.15D1,3.756901808672D-1,-1.0192D2,-7.15D1,3.756901808672D-1,       905P   1781
-3.92D0,1.9992D2,-3.756901808672D-1,3.655690180867D0;                905P   1782
508,4,0,871,3,0,0,0,871,11,1,0,0,871,7,1,0,0,871,12,0,0;             907P   1783
510,905,1,0,907;                                                     909P   1784
128,1,1,1,1,0,0,1,0,0,-2.86D0,-2.86D0,1.4586D2,1.4586D2,             911P   1785
-3.756901808672D-1,-3.756901808672D-1,3.655690180867D0,              911P   1786
3.655690180867D0,1D0,1D0,1D0,1D0,9.8D1,7.436D1,                      911P   1787
-3.655690180867D0,9.8D1,-7.436D1,-3.655690180867D0,9.8D1,            911P   1788
7.436D1,3.756901808672D-1,9.8D1,-7.436D1,3.756901808672D-1,          911P   1789
-2.86D0,1.4586D2,-3.756901808672D-1,3.655690180867D0;                911P   1790
508,4,0,871,2,0,0,0,871,10,1,0,0,871,6,1,0,0,871,11,0,0;             913P   1791
510,911,1,0,913;                                                     915P   1792
128,1,1,1,1,0,0,1,0,0,-1.1752D2,-1.1752D2,1.1752D2,1.1752D2,         917P   1793
-8.996D1,-8.996D1,8.996D1,8.996D1,1D0,1D0,1D0,1D0,-1.1752D2,         917P   1794
-8.996D1,0D0,1.1752D2,-8.996D1,0D0,-1.1752D2,8.996D1,0D0,            917P   1795
1.1752D2,8.996D1,0D0,-1.1752D2,1.1752D2,-8.996D1,8.996D1;            917P   1796
508,8,0,871,51,0,0,0,871,72,0,0,0,871,55,0,0,0,871,71,0,0,0,871,     919P   1797
59,0,0,0,871,70,0,0,0,871,63,0,0,0,871,69,0,0;                       919P   1798
508,2,0,871,25,1,0,0,871,26,1,0;                                     921P   1799
508,2,0,871,27,1,0,0,871,28,1,0;                                     923P   1800
508,2,0,871,29,1,0,0,871,30,1,0;                                     925P   1801
508,2,0,871,31,1,0,0,871,32,1,0;                                     927P   1802
508,2,0,871,33,1,0,0,871,34,1,0;                                     929P   1803
508,2,0,871,35,1,0,0,871,36,1,0;                                     931P   1804
508,4,0,871,5,0,0,0,871,8,0,0,0,871,7,0,0,0,871,6,0,0;               933P   1805
510,917,8,0,919,921,923,925,927,929,931,933;                         935P   1806
128,6,3,3,3,0,0,0,0,0,0D0,0D0,0D0,0D0,1D0,1D0,1D0,2D0,2D0,2D0,       937P   1807
2D0,-3.655690180867D0,-3.655690180867D0,-3.655690180867D0,           937P   1808
-3.655690180867D0,3.756901808672D-1,3.756901808672D-1,               937P   1809
3.756901808672D-1,3.756901808672D-1,1.210631021058D0,                937P   1810
9.297896596472D-1,9.297896596473D-1,1.210631021058D0,                937P   1811
9.297896596473D-1,9.297896596472D-1,1.210631021058D0,                937P   1812
1.210631021058D0,9.297896596472D-1,9.297896596473D-1,                937P   1813
1.210631021058D0,9.297896596473D-1,9.297896596472D-1,                937P   1814
1.210631021058D0,1.210631021058D0,9.297896596472D-1,                 937P   1815
9.297896596473D-1,1.210631021058D0,9.297896596473D-1,                937P   1816
9.297896596472D-1,1.210631021058D0,1.210631021058D0,                 937P   1817
9.297896596472D-1,9.297896596473D-1,1.210631021058D0,                937P   1818
9.297896596473D-1,9.297896596472D-1,1.210631021058D0,                937P   1819
2.471824461301D0,7.812572225218D1,-3.655690180867D0,                 937P   1820
2.718149862386D0,7.975251720697D1,-3.655690180867D0,                 937P   1821
1.645338271645D0,8.1D1,-3.655690180867D0,1.360761553525D-14,         937P   1822
8.1D1,-3.655690180867D0,-1.645338271645D0,8.1D1,                     937P   1823
-3.655690180867D0,-2.718149862386D0,7.975251720697D1,                937P   1824
-3.655690180867D0,-2.471824461301D0,7.812572225218D1,                937P   1825
-3.655690180867D0,2.471824461301D0,7.812572225218D1,                 937P   1826
-2.311896726956D0,2.718149862386D0,7.975251720697D1,                 937P   1827
-2.311896726956D0,1.645338271645D0,8.1D1,-2.311896726956D0,          937P   1828
1.360761553525D-14,8.1D1,-2.311896726956D0,-1.645338271645D0,        937P   1829
8.1D1,-2.311896726956D0,-2.718149862386D0,7.975251720697D1,          937P   1830
-2.311896726956D0,-2.471824461301D0,7.812572225218D1,                937P   1831
-2.311896726956D0,2.471824461301D0,7.812572225218D1,                 937P   1832
-9.681032730443D-1,2.718149862386D0,7.975251720697D1,                937P   1833
-9.681032730443D-1,1.645338271645D0,8.1D1,-9.681032730443D-1,        937P   1834
1.360761553525D-14,8.1D1,-9.681032730443D-1,-1.645338271645D0,       937P   1835
8.1D1,-9.681032730443D-1,-2.718149862386D0,7.975251720697D1,         937P   1836
-9.681032730443D-1,-2.471824461301D0,7.812572225218D1,               937P   1837
-9.681032730443D-1,2.471824461301D0,7.812572225218D1,                937P   1838
3.756901808672D-1,2.718149862386D0,7.975251720697D1,                 937P   1839
3.756901808672D-1,1.645338271645D0,8.1D1,3.756901808672D-1,          937P   1840
1.360761553525D-14,8.1D1,3.756901808672D-1,-1.645338271645D0,        937P   1841
8.1D1,3.756901808672D-1,-2.718149862386D0,7.975251720697D1,          937P   1842
3.756901808672D-1,-2.471824461301D0,7.812572225218D1,                937P   1843
3.756901808672D-1,0D0,2D0,-3.655690180867D0,3.756901808672D-1;       937P   1844
508,4,0,871,13,1,0,0,871,38,0,0,0,871,25,0,0,0,871,37,1,0;           939P   1845
510,937,1,0,939;                                                     941P   1846
128,6,3,3,3,0,0,0,0,0,0D0,0D0,0D0,0D0,1D0,1D0,1D0,2D0,2D0,2D0,       943P   1847
2D0,-3.655690180867D0,-3.655690180867D0,-3.655690180867D0,           943P   1848
-3.655690180867D0,3.756901808672D-1,3.756901808672D-1,               943P   1849
3.756901808672D-1,3.756901808672D-1,1.210631021058D0,                943P   1850
9.297896596472D-1,9.297896596473D-1,1.210631021058D0,                943P   1851
9.297896596473D-1,9.297896596472D-1,1.210631021058D0,                943P   1852
1.210631021058D0,9.297896596472D-1,9.297896596473D-1,                943P   1853
1.210631021058D0,9.297896596473D-1,9.297896596472D-1,                943P   1854
1.210631021058D0,1.210631021058D0,9.297896596472D-1,                 943P   1855
9.297896596473D-1,1.210631021058D0,9.297896596473D-1,                943P   1856
9.297896596472D-1,1.210631021058D0,1.210631021058D0,                 943P   1857
9.297896596472D-1,9.297896596473D-1,1.210631021058D0,                943P   1858
9.297896596473D-1,9.297896596472D-1,1.210631021058D0,                943P   1859
-2.471824461301D0,7.887427774782D1,-3.655690180867D0,                943P   1860
-2.718149862386D0,7.724748279303D1,-3.655690180867D0,                943P   1861
-1.645338271645D0,7.6D1,-3.655690180867D0,0D0,7.6D1,                 943P   1862
-3.655690180867D0,1.645338271645D0,7.6D1,-3.655690180867D0,          943P   1863
2.718149862386D0,7.724748279303D1,-3.655690180867D0,                 943P   1864
2.471824461301D0,7.887427774782D1,-3.655690180867D0,                 943P   1865
-2.471824461301D0,7.887427774782D1,-2.311896726956D0,                943P   1866
-2.718149862386D0,7.724748279303D1,-2.311896726956D0,                943P   1867
-1.645338271645D0,7.6D1,-2.311896726956D0,0D0,7.6D1,                 943P   1868
-2.311896726956D0,1.645338271645D0,7.6D1,-2.311896726956D0,          943P   1869
2.718149862386D0,7.724748279303D1,-2.311896726956D0,                 943P   1870
2.471824461301D0,7.887427774782D1,-2.311896726956D0,                 943P   1871
-2.471824461301D0,7.887427774782D1,-9.681032730443D-1,               943P   1872
-2.718149862386D0,7.724748279303D1,-9.681032730443D-1,               943P   1873
-1.645338271645D0,7.6D1,-9.681032730443D-1,0D0,7.6D1,                943P   1874
-9.681032730443D-1,1.645338271645D0,7.6D1,-9.681032730443D-1,        943P   1875
2.718149862386D0,7.724748279303D1,-9.681032730443D-1,                943P   1876
2.471824461301D0,7.887427774782D1,-9.681032730443D-1,                943P   1877
-2.471824461301D0,7.887427774782D1,3.756901808672D-1,                943P   1878
-2.718149862386D0,7.724748279303D1,3.756901808672D-1,                943P   1879
-1.645338271645D0,7.6D1,3.756901808672D-1,0D0,7.6D1,                 943P   1880
3.756901808672D-1,1.645338271645D0,7.6D1,3.756901808672D-1,          943P   1881
2.718149862386D0,7.724748279303D1,3.756901808672D-1,                 943P   1882
2.471824461301D0,7.887427774782D1,3.756901808672D-1,0D0,2D0,         943P   1883
-3.655690180867D0,3.756901808672D-1;                                 943P   1884
508,4,0,871,14,1,0,0,871,37,0,0,0,871,26,0,0,0,871,38,1,0;           945P   1885
510,943,1,0,945;                                                     947P   1886
128,6,3,3,3,0,0,0,0,0,0D0,0D0,0D0,0D0,1D0,1D0,1D0,2D0,2D0,2D0,       949P   1887
2D0,-3.655690180867D0,-3.655690180867D0,-3.655690180867D0,           949P   1888
-3.655690180867D0,3.756901808672D-1,3.756901808672D-1,               949P   1889
3.756901808672D-1,3.756901808672D-1,1.210631021058D0,                949P   1890
9.297896596472D-1,9.297896596473D-1,1.210631021058D0,                949P   1891
9.297896596473D-1,9.297896596472D-1,1.210631021058D0,                949P   1892
1.210631021058D0,9.297896596472D-1,9.297896596473D-1,                949P   1893
1.210631021058D0,9.297896596473D-1,9.297896596472D-1,                949P   1894
1.210631021058D0,1.210631021058D0,9.297896596472D-1,                 949P   1895
9.297896596473D-1,1.210631021058D0,9.297896596473D-1,                949P   1896
9.297896596472D-1,1.210631021058D0,1.210631021058D0,                 949P   1897
9.297896596472D-1,9.297896596473D-1,1.210631021058D0,                949P   1898
9.297896596473D-1,9.297896596472D-1,1.210631021058D0,                949P   1899
1.074718244613D2,7.812572225218D1,-3.655690180867D0,                 949P   1900
1.077181498624D2,7.975251720697D1,-3.655690180867D0,                 949P   1901
1.066453382716D2,8.1D1,-3.655690180867D0,1.05D2,8.1D1,               949P   1902
-3.655690180867D0,1.033546617284D2,8.1D1,-3.655690180867D0,          949P   1903
1.022818501376D2,7.975251720697D1,-3.655690180867D0,                 949P   1904
1.025281755387D2,7.812572225218D1,-3.655690180867D0,                 949P   1905
1.074718244613D2,7.812572225218D1,-2.311896726956D0,                 949P   1906
1.077181498624D2,7.975251720697D1,-2.311896726956D0,                 949P   1907
1.066453382716D2,8.1D1,-2.311896726956D0,1.05D2,8.1D1,               949P   1908
-2.311896726956D0,1.033546617284D2,8.1D1,-2.311896726956D0,          949P   1909
1.022818501376D2,7.975251720697D1,-2.311896726956D0,                 949P   1910
1.025281755387D2,7.812572225218D1,-2.311896726956D0,                 949P   1911
1.074718244613D2,7.812572225218D1,-9.681032730443D-1,                949P   1912
1.077181498624D2,7.975251720697D1,-9.681032730443D-1,                949P   1913
1.066453382716D2,8.1D1,-9.681032730443D-1,1.05D2,8.1D1,              949P   1914
-9.681032730443D-1,1.033546617284D2,8.1D1,-9.681032730443D-1,        949P   1915
1.022818501376D2,7.975251720697D1,-9.681032730443D-1,                949P   1916
1.025281755387D2,7.812572225218D1,-9.681032730443D-1,                949P   1917
1.074718244613D2,7.812572225218D1,3.756901808672D-1,                 949P   1918
1.077181498624D2,7.975251720697D1,3.756901808672D-1,                 949P   1919
1.066453382716D2,8.1D1,3.756901808672D-1,1.05D2,8.1D1,               949P   1920
3.756901808672D-1,1.033546617284D2,8.1D1,3.756901808672D-1,          949P   1921
1.022818501376D2,7.975251720697D1,3.756901808672D-1,                 949P   1922
1.025281755387D2,7.812572225218D1,3.756901808672D-1,0D0,2D0,         949P   1923
-3.655690180867D0,3.756901808672D-1;                                 949P   1924
508,4,0,871,15,1,0,0,871,40,0,0,0,871,27,0,0,0,871,39,1,0;           951P   1925
510,949,1,0,951;                                                     953P   1926
128,6,3,3,3,0,0,0,0,0,0D0,0D0,0D0,0D0,1D0,1D0,1D0,2D0,2D0,2D0,       955P   1927
2D0,-3.655690180867D0,-3.655690180867D0,-3.655690180867D0,           955P   1928
-3.655690180867D0,3.756901808672D-1,3.756901808672D-1,               955P   1929
3.756901808672D-1,3.756901808672D-1,1.210631021058D0,                955P   1930
9.297896596472D-1,9.297896596473D-1,1.210631021058D0,                955P   1931
9.297896596473D-1,9.297896596472D-1,1.210631021058D0,                955P   1932
1.210631021058D0,9.297896596472D-1,9.297896596473D-1,                955P   1933
1.210631021058D0,9.297896596473D-1,9.297896596472D-1,                955P   1934
1.210631021058D0,1.210631021058D0,9.297896596472D-1,                 955P   1935
9.297896596473D-1,1.210631021058D0,9.297896596473D-1,                955P   1936
9.297896596472D-1,1.210631021058D0,1.210631021058D0,                 955P   1937
9.297896596472D-1,9.297896596473D-1,1.210631021058D0,                955P   1938
9.297896596473D-1,9.297896596472D-1,1.210631021058D0,                955P   1939
1.025281755387D2,7.887427774782D1,-3.655690180867D0,                 955P   1940
1.022818501376D2,7.724748279303D1,-3.655690180867D0,                 955P   1941
1.033546617284D2,7.6D1,-3.655690180867D0,1.05D2,7.6D1,               955P   1942
-3.655690180867D0,1.066453382716D2,7.6D1,-3.655690180867D0,          955P   1943
1.077181498624D2,7.724748279303D1,-3.655690180867D0,                 955P   1944
1.074718244613D2,7.887427774782D1,-3.655690180867D0,                 955P   1945
1.025281755387D2,7.887427774782D1,-2.311896726956D0,                 955P   1946
1.022818501376D2,7.724748279303D1,-2.311896726956D0,                 955P   1947
1.033546617284D2,7.6D1,-2.311896726956D0,1.05D2,7.6D1,               955P   1948
-2.311896726956D0,1.066453382716D2,7.6D1,-2.311896726956D0,          955P   1949
1.077181498624D2,7.724748279303D1,-2.311896726956D0,                 955P   1950
1.074718244613D2,7.887427774782D1,-2.311896726956D0,                 955P   1951
1.025281755387D2,7.887427774782D1,-9.681032730443D-1,                955P   1952
1.022818501376D2,7.724748279303D1,-9.681032730443D-1,                955P   1953
1.033546617284D2,7.6D1,-9.681032730443D-1,1.05D2,7.6D1,              955P   1954
-9.681032730443D-1,1.066453382716D2,7.6D1,-9.681032730443D-1,        955P   1955
1.077181498624D2,7.724748279303D1,-9.681032730443D-1,                955P   1956
1.074718244613D2,7.887427774782D1,-9.681032730443D-1,                955P   1957
1.025281755387D2,7.887427774782D1,3.756901808672D-1,                 955P   1958
1.022818501376D2,7.724748279303D1,3.756901808672D-1,                 955P   1959
1.033546617284D2,7.6D1,3.756901808672D-1,1.05D2,7.6D1,               955P   1960
3.756901808672D-1,1.066453382716D2,7.6D1,3.756901808672D-1,          955P   1961
1.077181498624D2,7.724748279303D1,3.756901808672D-1,                 955P   1962
1.074718244613D2,7.887427774782D1,3.756901808672D-1,0D0,2D0,         955P   1963
-3.655690180867D0,3.756901808672D-1;                                 955P   1964
508,4,0,871,16,1,0,0,871,39,0,0,0,871,28,0,0,0,871,40,1,0;           957P   1965
510,955,1,0,957;                                                     959P   1966
128,6,3,3,3,0,0,0,0,0,0D0,0D0,0D0,0D0,1D0,1D0,1D0,2D0,2D0,2D0,       961P   1967
2D0,-3.655690180867D0,-3.655690180867D0,-3.655690180867D0,           961P   1968
-3.655690180867D0,3.756901808672D-1,3.756901808672D-1,               961P   1969
3.756901808672D-1,3.756901808672D-1,1.210631021058D0,                961P   1970
9.297896596472D-1,9.297896596473D-1,1.210631021058D0,                961P   1971
9.297896596473D-1,9.297896596472D-1,1.210631021058D0,                961P   1972
1.210631021058D0,9.297896596472D-1,9.297896596473D-1,                961P   1973
1.210631021058D0,9.297896596473D-1,9.297896596472D-1,                961P   1974
1.210631021058D0,1.210631021058D0,9.297896596472D-1,                 961P   1975
9.297896596473D-1,1.210631021058D0,9.297896596473D-1,                961P   1976
9.297896596472D-1,1.210631021058D0,1.210631021058D0,                 961P   1977
9.297896596472D-1,9.297896596473D-1,1.210631021058D0,                961P   1978
9.297896596473D-1,9.297896596472D-1,1.210631021058D0,                961P   1979
-1.025281755387D2,7.812572225218D1,-3.655690180867D0,                961P   1980
-1.022818501376D2,7.975251720697D1,-3.655690180867D0,                961P   1981
-1.033546617284D2,8.1D1,-3.655690180867D0,-1.05D2,8.1D1,             961P   1982
-3.655690180867D0,-1.066453382716D2,8.1D1,-3.655690180867D0,         961P   1983
-1.077181498624D2,7.975251720697D1,-3.655690180867D0,                961P   1984
-1.074718244613D2,7.812572225218D1,-3.655690180867D0,                961P   1985
-1.025281755387D2,7.812572225218D1,-2.311896726956D0,                961P   1986
-1.022818501376D2,7.975251720697D1,-2.311896726956D0,                961P   1987
-1.033546617284D2,8.1D1,-2.311896726956D0,-1.05D2,8.1D1,             961P   1988
-2.311896726956D0,-1.066453382716D2,8.1D1,-2.311896726956D0,         961P   1989
-1.077181498624D2,7.975251720697D1,-2.311896726956D0,                961P   1990
-1.074718244613D2,7.812572225218D1,-2.311896726956D0,                961P   1991
-1.025281755387D2,7.812572225218D1,-9.681032730443D-1,               961P   1992
-1.022818501376D2,7.975251720697D1,-9.681032730443D-1,               961P   1993
-1.033546617284D2,8.1D1,-9.681032730443D-1,-1.05D2,8.1D1,            961P   1994
-9.681032730443D-1,-1.066453382716D2,8.1D1,-9.681032730443D-1,       961P   1995
-1.077181498624D2,7.975251720697D1,-9.681032730443D-1,               961P   1996
-1.074718244613D2,7.812572225218D1,-9.681032730443D-1,               961P   1997
-1.025281755387D2,7.812572225218D1,3.756901808672D-1,                961P   1998
-1.022818501376D2,7.975251720697D1,3.756901808672D-1,                961P   1999
-1.033546617284D2,8.1D1,3.756901808672D-1,-1.05D2,8.1D1,             961P   2000
3.756901808672D-1,-1.066453382716D2,8.1D1,3.756901808672D-1,         961P   2001
-1.077181498624D2,7.975251720697D1,3.756901808672D-1,                961P   2002
-1.074718244613D2,7.812572225218D1,3.756901808672D-1,0D0,2D0,        961P   2003
-3.655690180867D0,3.756901808672D-1;                                 961P   2004
508,4,0,871,17,1,0,0,871,42,0,0,0,871,29,0,0,0,871,41,1,0;           963P   2005
510,961,1,0,963;                                                     965P   2006
128,6,3,3,3,0,0,0,0,0,0D0,0D0,0D0,0D0,1D0,1D0,1D0,2D0,2D0,2D0,       967P   2007
2D0,-3.655690180867D0,-3.655690180867D0,-3.655690180867D0,           967P   2008
-3.655690180867D0,3.756901808672D-1,3.756901808672D-1,               967P   2009
3.756901808672D-1,3.756901808672D-1,1.210631021058D0,                967P   2010
9.297896596472D-1,9.297896596473D-1,1.210631021058D0,                967P   2011
9.297896596473D-1,9.297896596472D-1,1.210631021058D0,                967P   2012
1.210631021058D0,9.297896596472D-1,9.297896596473D-1,                967P   2013
1.210631021058D0,9.297896596473D-1,9.297896596472D-1,                967P   2014
1.210631021058D0,1.210631021058D0,9.297896596472D-1,                 967P   2015
9.297896596473D-1,1.210631021058D0,9.297896596473D-1,                967P   2016
9.297896596472D-1,1.210631021058D0,1.210631021058D0,                 967P   2017
9.297896596472D-1,9.297896596473D-1,1.210631021058D0,                967P   2018
9.297896596473D-1,9.297896596472D-1,1.210631021058D0,                967P   2019
-1.074718244613D2,7.887427774782D1,-3.655690180867D0,                967P   2020
-1.077181498624D2,7.724748279303D1,-3.655690180867D0,                967P   2021
-1.066453382716D2,7.6D1,-3.655690180867D0,-1.05D2,7.6D1,             967P   2022
-3.655690180867D0,-1.033546617284D2,7.6D1,-3.655690180867D0,         967P   2023
-1.022818501376D2,7.724748279303D1,-3.655690180867D0,                967P   2024
-1.025281755387D2,7.887427774782D1,-3.655690180867D0,                967P   2025
-1.074718244613D2,7.887427774782D1,-2.311896726956D0,                967P   2026
-1.077181498624D2,7.724748279303D1,-2.311896726956D0,                967P   2027
-1.066453382716D2,7.6D1,-2.311896726956D0,-1.05D2,7.6D1,             967P   2028
-2.311896726956D0,-1.033546617284D2,7.6D1,-2.311896726956D0,         967P   2029
-1.022818501376D2,7.724748279303D1,-2.311896726956D0,                967P   2030
-1.025281755387D2,7.887427774782D1,-2.311896726956D0,                967P   2031
-1.074718244613D2,7.887427774782D1,-9.681032730443D-1,               967P   2032
-1.077181498624D2,7.724748279303D1,-9.681032730443D-1,               967P   2033
-1.066453382716D2,7.6D1,-9.681032730443D-1,-1.05D2,7.6D1,            967P   2034
-9.681032730443D-1,-1.033546617284D2,7.6D1,-9.681032730443D-1,       967P   2035
-1.022818501376D2,7.724748279303D1,-9.681032730443D-1,               967P   2036
-1.025281755387D2,7.887427774782D1,-9.681032730443D-1,               967P   2037
-1.074718244613D2,7.887427774782D1,3.756901808672D-1,                967P   2038
-1.077181498624D2,7.724748279303D1,3.756901808672D-1,                967P   2039
-1.066453382716D2,7.6D1,3.756901808672D-1,-1.05D2,7.6D1,             967P   2040
3.756901808672D-1,-1.033546617284D2,7.6D1,3.756901808672D-1,         967P   2041
-1.022818501376D2,7.724748279303D1,3.756901808672D-1,                967P   2042
-1.025281755387D2,7.887427774782D1,3.756901808672D-1,0D0,2D0,        967P   2043
-3.655690180867D0,3.756901808672D-1;                                 967P   2044
508,4,0,871,18,1,0,0,871,41,0,0,0,871,30,0,0,0,871,42,1,0;           969P   2045
510,967,1,0,969;                                                     971P   2046
128,6,3,3,3,0,0,0,0,0,0D0,0D0,0D0,0D0,1D0,1D0,1D0,2D0,2D0,2D0,       973P   2047
2D0,-3.655690180867D0,-3.655690180867D0,-3.655690180867D0,           973P   2048
-3.655690180867D0,3.756901808672D-1,3.756901808672D-1,               973P   2049
3.756901808672D-1,3.756901808672D-1,1.210631021058D0,                973P   2050
9.297896596472D-1,9.297896596473D-1,1.210631021058D0,                973P   2051
9.297896596473D-1,9.297896596472D-1,1.210631021058D0,                973P   2052
1.210631021058D0,9.297896596472D-1,9.297896596473D-1,                973P   2053
1.210631021058D0,9.297896596473D-1,9.297896596472D-1,                973P   2054
1.210631021058D0,1.210631021058D0,9.297896596472D-1,                 973P   2055
9.297896596473D-1,1.210631021058D0,9.297896596473D-1,                973P   2056
9.297896596472D-1,1.210631021058D0,1.210631021058D0,                 973P   2057
9.297896596472D-1,9.297896596473D-1,1.210631021058D0,                973P   2058
9.297896596473D-1,9.297896596472D-1,1.210631021058D0,                973P   2059
2.471824461301D0,-7.887427774782D1,-3.655690180867D0,                973P   2060
2.718149862386D0,-7.724748279303D1,-3.655690180867D0,                973P   2061
1.645338271645D0,-7.6D1,-3.655690180867D0,0D0,-7.6D1,                973P   2062
-3.655690180867D0,-1.645338271645D0,-7.6D1,-3.655690180867D0,        973P   2063
-2.718149862386D0,-7.724748279303D1,-3.655690180867D0,               973P   2064
-2.471824461301D0,-7.887427774782D1,-3.655690180867D0,               973P   2065
2.471824461301D0,-7.887427774782D1,-2.311896726956D0,                973P   2066
2.718149862386D0,-7.724748279303D1,-2.311896726956D0,                973P   2067
1.645338271645D0,-7.6D1,-2.311896726956D0,0D0,-7.6D1,                973P   2068
-2.311896726956D0,-1.645338271645D0,-7.6D1,-2.311896726956D0,        973P   2069
-2.718149862386D0,-7.724748279303D1,-2.311896726956D0,               973P   2070
-2.471824461301D0,-7.887427774782D1,-2.311896726956D0,               973P   2071
2.471824461301D0,-7.887427774782D1,-9.681032730443D-1,               973P   2072
2.718149862386D0,-7.724748279303D1,-9.681032730443D-1,               973P   2073
1.645338271645D0,-7.6D1,-9.681032730443D-1,0D0,-7.6D1,               973P   2074
-9.681032730443D-1,-1.645338271645D0,-7.6D1,-9.681032730443D-1,      973P   2075
-2.718149862386D0,-7.724748279303D1,-9.681032730443D-1,              973P   2076
-2.471824461301D0,-7.887427774782D1,-9.681032730443D-1,              973P   2077
2.471824461301D0,-7.887427774782D1,3.756901808672D-1,                973P   2078
2.718149862386D0,-7.724748279303D1,3.756901808672D-1,                973P   2079
1.645338271645D0,-7.6D1,3.756901808672D-1,0D0,-7.6D1,                973P   2080
3.756901808672D-1,-1.645338271645D0,-7.6D1,3.756901808672D-1,        973P   2081
-2.718149862386D0,-7.724748279303D1,3.756901808672D-1,               973P   2082
-2.471824461301D0,-7.887427774782D1,3.756901808672D-1,0D0,2D0,       973P   2083
-3.655690180867D0,3.756901808672D-1;                                 973P   2084
508,4,0,871,19,1,0,0,871,44,0,0,0,871,31,0,0,0,871,43,1,0;           975P   2085
510,973,1,0,975;                                                     977P   2086
128,6,3,3,3,0,0,0,0,0,0D0,0D0,0D0,0D0,1D0,1D0,1D0,2D0,2D0,2D0,       979P   2087
2D0,-3.655690180867D0,-3.655690180867D0,-3.655690180867D0,           979P   2088
-3.655690180867D0,3.756901808672D-1,3.756901808672D-1,               979P   2089
3.756901808672D-1,3.756901808672D-1,1.210631021058D0,                979P   2090
9.297896596472D-1,9.297896596473D-1,1.210631021058D0,                979P   2091
9.297896596473D-1,9.297896596472D-1,1.210631021058D0,                979P   2092
1.210631021058D0,9.297896596472D-1,9.297896596473D-1,                979P   2093
1.210631021058D0,9.297896596473D-1,9.297896596472D-1,                979P   2094
1.210631021058D0,1.210631021058D0,9.297896596472D-1,                 979P   2095
9.297896596473D-1,1.210631021058D0,9.297896596473D-1,                979P   2096
9.297896596472D-1,1.210631021058D0,1.210631021058D0,                 979P   2097
9.297896596472D-1,9.297896596473D-1,1.210631021058D0,                979P   2098
9.297896596473D-1,9.297896596472D-1,1.210631021058D0,                979P   2099
-2.471824461301D0,-7.812572225218D1,-3.655690180867D0,               979P   2100
-2.718149862386D0,-7.975251720697D1,-3.655690180867D0,               979P   2101
-1.645338271645D0,-8.1D1,-3.655690180867D0,0D0,-8.1D1,               979P   2102
-3.655690180867D0,1.645338271645D0,-8.1D1,-3.655690180867D0,         979P   2103
2.718149862386D0,-7.975251720697D1,-3.655690180867D0,                979P   2104
2.471824461301D0,-7.812572225218D1,-3.655690180867D0,                979P   2105
-2.471824461301D0,-7.812572225218D1,-2.311896726956D0,               979P   2106
-2.718149862386D0,-7.975251720697D1,-2.311896726956D0,               979P   2107
-1.645338271645D0,-8.1D1,-2.311896726956D0,0D0,-8.1D1,               979P   2108
-2.311896726956D0,1.645338271645D0,-8.1D1,-2.311896726956D0,         979P   2109
2.718149862386D0,-7.975251720697D1,-2.311896726956D0,                979P   2110
2.471824461301D0,-7.812572225218D1,-2.311896726956D0,                979P   2111
-2.471824461301D0,-7.812572225218D1,-9.681032730443D-1,              979P   2112
-2.718149862386D0,-7.975251720697D1,-9.681032730443D-1,              979P   2113
-1.645338271645D0,-8.1D1,-9.681032730443D-1,0D0,-8.1D1,              979P   2114
-9.681032730443D-1,1.645338271645D0,-8.1D1,-9.681032730443D-1,       979P   2115
2.718149862386D0,-7.975251720697D1,-9.681032730443D-1,               979P   2116
2.471824461301D0,-7.812572225218D1,-9.681032730443D-1,               979P   2117
-2.471824461301D0,-7.812572225218D1,3.756901808672D-1,               979P   2118
-2.718149862386D0,-7.975251720697D1,3.756901808672D-1,               979P   2119
-1.645338271645D0,-8.1D1,3.756901808672D-1,0D0,-8.1D1,               979P   2120
3.756901808672D-1,1.645338271645D0,-8.1D1,3.756901808672D-1,         979P   2121
2.718149862386D0,-7.975251720697D1,3.756901808672D-1,                979P   2122
2.471824461301D0,-7.812572225218D1,3.756901808672D-1,0D0,2D0,        979P   2123
-3.655690180867D0,3.756901808672D-1;                                 979P   2124
508,4,0,871,20,1,0,0,871,43,0,0,0,871,32,0,0,0,871,44,1,0;           981P   2125
510,979,1,0,981;                                                     983P   2126
128,6,3,3,3,0,0,0,0,0,0D0,0D0,0D0,0D0,1D0,1D0,1D0,2D0,2D0,2D0,       985P   2127
2D0,-3.655690180867D0,-3.655690180867D0,-3.655690180867D0,           985P   2128
-3.655690180867D0,3.756901808672D-1,3.756901808672D-1,               985P   2129
3.756901808672D-1,3.756901808672D-1,1.210631021058D0,                985P   2130
9.297896596472D-1,9.297896596473D-1,1.210631021058D0,                985P   2131
9.297896596473D-1,9.297896596472D-1,1.210631021058D0,                985P   2132
1.210631021058D0,9.297896596472D-1,9.297896596473D-1,                985P   2133
1.210631021058D0,9.297896596473D-1,9.297896596472D-1,                985P   2134
1.210631021058D0,1.210631021058D0,9.297896596472D-1,                 985P   2135
9.297896596473D-1,1.210631021058D0,9.297896596473D-1,                985P   2136
9.297896596472D-1,1.210631021058D0,1.210631021058D0,                 985P   2137
9.297896596472D-1,9.297896596473D-1,1.210631021058D0,                985P   2138
9.297896596473D-1,9.297896596472D-1,1.210631021058D0,                985P   2139
1.074718244613D2,-7.887427774782D1,-3.655690180867D0,                985P   2140
1.077181498624D2,-7.724748279303D1,-3.655690180867D0,                985P   2141
1.066453382716D2,-7.6D1,-3.655690180867D0,1.05D2,-7.6D1,             985P   2142
-3.655690180867D0,1.033546617284D2,-7.6D1,-3.655690180867D0,         985P   2143
1.022818501376D2,-7.724748279303D1,-3.655690180867D0,                985P   2144
1.025281755387D2,-7.887427774782D1,-3.655690180867D0,                985P   2145
1.074718244613D2,-7.887427774782D1,-2.311896726956D0,                985P   2146
1.077181498624D2,-7.724748279303D1,-2.311896726956D0,                985P   2147
1.066453382716D2,-7.6D1,-2.311896726956D0,1.05D2,-7.6D1,             985P   2148
-2.311896726956D0,1.033546617284D2,-7.6D1,-2.311896726956D0,         985P   2149
1.022818501376D2,-7.724748279303D1,-2.311896726956D0,                985P   2150
1.025281755387D2,-7.887427774782D1,-2.311896726956D0,                985P   2151
1.074718244613D2,-7.887427774782D1,-9.681032730443D-1,               985P   2152
1.077181498624D2,-7.724748279303D1,-9.681032730443D-1,               985P   2153
1.066453382716D2,-7.6D1,-9.681032730443D-1,1.05D2,-7.6D1,            985P   2154
-9.681032730443D-1,1.033546617284D2,-7.6D1,-9.681032730443D-1,       985P   2155
1.022818501376D2,-7.724748279303D1,-9.681032730443D-1,               985P   2156
1.025281755387D2,-7.887427774782D1,-9.681032730443D-1,               985P   2157
1.074718244613D2,-7.887427774782D1,3.756901808672D-1,                985P   2158
1.077181498624D2,-7.724748279303D1,3.756901808672D-1,                985P   2159
1.066453382716D2,-7.6D1,3.756901808672D-1,1.05D2,-7.6D1,             985P   2160
3.756901808672D-1,1.033546617284D2,-7.6D1,3.756901808672D-1,         985P   2161
1.022818501376D2,-7.724748279303D1,3.756901808672D-1,                985P   2162
1.025281755387D2,-7.887427774782D1,3.756901808672D-1,0D0,2D0,        985P   2163
-3.655690180867D0,3.756901808672D-1;                                 985P   2164
508,4,0,871,21,1,0,0,871,46,0,0,0,871,33,0,0,0,871,45,1,0;           987P   2165
510,985,1,0,987;                                                     989P   2166
128,6,3,3,3,0,0,0,0,0,0D0,0D0,0D0,0D0,1D0,1D0,1D0,2D0,2D0,2D0,       991P   2167
2D0,-3.655690180867D0,-3.655690180867D0,-3.655690180867D0,           991P   2168
-3.655690180867D0,3.756901808672D-1,3.756901808672D-1,               991P   2169
3.756901808672D-1,3.756901808672D-1,1.210631021058D0,                991P   2170
9.297896596472D-1,9.297896596473D-1,1.210631021058D0,                991P   2171
9.297896596473D-1,9.297896596472D-1,1.210631021058D0,                991P   2172
1.210631021058D0,9.297896596472D-1,9.297896596473D-1,                991P   2173
1.210631021058D0,9.297896596473D-1,9.297896596472D-1,                991P   2174
1.210631021058D0,1.210631021058D0,9.297896596472D-1,                 991P   2175
9.297896596473D-1,1.210631021058D0,9.297896596473D-1,                991P   2176
9.297896596472D-1,1.210631021058D0,1.210631021058D0,                 991P   2177
9.297896596472D-1,9.297896596473D-1,1.210631021058D0,                991P   2178
9.297896596473D-1,9.297896596472D-1,1.210631021058D0,                991P   2179
1.025281755387D2,-7.812572225218D1,-3.655690180867D0,                991P   2180
1.022818501376D2,-7.975251720697D1,-3.655690180867D0,                991P   2181
1.033546617284D2,-8.1D1,-3.655690180867D0,1.05D2,-8.1D1,             991P   2182
-3.655690180867D0,1.066453382716D2,-8.1D1,-3.655690180867D0,         991P   2183
1.077181498624D2,-7.975251720697D1,-3.655690180867D0,                991P   2184
1.074718244613D2,-7.812572225218D1,-3.655690180867D0,                991P   2185
1.025281755387D2,-7.812572225218D1,-2.311896726956D0,                991P   2186
1.022818501376D2,-7.975251720697D1,-2.311896726956D0,                991P   2187
1.033546617284D2,-8.1D1,-2.311896726956D0,1.05D2,-8.1D1,             991P   2188
-2.311896726956D0,1.066453382716D2,-8.1D1,-2.311896726956D0,         991P   2189
1.077181498624D2,-7.975251720697D1,-2.311896726956D0,                991P   2190
1.074718244613D2,-7.812572225218D1,-2.311896726956D0,                991P   2191
1.025281755387D2,-7.812572225218D1,-9.681032730443D-1,               991P   2192
1.022818501376D2,-7.975251720697D1,-9.681032730443D-1,               991P   2193
1.033546617284D2,-8.1D1,-9.681032730443D-1,1.05D2,-8.1D1,            991P   2194
-9.681032730443D-1,1.066453382716D2,-8.1D1,-9.681032730443D-1,       991P   2195
1.077181498624D2,-7.975251720697D1,-9.681032730443D-1,               991P   2196
1.074718244613D2,-7.812572225218D1,-9.681032730443D-1,               991P   2197
1.025281755387D2,-7.812572225218D1,3.756901808672D-1,                991P   2198
1.022818501376D2,-7.975251720697D1,3.756901808672D-1,                991P   2199
1.033546617284D2,-8.1D1,3.756901808672D-1,1.05D2,-8.1D1,             991P   2200
3.756901808672D-1,1.066453382716D2,-8.1D1,3.756901808672D-1,         991P   2201
1.077181498624D2,-7.975251720697D1,3.756901808672D-1,                991P   2202
1.074718244613D2,-7.812572225218D1,3.756901808672D-1,0D0,2D0,        991P   2203
-3.655690180867D0,3.756901808672D-1;                                 991P   2204
508,4,0,871,22,1,0,0,871,45,0,0,0,871,34,0,0,0,871,46,1,0;           993P   2205
510,991,1,0,993;                                                     995P   2206
128,6,3,3,3,0,0,0,0,0,0D0,0D0,0D0,0D0,1D0,1D0,1D0,2D0,2D0,2D0,       997P   2207
2D0,-3.655690180867D0,-3.655690180867D0,-3.655690180867D0,           997P   2208
-3.655690180867D0,3.756901808672D-1,3.756901808672D-1,               997P   2209
3.756901808672D-1,3.756901808672D-1,1.210631021058D0,                997P   2210
9.297896596472D-1,9.297896596473D-1,1.210631021058D0,                997P   2211
9.297896596473D-1,9.297896596472D-1,1.210631021058D0,                997P   2212
1.210631021058D0,9.297896596472D-1,9.297896596473D-1,                997P   2213
1.210631021058D0,9.297896596473D-1,9.297896596472D-1,                997P   2214
1.210631021058D0,1.210631021058D0,9.297896596472D-1,                 997P   2215
9.297896596473D-1,1.210631021058D0,9.297896596473D-1,                997P   2216
9.297896596472D-1,1.210631021058D0,1.210631021058D0,                 997P   2217
9.297896596472D-1,9.297896596473D-1,1.210631021058D0,                997P   2218
9.297896596473D-1,9.297896596472D-1,1.210631021058D0,                997P   2219
-1.025281755387D2,-7.887427774782D1,-3.655690180867D0,               997P   2220
-1.022818501376D2,-7.724748279303D1,-3.655690180867D0,               997P   2221
-1.033546617284D2,-7.6D1,-3.655690180867D0,-1.05D2,-7.6D1,           997P   2222
-3.655690180867D0,-1.066453382716D2,-7.6D1,-3.655690180867D0,        997P   2223
-1.077181498624D2,-7.724748279303D1,-3.655690180867D0,               997P   2224
-1.074718244613D2,-7.887427774782D1,-3.655690180867D0,               997P   2225
-1.025281755387D2,-7.887427774782D1,-2.311896726956D0,               997P   2226
-1.022818501376D2,-7.724748279303D1,-2.311896726956D0,               997P   2227
-1.033546617284D2,-7.6D1,-2.311896726956D0,-1.05D2,-7.6D1,           997P   2228
-2.311896726956D0,-1.066453382716D2,-7.6D1,-2.311896726956D0,        997P   2229
-1.077181498624D2,-7.724748279303D1,-2.311896726956D0,               997P   2230
-1.074718244613D2,-7.887427774782D1,-2.311896726956D0,               997P   2231
-1.025281755387D2,-7.887427774782D1,-9.681032730443D-1,              997P   2232
-1.022818501376D2,-7.724748279303D1,-9.681032730443D-1,              997P   2233
-1.033546617284D2,-7.6D1,-9.681032730443D-1,-1.05D2,-7.6D1,          997P   2234
-9.681032730443D-1,-1.066453382716D2,-7.6D1,-9.681032730443D-1,      997P   2235
-1.077181498624D2,-7.724748279303D1,-9.681032730443D-1,              997P   2236
-1.074718244613D2,-7.887427774782D1,-9.681032730443D-1,              997P   2237
-1.025281755387D2,-7.887427774782D1,3.756901808672D-1,               997P   2238
-1.022818501376D2,-7.724748279303D1,3.756901808672D-1,               997P   2239
-1.033546617284D2,-7.6D1,3.756901808672D-1,-1.05D2,-7.6D1,           997P   2240
3.756901808672D-1,-1.066453382716D2,-7.6D1,3.756901808672D-1,        997P   2241
-1.077181498624D2,-7.724748279303D1,3.756901808672D-1,               997P   2242
-1.074718244613D2,-7.887427774782D1,3.756901808672D-1,0D0,2D0,       997P   2243
-3.655690180867D0,3.756901808672D-1;                                 997P   2244
508,4,0,871,23,1,0,0,871,48,0,0,0,871,35,0,0,0,871,47,1,0;           999P   2245
510,997,1,0,999;                                                    1001P   2246
128,6,3,3,3,0,0,0,0,0,0D0,0D0,0D0,0D0,1D0,1D0,1D0,2D0,2D0,2D0,      1003P   2247
2D0,-3.655690180867D0,-3.655690180867D0,-3.655690180867D0,          1003P   2248
-3.655690180867D0,3.756901808672D-1,3.756901808672D-1,              1003P   2249
3.756901808672D-1,3.756901808672D-1,1.210631021058D0,               1003P   2250
9.297896596472D-1,9.297896596473D-1,1.210631021058D0,               1003P   2251
9.297896596473D-1,9.297896596472D-1,1.210631021058D0,               1003P   2252
1.210631021058D0,9.297896596472D-1,9.297896596473D-1,               1003P   2253
1.210631021058D0,9.297896596473D-1,9.297896596472D-1,               1003P   2254
1.210631021058D0,1.210631021058D0,9.297896596472D-1,                1003P   2255
9.297896596473D-1,1.210631021058D0,9.297896596473D-1,               1003P   2256
9.297896596472D-1,1.210631021058D0,1.210631021058D0,                1003P   2257
9.297896596472D-1,9.297896596473D-1,1.210631021058D0,               1003P   2258
9.297896596473D-1,9.297896596472D-1,1.210631021058D0,               1003P   2259
-1.074718244613D2,-7.812572225218D1,-3.655690180867D0,              1003P   2260
-1.077181498624D2,-7.975251720697D1,-3.655690180867D0,              1003P   2261
-1.066453382716D2,-8.1D1,-3.655690180867D0,-1.05D2,-8.1D1,          1003P   2262
-3.655690180867D0,-1.033546617284D2,-8.1D1,-3.655690180867D0,       1003P   2263
-1.022818501376D2,-7.975251720697D1,-3.655690180867D0,              1003P   2264
-1.025281755387D2,-7.812572225218D1,-3.655690180867D0,              1003P   2265
-1.074718244613D2,-7.812572225218D1,-2.311896726956D0,              1003P   2266
-1.077181498624D2,-7.975251720697D1,-2.311896726956D0,              1003P   2267
-1.066453382716D2,-8.1D1,-2.311896726956D0,-1.05D2,-8.1D1,          1003P   2268
-2.311896726956D0,-1.033546617284D2,-8.1D1,-2.311896726956D0,       1003P   2269
-1.022818501376D2,-7.975251720697D1,-2.311896726956D0,              1003P   2270
-1.025281755387D2,-7.812572225218D1,-2.311896726956D0,              1003P   2271
-1.074718244613D2,-7.812572225218D1,-9.681032730443D-1,             1003P   2272
-1.077181498624D2,-7.975251720697D1,-9.681032730443D-1,             1003P   2273
-1.066453382716D2,-8.1D1,-9.681032730443D-1,-1.05D2,-8.1D1,         1003P   2274
-9.681032730443D-1,-1.033546617284D2,-8.1D1,-9.681032730443D-1,     1003P   2275
-1.022818501376D2,-7.975251720697D1,-9.681032730443D-1,             1003P   2276
-1.025281755387D2,-7.812572225218D1,-9.681032730443D-1,             1003P   2277
-1.074718244613D2,-7.812572225218D1,3.756901808672D-1,              1003P   2278
-1.077181498624D2,-7.975251720697D1,3.756901808672D-1,              1003P   2279
-1.066453382716D2,-8.1D1,3.756901808672D-1,-1.05D2,-8.1D1,          1003P   2280
3.756901808672D-1,-1.033546617284D2,-8.1D1,3.756901808672D-1,       1003P   2281
-1.022818501376D2,-7.975251720697D1,3.756901808672D-1,              1003P   2282
-1.025281755387D2,-7.812572225218D1,3.756901808672D-1,0D0,2D0,      1003P   2283
-3.655690180867D0,3.756901808672D-1;                                1003P   2284
508,4,0,871,24,1,0,0,871,47,0,0,0,871,36,0,0,0,871,48,1,0;          1005P   2285
510,1003,1,0,1005;                                                  1007P   2286
128,3,3,3,3,0,0,0,0,0,0D0,0D0,0D0,0D0,1D0,1D0,1D0,1D0,              1009P   2287
5.968245819133D0,5.968245819133D0,5.968245819133D0,                 1009P   2288
5.968245819133D0,9.999626180867D0,9.999626180867D0,                 1009P   2289
9.999626180867D0,9.999626180867D0,1.210631021058D0,                 1009P   2290
9.297896596473D-1,9.297896596472D-1,1.210631021058D0,               1009P   2291
1.210631021058D0,9.297896596473D-1,9.297896596472D-1,               1009P   2292
1.210631021058D0,1.210631021058D0,9.297896596473D-1,                1009P   2293
9.297896596472D-1,1.210631021058D0,1.210631021058D0,                1009P   2294
9.297896596473D-1,9.297896596472D-1,1.210631021058D0,               1009P   2295
-1.129858923280D2,8.112466322656D1,3.756901808672D-1,               1009P   2296
-1.132329147112D2,8.440605501279D1,3.756901808672D-1,               1009P   2297
-1.109060550128D2,8.673291471125D1,3.756901808672D-1,               1009P   2298
-1.076246632266D2,8.648589232801D1,3.756901808672D-1,               1009P   2299
-1.129858923280D2,8.112466322656D1,-9.681032730443D-1,              1009P   2300
-1.132329147112D2,8.440605501279D1,-9.681032730443D-1,              1009P   2301
-1.109060550128D2,8.673291471125D1,-9.681032730443D-1,              1009P   2302
-1.076246632266D2,8.648589232801D1,-9.681032730443D-1,              1009P   2303
-1.129858923280D2,8.112466322656D1,-2.311896726956D0,               1009P   2304
-1.132329147112D2,8.440605501279D1,-2.311896726956D0,               1009P   2305
-1.109060550128D2,8.673291471125D1,-2.311896726956D0,               1009P   2306
-1.076246632266D2,8.648589232801D1,-2.311896726956D0,               1009P   2307
-1.129858923280D2,8.112466322656D1,-3.655690180867D0,               1009P   2308
-1.132329147112D2,8.440605501279D1,-3.655690180867D0,               1009P   2309
-1.109060550128D2,8.673291471125D1,-3.655690180867D0,               1009P   2310
-1.076246632266D2,8.648589232801D1,-3.655690180867D0,0D0,1D0,       1009P   2311
5.968245819133D0,9.999626180867D0;                                  1009P   2312
508,4,0,871,49,1,0,0,871,50,0,0,0,871,51,1,0,0,871,52,1,0;          1011P   2313
510,1009,1,0,1011;                                                  1013P   2314
128,1,1,1,1,0,0,1,0,0,6.8D-1,6.8D-1,2.2532D2,2.2532D2,              1015P   2315
-3.756901808672D-1,-3.756901808672D-1,3.655690180867D0,             1015P   2316
3.655690180867D0,1D0,1D0,1D0,1D0,1.1232D2,8.65D1,                   1015P   2317
-3.655690180867D0,-1.1232D2,8.65D1,-3.655690180867D0,1.1232D2,      1015P   2318
8.65D1,3.756901808672D-1,-1.1232D2,8.65D1,3.756901808672D-1,        1015P   2319
6.8D-1,2.2532D2,-3.756901808672D-1,3.655690180867D0;                1015P   2320
508,4,0,871,50,1,0,0,871,68,0,0,0,871,56,0,0,0,871,72,1,0;          1017P   2321
510,1015,1,0,1017;                                                  1019P   2322
128,3,3,3,3,0,0,0,0,0,0D0,0D0,0D0,0D0,1D0,1D0,1D0,1D0,              1021P   2323
5.968245819133D0,5.968245819133D0,5.968245819133D0,                 1021P   2324
5.968245819133D0,9.999626180867D0,9.999626180867D0,                 1021P   2325
9.999626180867D0,9.999626180867D0,1.210631021058D0,                 1021P   2326
9.297896596473D-1,9.297896596472D-1,1.210631021058D0,               1021P   2327
1.210631021058D0,9.297896596473D-1,9.297896596472D-1,               1021P   2328
1.210631021058D0,1.210631021058D0,9.297896596473D-1,                1021P   2329
9.297896596472D-1,1.210631021058D0,1.210631021058D0,                1021P   2330
9.297896596473D-1,9.297896596472D-1,1.210631021058D0,               1021P   2331
1.076246632266D2,8.648589232801D1,3.756901808672D-1,                1021P   2332
1.109060550128D2,8.673291471125D1,3.756901808672D-1,                1021P   2333
1.132329147112D2,8.440605501279D1,3.756901808672D-1,                1021P   2334
1.129858923280D2,8.112466322656D1,3.756901808672D-1,                1021P   2335
1.076246632266D2,8.648589232801D1,-9.681032730443D-1,               1021P   2336
1.109060550128D2,8.673291471125D1,-9.681032730443D-1,               1021P   2337
1.132329147112D2,8.440605501279D1,-9.681032730443D-1,               1021P   2338
1.129858923280D2,8.112466322656D1,-9.681032730443D-1,               1021P   2339
1.076246632266D2,8.648589232801D1,-2.311896726956D0,                1021P   2340
1.109060550128D2,8.673291471125D1,-2.311896726956D0,                1021P   2341
1.132329147112D2,8.440605501279D1,-2.311896726956D0,                1021P   2342
1.129858923280D2,8.112466322656D1,-2.311896726956D0,                1021P   2343
1.076246632266D2,8.648589232801D1,-3.655690180867D0,                1021P   2344
1.109060550128D2,8.673291471125D1,-3.655690180867D0,                1021P   2345
1.132329147112D2,8.440605501279D1,-3.655690180867D0,                1021P   2346
1.129858923280D2,8.112466322656D1,-3.655690180867D0,0D0,1D0,        1021P   2347
5.968245819133D0,9.999626180867D0;                                  1021P   2348
508,4,0,871,53,1,0,0,871,54,0,0,0,871,55,1,0,0,871,56,1,0;          1023P   2349
510,1021,1,0,1023;                                                  1025P   2350
128,1,1,1,1,0,0,1,0,0,1.74D0,1.74D0,1.7126D2,1.7126D2,              1027P   2351
-3.756901808672D-1,-3.756901808672D-1,3.655690180867D0,             1027P   2352
3.655690180867D0,1D0,1D0,1D0,1D0,1.13D2,-8.476D1,                   1027P   2353
-3.655690180867D0,1.13D2,8.476D1,-3.655690180867D0,1.13D2,          1027P   2354
-8.476D1,3.756901808672D-1,1.13D2,8.476D1,3.756901808672D-1,        1027P   2355
1.74D0,1.7126D2,-3.756901808672D-1,3.655690180867D0;                1027P   2356
508,4,0,871,54,1,0,0,871,67,0,0,0,871,60,0,0,0,871,71,1,0;          1029P   2357
510,1027,1,0,1029;                                                  1031P   2358
128,3,3,3,3,0,0,0,0,0,0D0,0D0,0D0,0D0,1D0,1D0,1D0,1D0,              1033P   2359
5.968245819133D0,5.968245819133D0,5.968245819133D0,                 1033P   2360
5.968245819133D0,9.999626180867D0,9.999626180867D0,                 1033P   2361
9.999626180867D0,9.999626180867D0,1.210631021058D0,                 1033P   2362
9.297896596473D-1,9.297896596472D-1,1.210631021058D0,               1033P   2363
1.210631021058D0,9.297896596473D-1,9.297896596472D-1,               1033P   2364
1.210631021058D0,1.210631021058D0,9.297896596473D-1,                1033P   2365
9.297896596472D-1,1.210631021058D0,1.210631021058D0,                1033P   2366
9.297896596473D-1,9.297896596472D-1,1.210631021058D0,               1033P   2367
1.129858923280D2,-8.112466322656D1,3.756901808672D-1,               1033P   2368
1.132329147112D2,-8.440605501279D1,3.756901808672D-1,               1033P   2369
1.109060550128D2,-8.673291471125D1,3.756901808672D-1,               1033P   2370
1.076246632266D2,-8.648589232801D1,3.756901808672D-1,               1033P   2371
1.129858923280D2,-8.112466322656D1,-9.681032730443D-1,              1033P   2372
1.132329147112D2,-8.440605501279D1,-9.681032730443D-1,              1033P   2373
1.109060550128D2,-8.673291471125D1,-9.681032730443D-1,              1033P   2374
1.076246632266D2,-8.648589232801D1,-9.681032730443D-1,              1033P   2375
1.129858923280D2,-8.112466322656D1,-2.311896726956D0,               1033P   2376
1.132329147112D2,-8.440605501279D1,-2.311896726956D0,               1033P   2377
1.109060550128D2,-8.673291471125D1,-2.311896726956D0,               1033P   2378
1.076246632266D2,-8.648589232801D1,-2.311896726956D0,               1033P   2379
1.129858923280D2,-8.112466322656D1,-3.655690180867D0,               1033P   2380
1.132329147112D2,-8.440605501279D1,-3.655690180867D0,               1033P   2381
1.109060550128D2,-8.673291471125D1,-3.655690180867D0,               1033P   2382
1.076246632266D2,-8.648589232801D1,-3.655690180867D0,0D0,1D0,       1033P   2383
5.968245819133D0,9.999626180867D0;                                  1033P   2384
508,4,0,871,57,1,0,0,871,58,0,0,0,871,59,1,0,0,871,60,1,0;          1035P   2385
510,1033,1,0,1035;                                                  1037P   2386
128,1,1,1,1,0,0,1,0,0,6.8D-1,6.8D-1,2.2532D2,2.2532D2,              1039P   2387
-3.756901808672D-1,-3.756901808672D-1,3.655690180867D0,             1039P   2388
3.655690180867D0,1D0,1D0,1D0,1D0,-1.1232D2,-8.65D1,                 1039P   2389
-3.655690180867D0,1.1232D2,-8.65D1,-3.655690180867D0,-1.1232D2,     1039P   2390
-8.65D1,3.756901808672D-1,1.1232D2,-8.65D1,3.756901808672D-1,       1039P   2391
6.8D-1,2.2532D2,-3.756901808672D-1,3.655690180867D0;                1039P   2392
508,4,0,871,58,1,0,0,871,66,0,0,0,871,64,0,0,0,871,70,1,0;          1041P   2393
510,1039,1,0,1041;                                                  1043P   2394
128,3,3,3,3,0,0,0,0,0,0D0,0D0,0D0,0D0,1D0,1D0,1D0,1D0,              1045P   2395
5.968245819133D0,5.968245819133D0,5.968245819133D0,                 1045P   2396
5.968245819133D0,9.999626180867D0,9.999626180867D0,                 1045P   2397
9.999626180867D0,9.999626180867D0,1.210631021058D0,                 1045P   2398
9.297896596472D-1,9.297896596472D-1,1.210631021058D0,               1045P   2399
1.210631021058D0,9.297896596472D-1,9.297896596472D-1,               1045P   2400
1.210631021058D0,1.210631021058D0,9.297896596472D-1,                1045P   2401
9.297896596472D-1,1.210631021058D0,1.210631021058D0,                1045P   2402
9.297896596472D-1,9.297896596472D-1,1.210631021058D0,               1045P   2403
-1.076246632266D2,-8.648589232801D1,3.756901808672D-1,              1045P   2404
-1.109060550128D2,-8.673291471125D1,3.756901808672D-1,              1045P   2405
-1.132329147112D2,-8.440605501279D1,3.756901808672D-1,              1045P   2406
-1.129858923280D2,-8.112466322656D1,3.756901808672D-1,              1045P   2407
-1.076246632266D2,-8.648589232801D1,-9.681032730443D-1,             1045P   2408
-1.109060550128D2,-8.673291471125D1,-9.681032730443D-1,             1045P   2409
-1.132329147112D2,-8.440605501279D1,-9.681032730443D-1,             1045P   2410
-1.129858923280D2,-8.112466322656D1,-9.681032730443D-1,             1045P   2411
-1.076246632266D2,-8.648589232801D1,-2.311896726956D0,              1045P   2412
-1.109060550128D2,-8.673291471125D1,-2.311896726956D0,              1045P   2413
-1.132329147112D2,-8.440605501279D1,-2.311896726956D0,              1045P   2414
-1.129858923280D2,-8.112466322656D1,-2.311896726956D0,              1045P   2415
-1.076246632266D2,-8.648589232801D1,-3.655690180867D0,              1045P   2416
-1.109060550128D2,-8.673291471125D1,-3.655690180867D0,              1045P   2417
-1.132329147112D2,-8.440605501279D1,-3.655690180867D0,              1045P   2418
-1.129858923280D2,-8.112466322656D1,-3.655690180867D0,0D0,1D0,      1045P   2419
5.968245819133D0,9.999626180867D0;                                  1045P   2420
508,4,0,871,61,1,0,0,871,62,0,0,0,871,63,1,0,0,871,64,1,0;          1047P   2421
510,1045,1,0,1047;                                                  1049P   2422
128,1,1,1,1,0,0,1,0,0,1.74D0,1.74D0,1.7126D2,1.7126D2,              1051P   2423
-3.756901808672D-1,-3.756901808672D-1,3.655690180867D0,             1051P   2424
3.655690180867D0,1D0,1D0,1D0,1D0,-1.13D2,8.476D1,                   1051P   2425
-3.655690180867D0,-1.13D2,-8.476D1,-3.655690180867D0,-1.13D2,       1051P   2426
8.476D1,3.756901808672D-1,-1.13D2,-8.476D1,3.756901808672D-1,       1051P   2427
1.74D0,1.7126D2,-3.756901808672D-1,3.655690180867D0;                1051P   2428
508,4,0,871,52,0,0,0,871,69,1,0,0,871,62,1,0,0,871,65,0,0;          1053P   2429
510,1051,1,0,1053;                                                  1055P   2430
514,26,891,0,897,1,903,1,909,1,915,1,935,1,941,0,947,0,953,0,       1057P   2431
959,0,965,0,971,0,977,0,983,0,989,0,995,0,1001,0,1007,0,1013,1,     1057P   2432
1019,1,1025,1,1031,1,1037,1,1043,1,1049,1,1055,1;                   1057P   2433
186,1057,1,0;                                                       1059P   2434
406,1,14H0_COMPONENTS_1;                                            1061P   2435
402,420,55,57,61,63,67,69,73,75,79,83,87,91,95,99,103,107,111,      1063P   2436
115,119,123,125,127,129,131,133,135,137,139,141,143,145,147,151,    1063P   2437
153,157,159,163,165,169,171,175,179,183,187,191,195,199,203,207,    1063P   2438
211,215,219,221,223,225,227,229,231,235,237,241,243,245,247,251,    1063P   2439
253,257,259,261,263,267,269,273,275,277,279,283,285,289,291,293,    1063P   2440
295,299,301,305,307,309,311,315,317,321,323,325,327,331,335,337,    1063P   2441
339,343,347,349,351,355,359,361,363,367,371,373,375,377,379,381,    1063P   2442
383,385,387,389,391,393,395,397,399,401,403,405,407,409,411,413,    1063P   2443
415,417,419,421,423,425,427,429,431,433,435,437,439,441,443,445,    1063P   2444
447,449,451,453,455,457,459,461,463,465,467,469,471,473,475,477,    1063P   2445
479,481,483,485,487,489,491,493,495,497,499,501,503,505,507,509,    1063P   2446
511,513,515,517,519,521,523,525,527,529,531,533,535,537,539,541,    1063P   2447
543,545,547,549,551,553,555,557,559,561,563,565,567,569,571,573,    1063P   2448
575,577,579,581,583,585,587,589,591,593,595,597,599,601,603,605,    1063P   2449
607,609,611,613,615,617,619,621,623,625,627,629,631,633,635,637,    1063P   2450
639,641,643,645,647,649,651,653,655,657,659,661,663,665,667,671,    1063P   2451
675,679,683,687,691,695,699,703,707,711,715,719,721,725,727,731,    1063P   2452
733,737,739,741,743,745,747,749,751,753,755,759,763,767,771,775,    1063P   2453
779,783,787,791,795,799,803,807,809,813,815,819,821,825,827,829,    1063P   2454
831,833,835,837,839,841,843,845,847,849,851,853,855,857,859,861,    1063P   2455
863,865,867,869,871,873,875,877,879,881,883,885,887,889,891,893,    1063P   2456
895,897,899,901,903,905,907,909,911,913,915,917,919,921,923,925,    1063P   2457
927,929,931,933,935,937,939,941,943,945,947,949,951,953,955,957,    1063P   2458
959,961,963,965,967,969,971,973,975,977,979,981,983,985,987,989,    1063P   2459
991,993,995,997,999,1001,1003,1005,1007,1009,1011,1013,1015,        1063P   2460
1017,1019,1021,1023,1025,1027,1029,1031,1033,1035,1037,1039,        1063P   2461
1041,1043,1045,1047,1049,1051,1053,1055,1057,1059,0,1,1061;         1063P   2462
406,1,12H31_6G801_001;                                              1065P   2463
402,252,55,57,61,63,67,69,73,75,79,83,87,91,95,99,103,107,111,      1067P   2464
115,119,123,125,127,129,131,133,135,137,139,141,143,145,147,151,    1067P   2465
153,157,159,163,165,169,171,175,179,183,187,191,195,199,203,207,    1067P   2466
211,215,219,221,223,225,227,229,231,235,237,241,243,245,247,251,    1067P   2467
253,257,259,261,263,267,269,273,275,277,279,283,285,289,291,293,    1067P   2468
295,299,301,305,307,309,311,315,317,321,323,325,327,331,335,337,    1067P   2469
339,343,347,349,351,355,359,361,363,367,371,373,375,377,379,381,    1067P   2470
383,385,387,389,391,393,395,397,399,401,403,405,407,409,411,413,    1067P   2471
415,417,419,421,423,425,427,429,431,433,435,437,439,441,443,445,    1067P   2472
447,449,451,453,455,457,459,461,463,465,467,469,471,473,475,477,    1067P   2473
479,481,483,485,487,489,491,493,495,497,499,501,503,505,507,509,    1067P   2474
511,513,515,517,519,521,523,525,527,529,531,533,535,537,539,541,    1067P   2475
543,545,547,549,551,553,555,557,559,561,563,565,567,569,571,573,    1067P   2476
575,577,579,581,583,585,587,589,591,593,595,597,599,601,603,605,    1067P   2477
607,609,611,613,615,617,619,621,623,625,627,629,631,633,635,637,    1067P   2478
639,641,643,645,647,649,651,653,655,657,659,0,1,1065;               1067P   2479
406,1,12H47_6G813_001;                                              1069P   2480
402,168,661,663,665,667,671,675,679,683,687,691,695,699,703,707,    1071P   2481
711,715,719,721,725,727,731,733,737,739,741,743,745,747,749,751,    1071P   2482
753,755,759,763,767,771,775,779,783,787,791,795,799,803,807,809,    1071P   2483
813,815,819,821,825,827,829,831,833,835,837,839,841,843,845,847,    1071P   2484
849,851,853,855,857,859,861,863,865,867,869,871,873,875,877,879,    1071P   2485
881,883,885,887,889,891,893,895,897,899,901,903,905,907,909,911,    1071P   2486
913,915,917,919,921,923,925,927,929,931,933,935,937,939,941,943,    1071P   2487
945,947,949,951,953,955,957,959,961,963,965,967,969,971,973,975,    1071P   2488
977,979,981,983,985,987,989,991,993,995,997,999,1001,1003,1005,     1071P   2489
1007,1009,1011,1013,1015,1017,1019,1021,1023,1025,1027,1029,        1071P   2490
1031,1033,1035,1037,1039,1041,1043,1045,1047,1049,1051,1053,        1071P   2491
1055,1057,1059,0,1,1069;                                            1071P   2492
124,0D0,1D0,0D0,4.8D1,-1D0,0D0,0D0,6.398005696251D1,0D0,0D0,1D0,    1073P   2493
0D0;                                                                1073P   2494
100,0D0,0D0,0D0,1D0,0D0,0D0,1D0;                                    1075P   2495
110,4.8D1,6.298005696251D1,0D0,-4.8D1,6.298005696251D1,             1077P   2496
-1.184216398816D-14;                                                1077P   2497
124,-1D0,0D0,0D0,-4.8D1,0D0,-1D0,0D0,6.398005696251D1,0D0,0D0,      1079P   2498
1D0,-1.176836406103D-14;                                            1079P   2499
100,0D0,0D0,0D0,1D0,0D0,0D0,1D0;                                    1081P   2500
110,-4.9D1,6.398005696251D1,-1.200670376061D-14,-4.9D1,             1083P   2501
6.998005696251D1,-1.199782197641D-14;                               1083P   2502
124,0D0,-1D0,0D0,-4.8D1,1D0,0D0,0D0,6.998005696251D1,0D0,0D0,       1085P   2503
1D0,-1.176836406103D-14;                                            1085P   2504
100,0D0,0D0,0D0,1D0,0D0,0D0,1D0;                                    1087P   2505
110,-4.8D1,7.098005696251D1,-1.184216398816D-14,4.8D1,              1089P   2506
7.098005696251D1,0D0;                                               1089P   2507
124,1D0,0D0,0D0,4.8D1,0D0,1D0,0D0,6.998005696251D1,0D0,0D0,1D0,     1091P   2508
0D0;                                                                1091P   2509
100,0D0,0D0,0D0,1D0,0D0,0D0,1D0;                                    1093P   2510
110,4.9D1,6.998005696251D1,0D0,4.9D1,6.398005696251D1,0D0;          1095P   2511
110,4.9D1,6.398005696251D1,-6D-2,4.9D1,6.398005696251D1,0D0;        1097P   2512
110,4.9D1,6.998005696251D1,-6D-2,4.9D1,6.998005696251D1,0D0;        1099P   2513
110,4.8D1,7.098005696251D1,-6D-2,4.8D1,7.098005696251D1,0D0;        1101P   2514
110,-4.8D1,7.098005696251D1,-6.000000000001D-2,-4.8D1,              1103P   2515
7.098005696251D1,-1.184216398816D-14;                               1103P   2516
110,-4.9D1,6.398005696251D1,-6.000000000001D-2,-4.9D1,              1105P   2517
6.398005696251D1,-1.200670376061D-14;                               1105P   2518
110,-4.9D1,6.998005696251D1,-6.000000000001D-2,-4.9D1,              1107P   2519
6.998005696251D1,-1.199782197641D-14;                               1107P   2520
110,4.8D1,6.298005696251D1,-6D-2,4.8D1,6.298005696251D1,0D0;        1109P   2521
110,-4.8D1,6.298005696251D1,-6.000000000001D-2,-4.8D1,              1111P   2522
6.298005696251D1,-1.184216398816D-14;                               1111P   2523
124,1D0,0D0,0D0,4.8D1,0D0,-1D0,0D0,6.398005696251D1,0D0,0D0,        1113P   2524
-1D0,-6D-2;                                                         1113P   2525
100,0D0,0D0,0D0,1D0,0D0,0D0,1D0;                                    1115P   2526
110,4.9D1,6.998005696251D1,-6D-2,4.9D1,6.398005696251D1,-6D-2;      1117P   2527
124,0D0,1D0,0D0,4.8D1,1D0,0D0,0D0,6.998005696251D1,0D0,0D0,-1D0,    1119P   2528
-6D-2;                                                              1119P   2529
100,0D0,0D0,0D0,1D0,0D0,0D0,1D0;                                    1121P   2530
110,-4.8D1,7.098005696251D1,-6.000000000001D-2,4.8D1,               1123P   2531
7.098005696251D1,-6D-2;                                             1123P   2532
124,-1D0,0D0,0D0,-4.8D1,0D0,1D0,0D0,6.998005696251D1,0D0,0D0,       1125P   2533
-1D0,-6.000000000001D-2;                                            1125P   2534
100,0D0,0D0,0D0,1D0,0D0,0D0,1D0;                                    1127P   2535
110,-4.9D1,6.398005696251D1,-6.000000000001D-2,-4.9D1,              1129P   2536
6.998005696251D1,-6.000000000001D-2;                                1129P   2537
124,0D0,-1D0,0D0,-4.8D1,-1D0,0D0,0D0,6.398005696251D1,0D0,0D0,      1131P   2538
-1D0,-6.000000000001D-2;                                            1131P   2539
100,0D0,0D0,0D0,1D0,0D0,0D0,1D0;                                    1133P   2540
110,4.8D1,6.298005696251D1,-6D-2,-4.8D1,6.298005696251D1,           1135P   2541
-6.000000000001D-2;                                                 1135P   2542
502,16,4.8D1,6.298005696251D1,0D0,4.9D1,6.398005696251D1,0D0,       1137P   2543
4.9D1,6.398005696251D1,-6D-2,4.8D1,6.298005696251D1,-6D-2,4.9D1,    1137P   2544
6.998005696251D1,0D0,4.8D1,7.098005696251D1,0D0,4.8D1,              1137P   2545
7.098005696251D1,-6D-2,4.9D1,6.998005696251D1,-6D-2,-4.9D1,         1137P   2546
6.398005696251D1,-1.189082874094D-14,-4.8D1,6.298005696251D1,       1137P   2547
-1.176836406103D-14,-4.8D1,6.298005696251D1,-6.000000000001D-2,     1137P   2548
-4.9D1,6.398005696251D1,-6.000000000001D-2,-4.8D1,                  1137P   2549
7.098005696251D1,-1.176836406103D-14,-4.9D1,6.998005696251D1,       1137P   2550
-1.189082874094D-14,-4.9D1,6.998005696251D1,-6.000000000001D-2,     1137P   2551
-4.8D1,7.098005696251D1,-6.000000000001D-2;                         1137P   2552
504,24,1075,1137,1,1137,2,1097,1137,3,1137,2,1115,1137,3,1137,4,    1139P   2553
1109,1137,4,1137,1,1093,1137,5,1137,6,1101,1137,7,1137,6,1121,      1139P   2554
1137,7,1137,8,1099,1137,8,1137,5,1081,1137,9,1137,10,1111,1137,     1139P   2555
11,1137,10,1133,1137,11,1137,12,1105,1137,12,1137,9,1087,1137,      1139P   2556
13,1137,14,1107,1137,15,1137,14,1127,1137,15,1137,16,1103,1137,     1139P   2557
16,1137,13,1095,1137,5,1137,2,1077,1137,1,1137,10,1083,1137,9,      1139P   2558
1137,14,1089,1137,13,1137,6,1117,1137,8,1137,3,1135,1137,4,1137,    1139P   2559
11,1129,1137,12,1137,15,1123,1137,16,1137,7;                        1139P   2560
128,1,1,1,1,0,0,1,0,0,-1.96D0,-1.96D0,9.996D1,9.996D1,-8.16D0,      1141P   2561
-8.16D0,1.6D-1,1.6D-1,1D0,1D0,1D0,1D0,5.096D1,6.282005696251D1,     1141P   2562
0D0,-5.096D1,6.282005696251D1,-1.224155940428D-14,5.096D1,          1141P   2563
7.114005696251D1,0D0,-5.096D1,7.114005696251D1,                     1141P   2564
-1.224155940428D-14,-1.96D0,9.996D1,-8.16D0,1.6D-1;                 1141P   2565
508,8,0,1139,1,0,0,0,1139,18,1,0,0,1139,9,0,0,0,1139,19,1,0,0,      1143P   2566
1139,13,0,0,0,1139,20,1,0,0,1139,5,0,0,0,1139,17,1,0;               1143P   2567
510,1141,1,0,1143;                                                  1145P   2568
128,3,3,3,3,0,0,0,0,0,0D0,0D0,0D0,0D0,1D0,1D0,1D0,1D0,              1147P   2569
1.207272D0,1.207272D0,1.207272D0,1.207272D0,1.269672D0,             1147P   2570
1.269672D0,1.269672D0,1.269672D0,1.235367521844D0,                  1147P   2571
9.215441593852D-1,9.215441593852D-1,1.235367521844D0,               1147P   2572
1.235367521844D0,9.215441593852D-1,9.215441593852D-1,               1147P   2573
1.235367521844D0,1.235367521844D0,9.215441593852D-1,                1147P   2574
9.215441593852D-1,1.235367521844D0,1.235367521844D0,                1147P   2575
9.215441593852D-1,9.215441593852D-1,1.235367521844D0,               1147P   2576
4.788228237887D1,6.298700985301D1,-6.12D-2,4.857933522473D1,        1147P   2577
6.290437993341D1,-6.12D-2,4.907567702909D1,6.340072173778D1,        1147P   2578
-6.12D-2,4.899304710949D1,6.409777458364D1,-6.12D-2,                1147P   2579
4.788228237887D1,6.298700985301D1,-4.04D-2,4.857933522473D1,        1147P   2580
6.290437993341D1,-4.04D-2,4.907567702909D1,6.340072173778D1,        1147P   2581
-4.04D-2,4.899304710949D1,6.409777458364D1,-4.04D-2,                1147P   2582
4.788228237887D1,6.298700985301D1,-1.96D-2,4.857933522473D1,        1147P   2583
6.290437993341D1,-1.96D-2,4.907567702909D1,6.340072173778D1,        1147P   2584
-1.96D-2,4.899304710949D1,6.409777458364D1,-1.96D-2,                1147P   2585
4.788228237887D1,6.298700985301D1,1.2D-3,4.857933522473D1,          1147P   2586
6.290437993341D1,1.2D-3,4.907567702909D1,6.340072173778D1,          1147P   2587
1.2D-3,4.899304710949D1,6.409777458364D1,1.2D-3,0D0,1D0,            1147P   2588
1.207272D0,1.269672D0;                                              1147P   2589
508,4,0,1139,1,1,0,0,1139,2,0,0,0,1139,3,1,0,0,1139,4,1,0;          1149P   2590
510,1147,1,0,1149;                                                  1151P   2591
128,1,1,1,1,0,0,1,0,0,8.8D-1,8.8D-1,7.12D0,7.12D0,-1.2D-3,          1153P   2592
-1.2D-3,6.12D-2,6.12D-2,1D0,1D0,1D0,1D0,4.9D1,7.010005696251D1,     1153P   2593
1.2D-3,4.9D1,6.386005696251D1,1.2D-3,4.9D1,7.010005696251D1,        1153P   2594
-6.12D-2,4.9D1,6.386005696251D1,-6.12D-2,8.8D-1,7.12D0,-1.2D-3,     1153P   2595
6.12D-2;                                                            1153P   2596
508,4,0,1139,2,1,0,0,1139,17,0,0,0,1139,8,0,0,0,1139,21,1,0;        1155P   2597
510,1153,1,0,1155;                                                  1157P   2598
128,3,3,3,3,0,0,0,0,0,0D0,0D0,0D0,0D0,1D0,1D0,1D0,1D0,              1159P   2599
1.207272D0,1.207272D0,1.207272D0,1.207272D0,1.269672D0,             1159P   2600
1.269672D0,1.269672D0,1.269672D0,1.235367521844D0,                  1159P   2601
9.215441593852D-1,9.215441593852D-1,1.235367521844D0,               1159P   2602
1.235367521844D0,9.215441593852D-1,9.215441593852D-1,               1159P   2603
1.235367521844D0,1.235367521844D0,9.215441593852D-1,                1159P   2604
9.215441593852D-1,1.235367521844D0,1.235367521844D0,                1159P   2605
9.215441593852D-1,9.215441593852D-1,1.235367521844D0,               1159P   2606
4.899304710949D1,6.986233934138D1,-6.12D-2,4.907567702909D1,        1159P   2607
7.055939218723D1,-6.12D-2,4.857933522473D1,7.105573399160D1,        1159P   2608
-6.12D-2,4.788228237887D1,7.097310407200D1,-6.12D-2,                1159P   2609
4.899304710949D1,6.986233934138D1,-4.04D-2,4.907567702909D1,        1159P   2610
7.055939218723D1,-4.04D-2,4.857933522473D1,7.105573399160D1,        1159P   2611
-4.04D-2,4.788228237887D1,7.097310407200D1,-4.04D-2,                1159P   2612
4.899304710949D1,6.986233934138D1,-1.96D-2,4.907567702909D1,        1159P   2613
7.055939218723D1,-1.96D-2,4.857933522473D1,7.105573399160D1,        1159P   2614
-1.96D-2,4.788228237887D1,7.097310407200D1,-1.96D-2,                1159P   2615
4.899304710949D1,6.986233934138D1,1.2D-3,4.907567702909D1,          1159P   2616
7.055939218723D1,1.2D-3,4.857933522473D1,7.105573399160D1,          1159P   2617
1.2D-3,4.788228237887D1,7.097310407200D1,1.2D-3,0D0,1D0,            1159P   2618
1.207272D0,1.269672D0;                                              1159P   2619
508,4,0,1139,5,1,0,0,1139,6,0,0,0,1139,7,1,0,0,1139,8,1,0;          1161P   2620
510,1159,1,0,1161;                                                  1163P   2621
128,1,1,1,1,0,0,1,0,0,-9.2D-1,-9.2D-1,9.892D1,9.892D1,-1.2D-3,      1165P   2622
-1.2D-3,6.12D-2,6.12D-2,1D0,1D0,1D0,1D0,-4.992D1,                   1165P   2623
7.098005696251D1,1.199999999988D-3,4.992D1,7.098005696251D1,        1165P   2624
1.2D-3,-4.992D1,7.098005696251D1,-6.120000000001D-2,4.992D1,        1165P   2625
7.098005696251D1,-6.12D-2,-9.2D-1,9.892D1,-1.2D-3,6.12D-2;          1165P   2626
508,4,0,1139,6,1,0,0,1139,20,0,0,0,1139,16,0,0,0,1139,24,1,0;       1167P   2627
510,1165,1,0,1167;                                                  1169P   2628
128,3,3,3,3,0,0,0,0,0,0D0,0D0,0D0,0D0,1D0,1D0,1D0,1D0,              1171P   2629
1.207272D0,1.207272D0,1.207272D0,1.207272D0,1.269672D0,             1171P   2630
1.269672D0,1.269672D0,1.269672D0,1.235367521844D0,                  1171P   2631
9.215441593852D-1,9.215441593852D-1,1.235367521844D0,               1171P   2632
1.235367521844D0,9.215441593852D-1,9.215441593852D-1,               1171P   2633
1.235367521844D0,1.235367521844D0,9.215441593852D-1,                1171P   2634
9.215441593852D-1,1.235367521844D0,1.235367521844D0,                1171P   2635
9.215441593852D-1,9.215441593852D-1,1.235367521844D0,               1171P   2636
-4.788228237887D1,7.097310407200D1,-6.120000000001D-2,              1171P   2637
-4.857933522473D1,7.105573399160D1,-6.120000000001D-2,              1171P   2638
-4.907567702909D1,7.055939218723D1,-6.120000000001D-2,              1171P   2639
-4.899304710949D1,6.986233934138D1,-6.120000000001D-2,              1171P   2640
-4.788228237887D1,7.097310407200D1,-4.040000000001D-2,              1171P   2641
-4.857933522473D1,7.105573399160D1,-4.040000000001D-2,              1171P   2642
-4.907567702909D1,7.055939218723D1,-4.040000000001D-2,              1171P   2643
-4.899304710949D1,6.986233934138D1,-4.040000000001D-2,              1171P   2644
-4.788228237887D1,7.097310407200D1,-1.960000000001D-2,              1171P   2645
-4.857933522473D1,7.105573399160D1,-1.960000000001D-2,              1171P   2646
-4.907567702909D1,7.055939218723D1,-1.960000000001D-2,              1171P   2647
-4.899304710949D1,6.986233934138D1,-1.960000000001D-2,              1171P   2648
-4.788228237887D1,7.097310407200D1,1.199999999988D-3,               1171P   2649
-4.857933522473D1,7.105573399160D1,1.199999999988D-3,               1171P   2650
-4.907567702909D1,7.055939218723D1,1.199999999988D-3,               1171P   2651
-4.899304710949D1,6.986233934138D1,1.199999999988D-3,0D0,1D0,       1171P   2652
1.207272D0,1.269672D0;                                              1171P   2653
508,4,0,1139,13,1,0,0,1139,14,0,0,0,1139,15,1,0,0,1139,16,1,0;      1173P   2654
510,1171,1,0,1173;                                                  1175P   2655
128,1,1,1,1,0,0,1,0,0,8.8D-1,8.8D-1,7.12D0,7.12D0,-1.2D-3,          1177P   2656
-1.2D-3,6.12D-2,6.12D-2,1D0,1D0,1D0,1D0,-4.9D1,6.386005696251D1,    1177P   2657
1.199999999988D-3,-4.9D1,7.010005696251D1,1.199999999988D-3,        1177P   2658
-4.9D1,6.386005696251D1,-6.120000000001D-2,-4.9D1,                  1177P   2659
7.010005696251D1,-6.120000000001D-2,8.8D-1,7.12D0,-1.2D-3,          1177P   2660
6.12D-2;                                                            1177P   2661
508,4,0,1139,12,0,0,0,1139,23,1,0,0,1139,14,1,0,0,1139,19,0,0;      1179P   2662
510,1177,1,0,1179;                                                  1181P   2663
128,3,3,3,3,0,0,0,0,0,0D0,0D0,0D0,0D0,1D0,1D0,1D0,1D0,              1183P   2664
1.207272D0,1.207272D0,1.207272D0,1.207272D0,1.269672D0,             1183P   2665
1.269672D0,1.269672D0,1.269672D0,1.235367521844D0,                  1183P   2666
9.215441593852D-1,9.215441593852D-1,1.235367521844D0,               1183P   2667
1.235367521844D0,9.215441593852D-1,9.215441593852D-1,               1183P   2668
1.235367521844D0,1.235367521844D0,9.215441593852D-1,                1183P   2669
9.215441593852D-1,1.235367521844D0,1.235367521844D0,                1183P   2670
9.215441593852D-1,9.215441593852D-1,1.235367521844D0,               1183P   2671
-4.899304710949D1,6.409777458364D1,-6.120000000001D-2,              1183P   2672
-4.907567702909D1,6.340072173778D1,-6.120000000001D-2,              1183P   2673
-4.857933522473D1,6.290437993341D1,-6.120000000001D-2,              1183P   2674
-4.788228237887D1,6.298700985301D1,-6.120000000001D-2,              1183P   2675
-4.899304710949D1,6.409777458364D1,-4.040000000001D-2,              1183P   2676
-4.907567702909D1,6.340072173778D1,-4.040000000001D-2,              1183P   2677
-4.857933522473D1,6.290437993341D1,-4.040000000001D-2,              1183P   2678
-4.788228237887D1,6.298700985301D1,-4.040000000001D-2,              1183P   2679
-4.899304710949D1,6.409777458364D1,-1.960000000001D-2,              1183P   2680
-4.907567702909D1,6.340072173778D1,-1.960000000001D-2,              1183P   2681
-4.857933522473D1,6.290437993341D1,-1.960000000001D-2,              1183P   2682
-4.788228237887D1,6.298700985301D1,-1.960000000001D-2,              1183P   2683
-4.899304710949D1,6.409777458364D1,1.199999999988D-3,               1183P   2684
-4.907567702909D1,6.340072173778D1,1.199999999988D-3,               1183P   2685
-4.857933522473D1,6.290437993341D1,1.199999999988D-3,               1183P   2686
-4.788228237887D1,6.298700985301D1,1.199999999988D-3,0D0,1D0,       1183P   2687
1.207272D0,1.269672D0;                                              1183P   2688
508,4,0,1139,9,1,0,0,1139,10,0,0,0,1139,11,1,0,0,1139,12,1,0;       1185P   2689
510,1183,1,0,1185;                                                  1187P   2690
128,1,1,1,1,0,0,1,0,0,-9.2D-1,-9.2D-1,9.892D1,9.892D1,-1.2D-3,      1189P   2691
-1.2D-3,6.12D-2,6.12D-2,1D0,1D0,1D0,1D0,4.992D1,                    1189P   2692
6.298005696251D1,1.2D-3,-4.992D1,6.298005696251D1,                  1189P   2693
1.199999999988D-3,4.992D1,6.298005696251D1,-6.12D-2,-4.992D1,       1189P   2694
6.298005696251D1,-6.120000000001D-2,-9.2D-1,9.892D1,-1.2D-3,        1189P   2695
6.12D-2;                                                            1189P   2696
508,4,0,1139,4,0,0,0,1139,22,1,0,0,1139,10,1,0,0,1139,18,0,0;       1191P   2697
510,1189,1,0,1191;                                                  1193P   2698
128,1,1,1,1,0,0,1,0,0,-1.96D0,-1.96D0,9.996D1,9.996D1,-8.16D0,      1195P   2699
-8.16D0,1.6D-1,1.6D-1,1D0,1D0,1D0,1D0,5.096D1,6.282005696251D1,     1195P   2700
-6D-2,-5.096D1,6.282005696251D1,-6.000000000001D-2,5.096D1,         1195P   2701
7.114005696251D1,-6D-2,-5.096D1,7.114005696251D1,                   1195P   2702
-6.000000000001D-2,-1.96D0,9.996D1,-8.16D0,1.6D-1;                  1195P   2703
508,8,0,1139,3,0,0,0,1139,21,0,0,0,1139,7,0,0,0,1139,24,0,0,0,      1197P   2704
1139,15,0,0,0,1139,23,0,0,0,1139,11,0,0,0,1139,22,0,0;              1197P   2705
510,1195,1,0,1197;                                                  1199P   2706
514,10,1145,0,1151,1,1157,1,1163,1,1169,1,1175,1,1181,1,1187,1,     1201P   2707
1193,1,1199,1;                                                      1201P   2708
186,1201,1,0;                                                       1203P   2709
406,1,12H0_COMPONENTS;                                              1205P   2710
402,61,1063,1067,1071,1075,1077,1081,1083,1087,1089,1093,1095,      1207P   2711
1097,1099,1101,1103,1105,1107,1109,1111,1115,1117,1121,1123,        1207P   2712
1127,1129,1133,1135,1137,1139,1141,1143,1145,1147,1149,1151,        1207P   2713
1153,1155,1157,1159,1161,1163,1165,1167,1169,1171,1173,1175,        1207P   2714
1177,1179,1181,1183,1185,1187,1189,1191,1193,1195,1197,1199,        1207P   2715
1201,1203,0,1,1205;                                                 1207P   2716
406,1,12H40_6G823_001;                                              1209P   2717
402,58,1075,1077,1081,1083,1087,1089,1093,1095,1097,1099,1101,      1211P   2718
1103,1105,1107,1109,1111,1115,1117,1121,1123,1127,1129,1133,        1211P   2719
1135,1137,1139,1141,1143,1145,1147,1149,1151,1153,1155,1157,        1211P   2720
1159,1161,1163,1165,1167,1169,1171,1173,1175,1177,1179,1181,        1211P   2721
1183,1185,1187,1189,1191,1193,1195,1197,1199,1201,1203,0,1,1209;    1211P   2722
406,1,12H60_6G811_001;                                              1213P   2723
402,3,1063,1067,1071,0,1,1213;                                      1215P   2724
S      1G      4D   1216P   2724                                        T      1
